13.776000,2048.688000,5.172440
8.528000,188.272000,1.097463
22.960000,2938.224000,7.760112
20.336000,1365.136000,1.203793
17.712000,1042.384000,1.834244
16.400000,667.152000,4.345349
36.080000,2329.456000,2.386783
8.528000,568.752000,3.731525
4.592000,1394.000000,2.468994
0.656000,2091.984000,2.704490
0.656000,403.440000,1.757572
11.152000,2001.456000,1.724313
21.648000,807.536000,6.016825
17.712000,3068.112000,2.340442
26.896000,545.136000,1.318447
21.648000,3081.232000,0.685872
5.904000,2013.264000,5.842701
13.776000,2216.624000,7.560093
38.704000,2868.688000,9.234755
8.528000,93.808000,3.287556
1.968000,842.960000,2.032046
30.832000,1537.008000,5.461780
37.392000,337.840000,15.090170
17.712000,374.576000,0.958009
8.528000,64.944000,6.269144
11.152000,755.056000,1.585770
25.584000,1752.176000,4.889823
16.400000,1169.648000,5.226159
33.456000,2151.024000,2.765806
21.648000,1269.360000,9.117174
25.584000,604.176000,2.362054
13.776000,2195.632000,6.446827
29.520000,2570.864000,1.164885
20.336000,278.800000,2.935423
33.456000,3194.064000,3.063815
19.024000,3002.512000,5.457038
3.280000,3167.824000,1.163728
36.080000,2224.496000,3.387004
38.704000,1640.656000,16.411136
9.840000,1317.904000,2.566196
13.776000,180.400000,2.070118
24.272000,1504.208000,14.738016
12.464000,1817.776000,7.657487
9.840000,2190.384000,1.724817
25.584000,542.512000,1.025821
25.584000,2612.848000,4.352385
8.528000,886.256000,6.823459
36.080000,1102.736000,2.821149
16.400000,2385.872000,4.450424
34.768000,2031.632000,1.491540
32.144000,963.664000,3.367696
34.768000,2877.872000,4.707574
38.704000,2961.840000,8.888264
12.464000,1069.936000,1.344854
24.272000,2292.720000,5.458105
5.904000,772.112000,2.812264
34.768000,2797.840000,3.813840
25.584000,1820.400000,2.327395
36.080000,2744.048000,11.386481
5.904000,1917.488000,3.286786
30.832000,24.272000,1.184983
15.088000,909.872000,1.415929
1.968000,1066.000000,5.379697
16.400000,101.680000,1.759694
8.528000,2362.256000,0.775112
37.392000,2299.280000,4.815300
17.712000,563.504000,2.497505
33.456000,1081.744000,0.759557
15.088000,1471.408000,2.262887
34.768000,798.352000,1.040212
1.968000,2342.576000,0.881153
16.400000,869.200000,7.667743
24.272000,188.272000,14.353640
1.968000,612.048000,1.982521
22.960000,2784.720000,0.756934
38.704000,154.160000,2.101672
22.960000,1329.712000,3.156469
28.208000,546.448000,1.853333
32.144000,1096.176000,1.341393
3.280000,2824.080000,5.092274
3.280000,919.056000,5.218843
4.592000,139.728000,1.427458
20.336000,514.960000,4.972977
4.592000,1239.184000,4.570334
25.584000,698.640000,1.093884
1.968000,839.024000,5.911570
36.080000,2910.672000,3.847123
26.896000,268.304000,6.560713
34.768000,2118.224000,12.969923
17.712000,1446.480000,6.020836
1.968000,3100.912000,1.370601
19.024000,1670.832000,1.042282
36.080000,295.856000,0.687418
5.904000,1426.800000,2.087579
3.280000,106.928000,9.300020
28.208000,2211.376000,1.892531
11.152000,114.800000,1.685499
30.832000,413.936000,1.946911
17.712000,2315.024000,11.458265
7.216000,2400.304000,2.073029
28.208000,395.568000,1.599117
9.840000,2088.048000,2.021317
4.592000,366.704000,3.539279
0.656000,2417.360000,5.094958
26.896000,972.848000,3.736000
29.520000,3173.072000,5.355440
25.584000,2379.312000,1.924086
38.704000,1409.744000,3.855732
12.464000,1643.280000,2.797237
34.768000,383.760000,10.657935
32.144000,2673.200000,2.602298
20.336000,2766.352000,1.626451
12.464000,1782.352000,3.860955
25.584000,1172.272000,2.231417
5.904000,3037.936000,7.894822
15.088000,968.912000,2.068074
33.456000,2530.192000,1.948560
24.272000,1693.136000,3.158717
21.648000,1969.968000,0.658550
7.216000,3132.400000,3.055663
36.080000,1252.304000,3.792837
5.904000,2151.024000,9.434387
15.088000,2378.000000,1.095936
17.712000,520.208000,4.687092
38.704000,1568.496000,5.679652
15.088000,2574.800000,15.700634
30.832000,488.720000,5.349933
7.216000,1374.320000,2.012939
25.584000,903.312000,1.553115
4.592000,3074.672000,2.659936
32.144000,2864.752000,1.423857
1.968000,940.048000,6.312146
22.960000,1878.128000,1.525229
11.152000,3020.880000,7.515722
15.088000,1037.136000,3.305105
15.088000,2297.968000,0.973262
12.464000,246.000000,10.277151
3.280000,1938.480000,5.055910
32.144000,898.064000,1.775956
25.584000,1802.032000,8.022606
33.456000,2181.200000,1.665185
16.400000,1434.672000,1.503185
12.464000,2542.000000,4.686824
1.968000,2322.896000,2.974434
24.272000,93.808000,4.438749
22.960000,2805.712000,1.429551
32.144000,1636.720000,4.000196
16.400000,1647.216000,1.028283
22.960000,2232.368000,5.376421
29.520000,1107.984000,3.314619
29.520000,722.256000,1.972633
29.520000,486.096000,6.276940
30.832000,769.488000,3.956758
28.208000,61.008000,3.021122
4.592000,1795.472000,3.221329
33.456000,1485.840000,1.484972
7.216000,1946.352000,7.839154
24.272000,1424.176000,3.130716
21.648000,2362.256000,4.023347
13.776000,2824.080000,1.109616
32.144000,2177.264000,11.807999
34.768000,210.576000,1.262190
4.592000,1388.752000,1.714368
5.904000,1846.640000,3.713273
36.080000,2147.088000,0.926917
32.144000,1619.664000,3.876631
19.024000,959.728000,1.992176
20.336000,2376.688000,6.630486
9.840000,640.912000,2.295280
5.904000,143.664000,2.342256
22.960000,2531.504000,1.141799
33.456000,314.224000,1.983785
17.712000,1896.496000,2.474691
11.152000,902.000000,10.629304
9.840000,1468.784000,1.434799
33.456000,2067.056000,4.019691
8.528000,2471.152000,0.723342
32.144000,2803.088000,4.851460
21.648000,2297.968000,11.732676
5.904000,265.680000,1.357691
9.840000,1110.608000,2.125704
8.528000,1001.712000,1.430712
25.584000,64.944000,1.295639
16.400000,975.472000,2.500358
20.336000,1037.136000,8.922236
28.208000,844.272000,11.174362
28.208000,2228.432000,4.890806
26.896000,2829.328000,9.446811
20.336000,2669.264000,2.714811
30.832000,1735.120000,5.811919
5.904000,1963.408000,3.097877
19.024000,1716.752000,1.460788
13.776000,2889.680000,1.769685
32.144000,3051.056000,4.391284
30.832000,2409.488000,5.931621
22.960000,2957.904000,1.571462
11.152000,198.768000,0.999569
25.584000,272.240000,4.369029
34.768000,1363.824000,1.650388
34.768000,1413.680000,2.453897
11.152000,2435.728000,3.551079
5.904000,1753.488000,1.855423
28.208000,3100.912000,1.935414
13.776000,2164.144000,3.154288
30.832000,1874.192000,5.610783
25.584000,1672.144000,3.385485
4.592000,1156.528000,3.195307
32.144000,2597.104000,10.495118
21.648000,2380.624000,2.142333
37.392000,146.288000,5.784444
12.464000,2059.184000,8.485249
21.648000,251.248000,5.520440
1.968000,3213.744000,6.211785
15.088000,1955.536000,2.284796
9.840000,368.016000,1.124189
9.840000,1227.376000,0.862984
36.080000,1992.272000,0.903072
1.968000,625.168000,2.471197
28.208000,3144.208000,1.186107
5.904000,1233.936000,0.773852
33.456000,1837.456000,8.531684
11.152000,1387.440000,3.941701
0.656000,3190.128000,3.636643
8.528000,504.464000,1.245545
11.152000,1212.944000,9.657553
38.704000,959.728000,5.512482
1.968000,3203.248000,2.401443
12.464000,760.304000,0.999494
24.272000,3173.072000,11.098552
17.712000,525.456000,1.981678
33.456000,2311.088000,3.963436
19.024000,2143.152000,14.326983
12.464000,2734.864000,2.142549
29.520000,1731.184000,5.189411
13.776000,1064.688000,0.777702
37.392000,2195.632000,7.101771
5.904000,122.672000,0.807018
9.840000,2175.952000,2.409046
8.528000,591.056000,7.014711
29.520000,1656.400000,0.724761
29.520000,1804.656000,2.170681
3.280000,387.696000,0.665253
28.208000,2072.304000,0.663469
32.144000,2594.480000,3.898849
0.656000,2035.568000,8.696702
30.832000,2132.656000,6.207253
30.832000,3041.872000,1.495077
0.656000,395.568000,3.247482
21.648000,1084.368000,1.050399
28.208000,2627.280000,1.182107
8.528000,3148.144000,18.225235
15.088000,2548.560000,10.491489
20.336000,1950.288000,3.112537
38.704000,1571.120000,0.978721
15.088000,2308.464000,6.818430
17.712000,232.880000,5.615359
20.336000,1876.816000,1.876760
32.144000,307.664000,3.092981
9.840000,1428.112000,5.207999
33.456000,2080.176000,3.688436
29.520000,2717.808000,1.810705
34.768000,794.416000,3.542829
26.896000,2063.120000,0.973673
29.520000,522.832000,2.638329
11.152000,2156.272000,4.891175
9.840000,378.512000,0.742537
37.392000,116.112000,0.930037
1.968000,1466.160000,9.304799
5.904000,1202.448000,2.743251
34.768000,2443.600000,5.336032
8.528000,1025.328000,2.479804
0.656000,3095.664000,1.581603
22.960000,130.544000,0.888944
3.280000,3209.808000,2.023511
37.392000,1422.864000,1.471372
17.712000,1615.728000,1.406437
37.392000,2974.960000,7.716193
4.592000,1571.120000,1.046079
1.968000,142.352000,1.945041
33.456000,1167.024000,4.040345
37.392000,2429.168000,8.171794
29.520000,1657.712000,2.841000
16.400000,807.536000,6.654457
16.400000,2608.912000,9.138507
32.144000,2351.760000,4.550353
7.216000,1984.400000,4.873765
29.520000,1275.920000,1.166695
33.456000,1791.536000,5.275986
28.208000,1400.560000,1.151423
17.712000,2157.584000,3.480486
22.960000,2165.456000,3.522279
32.144000,2044.752000,3.345781
15.088000,2039.504000,4.398291
29.520000,1597.360000,8.644969
7.216000,639.600000,1.790657
7.216000,2999.888000,2.252136
28.208000,2047.376000,14.073103
3.280000,354.896000,9.334048
12.464000,99.056000,3.645654
5.904000,1851.888000,5.080933
3.280000,3190.128000,7.947999
9.840000,1697.072000,2.237027
29.520000,926.928000,5.941368
22.960000,1083.056000,1.027943
26.896000,3220.304000,5.427578
19.024000,2067.056000,9.369823
28.208000,1900.432000,10.089817
21.648000,20.336000,0.711850
4.592000,2692.880000,0.720893
0.656000,1008.272000,18.849921
36.080000,129.232000,2.452990
16.400000,1319.216000,1.683298
21.648000,331.280000,6.502021
19.024000,2669.264000,4.025899
25.584000,3116.656000,3.148045
28.208000,3148.144000,6.824442
29.520000,2370.128000,2.208363
24.272000,1537.008000,1.108166
24.272000,1239.184000,1.539586
20.336000,2290.096000,1.597174
24.272000,2547.248000,1.874976
33.456000,2242.864000,1.852655
0.656000,2082.800000,1.635828
37.392000,2637.776000,2.346717
28.208000,568.752000,20.473920
1.968000,2099.856000,5.681381
22.960000,2450.160000,0.895787
5.904000,2862.128000,3.392724
9.840000,2645.648000,4.535364
30.832000,3043.184000,8.529712
38.704000,1512.080000,2.093016
28.208000,2315.024000,11.040131
24.272000,1725.936000,3.036241
12.464000,1079.120000,5.570317
36.080000,2371.440000,4.460026
9.840000,2879.184000,6.828839
26.896000,273.552000,2.832478
26.896000,2762.416000,1.514064
9.840000,3201.936000,2.006725
11.152000,2758.480000,1.408910
13.776000,2734.864000,4.177145
25.584000,2472.464000,24.760628
0.656000,1275.920000,1.648468
32.144000,290.608000,1.955699
33.456000,2208.752000,6.906587
17.712000,1479.280000,0.788143
17.712000,1489.776000,0.682401
24.272000,534.640000,0.876938
25.584000,1896.496000,3.971891
7.216000,1418.928000,0.693503
25.584000,743.248000,2.486677
7.216000,3057.616000,2.032041
4.592000,1712.816000,2.953013
38.704000,421.808000,1.431298
29.520000,2372.752000,0.748036
7.216000,525.456000,2.505514
11.152000,433.616000,3.028667
0.656000,281.424000,1.502617
7.216000,3023.504000,5.025221
12.464000,1067.312000,1.534174
25.584000,2199.568000,5.097398
7.216000,1787.600000,4.124012
0.656000,887.568000,4.331798
22.960000,455.920000,1.407103
0.656000,2783.408000,1.188557
38.704000,1552.752000,1.001984
1.968000,2414.736000,3.138570
24.272000,3074.672000,5.855994
8.528000,2649.584000,14.725060
33.456000,360.144000,2.182904
22.960000,605.488000,4.571247
30.832000,2094.608000,3.354191
5.904000,2191.696000,4.343393
30.832000,274.864000,13.220326
26.896000,926.928000,0.695618
0.656000,584.496000,3.008517
13.776000,3043.184000,5.633124
21.648000,202.704000,3.124807
30.832000,2189.072000,2.812238
38.704000,320.784000,0.872951
36.080000,1003.024000,2.107994
34.768000,2582.672000,4.975563
34.768000,3058.928000,1.091189
7.216000,1366.448000,7.996486
15.088000,2712.560000,1.929417
0.656000,3039.248000,1.970129
3.280000,1445.168000,3.254050
11.152000,1760.048000,3.312013
5.904000,2360.944000,3.140814
15.088000,1886.000000,5.271711
24.272000,2036.880000,9.105959
30.832000,2174.640000,0.927406
21.648000,1724.624000,6.637724
9.840000,2472.464000,5.568431
28.208000,356.208000,3.558070
16.400000,677.648000,1.691918
21.648000,848.208000,5.147827
21.648000,2742.736000,3.707873
36.080000,2354.384000,3.365231
12.464000,1001.712000,1.967078
3.280000,1261.488000,1.165764
26.896000,1832.208000,3.221189
3.280000,1967.344000,1.373944
36.080000,232.880000,6.059596
0.656000,1983.088000,6.184445
34.768000,143.664000,1.350890
24.272000,3081.232000,2.335802
1.968000,2650.896000,6.013689
32.144000,2730.928000,1.105287
4.592000,913.808000,1.358181
32.144000,2644.336000,2.918369
16.400000,1763.984000,3.360303
32.144000,298.480000,3.748858
9.840000,563.504000,0.683328
24.272000,2932.976000,1.621311
8.528000,566.128000,1.766939
30.832000,147.600000,1.728822
13.776000,2839.824000,2.869713
19.024000,913.808000,1.112584
34.768000,3128.464000,1.538130
9.840000,2532.816000,6.602215
12.464000,685.520000,1.267357
12.464000,1644.592000,2.989471
8.528000,1312.656000,5.070414
37.392000,1791.536000,3.283435
12.464000,2136.592000,3.736468
17.712000,3220.304000,1.397843
11.152000,2669.264000,1.529540
37.392000,487.408000,2.174147
16.400000,693.392000,1.291625
32.144000,469.040000,0.682628
13.776000,630.416000,0.803938
33.456000,1231.312000,2.435943
0.656000,2561.680000,8.439107
8.528000,2598.416000,5.351695
13.776000,2691.568000,2.516476
21.648000,2091.984000,4.559206
36.080000,580.560000,3.690743
3.280000,705.200000,1.361841
17.712000,1176.208000,1.406804
8.528000,2850.320000,3.270665
25.584000,1471.408000,1.077895
28.208000,1543.568000,1.309398
25.584000,96.432000,11.581939
1.968000,854.768000,8.672951
29.520000,47.888000,6.429533
21.648000,1863.696000,0.670578
30.832000,760.304000,1.199375
3.280000,2429.168000,1.461420
3.280000,1143.408000,4.018264
30.832000,3192.752000,10.843493
28.208000,3022.192000,2.013054
37.392000,1811.216000,6.913489
7.216000,1404.496000,6.143955
13.776000,2271.728000,2.100893
30.832000,2862.128000,3.057326
28.208000,249.936000,4.558190
29.520000,2627.280000,4.165364
0.656000,1417.616000,2.314379
7.216000,1504.208000,1.453368
11.152000,881.008000,1.834030
7.216000,104.304000,1.521209
3.280000,2620.720000,7.007478
13.776000,3161.264000,4.129822
21.648000,1476.656000,2.080774
32.144000,1639.344000,4.544826
33.456000,1546.192000,12.565299
36.080000,3146.832000,2.756377
37.392000,251.248000,2.011792
11.152000,1560.624000,1.939079
24.272000,1148.656000,4.322733
3.280000,458.544000,3.399583
34.768000,3060.240000,2.992005
17.712000,602.864000,2.090962
32.144000,2767.664000,23.592542
11.152000,684.208000,2.549007
0.656000,2875.248000,8.316216
26.896000,1908.304000,0.824823
38.704000,735.376000,0.736748
33.456000,1310.032000,3.103462
8.528000,706.512000,0.958286
12.464000,2181.200000,5.121061
1.968000,2540.688000,1.193168
26.896000,3037.936000,18.438906
1.968000,2923.792000,2.139175
36.080000,2666.640000,4.405803
29.520000,1341.520000,9.621255
26.896000,1375.632000,2.925918
24.272000,2493.456000,1.948789
34.768000,318.160000,11.763072
0.656000,652.720000,9.452651
20.336000,293.232000,4.633773
22.960000,2208.752000,11.031765
12.464000,903.312000,5.736669
12.464000,257.808000,4.369768
17.712000,2367.504000,3.620300
5.904000,1592.112000,1.449484
4.592000,364.080000,2.036710
15.088000,1156.528000,2.285914
1.968000,1821.712000,1.687721
13.776000,2671.888000,1.448197
32.144000,1407.120000,8.155143
9.840000,955.792000,5.178454
22.960000,2834.576000,3.136798
7.216000,2330.768000,0.683161
11.152000,2708.624000,3.332794
15.088000,2624.656000,2.005681
33.456000,1224.752000,10.218034
8.528000,1281.168000,1.884909
28.208000,680.272000,1.014635
34.768000,1453.040000,1.745952
12.464000,693.392000,17.065335
19.024000,2025.072000,4.694314
34.768000,2685.008000,1.493508
22.960000,505.776000,6.576772
15.088000,2250.736000,3.373660
33.456000,3035.312000,4.156165
37.392000,814.096000,2.563073
4.592000,2107.728000,2.368123
37.392000,3022.192000,0.697008
15.088000,2031.632000,2.800637
28.208000,2301.904000,4.909877
7.216000,3158.640000,0.656370
15.088000,3153.392000,4.205785
29.520000,2170.704000,1.103236
38.704000,488.720000,3.487613
29.520000,1331.024000,1.679773
29.520000,2342.576000,0.928008
24.272000,3198.000000,2.668012
20.336000,2934.288000,4.733683
33.456000,770.800000,1.525794
12.464000,2641.712000,2.597080
30.832000,2988.080000,5.217009
8.528000,773.424000,2.400271
1.968000,1302.160000,1.124134
20.336000,1518.640000,5.189697
3.280000,1930.608000,1.156457
38.704000,62.320000,1.866142
16.400000,120.048000,1.657212
19.024000,832.464000,0.801512
38.704000,1460.912000,1.183460
29.520000,2598.416000,1.626641
8.528000,1659.024000,10.983796
29.520000,179.088000,4.787600
25.584000,3218.992000,4.332986
1.968000,1027.952000,4.108286
11.152000,1880.752000,6.316140
26.896000,787.856000,3.891125
7.216000,1775.792000,1.523034
5.904000,2926.416000,0.750597
3.280000,2282.224000,5.275008
8.528000,1635.408000,2.629545
11.152000,2847.696000,2.930390
28.208000,629.104000,1.397246
28.208000,2246.800000,1.549429
33.456000,2175.952000,1.447606
37.392000,1956.848000,0.711464
32.144000,2503.952000,2.547649
4.592000,1746.928000,1.230127
25.584000,1682.640000,0.932960
32.144000,3120.592000,9.660531
7.216000,1353.328000,10.285531
36.080000,1000.400000,5.434694
21.648000,2964.464000,1.716828
17.712000,3154.704000,0.759774
38.704000,1652.464000,2.123296
30.832000,2709.936000,2.766848
36.080000,1627.536000,2.424505
16.400000,1207.696000,0.995674
38.704000,743.248000,0.884266
29.520000,2152.336000,1.858706
30.832000,3116.656000,1.518261
15.088000,3213.744000,3.420923
19.024000,2438.352000,4.905982
22.960000,1837.456000,0.942423
7.216000,2405.552000,6.018651
25.584000,1056.816000,1.270498
36.080000,1134.224000,2.666717
24.272000,1952.912000,0.688968
37.392000,2602.352000,3.380600
4.592000,3208.496000,1.771544
38.704000,1680.016000,6.139871
16.400000,3009.072000,3.806860
21.648000,770.800000,9.717346
19.024000,436.240000,0.769080
24.272000,1670.832000,2.952169
21.648000,1017.456000,3.979719
22.960000,1306.096000,6.568888
5.904000,394.256000,2.023099
20.336000,2486.896000,1.404907
12.464000,3128.464000,1.298870
8.528000,1571.120000,1.431296
4.592000,3043.184000,5.869098
11.152000,3173.072000,8.978406
19.024000,1938.480000,3.048731
29.520000,1917.488000,2.123961
28.208000,2073.616000,6.469328
3.280000,316.848000,1.793279
12.464000,2105.104000,1.447442
37.392000,2430.480000,7.425866
28.208000,2422.608000,1.684959
1.968000,2152.336000,1.298268
15.088000,357.520000,4.450679
29.520000,1821.712000,0.791588
5.904000,2559.056000,1.187141
28.208000,2416.048000,3.551498
5.904000,1206.384000,2.988889
28.208000,1295.600000,0.808676
11.152000,3123.216000,5.850320
36.080000,2704.688000,9.628310
38.704000,2623.344000,2.834545
15.088000,2892.304000,3.149734
13.776000,1387.440000,10.816034
17.712000,307.664000,0.752869
12.464000,781.296000,0.878242
37.392000,2690.256000,0.931769
25.584000,907.248000,2.585841
22.960000,445.424000,4.270132
13.776000,1711.504000,4.336915
32.144000,1274.608000,3.691683
15.088000,2052.624000,0.686062
25.584000,2749.296000,8.661011
19.024000,2345.200000,1.964611
5.904000,2486.896000,2.254341
34.768000,2984.144000,1.311417
5.904000,849.520000,1.697069
21.648000,696.016000,12.457542
0.656000,2418.672000,1.769667
0.656000,3166.512000,5.009837
20.336000,1155.216000,2.110889
19.024000,2900.176000,6.125132
12.464000,881.008000,1.400933
0.656000,2995.952000,6.168640
12.464000,2757.168000,0.885793
12.464000,659.280000,3.882679
36.080000,45.264000,0.729038
38.704000,2682.384000,3.740892
33.456000,2816.208000,1.420573
19.024000,2707.312000,3.486110
25.584000,3145.520000,3.691252
22.960000,361.456000,2.442655
22.960000,1573.744000,2.972524
21.648000,1997.520000,2.578132
15.088000,1407.120000,2.399864
9.840000,2027.696000,3.977981
33.456000,1661.648000,1.237035
16.400000,2893.616000,0.785133
33.456000,2228.432000,1.161469
12.464000,898.064000,5.521404
20.336000,2137.904000,2.143000
17.712000,2090.672000,1.532675
15.088000,1607.856000,2.819763
33.456000,2131.344000,6.542135
34.768000,1439.920000,2.322574
9.840000,1899.120000,3.822319
26.896000,1931.920000,4.479306
22.960000,2472.464000,0.999690
24.272000,1874.192000,3.688199
22.960000,306.352000,5.181926
33.456000,1971.280000,4.550316
20.336000,72.816000,2.904952
21.648000,2883.120000,5.907848
29.520000,2635.152000,1.874680
17.712000,243.376000,4.495834
0.656000,1686.576000,2.000163
12.464000,2992.016000,6.517111
37.392000,427.056000,6.919526
26.896000,3221.616000,4.702044
9.840000,2690.256000,4.290455
22.960000,857.392000,2.883643
34.768000,549.072000,6.048166
19.024000,2927.728000,1.174910
29.520000,2330.768000,1.388997
33.456000,723.568000,4.903449
13.776000,2607.600000,3.351113
7.216000,1445.168000,3.353479
19.024000,698.640000,0.978689
28.208000,622.544000,2.661914
29.520000,877.072000,2.912444
19.024000,2656.144000,7.819420
38.704000,734.064000,1.740590
38.704000,2551.184000,0.853211
25.584000,2855.568000,4.438558
32.144000,61.008000,1.621369
34.768000,1245.744000,3.756533
24.272000,322.096000,3.245375
33.456000,151.536000,3.302265
1.968000,598.928000,1.375282
20.336000,840.336000,2.150187
0.656000,2161.520000,1.321777
5.904000,1901.744000,1.422374
5.904000,406.064000,1.722552
32.144000,584.496000,1.548804
33.456000,2583.984000,7.962440
32.144000,1199.824000,3.220150
8.528000,3153.392000,4.282995
1.968000,1727.248000,0.772488
32.144000,899.376000,1.231543
21.648000,1611.792000,1.712295
26.896000,1952.912000,1.179645
13.776000,1228.688000,1.589405
7.216000,1716.752000,0.953905
4.592000,1559.312000,1.654281
38.704000,1685.264000,5.103832
3.280000,1239.184000,5.816789
30.832000,486.096000,4.193862
8.528000,343.088000,1.339004
36.080000,2604.976000,2.581387
19.024000,2518.384000,2.935806
33.456000,1858.448000,13.702755
34.768000,846.896000,2.492496
8.528000,2278.288000,1.052774
37.392000,1817.776000,1.241012
1.968000,2015.888000,1.290796
11.152000,2500.016000,1.848309
7.216000,1224.752000,1.481713
33.456000,202.704000,3.052290
29.520000,2322.896000,2.076905
17.712000,7.216000,1.792791
34.768000,1821.712000,17.727093
4.592000,2763.728000,6.268652
22.960000,186.960000,4.514026
26.896000,2162.832000,2.637062
36.080000,2388.496000,0.774285
26.896000,2240.240000,4.177556
3.280000,3053.680000,10.958579
36.080000,1775.792000,5.449635
37.392000,564.816000,8.119944
12.464000,2821.456000,2.157962
26.896000,2193.008000,16.913079
11.152000,1851.888000,3.290178
24.272000,1004.336000,1.928551
19.024000,2843.760000,0.829880
5.904000,1526.512000,1.322820
36.080000,2077.552000,3.600431
25.584000,1474.032000,7.654569
19.024000,2392.432000,2.260461
4.592000,2522.320000,3.724919
26.896000,1763.984000,2.350454
7.216000,499.216000,1.503819
32.144000,909.872000,1.570614
3.280000,183.024000,3.719100
12.464000,1088.304000,2.113650
0.656000,2143.152000,6.516492
13.776000,1723.312000,1.573370
1.968000,2479.024000,2.878746
0.656000,2633.840000,2.680056
5.904000,530.704000,1.917544
29.520000,2357.008000,0.752169
9.840000,1702.320000,1.865007
7.216000,1727.248000,2.319040
24.272000,1996.208000,8.169159
15.088000,2751.920000,1.073069
21.648000,2354.384000,1.455052
11.152000,919.056000,1.008836
20.336000,1030.576000,4.477216
25.584000,2191.696000,4.806725
30.832000,2992.016000,1.563488
3.280000,2015.888000,7.142439
13.776000,2444.912000,3.098036
26.896000,280.112000,4.529963
30.832000,1362.512000,9.137495
26.896000,1550.128000,4.232323
20.336000,2246.800000,2.831932
24.272000,1249.680000,8.163395
1.968000,156.784000,3.628972
33.456000,2784.720000,4.765451
7.216000,2085.424000,2.285439
12.464000,1093.552000,6.199782
5.904000,3180.944000,2.913204
8.528000,1908.304000,7.933234
25.584000,911.184000,8.801830
1.968000,2780.784000,1.289535
16.400000,2172.016000,3.680558
7.216000,487.408000,2.345158
9.840000,606.800000,0.882275
0.656000,2005.392000,1.371046
3.280000,789.168000,6.275599
13.776000,385.072000,8.388955
0.656000,1307.408000,1.749958
19.024000,858.704000,1.499182
24.272000,2422.608000,1.683708
9.840000,1811.216000,4.290687
29.520000,1638.032000,3.721370
16.400000,381.136000,3.258815
7.216000,669.776000,0.967963
33.456000,168.592000,3.760881
21.648000,1432.048000,4.698056
29.520000,2856.880000,1.994237
1.968000,967.600000,1.086794
17.712000,1371.696000,3.655348
28.208000,2532.816000,3.818988
37.392000,2704.688000,4.962439
9.840000,1857.136000,3.046173
9.840000,1618.352000,6.212984
34.768000,760.304000,4.934199
33.456000,227.632000,4.081462
17.712000,2008.016000,1.663780
34.768000,1773.168000,26.191198
30.832000,571.376000,3.430156
12.464000,358.832000,5.893616
30.832000,133.168000,2.945348
8.528000,2925.104000,1.970389
21.648000,2372.752000,12.075211
15.088000,1588.176000,1.071025
21.648000,3158.640000,5.295847
21.648000,1207.696000,2.281435
28.208000,1845.328000,1.442814
36.080000,546.448000,1.956227
24.272000,1643.280000,12.113214
32.144000,1703.632000,3.452748
21.648000,2850.320000,6.284834
26.896000,1295.600000,3.701542
17.712000,1397.936000,2.018908
19.024000,619.920000,2.846440
17.712000,2308.464000,2.675999
22.960000,1491.088000,2.915670
37.392000,228.944000,2.289798
7.216000,1567.184000,1.050790
16.400000,2830.640000,0.898197
8.528000,2128.720000,1.177605
33.456000,1453.040000,0.829183
24.272000,655.344000,2.977263
19.024000,2547.248000,6.184892
30.832000,1090.928000,6.795416
3.280000,1046.320000,1.887742
9.840000,646.160000,5.217760
36.080000,1266.736000,2.603367
4.592000,419.184000,2.223330
16.400000,2890.992000,1.102258
8.528000,1211.632000,1.896066
4.592000,1361.200000,1.092571
37.392000,3150.768000,1.068556
12.464000,2549.872000,4.960348
7.216000,1346.768000,6.413706
3.280000,2102.480000,6.105600
3.280000,3077.296000,1.130640
34.768000,2312.400000,4.119533
4.592000,1317.904000,4.833746
8.528000,1666.896000,1.497313
20.336000,1790.224000,1.481046
4.592000,1903.056000,2.856722
11.152000,714.384000,1.119872
4.592000,3215.056000,5.103698
26.896000,2678.448000,3.282159
33.456000,80.688000,0.762980
29.520000,2051.312000,5.568954
11.152000,177.776000,3.554451
25.584000,200.080000,2.210040
38.704000,2780.784000,1.753589
12.464000,0.656000,4.591173
9.840000,1939.792000,1.646433
8.528000,2868.688000,3.057218
4.592000,2427.856000,2.629720
8.528000,1042.384000,4.267454
33.456000,3215.056000,10.422763
29.520000,1383.504000,5.796262
7.216000,2677.136000,0.873612
9.840000,257.808000,7.312894
26.896000,1359.888000,13.120190
12.464000,1568.496000,13.410553
3.280000,1564.560000,3.490116
32.144000,2133.968000,3.384298
5.904000,2801.776000,3.244885
16.400000,1300.848000,3.480268
1.968000,592.368000,2.834233
25.584000,1167.024000,0.824589
15.088000,2053.936000,1.809403
26.896000,539.888000,6.794593
12.464000,566.128000,6.299466
4.592000,1983.088000,0.915929
28.208000,2614.160000,4.654843
8.528000,1123.728000,7.780824
24.272000,1240.496000,7.037940
4.592000,802.288000,0.829081
24.272000,1614.416000,5.840625
21.648000,1292.976000,2.515136
3.280000,1025.328000,1.400725
11.152000,665.840000,3.107777
24.272000,154.160000,2.089700
22.960000,2599.728000,3.976592
20.336000,3089.104000,2.270346
25.584000,579.248000,6.023556
36.080000,215.824000,7.823191
32.144000,2786.032000,4.141170
29.520000,1090.928000,7.096245
38.704000,2173.328000,3.183873
34.768000,2284.848000,2.631923
17.712000,560.880000,5.412097
37.392000,1167.024000,7.903091
34.768000,1682.640000,3.052725
11.152000,1729.872000,2.164543
17.712000,3070.736000,14.573317
28.208000,2880.496000,7.440422
19.024000,1916.176000,2.750552
4.592000,1685.264000,0.942013
9.840000,1304.784000,6.817046
16.400000,2986.768000,2.588230
4.592000,1736.432000,1.174162
38.704000,1951.600000,4.344363
36.080000,972.848000,4.047925
12.464000,1139.472000,1.752917
32.144000,3015.632000,1.343199
13.776000,1260.176000,1.040871
38.704000,2864.752000,3.621025
29.520000,1564.560000,4.311969
3.280000,177.776000,4.907510
5.904000,1694.448000,3.577784
30.832000,2744.048000,4.380541
20.336000,2939.536000,1.715707
30.832000,1480.592000,2.875123
29.520000,2031.632000,7.412503
24.272000,488.720000,3.595915
13.776000,336.528000,10.487444
22.960000,1930.608000,3.845724
32.144000,2763.728000,3.914339
1.968000,127.920000,5.118393
28.208000,2995.952000,2.475789
0.656000,2398.992000,1.816291
7.216000,3006.448000,2.142816
37.392000,287.984000,4.278958
17.712000,908.560000,1.920689
12.464000,1631.472000,1.067715
13.776000,1027.952000,1.558720
25.584000,2234.992000,1.074217
5.904000,448.048000,5.272589
20.336000,2795.216000,4.457586
29.520000,870.512000,1.097443
3.280000,535.952000,1.779875
38.704000,289.296000,2.849518
8.528000,2469.840000,2.494036
26.896000,550.384000,1.822564
28.208000,357.520000,4.227100
34.768000,1967.344000,4.664377
34.768000,2803.088000,1.830553
11.152000,2094.608000,0.732647
8.528000,200.080000,2.512393
22.960000,2778.160000,0.972513
17.712000,165.968000,5.798042
24.272000,43.952000,5.590405
24.272000,386.384000,4.528878
15.088000,1901.744000,1.348533
19.024000,1682.640000,1.516820
8.528000,926.928000,6.375445
38.704000,972.848000,3.888190
0.656000,2271.728000,2.236947
21.648000,1018.768000,0.995569
15.088000,821.968000,3.286660
13.776000,999.088000,3.099127
25.584000,1163.088000,1.034233
25.584000,3107.472000,2.855223
36.080000,2568.240000,10.159184
19.024000,2992.016000,5.758185
32.144000,349.648000,3.249163
11.152000,517.584000,9.408668
13.776000,1924.048000,0.883016
16.400000,1971.280000,1.455440
34.768000,2940.848000,4.628216
21.648000,4.592000,2.837773
17.712000,890.192000,4.282962
3.280000,3052.368000,3.589345
34.768000,188.272000,0.824920
8.528000,916.432000,1.572811
38.704000,1601.296000,3.705571
24.272000,995.152000,0.820114
1.968000,1598.672000,2.381599
29.520000,419.184000,1.839323
0.656000,2544.624000,8.818776
30.832000,2639.088000,1.075572
17.712000,1905.680000,1.789517
9.840000,1282.480000,10.393597
38.704000,1659.024000,0.777816
9.840000,2481.648000,0.874256
19.024000,3132.400000,2.643157
16.400000,2002.768000,4.221151
4.592000,102.992000,4.828387
3.280000,765.552000,13.347471
0.656000,2439.664000,0.723252
1.968000,1067.312000,10.180353
37.392000,1409.744000,2.599742
22.960000,2683.696000,3.284724
21.648000,538.576000,3.926641
1.968000,538.576000,8.705767
34.768000,1121.104000,1.223294
20.336000,2599.728000,1.889211
32.144000,392.944000,6.190911
37.392000,2589.232000,0.709199
1.968000,3115.344000,7.977781
19.024000,2997.264000,8.412168
32.144000,2254.672000,2.858626
8.528000,1544.880000,3.468347
3.280000,537.264000,5.867974
4.592000,1420.240000,4.864553
9.840000,1807.280000,0.690161
4.592000,1152.592000,1.084356
20.336000,825.904000,2.882020
11.152000,1849.264000,4.316872
21.648000,2439.664000,1.221989
34.768000,2223.184000,6.907876
38.704000,1215.568000,3.242288
9.840000,2711.248000,2.515197
16.400000,3203.248000,10.020956
24.272000,1948.976000,2.019058
17.712000,2015.888000,1.515100
32.144000,617.296000,1.942252
11.152000,1981.776000,1.099928
0.656000,883.632000,4.868803
38.704000,251.248000,4.537130
36.080000,1962.096000,4.955650
4.592000,2750.608000,4.895171
25.584000,1022.704000,0.783659
1.968000,609.424000,0.740888
32.144000,117.424000,2.942176
19.024000,1445.168000,6.259146
36.080000,1930.608000,5.816915
8.528000,2664.016000,2.335039
16.400000,2744.048000,0.986570
19.024000,1518.640000,1.444797
36.080000,1697.072000,1.647115
17.712000,2691.568000,5.572367
9.840000,1741.680000,1.050210
37.392000,424.432000,9.629655
9.840000,492.656000,1.006997
7.216000,979.408000,0.687249
5.904000,917.744000,0.852388
29.520000,2618.096000,9.867146
26.896000,949.232000,15.062283
15.088000,332.592000,1.473141
28.208000,753.744000,4.245007
15.088000,58.384000,4.494348
29.520000,2946.096000,1.091603
21.648000,3218.992000,0.973507
33.456000,1994.896000,0.982589
3.280000,3145.520000,1.689491
15.088000,2349.136000,2.716216
19.024000,605.488000,1.108994
32.144000,1733.808000,10.185893
38.704000,518.896000,9.171161
28.208000,471.664000,2.750246
5.904000,427.056000,12.389360
22.960000,2271.728000,5.145139
20.336000,366.704000,4.574289
19.024000,2736.176000,4.574930
16.400000,1092.240000,17.274711
29.520000,1720.688000,5.850496
34.768000,2482.960000,1.631702
20.336000,2707.312000,3.122681
17.712000,1787.600000,12.579457
9.840000,2274.352000,1.757811
4.592000,483.472000,19.332306
26.896000,437.552000,1.099264
19.024000,2387.184000,4.004416
22.960000,919.056000,1.272001
32.144000,2742.736000,1.491184
3.280000,3146.832000,5.100281
21.648000,1290.352000,1.761843
0.656000,2157.584000,4.036273
30.832000,1842.704000,2.556063
5.904000,1899.120000,1.419607
15.088000,3156.016000,3.838051
5.904000,2786.032000,2.927362
1.968000,2624.656000,1.499044
0.656000,2414.736000,1.103270
20.336000,979.408000,2.281456
20.336000,1215.568000,2.878750
36.080000,2400.304000,1.059619
11.152000,3135.024000,4.667599
15.088000,3051.056000,4.886695
17.712000,1804.656000,3.214848
32.144000,3119.280000,2.212535
5.904000,2557.744000,2.430166
7.216000,1916.176000,9.824160
21.648000,1291.664000,1.835196
12.464000,17.712000,1.140541
20.336000,490.032000,1.475246
24.272000,1422.864000,5.160628
19.024000,2115.600000,2.431902
30.832000,878.384000,2.812426
37.392000,1228.688000,2.321044
12.464000,242.064000,1.686655
36.080000,63.632000,7.458640
5.904000,535.952000,2.729089
30.832000,3196.688000,0.901611
5.904000,2906.736000,1.353928
22.960000,1107.984000,9.006306
29.520000,3041.872000,3.044668
8.528000,144.976000,2.182673
0.656000,2706.000000,6.411905
29.520000,198.768000,0.770644
11.152000,2085.424000,2.666369
8.528000,1791.536000,1.689656
25.584000,2427.856000,0.728987
24.272000,3127.152000,2.172732
24.272000,483.472000,1.552911
32.144000,821.968000,1.581901
28.208000,2652.208000,7.107677
19.024000,1264.112000,1.927314
12.464000,1308.720000,6.341575
37.392000,458.544000,2.068910
33.456000,892.816000,4.548888
38.704000,1244.432000,1.261624
12.464000,1597.360000,5.280410
28.208000,3099.600000,2.707832
1.968000,1513.392000,2.335105
16.400000,179.088000,1.840608
33.456000,2304.528000,6.866428
12.464000,2561.680000,12.799377
17.712000,287.984000,6.567913
21.648000,2576.112000,0.752730
24.272000,55.760000,1.637102
12.464000,2849.008000,12.367294
21.648000,104.304000,2.699532
9.840000,2237.616000,0.971739
4.592000,2766.352000,0.858466
24.272000,2397.680000,1.073057
21.648000,2747.984000,1.638685
0.656000,1711.504000,2.436027
33.456000,1573.744000,2.118504
36.080000,2876.560000,5.133862
30.832000,2980.208000,4.275069
15.088000,677.648000,2.986885
37.392000,2771.600000,3.672556
34.768000,2810.960000,2.226851
33.456000,1921.424000,7.184197
7.216000,1644.592000,2.138621
37.392000,1601.296000,5.177455
0.656000,3041.872000,11.216164
13.776000,1575.056000,1.531816
33.456000,1754.800000,0.812109
7.216000,2461.968000,7.834239
30.832000,912.496000,3.376776
30.832000,2124.784000,0.851995
29.520000,883.632000,3.789750
30.832000,154.160000,4.194981
30.832000,1868.944000,3.048923
21.648000,867.888000,5.752406
24.272000,2334.704000,7.459030
38.704000,1428.112000,5.991234
20.336000,268.304000,7.464233
15.088000,795.728000,4.892728
0.656000,2742.736000,2.463212
21.648000,1004.336000,1.076869
32.144000,1849.264000,14.884489
32.144000,1439.920000,1.335013
34.768000,633.040000,4.839986
24.272000,2333.392000,1.365957
9.840000,739.312000,4.477621
25.584000,54.448000,4.462300
38.704000,2266.480000,7.452049
9.840000,3081.232000,1.422044
3.280000,718.320000,1.969033
15.088000,2204.816000,0.942371
20.336000,2618.096000,1.293082
1.968000,2961.840000,1.668760
29.520000,1080.432000,1.797163
3.280000,423.120000,6.949810
32.144000,865.264000,0.759518
22.960000,2998.576000,5.640193
37.392000,1489.776000,1.315299
30.832000,2834.576000,11.001664
32.144000,2779.472000,4.957310
17.712000,581.872000,1.024049
28.208000,878.384000,2.813562
37.392000,2521.008000,20.406948
32.144000,2299.280000,5.023314
32.144000,2838.512000,1.813136
38.704000,835.088000,10.081547
17.712000,3037.936000,1.571631
8.528000,101.680000,5.032977
28.208000,2812.272000,3.484279
3.280000,858.704000,1.496670
30.832000,1981.776000,8.487158
38.704000,1547.504000,2.333869
15.088000,219.760000,6.030607
24.272000,2437.040000,4.623041
17.712000,2464.592000,2.557825
15.088000,1218.192000,1.990105
34.768000,1437.296000,1.842233
16.400000,3075.984000,7.011432
3.280000,524.144000,6.216946
37.392000,2809.648000,1.670171
38.704000,2259.920000,1.188189
28.208000,1510.768000,1.565193
28.208000,1888.624000,4.423411
24.272000,2063.120000,8.622590
22.960000,285.360000,15.716120
3.280000,3169.136000,10.082203
30.832000,911.184000,2.107842
20.336000,715.696000,2.377823
26.896000,2002.768000,2.436283
30.832000,2694.192000,6.127264
13.776000,912.496000,13.387329
11.152000,804.912000,3.500866
28.208000,2397.680000,6.478201
11.152000,1373.008000,4.811946
16.400000,2740.112000,0.984232
29.520000,1443.856000,2.117762
32.144000,113.488000,10.076879
26.896000,3107.472000,1.416831
0.656000,3053.680000,17.412309
3.280000,3221.616000,2.035657
29.520000,441.488000,3.185341
0.656000,428.368000,1.714255
15.088000,1190.640000,1.749116
32.144000,1847.952000,3.257399
33.456000,907.248000,6.063733
26.896000,1821.712000,7.837910
8.528000,88.560000,6.634096
17.712000,2657.456000,9.289641
26.896000,1160.464000,15.444158
11.152000,428.368000,1.469061
1.968000,1908.304000,7.018208
1.968000,1918.800000,2.322265
24.272000,2944.784000,1.617569
24.272000,1459.600000,3.210761
28.208000,940.048000,2.891676
28.208000,139.728000,4.076826
15.088000,745.872000,5.172842
28.208000,2022.448000,5.275206
30.832000,3191.440000,5.733879
15.088000,2709.936000,2.288845
12.464000,2706.000000,5.171923
4.592000,2368.816000,1.104292
13.776000,1945.040000,2.026136
30.832000,433.616000,2.917395
13.776000,3208.496000,1.252986
15.088000,1256.240000,1.191695
29.520000,2244.176000,1.998810
11.152000,751.120000,1.546965
21.648000,2968.400000,4.359043
9.840000,1558.000000,2.297459
9.840000,915.120000,0.865912
13.776000,2547.248000,3.802707
7.216000,1983.088000,1.582872
11.152000,1542.256000,4.094290
7.216000,2500.016000,0.716842
38.704000,2245.488000,7.636505
30.832000,2274.352000,1.668074
9.840000,29.520000,3.125067
19.024000,1572.432000,4.198598
24.272000,606.800000,2.363814
17.712000,1341.520000,1.372424
13.776000,1046.320000,0.783791
32.144000,2977.584000,14.679741
24.272000,1185.392000,5.526506
12.464000,596.304000,2.884447
8.528000,3068.112000,13.296095
5.904000,2035.568000,3.662879
0.656000,1247.056000,5.532449
3.280000,777.360000,3.663658
15.088000,2287.472000,0.715583
29.520000,3069.424000,4.487513
37.392000,1105.360000,9.293329
16.400000,1176.208000,5.361294
32.144000,1214.256000,4.088108
28.208000,651.408000,5.179425
0.656000,862.640000,4.679697
16.400000,2639.088000,1.275658
19.024000,87.248000,1.073032
16.400000,1584.240000,5.640673
13.776000,2595.792000,2.544169
34.768000,2817.520000,3.780438
37.392000,2338.640000,2.728770
12.464000,3209.808000,8.868682
12.464000,1030.576000,0.872758
29.520000,3171.760000,3.728288
4.592000,2131.344000,3.679002
4.592000,3166.512000,1.465305
25.584000,1441.232000,3.639652
33.456000,1895.184000,2.741862
12.464000,842.960000,2.156216
7.216000,1302.160000,5.718325
8.528000,647.472000,2.343032
21.648000,2671.888000,2.322161
32.144000,328.656000,6.673618
1.968000,2506.576000,14.028537
22.960000,135.792000,0.966720
30.832000,1620.976000,6.305157
3.280000,828.528000,1.522574
36.080000,922.992000,1.448111
15.088000,2820.144000,2.510015
19.024000,2687.632000,8.225031
32.144000,1334.960000,0.874249
3.280000,1383.504000,0.797786
32.144000,2384.560000,0.681558
33.456000,1462.224000,1.316399
16.400000,1230.000000,11.705668
29.520000,209.264000,8.966849
24.272000,404.752000,2.219438
4.592000,2890.992000,2.160135
34.768000,2208.752000,1.776678
16.400000,2717.808000,3.607178
4.592000,1350.704000,12.221207
30.832000,2405.552000,1.494320
32.144000,984.656000,3.774922
28.208000,1668.208000,17.518192
28.208000,2368.816000,4.301644
12.464000,2825.392000,11.798397
15.088000,1596.048000,9.492695
20.336000,2489.520000,1.696278
9.840000,1615.728000,4.680674
32.144000,2275.664000,1.109455
19.024000,2060.496000,6.810612
19.024000,3047.120000,1.999081
20.336000,36.080000,4.798627
24.272000,3132.400000,7.576815
3.280000,1813.840000,1.109956
33.456000,1952.912000,3.242800
17.712000,1378.256000,1.613045
16.400000,1865.008000,6.350864
24.272000,2359.632000,2.829543
5.904000,1665.584000,4.918932
19.024000,1459.600000,12.776002
38.704000,806.224000,2.309703
37.392000,1656.400000,2.114990
7.216000,1130.288000,0.846253
36.080000,1128.976000,2.766670
28.208000,2006.704000,6.742906
24.272000,1164.400000,3.076498
9.840000,1664.272000,5.558821
9.840000,1341.520000,0.829129
0.656000,226.320000,6.759966
22.960000,1649.840000,1.009805
9.840000,3221.616000,2.449140
28.208000,2157.584000,1.104369
12.464000,2564.304000,3.284247
28.208000,1298.224000,5.264329
5.904000,188.272000,3.190117
7.216000,2745.360000,1.340477
9.840000,681.584000,1.218269
36.080000,3001.200000,1.366013
0.656000,2801.776000,1.254471
1.968000,1622.288000,4.845731
8.528000,1552.752000,2.526849
8.528000,139.728000,1.626416
20.336000,608.112000,1.591958
20.336000,828.528000,7.037322
17.712000,3184.880000,2.040241
28.208000,1361.200000,7.896401
25.584000,1430.736000,3.055648
29.520000,2860.816000,0.656295
0.656000,1374.320000,0.943151
1.968000,879.696000,4.828638
37.392000,772.112000,2.617940
21.648000,1484.528000,0.864012
0.656000,34.768000,4.239635
37.392000,2513.136000,2.357270
9.840000,1243.120000,1.159436
12.464000,2929.040000,0.721625
0.656000,3002.512000,5.141287
37.392000,141.040000,3.073518
15.088000,2172.016000,1.550998
34.768000,2511.824000,3.726350
36.080000,2154.960000,2.724715
5.904000,2005.392000,0.843790
15.088000,116.112000,3.363527
12.464000,2258.608000,1.639108
25.584000,4.592000,3.549347
11.152000,2397.680000,0.743449
36.080000,753.744000,5.757776
33.456000,1199.824000,1.643483
9.840000,2687.632000,3.454293
13.776000,2489.520000,9.045737
12.464000,971.536000,2.736504
4.592000,2135.280000,1.403283
4.592000,2044.752000,1.492828
21.648000,2628.592000,0.939473
16.400000,2455.408000,7.977873
5.904000,1300.848000,8.496689
32.144000,1429.424000,2.688342
19.024000,957.104000,1.311940
0.656000,961.040000,1.919636
11.152000,2220.560000,1.397638
26.896000,2097.232000,3.304170
7.216000,1188.016000,4.089795
34.768000,260.432000,13.410338
8.528000,1893.872000,3.954435
3.280000,776.048000,0.908049
1.968000,1820.400000,3.310803
5.904000,252.560000,4.434081
19.024000,3166.512000,2.297875
5.904000,2139.216000,1.050853
21.648000,1042.384000,3.317939
13.776000,1302.160000,5.645205
24.272000,1610.480000,1.388943
30.832000,1151.280000,8.489954
4.592000,1345.456000,5.043509
26.896000,2168.080000,3.302386
25.584000,1294.288000,4.289087
11.152000,1638.032000,2.663347
32.144000,228.944000,0.848057
24.272000,1172.272000,1.574620
17.712000,2493.456000,6.913162
12.464000,2919.856000,0.677657
30.832000,337.840000,2.675474
26.896000,362.768000,2.617900
28.208000,3156.016000,1.027367
0.656000,1800.720000,2.303705
19.024000,2350.448000,1.181560
34.768000,1451.728000,1.984105
1.968000,1815.152000,1.273713
20.336000,2496.080000,1.024439
17.712000,2063.120000,6.214510
9.840000,2034.256000,1.889869
11.152000,1795.472000,7.264344
38.704000,640.912000,14.069142
21.648000,517.584000,4.380831
36.080000,1226.064000,4.633228
26.896000,766.864000,2.889168
37.392000,891.504000,14.934809
26.896000,1300.848000,3.478701
15.088000,2156.272000,1.714373
22.960000,433.616000,4.469754
17.712000,461.168000,5.659497
11.152000,1924.048000,15.909196
26.896000,2872.624000,1.804574
17.712000,891.504000,0.661797
7.216000,1102.736000,30.270494
15.088000,1800.720000,4.819932
11.152000,713.072000,1.668552
37.392000,3096.976000,1.009270
7.216000,2412.112000,3.501330
24.272000,1030.576000,3.124969
12.464000,1106.672000,1.110973
19.024000,12.464000,6.070072
33.456000,3073.360000,0.808151
22.960000,49.200000,2.679636
32.144000,3083.856000,0.725173
13.776000,1466.160000,3.100821
1.968000,2690.256000,7.692751
11.152000,472.976000,4.077442
0.656000,2217.936000,1.983035
36.080000,2747.984000,1.792831
11.152000,150.224000,5.039846
24.272000,1084.368000,6.396955
38.704000,2118.224000,3.665977
38.704000,1487.152000,1.837285
3.280000,3074.672000,1.262771
12.464000,2685.008000,11.207620
8.528000,36.080000,4.925198
30.832000,2536.752000,2.055660
19.024000,488.720000,0.904178
5.904000,96.432000,2.857303
4.592000,2214.000000,6.669177
34.768000,3104.848000,3.186314
30.832000,268.304000,4.578684
26.896000,2300.592000,0.926559
3.280000,294.544000,10.563327
4.592000,41.328000,1.054560
4.592000,1813.840000,1.205489
38.704000,1865.008000,1.909745
37.392000,1069.936000,7.097003
15.088000,818.032000,4.483477
16.400000,1340.208000,5.835977
3.280000,2479.024000,11.317992
37.392000,2412.112000,4.347514
15.088000,1014.832000,17.568153
34.768000,3156.016000,3.305509
34.768000,28.208000,2.435389
28.208000,2543.312000,2.525956
0.656000,41.328000,17.046876
33.456000,1509.456000,0.751586
38.704000,277.488000,1.024963
29.520000,2300.592000,1.675736
19.024000,1064.688000,4.159241
20.336000,2569.552000,2.001977
1.968000,2076.240000,3.570970
17.712000,2939.536000,0.750490
38.704000,2179.888000,4.937904
22.960000,1295.600000,5.581714
17.712000,3044.496000,5.091043
30.832000,2842.448000,2.353586
13.776000,2043.440000,0.735537
36.080000,2017.200000,5.334064
33.456000,1912.240000,1.557807
7.216000,3009.072000,1.274653
30.832000,534.640000,10.825474
37.392000,1283.792000,1.384439
33.456000,3104.848000,2.024682
21.648000,2154.960000,5.495209
29.520000,1590.800000,3.728671
0.656000,2501.328000,2.896045
12.464000,1066.000000,1.632335
22.960000,1794.160000,4.157079
5.904000,1215.568000,1.354464
26.896000,88.560000,6.986542
5.904000,1083.056000,3.454290
37.392000,1428.112000,11.925440
19.024000,2254.672000,2.983220
32.144000,57.072000,2.865356
25.584000,2923.792000,2.288527
12.464000,879.696000,1.066421
24.272000,2988.080000,1.894966
33.456000,268.304000,10.469158
34.768000,348.336000,1.293998
29.520000,1487.152000,8.087253
29.520000,3174.384000,1.878290
20.336000,2236.304000,1.189075
37.392000,2539.376000,6.554924
38.704000,228.944000,2.817306
13.776000,2762.416000,7.792593
16.400000,274.864000,5.372373
25.584000,2736.176000,3.859750
15.088000,1432.048000,11.443199
9.840000,3003.824000,0.973556
25.584000,987.280000,3.153534
12.464000,2082.800000,6.806208
38.704000,482.160000,2.754521
21.648000,1316.592000,6.632906
5.904000,2052.624000,2.002532
32.144000,2828.016000,5.082459
15.088000,983.344000,3.671910
28.208000,2118.224000,1.189642
21.648000,285.360000,13.381559
22.960000,2913.296000,2.673110
16.400000,1990.960000,2.328870
36.080000,2688.944000,0.853629
0.656000,903.312000,0.698755
1.968000,2374.064000,5.958384
16.400000,1050.256000,1.108077
12.464000,1828.272000,8.834831
1.968000,1215.568000,4.436306
4.592000,1471.408000,7.799760
30.832000,2035.568000,1.948445
9.840000,2494.768000,1.738861
1.968000,1316.592000,4.812748
33.456000,221.072000,1.947629
33.456000,520.208000,2.050728
7.216000,2398.992000,4.025098
38.704000,1041.072000,3.284810
5.904000,556.944000,2.619683
21.648000,2190.384000,4.966709
34.768000,605.488000,2.878816
13.776000,2090.672000,1.741612
32.144000,2591.856000,0.846843
22.960000,2077.552000,3.155278
25.584000,1535.696000,1.038676
17.712000,3086.480000,4.056629
12.464000,2452.784000,2.005952
33.456000,2240.240000,3.031655
0.656000,1231.312000,7.693651
19.024000,2523.632000,7.318171
32.144000,1034.512000,2.920332
24.272000,2207.440000,4.507956
29.520000,2522.320000,0.808420
20.336000,1676.080000,9.197222
33.456000,1369.072000,3.487244
24.272000,2951.344000,3.241982
3.280000,158.096000,3.273604
28.208000,1382.192000,6.847634
34.768000,2011.952000,5.517329
12.464000,1546.192000,6.323748
34.768000,1456.976000,5.021788
4.592000,958.416000,0.907883
34.768000,1332.336000,12.881583
16.400000,15.088000,6.971607
5.904000,2064.432000,7.896539
7.216000,932.176000,0.912513
22.960000,2166.768000,1.591750
3.280000,3099.600000,4.707732
26.896000,2211.376000,12.346267
15.088000,1500.272000,3.005746
16.400000,2523.632000,6.619188
1.968000,2301.904000,1.246020
21.648000,1165.712000,5.650399
1.968000,2741.424000,1.123423
3.280000,352.272000,2.413646
22.960000,2175.952000,8.652546
4.592000,1240.496000,9.083636
16.400000,597.616000,12.111757
24.272000,1269.360000,2.597150
29.520000,764.240000,5.049779
7.216000,264.368000,10.079875
12.464000,47.888000,2.034942
21.648000,2094.608000,1.519449
17.712000,280.112000,4.770413
4.592000,421.808000,4.306093
16.400000,1851.888000,1.564375
21.648000,2346.512000,2.255085
20.336000,2974.960000,5.760347
11.152000,1735.120000,7.698791
11.152000,631.728000,2.875583
5.904000,1644.592000,10.802115
5.904000,404.752000,5.895566
37.392000,277.488000,8.455245
5.904000,2162.832000,1.939584
13.776000,340.464000,3.670196
34.768000,11.152000,6.647099
32.144000,243.376000,6.054865
5.904000,1997.520000,1.707673
13.776000,2602.352000,3.640769
37.392000,1474.032000,1.463183
26.896000,2052.624000,5.839157
26.896000,1720.688000,4.768222
21.648000,2779.472000,3.968244
33.456000,648.784000,1.471833
13.776000,3195.376000,2.218253
9.840000,3175.696000,2.570515
19.024000,2027.696000,4.445288
26.896000,664.528000,1.710169
32.144000,3034.000000,2.546812
19.024000,1495.024000,1.882178
22.960000,2490.832000,2.742031
3.280000,2918.544000,1.755353
17.712000,2528.880000,1.900770
3.280000,1673.456000,6.506775
19.024000,64.944000,5.700230
20.336000,2855.568000,1.331185
5.904000,1701.008000,2.510108
0.656000,264.368000,9.764781
25.584000,42.640000,1.782489
3.280000,2118.224000,1.020868
25.584000,2604.976000,1.231432
30.832000,231.568000,3.796823
33.456000,2250.736000,2.198911
37.392000,1681.328000,2.380774
33.456000,302.416000,6.544145
38.704000,2850.320000,2.379773
29.520000,2505.264000,2.763846
19.024000,2673.200000,3.848664
22.960000,286.672000,1.572835
7.216000,1581.616000,3.476583
1.968000,862.640000,6.503846
13.776000,1745.616000,7.507083
33.456000,38.704000,6.215677
8.528000,434.928000,2.945009
21.648000,162.032000,5.963059
38.704000,1180.144000,5.382359
22.960000,158.096000,1.309816
36.080000,2053.936000,1.062110
7.216000,2632.528000,2.020156
4.592000,957.104000,4.027214
4.592000,1872.880000,1.207422
25.584000,218.448000,1.285150
11.152000,1761.360000,6.824831
19.024000,0.656000,6.272907
25.584000,2517.072000,2.952319
16.400000,2389.808000,1.920128
1.968000,1996.208000,1.798414
4.592000,1811.216000,1.436144
34.768000,1476.656000,7.404227
9.840000,2446.224000,24.710211
11.152000,1971.280000,5.735058
8.528000,1487.152000,0.700622
30.832000,2402.928000,1.210177
29.520000,2809.648000,1.635579
38.704000,1031.888000,3.157251
34.768000,2231.056000,4.547070
5.904000,2960.528000,5.414800
9.840000,413.936000,2.713796
22.960000,2880.496000,8.202945
22.960000,2804.400000,1.663620
25.584000,884.944000,0.824437
15.088000,619.920000,4.339126
34.768000,239.440000,1.397973
7.216000,1516.016000,0.841309
26.896000,1725.936000,1.437284
38.704000,3212.432000,7.655890
0.656000,1735.120000,1.372808
8.528000,70.192000,1.389108
15.088000,2019.824000,2.952747
22.960000,1787.600000,2.576895
37.392000,2813.584000,9.934139
11.152000,1020.080000,1.746685
32.144000,315.536000,3.028591
13.776000,1401.872000,13.630238
21.648000,19.024000,1.709067
17.712000,2542.000000,4.352626
12.464000,2603.664000,0.787906
12.464000,32.144000,1.715100
3.280000,1106.672000,0.756636
29.520000,2381.936000,5.925745
0.656000,1798.096000,3.145411
34.768000,2270.416000,2.142176
5.904000,1219.504000,1.048019
24.272000,2809.648000,0.917185
15.088000,2238.928000,1.106371
34.768000,2244.176000,2.618382
28.208000,1167.024000,6.696325
12.464000,1413.680000,11.777644
38.704000,2278.288000,6.916555
1.968000,3209.808000,1.354157
22.960000,1092.240000,1.591352
5.904000,1880.752000,1.208335
37.392000,2115.600000,0.697203
22.960000,1054.192000,6.230819
38.704000,2821.456000,3.395175
19.024000,446.736000,2.265305
1.968000,631.728000,5.081744
38.704000,2553.808000,0.812798
20.336000,1934.544000,2.544640
20.336000,892.816000,0.964270
32.144000,2601.040000,1.371888
5.904000,134.480000,0.882434
20.336000,2804.400000,4.878241
36.080000,2160.208000,1.534198
4.592000,1750.864000,1.007030
5.904000,386.384000,10.299388
24.272000,568.752000,0.942860
15.088000,2097.232000,1.327308
34.768000,1493.712000,2.094297
26.896000,1001.712000,6.966785
5.904000,51.824000,1.595447
37.392000,1857.136000,2.211192
24.272000,112.176000,1.472239
4.592000,1031.888000,3.598373
12.464000,2586.608000,3.799766
26.896000,644.848000,6.345101
13.776000,1126.352000,3.777458
32.144000,2287.472000,17.208777
26.896000,1634.096000,7.774911
38.704000,2275.664000,3.265116
5.904000,2904.112000,1.642111
8.528000,213.200000,1.498216
25.584000,2930.352000,1.004273
4.592000,2426.544000,4.847463
28.208000,1279.856000,3.261874
3.280000,1388.752000,3.613527
15.088000,1275.920000,5.671269
22.960000,1125.040000,1.585234
11.152000,940.048000,2.492046
1.968000,1887.312000,6.041845
13.776000,278.800000,1.160267
13.776000,957.104000,10.454470
21.648000,642.224000,0.694033
16.400000,2763.728000,2.435972
28.208000,1383.504000,11.544111
37.392000,2951.344000,6.353811
16.400000,340.464000,5.301164
24.272000,91.184000,6.170303
12.464000,959.728000,4.345686
15.088000,1212.944000,1.035118
34.768000,238.128000,6.952346
36.080000,1733.808000,1.594202
33.456000,2328.144000,4.407024
17.712000,1236.560000,2.166450
32.144000,310.288000,1.032242
34.768000,1723.312000,3.008167
20.336000,2521.008000,3.576665
13.776000,2817.520000,3.691338
17.712000,427.056000,0.696626
7.216000,2703.376000,2.060102
29.520000,2615.472000,6.398903
15.088000,1484.528000,6.490026
9.840000,3.280000,2.346313
28.208000,1030.576000,6.736364
26.896000,1796.784000,1.137226
25.584000,1165.712000,1.033943
20.336000,465.104000,1.447088
0.656000,1994.896000,2.640394
33.456000,929.552000,4.550634
37.392000,1367.760000,1.038660
38.704000,497.904000,7.251635
7.216000,1304.784000,1.323617
5.904000,1652.464000,7.060284
34.768000,236.816000,3.009360
7.216000,2047.376000,4.106746
37.392000,125.296000,2.256933
33.456000,2897.552000,1.060213
7.216000,40.016000,7.041875
26.896000,2580.048000,1.718159
34.768000,1236.560000,6.669271
1.968000,482.160000,2.701499
30.832000,559.568000,4.824604
32.144000,2624.656000,2.100929
36.080000,2185.136000,3.019550
26.896000,1369.072000,4.878467
19.024000,3026.128000,4.460196
4.592000,1296.912000,1.179031
3.280000,78.064000,7.844250
12.464000,629.104000,5.631940
21.648000,1858.448000,1.238905
7.216000,825.904000,4.619873
3.280000,589.744000,6.641817
26.896000,454.608000,14.461030
5.904000,2443.600000,2.080801
30.832000,2843.760000,7.850222
36.080000,971.536000,5.972453
15.088000,412.624000,1.153712
11.152000,602.864000,2.746787
28.208000,2841.136000,4.144219
13.776000,463.792000,1.019089
25.584000,2687.632000,3.383481
33.456000,274.864000,2.891654
11.152000,739.312000,5.266364
36.080000,1581.616000,5.689581
37.392000,2590.544000,2.272034
20.336000,903.312000,15.721095
21.648000,1199.824000,6.378355
8.528000,1366.448000,3.147803
21.648000,3169.136000,6.691141
26.896000,1414.992000,10.853487
16.400000,819.344000,2.760206
13.776000,2325.520000,2.019340
22.960000,3083.856000,3.265702
1.968000,1531.760000,2.329786
9.840000,503.152000,3.740204
7.216000,2595.792000,1.577544
13.776000,1006.960000,1.608748
3.280000,2667.952000,3.504458
24.272000,1867.632000,8.159770
0.656000,2646.960000,2.145778
15.088000,1836.144000,1.299178
3.280000,946.608000,0.804093
19.024000,1088.304000,6.778517
25.584000,1113.232000,0.717133
21.648000,1109.296000,2.918346
13.776000,1905.680000,0.981081
25.584000,2347.824000,22.074588
17.712000,692.080000,1.075284
4.592000,790.480000,5.303273
12.464000,159.408000,12.335397
15.088000,815.408000,0.913062
22.960000,3034.000000,2.240550
30.832000,2215.312000,2.670924
17.712000,2547.248000,7.843216
3.280000,1298.224000,1.361484
15.088000,2553.808000,2.581141
11.152000,2639.088000,0.796123
8.528000,2172.016000,3.536285
0.656000,176.464000,5.223370
20.336000,1109.296000,4.914448
11.152000,1836.144000,1.604390
9.840000,802.288000,1.022545
32.144000,396.880000,0.977291
30.832000,204.016000,1.060630
22.960000,287.984000,1.331194
12.464000,3186.192000,4.128233
17.712000,2263.856000,1.284495
17.712000,978.096000,1.376782
12.464000,1888.624000,3.680679
29.520000,3114.032000,2.926548
29.520000,66.256000,2.697386
37.392000,2131.344000,7.658593
19.024000,1537.008000,1.649001
9.840000,2039.504000,4.333344
28.208000,786.544000,0.663822
9.840000,694.704000,6.580154
26.896000,239.440000,6.646162
29.520000,2359.632000,0.970622
26.896000,2940.848000,1.589417
8.528000,242.064000,4.949275
8.528000,0.656000,3.760434
33.456000,530.704000,1.675064
8.528000,933.488000,2.345642
7.216000,2215.312000,6.781571
24.272000,30.832000,0.704198
38.704000,980.720000,5.840388
24.272000,1883.376000,2.509906
30.832000,2569.552000,4.709492
5.904000,1530.448000,0.773054
30.832000,2038.192000,1.018186
13.776000,2873.936000,1.339046
17.712000,1416.304000,3.380008
1.968000,1673.456000,3.321088
16.400000,2960.528000,4.132265
38.704000,694.704000,4.730918
12.464000,3096.976000,1.851262
22.960000,1424.176000,6.416346
21.648000,1689.200000,2.518593
13.776000,2591.856000,2.200296
19.024000,942.672000,4.298469
13.776000,1247.056000,1.586285
16.400000,3123.216000,8.272853
25.584000,1602.608000,3.560716
30.832000,2492.144000,12.411354
16.400000,2842.448000,0.947079
16.400000,2915.920000,4.297328
1.968000,1315.280000,1.116271
7.216000,331.280000,12.862309
38.704000,1757.424000,2.699204
26.896000,1429.424000,4.967142
29.520000,1584.240000,1.205815
37.392000,684.208000,0.772365
19.024000,1256.240000,2.894549
26.896000,3125.840000,2.816691
9.840000,1706.256000,5.224121
33.456000,316.848000,3.075990
38.704000,1977.840000,4.738774
20.336000,2686.320000,4.461749
13.776000,3194.064000,4.229307
15.088000,2182.512000,3.716033
0.656000,242.064000,1.579637
4.592000,2063.120000,1.145183
24.272000,612.048000,1.871105
26.896000,1006.960000,4.001433
16.400000,453.296000,6.482586
37.392000,2881.808000,1.561953
32.144000,2835.888000,8.560556
1.968000,407.376000,1.272663
3.280000,2604.976000,1.217036
33.456000,1976.528000,8.778262
1.968000,961.040000,2.546139
8.528000,785.232000,1.403269
26.896000,1391.376000,1.144857
7.216000,1926.672000,6.244805
3.280000,2124.784000,10.784255
7.216000,1390.064000,9.164634
9.840000,564.816000,5.461844
24.272000,992.528000,4.222749
30.832000,3127.152000,3.272988
0.656000,1495.024000,1.676213
26.896000,2204.816000,3.655958
24.272000,2044.752000,4.005673
1.968000,1832.208000,2.672456
11.152000,1593.424000,2.983835
32.144000,102.992000,15.719726
29.520000,1924.048000,1.308262
7.216000,877.072000,5.217426
15.088000,269.616000,2.336058
15.088000,2245.488000,0.948924
22.960000,1550.128000,3.183024
13.776000,89.872000,3.258663
4.592000,1946.352000,3.390726
4.592000,3023.504000,10.698923
11.152000,1262.800000,5.290604
37.392000,967.600000,1.253679
12.464000,1369.072000,6.743766
8.528000,3015.632000,1.107361
11.152000,2442.288000,1.030180
28.208000,1.968000,21.863067
25.584000,2409.488000,0.774684
1.968000,2455.408000,10.729363
34.768000,2139.216000,4.167711
36.080000,812.784000,1.514511
30.832000,2287.472000,1.146450
30.832000,2835.888000,1.074484
8.528000,507.088000,1.823020
20.336000,185.648000,3.855960
9.840000,1526.512000,11.991400
24.272000,2002.768000,0.657492
36.080000,3203.248000,2.711310
12.464000,1373.008000,2.015848
15.088000,1716.752000,4.427195
1.968000,2725.680000,0.944561
9.840000,2814.896000,3.259347
17.712000,2210.064000,5.018261
4.592000,1990.960000,3.361872
5.904000,1506.832000,6.918715
34.768000,2910.672000,0.826060
11.152000,2248.112000,1.598306
37.392000,3190.128000,1.754915
38.704000,3201.936000,10.047451
11.152000,2845.072000,0.874538
8.528000,1765.296000,0.668817
8.528000,327.344000,2.763456
29.520000,491.344000,1.835951
4.592000,1111.920000,0.972851
7.216000,162.032000,11.233394
38.704000,1623.600000,3.639896
33.456000,114.800000,3.303826
25.584000,724.880000,3.507118
15.088000,1413.680000,1.036196
37.392000,2622.032000,1.886282
12.464000,1500.272000,0.700018
25.584000,2080.176000,5.401136
16.400000,1597.360000,1.675145
34.768000,2595.792000,6.347802
29.520000,2953.968000,2.525775
34.768000,504.464000,3.407912
16.400000,995.152000,1.886061
28.208000,3119.280000,1.235976
12.464000,3156.016000,7.400892
37.392000,2669.264000,2.754206
1.968000,1544.880000,2.816420
19.024000,1910.928000,5.246296
9.840000,2871.312000,6.665692
25.584000,1341.520000,1.516413
8.528000,2943.472000,3.550999
29.520000,1286.416000,2.463088
38.704000,2625.968000,1.100996
0.656000,429.680000,3.096314
29.520000,2389.808000,4.302425
9.840000,2021.136000,3.670011
30.832000,832.464000,3.660833
28.208000,2703.376000,2.922757
9.840000,259.120000,3.177261
12.464000,514.960000,8.876025
13.776000,2303.216000,4.150408
25.584000,1676.080000,2.944768
32.144000,1386.128000,3.607963
1.968000,280.112000,3.722805
22.960000,3044.496000,2.177957
24.272000,1394.000000,1.374325
4.592000,2433.104000,5.355393
28.208000,690.768000,4.185829
33.456000,3114.032000,2.833569
26.896000,2669.264000,4.295720
11.152000,2657.456000,1.601795
20.336000,1237.872000,7.959129
16.400000,347.024000,5.284853
29.520000,550.384000,1.090590
4.592000,1539.632000,3.730860
13.776000,2645.648000,3.723012
13.776000,1504.208000,7.960841
13.776000,287.984000,2.175059
22.960000,2337.328000,1.526828
33.456000,1198.512000,8.497262
37.392000,773.424000,1.265451
3.280000,672.400000,2.515014
9.840000,2770.288000,4.413216
33.456000,1239.184000,15.246183
21.648000,600.240000,1.814197
22.960000,150.224000,3.622680
15.088000,2489.520000,1.397225
12.464000,1927.984000,1.398664
16.400000,1489.776000,1.253137
29.520000,2614.160000,1.065345
37.392000,1863.696000,1.096610
37.392000,1632.784000,2.184366
7.216000,2692.880000,1.758157
22.960000,2931.664000,0.763422
1.968000,169.904000,2.366964
28.208000,449.360000,13.326690
30.832000,3027.440000,1.913126
19.024000,2750.608000,1.182156
32.144000,1252.304000,1.778356
1.968000,701.264000,1.885889
13.776000,2203.504000,0.740215
36.080000,385.072000,5.882335
8.528000,299.792000,0.758211
22.960000,886.256000,1.977848
19.024000,717.008000,1.271032
24.272000,2890.992000,1.346585
29.520000,1174.896000,2.866922
32.144000,1337.584000,0.887985
1.968000,364.080000,6.311138
16.400000,1615.728000,9.197746
28.208000,711.760000,2.495114
12.464000,1641.968000,0.969413
22.960000,97.744000,0.681084
13.776000,2542.000000,1.327657
0.656000,526.768000,3.782945
3.280000,2582.672000,4.953086
0.656000,2170.704000,1.400317
7.216000,1106.672000,1.094731
32.144000,2905.424000,5.336985
24.272000,2225.808000,9.859041
8.528000,2955.280000,23.386667
28.208000,2485.584000,3.041338
29.520000,1051.568000,1.505976
30.832000,3156.016000,4.571158
20.336000,1931.920000,3.283434
30.832000,1926.672000,3.562773
36.080000,2601.040000,1.230587
37.392000,320.784000,3.913754
8.528000,1853.200000,1.638306
34.768000,2296.656000,3.252938
13.776000,577.936000,4.077971
24.272000,860.016000,4.127331
37.392000,3213.744000,1.233713
3.280000,2909.360000,15.023963
11.152000,2591.856000,3.044354
32.144000,804.912000,5.060915
0.656000,1153.904000,9.970693
24.272000,2556.432000,2.333499
33.456000,2315.024000,0.692842
13.776000,2644.336000,1.243303
26.896000,1083.056000,4.649101
16.400000,2845.072000,3.262340
12.464000,475.600000,12.033816
4.592000,592.368000,1.255331
25.584000,1763.984000,4.043252
19.024000,875.760000,4.555201
17.712000,378.512000,7.276226
0.656000,635.664000,6.681808
7.216000,2631.216000,2.489857
29.520000,2216.624000,2.782692
21.648000,2019.824000,2.729928
20.336000,1639.344000,8.381383
19.024000,2395.056000,0.712980
12.464000,1401.872000,3.261778
20.336000,68.880000,3.046886
26.896000,2989.392000,2.287295
28.208000,1126.352000,1.385977
36.080000,1799.408000,2.942412
24.272000,1821.712000,2.264527
29.520000,33.456000,2.803194
22.960000,2469.840000,0.930051
34.768000,748.496000,7.251839
17.712000,619.920000,1.151956
9.840000,2936.912000,7.034446
4.592000,795.728000,2.254750
32.144000,2737.488000,3.525125
37.392000,1006.960000,0.729389
25.584000,2534.128000,2.013821
36.080000,814.096000,1.795086
38.704000,2992.016000,1.056348
29.520000,1092.240000,0.852143
32.144000,2202.192000,3.117241
8.528000,929.552000,0.876956
12.464000,1874.192000,2.035142
7.216000,634.352000,1.642648
8.528000,1164.400000,4.032572
28.208000,1521.264000,2.043949
36.080000,2988.080000,4.329455
7.216000,2573.488000,0.880417
17.712000,2073.616000,2.502548
12.464000,308.976000,6.399115
30.832000,11.152000,5.614444
32.144000,1441.232000,0.870029
19.024000,2713.872000,4.964133
17.712000,3065.488000,1.709323
28.208000,1097.488000,8.708281
34.768000,2345.200000,4.047005
29.520000,2905.424000,9.436920
15.088000,2076.240000,14.775623
34.768000,688.144000,2.465885
22.960000,1374.320000,0.781483
38.704000,1531.760000,3.422171
7.216000,2120.848000,1.053310
21.648000,319.472000,4.056988
26.896000,3013.008000,2.363628
11.152000,1142.096000,1.498836
3.280000,877.072000,4.322479
19.024000,1686.576000,6.412958
30.832000,1462.224000,2.310684
22.960000,154.160000,3.217976
24.272000,108.240000,5.198712
28.208000,3163.888000,1.869557
30.832000,1096.176000,3.810280
0.656000,2250.736000,3.513855
25.584000,1698.384000,1.055906
3.280000,985.968000,6.849671
19.024000,2005.392000,1.642391
30.832000,693.392000,2.104789
38.704000,1262.800000,6.527807
25.584000,1799.408000,2.509280
19.024000,1773.168000,2.654415
19.024000,529.392000,0.846417
21.648000,1582.928000,3.407383
1.968000,1075.184000,0.699004
1.968000,45.264000,1.058554
4.592000,1963.408000,2.663845
9.840000,1206.384000,4.549872
4.592000,1207.696000,4.916828
12.464000,2279.600000,2.142621
26.896000,387.696000,1.948272
3.280000,266.992000,0.918821
4.592000,1972.592000,3.873404
32.144000,643.536000,6.969094
20.336000,2678.448000,1.452019
12.464000,1972.592000,3.561320
21.648000,2106.416000,14.409698
7.216000,1388.752000,1.169085
32.144000,26.896000,2.055085
36.080000,634.352000,6.471381
15.088000,882.320000,11.951277
7.216000,900.688000,7.141779
29.520000,514.960000,5.631495
9.840000,2751.920000,4.663880
32.144000,3103.536000,12.059148
22.960000,2580.048000,1.311957
5.904000,2469.840000,3.057353
16.400000,322.096000,4.457455
33.456000,141.040000,2.139285
22.960000,525.456000,4.195566
11.152000,2608.912000,1.021174
17.712000,863.952000,1.823375
36.080000,2817.520000,6.307064
19.024000,2614.160000,1.490286
5.904000,2768.976000,3.956413
3.280000,305.040000,2.801160
5.904000,1090.928000,3.254773
15.088000,1289.040000,2.365288
33.456000,2178.576000,18.307794
21.648000,2305.840000,0.745767
34.768000,1758.736000,6.902745
29.520000,150.224000,2.615242
1.968000,2254.672000,2.708952
34.768000,2614.160000,2.296650
19.024000,743.248000,1.968831
8.528000,2646.960000,4.854553
11.152000,1098.800000,3.599724
30.832000,2813.584000,7.604388
33.456000,2894.928000,3.641386
12.464000,549.072000,9.820156
37.392000,2347.824000,1.521543
24.272000,2667.952000,4.850135
0.656000,1094.864000,1.706771
22.960000,2063.120000,2.798433
3.280000,2762.416000,6.215823
7.216000,2413.424000,6.627207
13.776000,819.344000,4.615512
19.024000,2248.112000,1.478695
16.400000,1191.952000,2.125477
19.024000,3182.256000,3.353264
12.464000,558.256000,0.855336
29.520000,12.464000,2.710909
11.152000,12.464000,9.227210
34.768000,1984.400000,21.465377
26.896000,3117.968000,7.359868
33.456000,915.120000,2.616726
15.088000,46.576000,3.450864
9.840000,1497.648000,1.082530
0.656000,727.504000,3.583358
19.024000,2761.104000,3.243531
24.272000,497.904000,10.817057
9.840000,2216.624000,0.967630
3.280000,1626.224000,1.625680
16.400000,1290.352000,4.800141
19.024000,1867.632000,6.503412
3.280000,1879.440000,1.107112
34.768000,1111.920000,2.003245
28.208000,135.792000,2.304904
12.464000,534.640000,1.228112
26.896000,785.232000,2.007314
11.152000,786.544000,1.065258
34.768000,2635.152000,1.606800
22.960000,360.144000,2.900390
21.648000,3020.880000,0.848456
7.216000,710.448000,4.110641
8.528000,758.992000,3.650831
25.584000,1662.960000,2.462916
21.648000,835.088000,4.076432
0.656000,2032.944000,13.248760
11.152000,1884.688000,2.202566
36.080000,1905.680000,2.432618
38.704000,1845.328000,4.793965
36.080000,711.760000,2.551152
25.584000,808.848000,3.921046
15.088000,1039.760000,1.784527
4.592000,121.360000,6.139900
12.464000,324.720000,4.488027
17.712000,320.784000,1.563608
32.144000,1823.024000,1.852942
12.464000,2808.336000,1.373948
28.208000,932.176000,7.625351
19.024000,188.272000,2.559262
37.392000,2211.376000,4.663537
34.768000,1207.696000,0.934384
20.336000,2017.200000,1.358268
12.464000,1605.232000,2.630935
21.648000,2694.192000,0.705623
19.024000,933.488000,2.299638
38.704000,1846.640000,1.835323
5.904000,326.032000,5.287416
8.528000,2107.728000,3.534082
8.528000,1569.808000,6.525059
36.080000,2341.264000,2.901941
3.280000,1249.680000,3.587966
32.144000,2981.520000,2.212643
29.520000,2364.880000,1.636400
11.152000,2556.432000,7.272866
34.768000,1106.672000,9.188787
38.704000,2779.472000,1.176497
0.656000,500.528000,5.548179
30.832000,610.736000,3.062671
3.280000,3187.504000,2.128722
28.208000,411.312000,2.287706
5.904000,744.560000,1.026614
11.152000,999.088000,0.853167
21.648000,1695.760000,4.371240
34.768000,2018.512000,1.642592
21.648000,2029.008000,2.205795
29.520000,1712.816000,2.030654
24.272000,2294.032000,5.424045
15.088000,1429.424000,4.037997
34.768000,3186.192000,8.362035
38.704000,2860.816000,7.703582
24.272000,2153.648000,0.754192
17.712000,571.376000,20.513154
7.216000,2081.488000,2.255265
38.704000,1900.432000,3.222707
32.144000,908.560000,1.048531
37.392000,1548.816000,5.776157
33.456000,1008.272000,3.135490
25.584000,1551.440000,0.749218
37.392000,1159.152000,3.207016
9.840000,1770.544000,1.008049
13.776000,1811.216000,4.218847
1.968000,2608.912000,1.961695
29.520000,1904.368000,14.215429
7.216000,1476.656000,4.470063
16.400000,2956.592000,3.646490
13.776000,1589.488000,2.221450
37.392000,1291.664000,4.294546
28.208000,866.576000,7.739298
0.656000,2618.096000,3.138096
36.080000,1396.624000,1.524501
33.456000,1552.752000,6.558909
26.896000,1197.200000,3.529023
13.776000,1606.544000,9.299455
37.392000,1338.896000,5.088349
20.336000,612.048000,2.815953
17.712000,1433.360000,1.383305
38.704000,1227.376000,5.406315
38.704000,703.888000,8.575432
12.464000,2892.304000,3.867897
8.528000,1207.696000,0.895654
0.656000,2021.136000,1.111452
29.520000,411.312000,9.952328
12.464000,472.976000,1.242840
33.456000,2198.256000,2.159447
32.144000,344.400000,1.959940
15.088000,2423.920000,6.918895
37.392000,1109.296000,6.179110
21.648000,1380.880000,2.700221
32.144000,2479.024000,2.611361
3.280000,1231.312000,4.126889
11.152000,629.104000,1.905582
37.392000,2687.632000,5.174701
20.336000,770.800000,1.183682
7.216000,3218.992000,4.169080
21.648000,2682.384000,0.912135
28.208000,2307.152000,3.491648
25.584000,1374.320000,2.808911
29.520000,1253.616000,2.287556
3.280000,1790.224000,1.274153
8.528000,130.544000,2.906732
3.280000,131.856000,6.941344
0.656000,3069.424000,9.289627
24.272000,2973.648000,0.862338
13.776000,982.032000,5.250183
30.832000,3030.064000,6.192634
32.144000,350.960000,0.659590
0.656000,2208.752000,3.586984
34.768000,1931.920000,14.370510
25.584000,1195.888000,2.571170
33.456000,2309.776000,1.965613
12.464000,2431.792000,5.497503
34.768000,2992.016000,3.556176
13.776000,3106.160000,10.814986
17.712000,1303.472000,1.235471
7.216000,1865.008000,2.258197
9.840000,2746.672000,3.314942
32.144000,3009.072000,7.855345
19.024000,1050.256000,5.246539
19.024000,3032.688000,0.976110
32.144000,337.840000,1.471342
20.336000,2664.016000,3.433161
1.968000,2938.224000,1.310511
17.712000,1435.984000,1.135851
37.392000,2606.288000,0.988772
38.704000,2549.872000,6.018305
4.592000,1605.232000,0.896607
17.712000,1550.128000,2.600612
33.456000,2387.184000,0.721352
24.272000,1652.464000,1.648353
20.336000,2059.184000,6.024505
0.656000,1409.744000,5.191304
5.904000,3212.432000,5.478277
38.704000,1585.552000,3.459000
5.904000,1910.928000,0.914222
0.656000,2803.088000,2.645474
1.968000,1889.936000,9.738484
15.088000,2829.328000,1.619598
37.392000,1216.880000,8.295660
21.648000,2686.320000,2.985144
16.400000,575.312000,1.468295
7.216000,823.280000,1.496205
5.904000,497.904000,1.349899
4.592000,160.720000,8.810783
0.656000,33.456000,1.965019
32.144000,1143.408000,1.209845
26.896000,1168.336000,6.305475
24.272000,3192.752000,1.587705
4.592000,671.088000,7.232974
12.464000,1390.064000,1.389151
25.584000,2625.968000,10.746650
11.152000,560.880000,1.666961
30.832000,2908.048000,5.332921
36.080000,912.496000,3.729376
13.776000,1268.048000,3.529167
26.896000,577.936000,4.096439
29.520000,1277.232000,6.518515
1.968000,651.408000,4.284872
22.960000,1140.784000,8.877536
3.280000,2396.368000,2.221585
26.896000,806.224000,0.692519
12.464000,2472.464000,1.929453
28.208000,1463.536000,7.547297
21.648000,2750.608000,1.375563
25.584000,930.864000,8.600085
12.464000,3159.952000,1.175822
36.080000,2193.008000,9.217848
15.088000,528.080000,2.052077
9.840000,1920.112000,3.716435
19.024000,988.592000,18.285119
11.152000,1140.784000,7.064691
9.840000,2370.128000,1.820612
33.456000,2880.496000,1.475274
1.968000,633.040000,1.973503
29.520000,3212.432000,1.443801
7.216000,857.392000,5.803174
12.464000,2035.568000,1.204024
32.144000,1459.600000,11.382605
38.704000,1131.600000,5.703974
5.904000,2624.656000,9.516809
38.704000,3015.632000,23.472816
33.456000,638.288000,3.370438
7.216000,1045.008000,4.753934
19.024000,1580.304000,3.584168
9.840000,381.136000,1.062076
8.528000,2545.936000,2.210281
15.088000,1249.680000,6.565877
33.456000,2472.464000,1.767691
0.656000,1151.280000,5.064995
8.528000,3087.792000,22.398948
25.584000,314.224000,13.876788
15.088000,2977.584000,5.078530
12.464000,497.904000,2.269984
11.152000,2875.248000,1.584319
8.528000,2682.384000,6.878709
37.392000,2553.808000,0.700702
4.592000,2591.856000,1.045797
4.592000,1446.480000,2.030434
7.216000,545.136000,6.975463
33.456000,1813.840000,1.861258
5.904000,795.728000,3.069901
4.592000,2619.408000,2.080913
30.832000,2278.288000,8.042994
0.656000,2383.248000,2.267245
19.024000,2036.880000,3.886136
38.704000,1092.240000,0.683822
29.520000,2206.128000,3.019305
24.272000,1787.600000,2.843733
24.272000,1493.712000,3.779018
16.400000,1791.536000,1.700594
36.080000,278.800000,6.149577
15.088000,2804.400000,11.142457
26.896000,2329.456000,3.649945
3.280000,129.232000,4.541279
20.336000,218.448000,7.598434
11.152000,354.896000,1.078289
17.712000,1724.624000,2.540510
29.520000,1676.080000,0.944752
34.768000,1648.528000,2.817626
24.272000,815.408000,0.673288
25.584000,588.432000,1.650777
26.896000,1287.728000,3.992081
9.840000,2581.360000,1.447069
4.592000,9.840000,11.937243
9.840000,1357.264000,4.662934
19.024000,2442.288000,4.145417
4.592000,66.256000,5.422126
7.216000,1575.056000,0.757344
1.968000,1235.248000,2.043063
17.712000,2545.936000,1.987069
15.088000,0.656000,1.910703
12.464000,1331.024000,6.729617
3.280000,3056.304000,9.680490
34.768000,2890.992000,1.990875
22.960000,215.824000,1.630689
25.584000,1888.624000,12.201064
22.960000,336.528000,5.974688
38.704000,1429.424000,11.009020
25.584000,2477.712000,5.795830
17.712000,3010.384000,0.680979
8.528000,2497.392000,4.452110
4.592000,58.384000,0.935135
32.144000,2581.360000,1.440075
16.400000,1904.368000,0.935940
29.520000,2233.680000,11.735028
12.464000,135.792000,6.150677
33.456000,651.408000,1.840978
30.832000,2535.440000,6.183663
20.336000,272.240000,2.110664
17.712000,644.848000,0.792382
37.392000,1475.344000,0.956657
37.392000,3211.120000,2.804857
32.144000,1273.296000,1.750296
8.528000,1379.568000,4.519576
29.520000,1409.744000,2.315163
29.520000,1903.056000,2.723639
30.832000,496.592000,1.049847
1.968000,1958.160000,1.074718
19.024000,278.800000,3.652123
37.392000,1807.280000,5.210050
5.904000,2738.800000,1.227046
20.336000,753.744000,2.330046
15.088000,1352.016000,3.447111
7.216000,765.552000,8.852906
37.392000,947.920000,3.709599
24.272000,2245.488000,1.741802
29.520000,1477.968000,3.285137
38.704000,1111.920000,2.273511
38.704000,3031.376000,3.794429
22.960000,264.368000,0.673419
13.776000,1748.240000,10.368063
13.776000,2241.552000,3.032998
11.152000,3058.928000,3.529380
26.896000,639.600000,1.268226
3.280000,1820.400000,4.443676
17.712000,892.816000,3.141449
21.648000,269.616000,1.148171
37.392000,102.992000,4.402781
15.088000,499.216000,5.255641
21.648000,619.920000,1.135185
33.456000,2265.168000,1.553907
15.088000,1323.152000,2.540318
37.392000,1077.808000,1.244161
17.712000,2560.368000,3.854094
4.592000,375.888000,1.943075
3.280000,2023.760000,2.300695
28.208000,1988.336000,6.915152
28.208000,3131.088000,7.822662
21.648000,2652.208000,11.538538
13.776000,2463.280000,6.921061
38.704000,719.632000,0.922542
20.336000,2879.184000,1.888590
5.904000,1682.640000,1.061230
21.648000,1805.968000,0.794223
5.904000,2620.720000,1.541173
24.272000,2673.200000,3.610283
26.896000,113.488000,1.480880
24.272000,3047.120000,1.230910
21.648000,2797.840000,1.443011
12.464000,1802.032000,5.389639
34.768000,1394.000000,4.026674
11.152000,1547.504000,3.505472
24.272000,1147.344000,2.452509
19.024000,1014.832000,6.340765
32.144000,701.264000,0.887683
26.896000,866.576000,8.244537
37.392000,1277.232000,6.237135
7.216000,1071.248000,1.989056
20.336000,1548.816000,1.484112
8.528000,2842.448000,2.252994
36.080000,2465.904000,1.896866
25.584000,1596.048000,12.447708
13.776000,2730.928000,3.996795
29.520000,1121.104000,3.556079
38.704000,1708.880000,6.222701
1.968000,2824.080000,5.149126
13.776000,945.296000,3.958562
28.208000,635.664000,4.155356
15.088000,1914.864000,3.088447
32.144000,2446.224000,2.200113
29.520000,1354.640000,4.079907
22.960000,1552.752000,2.143171
5.904000,2914.608000,1.015045
7.216000,2930.352000,6.506691
38.704000,2999.888000,2.991702
24.272000,884.944000,5.657872
11.152000,2564.304000,1.792111
11.152000,1483.216000,5.628325
36.080000,1951.600000,17.508408
26.896000,58.384000,3.335873
33.456000,1824.336000,5.233697
36.080000,1887.312000,3.666544
21.648000,798.352000,5.238576
1.968000,1207.696000,2.228838
1.968000,2447.536000,6.023362
21.648000,3066.800000,4.056695
38.704000,2851.632000,0.986390
9.840000,3072.048000,6.706129
12.464000,112.176000,3.330222
21.648000,1243.120000,2.475337
25.584000,1951.600000,5.269461
13.776000,25.584000,12.662691
26.896000,349.648000,2.452170
37.392000,389.008000,1.437559
32.144000,2116.912000,1.927042
11.152000,1624.912000,1.892779
7.216000,794.416000,7.592615
26.896000,259.120000,14.887013
19.024000,1282.480000,9.418036
13.776000,2088.048000,6.554409
36.080000,1039.760000,0.985602
17.712000,1408.432000,1.783739
26.896000,2114.288000,2.839672
15.088000,215.824000,0.726062
1.968000,3163.888000,10.861170
19.024000,2511.824000,3.094389
20.336000,1430.736000,12.873899
15.088000,1397.936000,3.889654
4.592000,2404.240000,4.187645
25.584000,726.192000,1.647789
19.024000,2855.568000,2.106492
37.392000,1396.624000,2.721302
33.456000,1253.616000,3.794487
32.144000,112.176000,2.491407
34.768000,1981.776000,5.184308
15.088000,1952.912000,2.168765
38.704000,2556.432000,18.577993
11.152000,121.360000,2.038475
16.400000,2391.120000,9.033397
19.024000,2803.088000,5.557904
8.528000,158.096000,3.860070
28.208000,1176.208000,0.947102
0.656000,2463.280000,3.672811
22.960000,1971.280000,2.310873
32.144000,2353.072000,2.721703
34.768000,17.712000,5.274907
26.896000,549.072000,3.358041
30.832000,2072.304000,2.995482
7.216000,2029.008000,3.713270
36.080000,1836.144000,6.795746
25.584000,1237.872000,1.306529
34.768000,3178.320000,1.577733
36.080000,1689.200000,4.090575
26.896000,2662.704000,3.119275
16.400000,978.096000,1.419471
38.704000,3156.016000,3.019288
15.088000,3032.688000,4.635767
30.832000,719.632000,1.377837
7.216000,588.432000,2.086968
9.840000,173.840000,5.370842
33.456000,1235.248000,4.710686
37.392000,1647.216000,0.981628
1.968000,211.888000,1.820230
16.400000,836.400000,3.029852
24.272000,3170.448000,0.954305
29.520000,315.536000,20.634473
12.464000,2951.344000,10.616236
3.280000,2855.568000,5.312260
3.280000,2262.544000,1.121534
29.520000,2482.960000,1.335889
5.904000,1844.016000,2.127838
38.704000,1729.872000,6.472910
25.584000,675.024000,0.991119
20.336000,1093.552000,3.642253
7.216000,2818.832000,2.239741
24.272000,698.640000,0.665785
8.528000,480.848000,6.480275
11.152000,2867.376000,3.482740
38.704000,2480.336000,0.969129
28.208000,797.040000,1.279969
34.768000,41.328000,1.254218
22.960000,1833.520000,2.366604
32.144000,2286.160000,2.071690
15.088000,1468.784000,1.820998
28.208000,2643.024000,3.895691
29.520000,1934.544000,0.704142
24.272000,2868.688000,4.849580
19.024000,1702.320000,1.564563
36.080000,2490.832000,1.265266
22.960000,459.856000,3.930985
33.456000,2301.904000,0.801790
7.216000,2157.584000,1.148402
34.768000,2337.328000,3.194558
17.712000,1475.344000,2.149301
26.896000,264.368000,1.228860
13.776000,1622.288000,1.732849
7.216000,2069.680000,2.895202
34.768000,1013.520000,3.156256
16.400000,839.024000,1.075232
4.592000,450.672000,1.211458
15.088000,858.704000,3.924202
24.272000,2993.328000,3.098600
36.080000,3102.224000,3.431579
22.960000,2127.408000,4.377246
8.528000,2670.576000,4.553090
24.272000,1685.264000,2.147659
37.392000,2654.832000,9.277414
1.968000,1147.344000,4.316679
15.088000,1080.432000,2.768389
20.336000,2123.472000,2.004885
11.152000,2345.200000,0.946891
13.776000,3123.216000,4.644591
15.088000,1756.112000,1.464009
15.088000,2825.392000,5.893819
21.648000,2304.528000,0.969021
38.704000,2232.368000,2.162644
5.904000,1222.128000,2.174880
29.520000,113.488000,3.122009
34.768000,2813.584000,1.616986
16.400000,1946.352000,1.135845
26.896000,1687.888000,4.231864
13.776000,2412.112000,3.386814
29.520000,2544.624000,11.961053
11.152000,70.192000,4.982973
32.144000,2595.792000,1.522366
11.152000,1529.136000,4.247474
33.456000,1853.200000,4.485318
34.768000,1716.752000,10.006674
7.216000,3145.520000,0.865815
33.456000,2564.304000,1.709448
26.896000,3058.928000,1.161399
36.080000,402.128000,1.323447
37.392000,1446.480000,4.333664
20.336000,1291.664000,5.999359
25.584000,2077.552000,2.053409
3.280000,967.600000,7.133107
8.528000,1855.824000,2.646439
16.400000,3066.800000,2.766973
9.840000,1005.648000,2.949343
26.896000,404.752000,6.531649
36.080000,1771.856000,1.169387
3.280000,3192.752000,3.817744
4.592000,2351.760000,3.542310
37.392000,3149.456000,1.306730
11.152000,62.320000,4.781302
5.904000,2770.288000,3.243201
38.704000,1821.712000,3.866416
22.960000,1998.832000,0.814083
5.904000,2030.320000,1.713763
29.520000,583.184000,22.485070
32.144000,2877.872000,7.920872
38.704000,545.136000,0.994081
36.080000,1510.768000,1.578094
34.768000,2822.768000,2.966589
26.896000,1601.296000,1.224925
25.584000,348.336000,7.285482
1.968000,1842.704000,5.954787
36.080000,463.792000,1.409693
16.400000,2038.192000,3.649902
17.712000,2093.296000,4.327850
21.648000,1909.616000,2.102206
38.704000,1477.968000,1.948806
33.456000,1840.080000,1.688770
8.528000,3075.984000,2.135921
36.080000,2004.080000,1.384475
38.704000,2825.392000,3.874295
7.216000,3061.552000,1.484301
4.592000,1445.168000,1.938320
17.712000,189.584000,6.086528
30.832000,1337.584000,9.830140
34.768000,2724.368000,9.648697
3.280000,451.984000,1.206055
3.280000,894.128000,3.014664
19.024000,922.992000,4.595495
36.080000,675.024000,1.970929
9.840000,676.336000,0.976570
17.712000,2948.720000,1.358640
13.776000,1317.904000,4.988933
32.144000,776.048000,1.910112
20.336000,2200.880000,1.198850
29.520000,231.568000,1.660244
5.904000,2999.888000,1.109879
8.528000,517.584000,3.087154
20.336000,3018.256000,4.855086
36.080000,2715.184000,1.278032
9.840000,1732.496000,3.707078
15.088000,2480.336000,5.093387
38.704000,2888.368000,8.941167
34.768000,2194.320000,1.568974
19.024000,1043.696000,1.811717
36.080000,3199.312000,0.971976
4.592000,2465.904000,10.440246
12.464000,1523.888000,1.644315
4.592000,1707.568000,2.729285
36.080000,2549.872000,3.780495
24.272000,966.288000,1.667763
1.968000,1578.992000,2.779540
29.520000,915.120000,1.457145
8.528000,1180.144000,2.100184
33.456000,774.736000,2.085087
36.080000,2810.960000,5.442014
17.712000,1854.512000,3.366938
0.656000,349.648000,0.883545
1.968000,172.528000,1.407398
0.656000,3149.456000,0.732492
32.144000,406.064000,0.835838
3.280000,554.320000,4.810541
11.152000,1350.704000,1.779814
33.456000,79.376000,1.161993
26.896000,2429.168000,0.970397
19.024000,2396.368000,3.333208
29.520000,1485.840000,5.874710
30.832000,975.472000,3.855917
29.520000,3175.696000,5.163206
0.656000,1844.016000,11.320900
12.464000,2687.632000,3.347319
36.080000,1477.968000,2.787280
28.208000,1262.800000,1.188110
29.520000,1198.512000,2.788492
16.400000,1066.000000,3.022481
13.776000,1110.608000,1.492701
20.336000,596.304000,3.165252
33.456000,357.520000,1.497825
20.336000,436.240000,4.125819
11.152000,147.600000,3.496438
24.272000,1985.712000,5.280571
38.704000,2612.848000,1.174767
37.392000,731.440000,4.713048
34.768000,1367.760000,1.434005
37.392000,651.408000,3.255262
9.840000,1312.656000,3.501647
9.840000,1098.800000,2.916327
20.336000,1926.672000,0.746057
16.400000,2993.328000,2.797374
38.704000,3184.880000,1.191327
38.704000,3146.832000,1.327415
4.592000,2110.352000,2.309926
7.216000,49.200000,4.785725
15.088000,1481.904000,1.433801
26.896000,1068.624000,2.658529
28.208000,322.096000,5.393365
0.656000,2766.352000,3.637248
36.080000,804.912000,1.679513
38.704000,2637.776000,1.528880
21.648000,1947.664000,4.676024
19.024000,344.400000,2.155328
17.712000,703.888000,2.248686
33.456000,555.632000,2.367292
9.840000,33.456000,0.859646
38.704000,3019.568000,4.693567
28.208000,2879.184000,1.321397
8.528000,3192.752000,1.485565
32.144000,2870.000000,2.923535
30.832000,2343.888000,0.681345
34.768000,268.304000,2.946396
26.896000,2170.704000,3.548029
32.144000,2648.272000,3.453455
34.768000,1470.096000,7.051373
22.960000,967.600000,1.645074
26.896000,863.952000,2.002439
4.592000,2982.832000,2.513636
29.520000,2997.264000,0.669576
7.216000,2855.568000,1.381909
12.464000,26.896000,9.426119
36.080000,1609.168000,10.639648
4.592000,732.752000,9.205891
8.528000,1092.240000,2.420612
24.272000,1107.984000,5.395939
34.768000,1256.240000,3.119100
22.960000,572.688000,4.326719
25.584000,3044.496000,2.724296
15.088000,2931.664000,5.512550
7.216000,1194.576000,3.933325
30.832000,1403.184000,1.156574
24.272000,1181.456000,0.744517
37.392000,1080.432000,1.732302
1.968000,1836.144000,1.155080
29.520000,972.848000,7.299389
16.400000,1959.472000,6.546610
15.088000,2193.008000,0.832196
5.904000,2094.608000,2.650597
4.592000,2244.176000,2.807573
33.456000,1572.432000,13.457177
7.216000,1286.416000,2.890959
5.904000,1967.344000,1.719971
3.280000,1845.328000,1.072818
1.968000,2664.016000,1.578037
1.968000,3212.432000,1.514609
37.392000,2896.240000,2.058532
37.392000,257.808000,9.234029
13.776000,621.232000,11.853598
16.400000,2413.424000,1.893060
19.024000,364.080000,3.812536
32.144000,3041.872000,3.126444
26.896000,997.776000,5.082799
33.456000,1405.808000,7.146241
38.704000,688.144000,0.824197
7.216000,598.928000,3.114169
4.592000,2805.712000,3.460297
24.272000,2679.760000,9.724393
28.208000,1344.144000,3.415979
38.704000,1988.336000,1.123184
19.024000,3095.664000,2.109039
7.216000,967.600000,3.786426
33.456000,1857.136000,1.174312
24.272000,2817.520000,0.893756
17.712000,2296.656000,1.883355
9.840000,2254.672000,7.573175
8.528000,1139.472000,4.548935
7.216000,2682.384000,1.243295
20.336000,2208.752000,1.358468
20.336000,3158.640000,1.436645
30.832000,365.392000,4.953767
19.024000,2065.744000,10.247157
4.592000,538.576000,5.828813
0.656000,2427.856000,9.902612
11.152000,2017.200000,2.420674
30.832000,3187.504000,2.982869
7.216000,606.800000,6.642120
25.584000,1300.848000,1.684004
26.896000,1756.112000,3.653096
24.272000,821.968000,3.704572
17.712000,1623.600000,1.603407
36.080000,1976.528000,2.019214
29.520000,1468.784000,10.326216
15.088000,2826.704000,6.158813
13.776000,2572.176000,2.007016
37.392000,1837.456000,2.370589
37.392000,437.552000,11.809926
15.088000,908.560000,2.862170
24.272000,1639.344000,14.769601
21.648000,2393.744000,1.187746
1.968000,2114.288000,4.126253
29.520000,1697.072000,1.402685
29.520000,1285.104000,3.511650
30.832000,1951.600000,3.556076
20.336000,1746.928000,3.596301
1.968000,685.520000,4.756964
0.656000,2342.576000,1.017037
29.520000,1106.672000,4.127064
24.272000,255.184000,4.899368
38.704000,2555.120000,2.095994
22.960000,2510.512000,1.203134
34.768000,663.216000,3.280177
26.896000,278.800000,2.319891
32.144000,1903.056000,3.049360
16.400000,1031.888000,1.985306
33.456000,490.032000,1.822970
26.896000,529.392000,2.199659
7.216000,1344.144000,1.601407
3.280000,743.248000,4.793175
5.904000,2587.920000,1.786209
21.648000,2417.360000,1.225204
12.464000,1052.880000,7.029376
36.080000,2562.992000,1.648886
11.152000,991.216000,3.522615
34.768000,1362.512000,4.637281
21.648000,777.360000,3.732125
19.024000,320.784000,3.462245
34.768000,101.680000,9.097841
22.960000,1710.192000,3.775550
5.904000,940.048000,4.289774
20.336000,1230.000000,2.087577
26.896000,2734.864000,2.921661
9.840000,3037.936000,1.483699
34.768000,2562.992000,0.896048
37.392000,1178.832000,2.362621
28.208000,1535.696000,14.452417
1.968000,2410.800000,2.609946
12.464000,40.016000,1.339106
24.272000,36.080000,2.232778
30.832000,2838.512000,3.789597
34.768000,306.352000,4.364185
0.656000,2772.912000,1.413225
7.216000,1573.744000,6.524112
24.272000,644.848000,2.944533
4.592000,1109.296000,1.075004
16.400000,470.352000,2.176178
16.400000,2837.200000,11.864518
32.144000,594.992000,9.447203
5.904000,2725.680000,2.708481
30.832000,1561.936000,3.615116
34.768000,1676.080000,1.274481
36.080000,2977.584000,13.442898
37.392000,2837.200000,2.731608
17.712000,2175.952000,3.822568
21.648000,576.624000,2.484275
16.400000,2053.936000,3.860316
29.520000,1761.360000,0.910536
38.704000,895.440000,10.649218
5.904000,322.096000,1.018721
30.832000,1584.240000,6.713702
33.456000,3178.320000,1.438860
25.584000,2105.104000,1.314533
25.584000,455.920000,1.621043
34.768000,542.512000,3.959310
25.584000,3149.456000,5.908634
3.280000,2911.984000,0.932096
38.704000,2960.528000,5.034797
33.456000,2283.536000,3.887545
37.392000,2021.136000,0.987726
19.024000,1001.712000,0.949154
24.272000,96.432000,1.334767
19.024000,3016.944000,2.749023
15.088000,606.800000,1.738920
7.216000,1558.000000,2.743347
21.648000,2807.024000,1.356024
21.648000,629.104000,2.480479
33.456000,1846.640000,6.383506
32.144000,2750.608000,2.201477
17.712000,2864.752000,2.592623
1.968000,84.624000,1.009571
9.840000,3145.520000,1.536444
5.904000,1858.448000,3.404570
17.712000,1925.360000,4.099506
17.712000,1093.552000,2.698859
38.704000,1156.528000,2.106227
15.088000,955.792000,7.860949
25.584000,902.000000,7.735721
16.400000,173.840000,5.630541
9.840000,1485.840000,1.042420
19.024000,324.720000,3.895760
17.712000,1098.800000,2.516432
8.528000,1969.968000,6.363242
33.456000,215.824000,1.301252
20.336000,2097.232000,4.197712
13.776000,231.568000,0.794530
20.336000,1862.384000,5.038591
22.960000,3023.504000,7.518228
5.904000,2774.224000,2.557251
1.968000,99.056000,3.366316
12.464000,3019.568000,3.955926
5.904000,2732.240000,3.726469
11.152000,794.416000,4.576541
1.968000,3031.376000,2.287871
15.088000,2145.776000,1.082153
30.832000,1533.072000,2.907525
7.216000,890.192000,1.381817
19.024000,1205.072000,4.189389
36.080000,508.400000,1.849648
38.704000,3075.984000,7.401420
13.776000,1173.584000,4.253084
28.208000,2122.160000,1.637349
34.768000,3137.648000,6.297412
3.280000,2854.256000,5.615821
8.528000,3053.680000,14.662885
38.704000,2800.464000,3.267441
7.216000,2270.416000,2.717142
13.776000,3022.192000,0.886036
28.208000,1409.744000,2.409737
21.648000,1365.136000,5.099986
11.152000,1468.784000,3.139809
21.648000,865.264000,2.306371
37.392000,2295.344000,1.603345
4.592000,1533.072000,5.646121
16.400000,2736.176000,2.072348
36.080000,2625.968000,8.749104
8.528000,2873.936000,6.715416
29.520000,2195.632000,3.524762
37.392000,1558.000000,1.190795
1.968000,1865.008000,0.946582
38.704000,1394.000000,5.656850
24.272000,2914.608000,9.134471
12.464000,1169.648000,6.835069
4.592000,2649.584000,14.662452
7.216000,1942.416000,9.252149
29.520000,677.648000,1.199332
12.464000,270.928000,4.904285
30.832000,1274.608000,4.542115
33.456000,3041.872000,2.462466
15.088000,438.864000,4.582197
17.712000,937.424000,0.861605
16.400000,2577.424000,2.301438
25.584000,1491.088000,1.239338
21.648000,3094.352000,1.010629
9.840000,1542.256000,3.024945
16.400000,1395.312000,7.718035
5.904000,1943.728000,5.913150
29.520000,2750.608000,2.393559
32.144000,589.744000,8.235967
36.080000,2544.624000,5.822173
28.208000,3106.160000,4.003926
30.832000,2229.744000,2.084950
22.960000,193.520000,5.997581
30.832000,3094.352000,1.533817
26.896000,244.688000,4.105653
29.520000,507.088000,2.831892
37.392000,1870.256000,2.908887
38.704000,2721.744000,1.715524
34.768000,2463.280000,1.102037
9.840000,2503.952000,1.569814
25.584000,1027.952000,5.044729
9.840000,2212.688000,6.408328
33.456000,2292.720000,1.904293
17.712000,455.920000,5.224080
32.144000,1510.768000,2.861421
7.216000,3217.680000,7.116765
0.656000,2917.232000,1.615951
28.208000,585.808000,5.479809
19.024000,142.352000,3.486910
34.768000,2438.352000,0.905024
22.960000,1874.192000,3.797151
28.208000,2200.880000,1.528793
30.832000,714.384000,2.227296
32.144000,476.912000,3.796708
19.024000,839.024000,2.841953
13.776000,743.248000,2.492101
38.704000,2846.384000,0.788880
21.648000,2776.848000,2.294652
3.280000,185.648000,3.071783
9.840000,2544.624000,1.101017
36.080000,3162.576000,11.733487
25.584000,1779.728000,5.731810
24.272000,1373.008000,6.314817
17.712000,2580.048000,5.136231
38.704000,2863.440000,2.048572
21.648000,1354.640000,1.015058
13.776000,875.760000,1.509612
7.216000,1253.616000,1.048858
22.960000,1190.640000,0.915594
1.968000,589.744000,1.320941
36.080000,1916.176000,9.454733
33.456000,1758.736000,12.217291
26.896000,1425.488000,5.592445
21.648000,985.968000,0.798654
13.776000,2783.408000,3.046111
9.840000,1584.240000,5.071638
16.400000,2624.656000,1.069149
15.088000,1803.344000,1.234508
19.024000,1723.312000,0.831987
24.272000,323.408000,2.481782
5.904000,2317.648000,0.800588
37.392000,2816.208000,5.871201
26.896000,1489.776000,1.038951
29.520000,1701.008000,7.884566
24.272000,1072.560000,6.554703
32.144000,1883.376000,1.954155
4.592000,1391.376000,3.643812
22.960000,2608.912000,0.840727
4.592000,2398.992000,1.060131
15.088000,1762.672000,16.911842
12.464000,3158.640000,7.146362
1.968000,2362.256000,4.484555
12.464000,1455.664000,1.775792
11.152000,2286.160000,2.951734
15.088000,151.536000,3.919227
0.656000,2961.840000,0.671151
9.840000,2825.392000,13.126628
12.464000,2640.400000,3.321950
11.152000,71.504000,3.857451
26.896000,2805.712000,1.473961
4.592000,308.976000,3.333274
4.592000,2825.392000,2.104364
3.280000,1039.760000,2.048412
15.088000,3041.872000,4.062893
25.584000,576.624000,4.169056
33.456000,2521.008000,7.036980
16.400000,2072.304000,7.694708
37.392000,2982.832000,2.409056
33.456000,2296.656000,4.601110
21.648000,2241.552000,11.840390
4.592000,2400.304000,3.104576
3.280000,1977.840000,10.861634
7.216000,2404.240000,7.799991
21.648000,1829.584000,8.411243
12.464000,1564.560000,0.787936
28.208000,2402.928000,1.758643
22.960000,2566.928000,19.835491
17.712000,1784.976000,1.380413
21.648000,615.984000,7.193290
36.080000,870.512000,1.214484
32.144000,104.304000,1.220006
36.080000,929.552000,2.836333
20.336000,1348.080000,3.658491
9.840000,1190.640000,1.528900
22.960000,2454.096000,5.469922
3.280000,1029.264000,2.018059
25.584000,495.280000,2.265642
17.712000,2711.248000,3.356952
5.904000,2107.728000,2.005498
21.648000,661.904000,7.625483
3.280000,2263.856000,4.544435
37.392000,1468.784000,4.174755
16.400000,2565.616000,0.820427
36.080000,3191.440000,1.940795
37.392000,1850.576000,2.248781
5.904000,1989.648000,0.843266
5.904000,929.552000,3.143720
24.272000,665.840000,9.816185
29.520000,2523.632000,1.002783
30.832000,587.120000,1.423947
28.208000,2231.056000,11.046488
36.080000,758.992000,3.511560
26.896000,2120.848000,2.188384
26.896000,735.376000,5.187345
30.832000,434.928000,2.182513
37.392000,2597.104000,4.548391
5.904000,766.864000,2.377836
15.088000,2065.744000,2.422584
30.832000,546.448000,2.035673
30.832000,2747.984000,1.198211
12.464000,2518.384000,2.439220
36.080000,1899.120000,1.009431
3.280000,2070.992000,1.940980
32.144000,503.152000,0.884490
28.208000,764.240000,4.371972
32.144000,2921.168000,1.281112
37.392000,499.216000,4.288385
24.272000,1349.392000,13.050064
20.336000,3190.128000,1.548453
0.656000,2969.712000,6.063853
8.528000,894.128000,2.249721
4.592000,2448.848000,3.491125
32.144000,2792.592000,3.350188
16.400000,1879.440000,1.412731
30.832000,601.552000,1.168615
8.528000,1763.984000,3.741906
33.456000,1962.096000,5.008813
19.024000,2747.984000,1.790947
38.704000,724.880000,1.077851
7.216000,1934.544000,4.853751
24.272000,1068.624000,1.987018
13.776000,753.744000,7.258023
9.840000,112.176000,2.829003
19.024000,74.128000,6.912043
19.024000,593.680000,3.303310
15.088000,1517.328000,0.866262
32.144000,1320.528000,2.162207
37.392000,3188.816000,5.498577
13.776000,3041.872000,4.251294
36.080000,2173.328000,12.456138
9.840000,9.840000,2.330314
28.208000,2908.048000,2.585896
15.088000,2237.616000,0.712357
19.024000,581.872000,6.210445
26.896000,911.184000,1.606426
11.152000,1509.456000,0.828598
26.896000,3081.232000,0.824292
0.656000,1004.336000,1.947813
5.904000,5.904000,1.944475
21.648000,3075.984000,4.987670
15.088000,1447.792000,3.776904
19.024000,2618.096000,4.005501
38.704000,1281.168000,2.555430
38.704000,825.904000,2.366797
0.656000,3167.824000,0.828267
38.704000,3222.928000,10.760918
13.776000,1235.248000,10.407446
3.280000,2740.112000,5.205539
8.528000,577.936000,2.056412
13.776000,1824.336000,1.683234
32.144000,2059.184000,5.426842
38.704000,164.656000,5.755212
33.456000,2446.224000,1.174147
25.584000,394.256000,0.838044
13.776000,1703.632000,3.705439
13.776000,1778.416000,5.799587
0.656000,559.568000,2.489535
28.208000,2387.184000,1.164557
30.832000,1013.520000,2.102831
13.776000,2843.760000,1.110053
15.088000,1109.296000,2.658835
22.960000,621.232000,1.014340
32.144000,2523.632000,0.872267
33.456000,1505.520000,5.635478
24.272000,1623.600000,4.874002
4.592000,1327.088000,1.163488
9.840000,2589.232000,2.103430
3.280000,53.136000,1.808359
34.768000,1530.448000,4.792435
4.592000,1744.304000,7.361455
5.904000,1396.624000,2.353154
16.400000,406.064000,1.866079
24.272000,648.784000,2.903882
26.896000,2297.968000,3.623478
12.464000,3112.720000,2.783329
20.336000,2674.512000,3.860603
15.088000,1513.392000,3.872916
0.656000,630.416000,2.099221
12.464000,2439.664000,4.732828
36.080000,2333.392000,1.363788
8.528000,2231.056000,1.258663
5.904000,1636.720000,2.775022
32.144000,274.864000,1.083360
26.896000,1018.768000,2.956257
17.712000,1761.360000,4.541806
29.520000,696.016000,2.847601
11.152000,239.440000,3.750250
20.336000,2324.208000,0.910075
0.656000,2017.200000,2.100272
8.528000,774.736000,2.899206
21.648000,1516.016000,4.267582
8.528000,1577.680000,3.209915
13.776000,3019.568000,1.548268
29.520000,774.736000,2.913823
28.208000,1847.952000,2.771352
16.400000,2220.560000,11.636411
1.968000,2880.496000,1.360567
8.528000,535.952000,1.215320
17.712000,2433.104000,4.567818
19.024000,924.304000,1.257471
25.584000,1256.240000,1.203442
4.592000,1092.240000,1.181001
25.584000,2870.000000,5.097148
29.520000,1399.248000,3.560444
22.960000,2476.400000,4.496828
16.400000,2405.552000,2.428105
8.528000,848.208000,2.056810
38.704000,105.616000,1.188187
24.272000,3073.360000,5.305184
11.152000,1564.560000,7.906413
9.840000,2594.480000,0.960762
21.648000,2780.784000,1.443392
25.584000,21.648000,3.723345
30.832000,1258.864000,3.451229
11.152000,1093.552000,2.438484
7.216000,1707.568000,11.260314
21.648000,2124.784000,3.175520
1.968000,442.800000,12.610501
8.528000,1358.576000,6.626326
33.456000,102.992000,3.106808
5.904000,194.832000,0.992474
34.768000,508.400000,3.248527
12.464000,402.128000,2.896559
15.088000,1328.400000,3.681865
26.896000,1996.208000,10.843061
16.400000,1170.960000,3.600197
34.768000,1544.880000,2.669137
3.280000,375.888000,2.931682
12.464000,1983.088000,3.125942
37.392000,2162.832000,3.906583
21.648000,1021.392000,1.621691
11.152000,2551.184000,5.041923
29.520000,1985.712000,1.771688
24.272000,2343.888000,2.514724
28.208000,2238.928000,3.154695
17.712000,921.680000,9.289559
30.832000,1879.440000,0.768336
1.968000,1400.560000,1.604367
29.520000,2515.760000,4.029100
32.144000,38.704000,2.747127
32.144000,2646.960000,2.831716
5.904000,1218.192000,4.522777
34.768000,1535.696000,3.780701
37.392000,2604.976000,1.163524
21.648000,2157.584000,6.309596
12.464000,2231.056000,4.617770
26.896000,480.848000,6.656331
16.400000,457.232000,3.154009
17.712000,2885.744000,1.812352
1.968000,883.632000,1.387395
21.648000,2324.208000,16.215295
26.896000,758.992000,7.661925
13.776000,3175.696000,0.931707
8.528000,1504.208000,0.668378
3.280000,2580.048000,3.927832
15.088000,1897.808000,1.308436
30.832000,387.696000,1.644929
37.392000,2330.768000,0.765721
0.656000,2553.808000,4.152263
5.904000,1875.504000,4.222738
20.336000,324.720000,7.176998
1.968000,630.416000,3.485369
7.216000,412.624000,2.212424
8.528000,463.792000,3.180027
34.768000,1399.248000,8.577794
12.464000,2018.512000,3.396251
0.656000,55.760000,1.069003
30.832000,2650.896000,1.581178
33.456000,1792.848000,0.794879
37.392000,820.656000,1.264601
7.216000,1428.112000,1.884250
5.904000,1585.552000,1.804781
33.456000,1266.736000,7.233057
24.272000,1256.240000,2.306745
12.464000,2426.544000,3.683805
5.904000,66.256000,1.493483
15.088000,2779.472000,12.048137
5.904000,2353.072000,5.792408
20.336000,2650.896000,1.618473
3.280000,1816.464000,7.838812
38.704000,232.880000,2.475663
38.704000,504.464000,2.694918
32.144000,1774.480000,2.148140
19.024000,2257.296000,0.869289
24.272000,2514.448000,5.172122
38.704000,458.544000,0.926637
3.280000,1853.200000,1.497187
12.464000,2423.920000,2.746129
5.904000,820.656000,2.536108
19.024000,2267.792000,3.249779
37.392000,3057.616000,2.507120
38.704000,650.096000,3.368841
7.216000,1460.912000,3.363182
36.080000,1754.800000,4.830189
32.144000,811.472000,1.866160
26.896000,1917.488000,2.737887
22.960000,2733.552000,3.669402
37.392000,2258.608000,3.415181
16.400000,2223.184000,10.406732
34.768000,2881.808000,3.267853
12.464000,2109.040000,3.300471
20.336000,1131.600000,1.356892
11.152000,1655.088000,2.460029
26.896000,2930.352000,11.987763
11.152000,500.528000,2.157043
29.520000,1421.552000,3.701128
9.840000,273.552000,9.332871
15.088000,1927.984000,12.223839
32.144000,2568.240000,0.705531
28.208000,1407.120000,12.512503
37.392000,2400.304000,0.873613
5.904000,2465.904000,6.392175
16.400000,2810.960000,3.070424
26.896000,2846.384000,10.733010
4.592000,2417.360000,0.837884
7.216000,7.216000,2.875102
28.208000,1661.648000,2.541192
32.144000,1680.016000,1.314607
16.400000,1224.752000,7.276447
34.768000,891.504000,1.375075
28.208000,1830.896000,5.266433
4.592000,987.280000,2.958596
29.520000,2788.656000,4.434489
0.656000,828.528000,1.398093
9.840000,2661.392000,1.687995
29.520000,2843.760000,1.420275
5.904000,385.072000,7.920095
9.840000,3057.616000,2.969971
12.464000,853.456000,2.529709
13.776000,2031.632000,0.888337
29.520000,529.392000,0.982659
38.704000,1763.984000,3.846009
24.272000,2875.248000,7.783808
25.584000,2437.040000,1.701024
38.704000,549.072000,2.316631
33.456000,2408.176000,5.894452
20.336000,266.992000,11.025795
33.456000,856.080000,4.885810
20.336000,1299.536000,0.755944
13.776000,3009.072000,8.228587
7.216000,1954.224000,1.443397
38.704000,546.448000,0.913309
36.080000,730.128000,8.201738
9.840000,209.264000,1.806972
7.216000,3196.688000,2.166125
5.904000,32.144000,1.323396
28.208000,102.992000,0.700400
21.648000,2276.976000,2.570464
29.520000,1744.304000,4.177871
1.968000,3060.240000,1.019110
0.656000,2261.232000,9.999086
28.208000,3129.776000,3.826386
26.896000,657.968000,10.429156
24.272000,3007.760000,1.599324
9.840000,2632.528000,7.598723
20.336000,2511.824000,1.778162
33.456000,3174.384000,5.147593
1.968000,3030.064000,1.720194
1.968000,731.440000,4.311338
24.272000,2258.608000,0.789165
33.456000,1092.240000,4.281705
12.464000,3043.184000,9.463283
36.080000,1447.792000,0.692415
37.392000,1880.752000,7.425988
3.280000,1156.528000,1.800551
24.272000,543.824000,5.404604
28.208000,1558.000000,1.155645
5.904000,1289.040000,6.200282
17.712000,2952.656000,3.390057
17.712000,158.096000,6.473154
11.152000,2643.024000,1.529377
33.456000,950.544000,1.849183
36.080000,1151.280000,2.210088
21.648000,2345.200000,4.089303
25.584000,2914.608000,18.350745
19.024000,2160.208000,3.893098
20.336000,860.016000,0.820974
13.776000,2073.616000,2.051942
5.904000,172.528000,2.588820
3.280000,1992.272000,1.546884
1.968000,3089.104000,3.778366
30.832000,745.872000,2.462392
9.840000,1531.760000,3.735128
11.152000,1992.272000,2.916496
24.272000,2841.136000,9.107949
24.272000,2786.032000,2.565851
21.648000,841.648000,5.692316
15.088000,2427.856000,5.761382
37.392000,2530.192000,2.520232
36.080000,2582.672000,14.168437
7.216000,1611.792000,5.703523
1.968000,2482.960000,1.804519
34.768000,2105.104000,2.101007
25.584000,3163.888000,5.482972
37.392000,596.304000,1.723966
17.712000,2486.896000,3.226356
22.960000,2380.624000,5.245866
8.528000,1930.608000,4.094751
37.392000,2490.832000,1.469440
21.648000,386.384000,4.168943
33.456000,2064.432000,1.282921
11.152000,3171.760000,2.621699
15.088000,1525.200000,0.912866
19.024000,1905.680000,6.318642
25.584000,2644.336000,1.036273
1.968000,1656.400000,3.044989
16.400000,1833.520000,3.682669
38.704000,88.560000,2.195149
21.648000,37.392000,8.910339
15.088000,1632.784000,3.975323
9.840000,484.784000,3.157586
22.960000,1313.968000,5.453104
15.088000,748.496000,1.429998
33.456000,1939.792000,3.887640
26.896000,2795.216000,4.290528
32.144000,558.256000,1.235238
34.768000,148.912000,0.872428
19.024000,2812.272000,5.444452
5.904000,398.192000,1.058491
7.216000,1749.552000,3.568747
1.968000,2295.344000,3.560778
11.152000,1918.800000,4.339561
26.896000,2368.816000,2.927577
11.152000,4.592000,2.010772
32.144000,1203.760000,4.259560
24.272000,164.656000,9.018320
21.648000,1122.416000,16.569301
5.904000,727.504000,1.312383
1.968000,3178.320000,3.149309
34.768000,2767.664000,1.421633
21.648000,1331.024000,5.235193
20.336000,163.344000,2.423030
26.896000,675.024000,9.264422
25.584000,2107.728000,1.384011
19.024000,3215.056000,4.894144
9.840000,2442.288000,5.092159
5.904000,943.984000,4.788510
36.080000,3117.968000,3.870381
5.904000,870.512000,8.815694
21.648000,1400.560000,7.286806
4.592000,622.544000,2.473391
20.336000,2315.024000,0.673394
32.144000,2724.368000,4.330843
3.280000,549.072000,2.051335
28.208000,1114.544000,9.714086
0.656000,2450.160000,7.087726
4.592000,55.760000,5.841825
0.656000,793.104000,1.814206
25.584000,1984.400000,1.053957
17.712000,1533.072000,2.086347
24.272000,133.168000,1.052928
13.776000,1359.888000,1.504422
9.840000,1564.560000,1.837078
12.464000,1858.448000,4.083169
13.776000,3026.128000,0.799172
22.960000,474.288000,4.674955
36.080000,1353.328000,1.909769
36.080000,1795.472000,1.744699
26.896000,3024.816000,2.741919
7.216000,744.560000,2.160293
13.776000,2172.016000,9.089371
1.968000,1292.976000,1.616048
12.464000,1122.416000,3.087651
26.896000,1235.248000,2.906635
12.464000,991.216000,1.363340
8.528000,2056.560000,7.620858
3.280000,2603.664000,5.151038
19.024000,976.784000,8.126023
19.024000,604.176000,0.924642
8.528000,686.832000,0.826367
17.712000,500.528000,8.134608
37.392000,3148.144000,2.849093
34.768000,971.536000,3.343854
16.400000,568.752000,2.630185
4.592000,617.296000,3.646018
24.272000,2942.160000,5.524427
37.392000,2936.912000,0.965315
11.152000,1181.456000,1.420434
38.704000,841.648000,13.182986
16.400000,779.984000,6.112248
11.152000,2431.792000,6.292799
29.520000,1426.800000,7.537896
25.584000,3028.752000,13.671448
12.464000,2116.912000,0.846137
24.272000,419.184000,4.108503
34.768000,1045.008000,2.103419
37.392000,465.104000,1.455260
4.592000,2252.048000,3.857776
36.080000,15.088000,0.789261
21.648000,3044.496000,3.937249
32.144000,2913.296000,5.279125
1.968000,2726.992000,1.661003
29.520000,629.104000,9.344413
30.832000,936.112000,3.692336
36.080000,798.352000,3.093022
11.152000,2055.248000,1.767370
32.144000,3199.312000,1.085918
33.456000,2845.072000,6.628758
34.768000,732.752000,0.863687
26.896000,2547.248000,5.986697
8.528000,2220.560000,0.995484
13.776000,891.504000,3.019278
28.208000,3052.368000,7.452532
8.528000,2468.528000,2.736283
29.520000,2593.168000,3.535315
15.088000,2679.760000,5.831801
20.336000,1534.384000,3.183085
11.152000,3158.640000,3.145848
3.280000,189.584000,9.837526
28.208000,2755.856000,4.105010
15.088000,664.528000,5.043235
4.592000,1467.472000,1.993104
11.152000,2149.712000,4.002326
17.712000,146.288000,1.543120
29.520000,2660.080000,2.781276
29.520000,2845.072000,1.731057
8.528000,54.448000,1.207928
29.520000,1531.760000,3.743711
36.080000,1813.840000,1.192946
8.528000,2467.216000,1.514958
34.768000,1115.856000,7.801915
28.208000,773.424000,3.351714
33.456000,127.920000,1.854189
26.896000,223.696000,6.457077
15.088000,2347.824000,3.951935
3.280000,1686.576000,0.919168
22.960000,202.704000,2.364518
25.584000,303.728000,2.885477
3.280000,3133.712000,1.693243
20.336000,1130.288000,2.130787
26.896000,179.088000,0.785463
21.648000,1784.976000,1.993147
5.904000,2765.040000,10.126994
11.152000,848.208000,1.152363
11.152000,1054.192000,4.136485
4.592000,411.312000,0.786734
12.464000,2965.776000,7.992667
34.768000,2027.696000,1.181576
24.272000,1367.760000,14.601619
34.768000,2783.408000,9.924591
30.832000,2140.528000,2.997332
4.592000,2029.008000,4.479623
32.144000,2517.072000,2.273664
38.704000,2694.192000,12.415390
32.144000,861.328000,6.248536
32.144000,248.624000,1.081521
17.712000,2905.424000,18.501474
8.528000,3066.800000,2.228345
28.208000,920.368000,5.900971
3.280000,2939.536000,1.493145
12.464000,2866.064000,4.600594
9.840000,2217.936000,0.892977
32.144000,727.504000,14.411098
37.392000,2074.928000,0.781588
8.528000,2311.088000,6.679924
36.080000,2460.656000,0.995726
22.960000,1413.680000,4.148179
3.280000,1832.208000,0.771211
17.712000,2992.016000,3.920088
4.592000,1285.104000,1.554082
37.392000,2178.576000,3.811813
5.904000,2207.440000,1.513733
5.904000,946.608000,1.875347
33.456000,870.512000,1.618048
34.768000,722.256000,7.834736
28.208000,2364.880000,4.484009
7.216000,2758.480000,2.659311
29.520000,2168.080000,4.935042
29.520000,2728.304000,2.842871
17.712000,1687.888000,5.457781
1.968000,2893.616000,4.022117
38.704000,2454.096000,0.656489
8.528000,2824.080000,3.378402
30.832000,1609.168000,2.243771
15.088000,2248.112000,3.155814
24.272000,916.432000,2.764003
24.272000,2177.264000,2.527867
20.336000,1121.104000,5.303271
5.904000,1840.080000,3.473155
30.832000,1418.928000,2.712400
16.400000,2387.184000,1.049310
21.648000,2635.152000,1.300551
5.904000,268.304000,2.141969
28.208000,1332.336000,5.995690
13.776000,1787.600000,3.030878
30.832000,207.952000,3.108463
3.280000,3036.624000,2.662754
26.896000,1514.704000,2.465578
38.704000,2404.240000,1.036909
29.520000,951.856000,3.541686
36.080000,1513.392000,2.881577
22.960000,1538.320000,6.840281
0.656000,1278.544000,1.027831
16.400000,3073.360000,2.496915
33.456000,2581.360000,2.807198
16.400000,100.368000,3.271412
19.024000,235.504000,9.806559
4.592000,534.640000,3.995959
15.088000,50.512000,2.277228
25.584000,1749.552000,5.418526
16.400000,3095.664000,5.014118
22.960000,622.544000,5.272147
5.904000,1146.032000,0.807889
22.960000,1845.328000,3.375873
29.520000,461.168000,2.633371
12.464000,2295.344000,2.688583
34.768000,698.640000,3.052448
25.584000,2905.424000,0.714299
7.216000,1620.976000,7.518879
7.216000,1107.984000,3.558372
11.152000,1062.064000,0.751795
13.776000,2258.608000,7.341413
13.776000,911.184000,6.128783
16.400000,2820.144000,2.720807
13.776000,1391.376000,2.555015
28.208000,779.984000,4.074738
32.144000,1079.120000,2.162847
28.208000,2757.168000,8.502553
11.152000,1439.920000,0.708361
24.272000,2640.400000,1.406082
36.080000,886.256000,1.412346
24.272000,1170.960000,7.522480
13.776000,96.432000,2.461627
34.768000,1433.360000,14.443633
37.392000,1685.264000,2.947751
37.392000,3086.480000,7.336493
16.400000,2999.888000,5.909759
30.832000,825.904000,2.298180
37.392000,2858.192000,1.317169
20.336000,2219.248000,1.774242
37.392000,752.432000,3.501010
20.336000,1401.872000,6.504643
11.152000,76.752000,0.954439
21.648000,5.904000,6.516627
37.392000,1139.472000,9.272463
7.216000,2796.528000,2.245790
19.024000,2418.672000,7.547722
5.904000,2291.408000,2.061580
36.080000,2570.864000,0.888917
4.592000,871.824000,3.612249
15.088000,1534.384000,0.709177
19.024000,97.744000,8.472506
25.584000,1582.928000,1.539868
29.520000,1929.296000,3.655362
0.656000,1064.688000,3.442184
24.272000,514.960000,3.487186
19.024000,1624.912000,2.049413
30.832000,1744.304000,6.207184
30.832000,2580.048000,2.141867
38.704000,344.400000,1.748449
36.080000,1332.336000,1.515452
12.464000,2846.384000,7.660603
5.904000,524.144000,12.008972
13.776000,2207.440000,2.673690
38.704000,702.576000,2.412622
16.400000,337.840000,8.292930
21.648000,3149.456000,11.155429
36.080000,123.984000,1.145667
30.832000,2868.688000,2.143460
37.392000,407.376000,2.670592
3.280000,1610.480000,4.945466
33.456000,2186.448000,8.935692
3.280000,819.344000,1.889052
25.584000,1358.576000,0.684724
1.968000,1704.944000,8.380935
21.648000,2023.760000,1.422208
15.088000,341.776000,6.064549
34.768000,1278.544000,1.648647
37.392000,958.416000,2.380074
20.336000,2360.944000,1.922630
36.080000,1218.192000,3.204438
1.968000,1298.224000,2.607653
22.960000,2392.432000,11.020589
13.776000,752.432000,0.889042
38.704000,623.856000,6.628516
28.208000,2116.912000,2.020712
15.088000,265.680000,1.254232
17.712000,364.080000,3.209619
7.216000,1174.896000,1.079542
5.904000,656.656000,3.597109
15.088000,2098.544000,2.127299
0.656000,1967.344000,0.691504
32.144000,634.352000,1.210336
37.392000,1026.640000,4.117811
4.592000,2639.088000,6.266651
22.960000,424.432000,3.929787
38.704000,11.152000,6.895314
9.840000,566.128000,9.065567
5.904000,2598.416000,12.924834
1.968000,2250.736000,0.695694
16.400000,1205.072000,2.007692
8.528000,1820.400000,3.269149
22.960000,1367.760000,7.774317
12.464000,1320.528000,10.411832
11.152000,2914.608000,0.920688
38.704000,361.456000,2.612473
30.832000,33.456000,9.040668
38.704000,854.768000,1.421876
30.832000,3208.496000,2.914700
12.464000,1540.944000,5.027405
4.592000,2976.272000,3.332980
30.832000,1487.152000,5.046280
38.704000,1462.224000,5.048679
20.336000,1228.688000,4.022969
1.968000,2498.704000,1.683145
4.592000,329.968000,7.728794
34.768000,251.248000,0.937066
12.464000,1924.048000,0.932308
33.456000,1622.288000,1.600952
17.712000,421.808000,4.667897
22.960000,25.584000,2.248206
38.704000,602.864000,1.768351
32.144000,1596.048000,8.727476
13.776000,2964.464000,4.343904
4.592000,326.032000,2.970709
24.272000,905.936000,2.145116
12.464000,2631.216000,1.361659
38.704000,429.680000,9.522135
21.648000,3065.488000,1.463821
29.520000,1786.288000,0.673967
29.520000,1313.968000,1.192228
4.592000,305.040000,10.895855
28.208000,133.168000,5.454227
22.960000,269.616000,12.599128
12.464000,2126.096000,2.859820
33.456000,298.480000,1.832518
28.208000,2978.896000,1.867016
11.152000,2992.016000,10.633357
1.968000,2999.888000,5.583617
1.968000,33.456000,6.042136
19.024000,1918.800000,1.102409
8.528000,1862.384000,2.401296
32.144000,1005.648000,3.788180
20.336000,1182.768000,4.690816
24.272000,232.880000,1.838310
12.464000,1908.304000,3.438555
22.960000,66.256000,3.465898
20.336000,549.072000,2.862319
32.144000,572.688000,4.031698
30.832000,217.136000,2.201687
5.904000,274.864000,1.211528
8.528000,350.960000,7.186322
16.400000,1882.064000,3.709803
15.088000,1597.360000,3.185112
3.280000,1101.424000,2.418512
26.896000,2814.896000,1.215894
21.648000,379.824000,2.536708
25.584000,2633.840000,3.243890
26.896000,2187.760000,2.613545
7.216000,2852.944000,4.182475
9.840000,46.576000,1.100818
16.400000,874.448000,3.903563
8.528000,2313.712000,6.742068
4.592000,2517.072000,1.424949
12.464000,1355.952000,8.169730
25.584000,577.936000,6.578284
1.968000,627.792000,1.127835
29.520000,2599.728000,4.913176
4.592000,954.480000,0.898171
21.648000,1426.800000,16.693551
3.280000,1702.320000,1.643213
15.088000,1774.480000,1.439108
12.464000,210.576000,6.055529
8.528000,2564.304000,7.933696
3.280000,42.640000,2.653133
36.080000,820.656000,4.071667
20.336000,744.560000,3.362510
37.392000,282.736000,1.956659
22.960000,1712.816000,2.335242
36.080000,1655.088000,2.001436
22.960000,114.800000,3.180186
13.776000,2855.568000,3.847770
0.656000,2667.952000,7.177823
12.464000,2248.112000,1.490817
36.080000,530.704000,3.150397
16.400000,2339.952000,4.636647
9.840000,1059.440000,2.889561
15.088000,2586.608000,2.782658
4.592000,629.104000,0.774946
3.280000,2114.288000,2.229871
19.024000,1618.352000,3.056928
38.704000,1034.512000,0.784095
5.904000,1560.624000,1.440792
30.832000,634.352000,1.961880
16.400000,946.608000,2.517387
36.080000,2284.848000,3.255728
36.080000,193.520000,2.994935
5.904000,976.784000,1.091737
34.768000,135.792000,4.711011
26.896000,2005.392000,4.071761
7.216000,752.432000,2.671754
21.648000,1313.968000,1.424589
1.968000,2158.896000,4.174216
0.656000,1083.056000,13.169412
30.832000,976.784000,17.097109
20.336000,3217.680000,10.743771
24.272000,2290.096000,12.362784
37.392000,1236.560000,4.218909
15.088000,375.888000,1.670028
24.272000,2653.520000,4.030475
36.080000,2612.848000,3.789775
24.272000,621.232000,2.349935
3.280000,2845.072000,12.459514
15.088000,13.776000,2.005893
8.528000,2246.800000,7.881453
20.336000,415.248000,1.140390
8.528000,2608.912000,1.343206
32.144000,3123.216000,9.053064
36.080000,1551.440000,1.713969
4.592000,312.912000,2.404003
34.768000,2005.392000,5.205891
12.464000,516.272000,2.286610
32.144000,743.248000,1.603958
26.896000,2229.744000,2.254877
17.712000,419.184000,1.134882
1.968000,1660.336000,1.822920
24.272000,1668.208000,3.926838
38.704000,97.744000,0.794226
21.648000,159.408000,5.950813
33.456000,2236.304000,4.402368
19.024000,3068.112000,1.225675
1.968000,959.728000,2.589151
21.648000,49.200000,3.477705
33.456000,1202.448000,4.114282
13.776000,482.160000,0.883809
37.392000,448.048000,5.352967
32.144000,139.728000,1.022455
0.656000,528.080000,4.119088
15.088000,2925.104000,2.724065
30.832000,210.576000,2.682431
30.832000,2366.192000,6.415757
38.704000,1596.048000,4.764321
19.024000,644.848000,4.450586
38.704000,2877.872000,2.457920
25.584000,1697.072000,8.090604
12.464000,2709.936000,1.293009
16.400000,1884.688000,4.826415
37.392000,249.936000,2.171658
24.272000,47.888000,3.418597
19.024000,1745.616000,0.908295
20.336000,3064.176000,8.429542
33.456000,441.488000,8.401686
24.272000,3177.008000,4.808339
17.712000,1432.048000,3.451807
16.400000,3024.816000,0.926668
21.648000,2906.736000,2.793475
20.336000,2849.008000,1.339950
11.152000,1047.632000,1.409644
29.520000,567.440000,3.741377
17.712000,141.040000,0.800316
9.840000,1552.752000,6.726667
17.712000,1189.328000,4.028198
36.080000,2992.016000,4.859778
21.648000,1459.600000,0.657430
17.712000,1901.744000,3.645934
29.520000,1353.328000,1.081221
17.712000,74.128000,6.705991
24.272000,2747.984000,0.783500
12.464000,2321.584000,0.954304
28.208000,933.488000,1.669763
21.648000,1862.384000,3.939798
1.968000,2959.216000,3.918707
36.080000,2485.584000,1.343014
1.968000,1686.576000,0.884550
17.712000,269.616000,0.733091
16.400000,2818.832000,8.450856
38.704000,2889.680000,4.150168
17.712000,2704.688000,2.831488
36.080000,3207.184000,6.350168
16.400000,546.448000,5.725338
11.152000,604.176000,2.961621
12.464000,2130.032000,3.230333
11.152000,2006.704000,2.276082
9.840000,3108.784000,4.396326
20.336000,3146.832000,3.804087
32.144000,1184.080000,2.714983
0.656000,1088.304000,1.360462
17.712000,1641.968000,0.952577
25.584000,1760.048000,1.598588
22.960000,1614.416000,4.078805
1.968000,2460.656000,1.869079
5.904000,682.896000,0.757096
28.208000,850.832000,2.435060
28.208000,2922.480000,8.730496
33.456000,1144.720000,3.656200
32.144000,1580.304000,2.882722
3.280000,2270.416000,7.759963
0.656000,613.360000,6.874921
12.464000,2275.664000,1.064648
20.336000,1728.560000,1.856868
3.280000,1458.288000,4.170699
30.832000,1181.456000,8.449607
8.528000,374.576000,5.922494
36.080000,2566.928000,3.228183
7.216000,1533.072000,1.246725
21.648000,2085.424000,6.131916
16.400000,2342.576000,1.138333
4.592000,2266.480000,0.748237
25.584000,2694.192000,4.393291
4.592000,2812.272000,8.066913
33.456000,21.648000,1.974612
16.400000,1897.808000,7.528247
9.840000,2989.392000,4.078184
7.216000,197.456000,3.389789
16.400000,3192.752000,8.437810
20.336000,265.680000,20.444863
20.336000,1729.872000,1.213360
37.392000,852.144000,4.483996
21.648000,1016.144000,1.754375
21.648000,1714.128000,0.712649
16.400000,265.680000,4.507310
24.272000,1313.968000,4.430042
0.656000,3022.192000,0.682499
30.832000,974.160000,0.801993
29.520000,1300.848000,0.931597
22.960000,1883.376000,4.415706
7.216000,717.008000,1.712694
21.648000,1441.232000,1.667370
16.400000,1510.768000,2.959399
30.832000,1905.680000,8.946910
37.392000,11.152000,2.087393
13.776000,1265.424000,1.205224
7.216000,908.560000,1.037433
11.152000,542.512000,1.879240
37.392000,2706.000000,3.214523
36.080000,1526.512000,1.940153
12.464000,1857.136000,0.672441
1.968000,2055.248000,1.506241
19.024000,215.824000,3.527617
9.840000,3121.904000,1.589019
5.904000,3007.760000,6.827116
30.832000,2211.376000,14.645029
29.520000,659.280000,5.210614
9.840000,1757.424000,3.749313
24.272000,2278.288000,3.438893
38.704000,1396.624000,3.708126
32.144000,68.880000,1.218631
19.024000,2863.440000,2.102995
29.520000,879.696000,5.658151
36.080000,865.264000,5.837135
38.704000,1550.128000,17.949893
29.520000,2321.584000,4.768135
11.152000,562.192000,7.068288
5.904000,8.528000,2.486665
21.648000,2186.448000,1.315955
29.520000,1662.960000,2.197786
7.216000,1876.816000,0.823464
21.648000,3104.848000,1.930073
26.896000,2545.936000,1.790290
21.648000,2824.080000,1.946416
4.592000,265.680000,4.172628
37.392000,1125.040000,1.882386
32.144000,1581.616000,1.250640
25.584000,2132.656000,2.656621
17.712000,550.384000,3.063033
17.712000,2669.264000,3.838409
36.080000,858.704000,0.941496
5.904000,684.208000,1.534300
13.776000,1316.592000,2.666286
0.656000,1245.744000,3.051189
0.656000,1474.032000,1.503808
9.840000,2178.576000,0.749321
25.584000,2654.832000,2.382599
17.712000,1547.504000,8.984772
19.024000,873.136000,1.270861
16.400000,1462.224000,7.903440
32.144000,2998.576000,1.013671
8.528000,978.096000,5.951709
5.904000,575.312000,1.275524
34.768000,2627.280000,6.021585
24.272000,3187.504000,18.969904
5.904000,2144.464000,1.171110
26.896000,333.904000,0.940476
1.968000,1493.712000,3.418296
30.832000,614.672000,3.097622
12.464000,3131.088000,0.964727
34.768000,2868.688000,7.329685
15.088000,3205.872000,1.823790
29.520000,982.032000,2.737294
16.400000,2114.288000,2.863736
16.400000,1345.456000,3.735961
28.208000,3183.568000,6.532159
5.904000,2409.488000,2.381643
0.656000,259.120000,2.238589
15.088000,1703.632000,5.942831
33.456000,2439.664000,1.228104
7.216000,394.256000,8.910223
13.776000,555.632000,1.449910
8.528000,45.264000,5.581462
36.080000,2048.688000,5.009911
26.896000,428.368000,5.853928
11.152000,1686.576000,0.908800
33.456000,1488.464000,0.725665
24.272000,2013.264000,3.944265
13.776000,833.776000,6.950958
11.152000,549.072000,4.398224
12.464000,2402.928000,2.676057
1.968000,2021.136000,1.927814
38.704000,2216.624000,0.774079
13.776000,1443.856000,0.880276
22.960000,1156.528000,4.052037
3.280000,1622.288000,6.498796
12.464000,2297.968000,0.784415
11.152000,193.520000,0.718901
16.400000,2229.744000,1.737125
22.960000,230.256000,0.831975
19.024000,2622.032000,5.629605
36.080000,99.056000,1.623277
25.584000,856.080000,9.773359
7.216000,1438.608000,3.824581
20.336000,314.224000,2.118307
8.528000,2076.240000,0.759780
32.144000,1622.288000,9.648918
12.464000,295.856000,7.226787
15.088000,79.376000,1.801886
37.392000,2088.048000,15.286707
3.280000,2660.080000,0.853480
16.400000,3173.072000,0.938679
7.216000,3086.480000,5.494506
34.768000,294.544000,4.637926
3.280000,542.512000,5.460805
13.776000,202.704000,3.308051
3.280000,635.664000,0.825506
38.704000,542.512000,9.060259
33.456000,381.136000,3.251488
8.528000,1031.888000,9.106535
25.584000,803.600000,2.311304
30.832000,2787.344000,3.961889
21.648000,546.448000,1.049386
29.520000,2566.928000,11.855114
36.080000,2915.920000,2.461313
17.712000,2103.792000,1.101539
7.216000,11.152000,5.797277
13.776000,2304.528000,1.127501
9.840000,2460.656000,14.908305
20.336000,875.760000,5.734535
5.904000,1287.728000,0.690426
33.456000,1825.648000,4.278917
37.392000,1374.320000,0.880686
37.392000,1025.328000,3.529889
16.400000,1043.696000,4.787109
22.960000,1421.552000,3.879112
34.768000,1909.616000,1.343478
8.528000,404.752000,1.833630
5.904000,1446.480000,5.435064
22.960000,146.288000,5.130389
28.208000,1168.336000,1.526475
32.144000,1656.400000,1.226228
7.216000,1812.528000,2.036438
19.024000,2897.552000,1.768259
25.584000,2782.096000,1.009364
4.592000,1319.216000,6.017554
38.704000,2036.880000,4.584457
21.648000,1033.200000,8.290565
22.960000,3182.256000,4.476863
26.896000,2732.240000,1.335344
13.776000,812.784000,9.917674
20.336000,1519.952000,1.856927
8.528000,2732.240000,3.825385
30.832000,551.696000,5.265565
4.592000,143.664000,9.246221
16.400000,2656.144000,3.043787
0.656000,487.408000,7.071118
1.968000,1462.224000,1.766520
16.400000,3171.760000,2.822849
0.656000,2440.976000,4.135424
3.280000,2972.336000,4.973060
29.520000,204.016000,3.396354
36.080000,2437.040000,11.026245
30.832000,1278.544000,5.532328
22.960000,661.904000,1.657432
24.272000,1889.936000,3.272308
3.280000,2681.072000,2.731835
34.768000,1508.144000,1.966037
4.592000,185.648000,3.556265
4.592000,1748.240000,1.496534
28.208000,112.176000,8.903473
28.208000,54.448000,3.955028
4.592000,2926.416000,8.604805
26.896000,867.888000,0.660703
3.280000,890.192000,7.092449
36.080000,79.376000,10.474802
37.392000,656.656000,3.729373
25.584000,2320.272000,2.148249
28.208000,3204.560000,1.763039
17.712000,2097.232000,1.515932
15.088000,3203.248000,10.874287
3.280000,326.032000,4.552896
38.704000,71.504000,4.172445
17.712000,2329.456000,2.565283
11.152000,2002.768000,5.444422
16.400000,2875.248000,7.554681
16.400000,339.152000,2.570843
29.520000,184.336000,3.045107
34.768000,1009.584000,3.941411
0.656000,2328.144000,4.020650
5.904000,2929.040000,2.277391
3.280000,165.968000,0.769800
20.336000,1564.560000,6.167835
11.152000,2974.960000,1.772017
0.656000,1842.704000,5.626799
4.592000,2040.816000,1.670949
34.768000,1681.328000,1.149590
4.592000,432.304000,4.419763
8.528000,1535.696000,4.973082
28.208000,1677.392000,17.312811
8.528000,2952.656000,2.102769
24.272000,2783.408000,5.400172
30.832000,2064.432000,1.838017
1.968000,1441.232000,2.053747
29.520000,1245.744000,16.955433
19.024000,474.288000,2.420319
16.400000,1761.360000,5.303730
11.152000,3174.384000,2.079643
24.272000,2682.384000,9.369826
7.216000,213.200000,1.034571
28.208000,78.064000,4.807738
38.704000,1906.992000,2.634296
30.832000,1348.080000,0.946851
1.968000,1548.816000,1.937577
32.144000,2181.200000,0.683474
26.896000,2182.512000,3.687298
28.208000,1475.344000,2.715305
20.336000,1581.616000,5.159461
4.592000,2939.536000,0.783058
8.528000,1598.672000,0.793623
5.904000,2190.384000,1.019106
34.768000,1143.408000,1.908580
13.776000,992.528000,1.222789
32.144000,2573.488000,4.441249
29.520000,2639.088000,2.631644
13.776000,375.888000,3.738289
38.704000,2893.616000,4.523312
3.280000,869.200000,3.799032
33.456000,1077.808000,2.420437
4.592000,1581.616000,6.469507
38.704000,2136.592000,1.973937
12.464000,1018.768000,4.200573
12.464000,841.648000,1.912394
1.968000,67.568000,3.042972
0.656000,463.792000,0.975432
34.768000,968.912000,2.949574
24.272000,797.040000,6.388355
36.080000,863.952000,3.223320
28.208000,2531.504000,4.426935
7.216000,2446.224000,1.875357
16.400000,1416.304000,18.542465
28.208000,2881.808000,1.772657
38.704000,2202.192000,2.691647
7.216000,2444.912000,10.244802
29.520000,2862.128000,0.963365
33.456000,1879.440000,2.316849
21.648000,2072.304000,3.707623
7.216000,2654.832000,2.294760
9.840000,293.232000,4.655927
1.968000,1967.344000,2.257788
21.648000,3027.440000,2.653724
26.896000,2775.536000,4.165057
8.528000,2410.800000,4.752914
17.712000,1794.160000,4.980823
17.712000,774.736000,4.508285
26.896000,2276.976000,9.538208
5.904000,1501.584000,2.110291
30.832000,678.960000,1.751837
8.528000,2380.624000,3.697826
15.088000,1783.664000,0.729049
24.272000,22.960000,2.694956
16.400000,1592.112000,4.797252
20.336000,2808.336000,2.683850
28.208000,505.776000,13.189750
5.904000,1060.752000,4.363707
21.648000,2359.632000,9.925776
37.392000,54.448000,3.396588
1.968000,0.656000,2.769044
15.088000,1202.448000,2.980375
1.968000,1516.016000,2.327768
20.336000,1235.248000,2.857584
25.584000,3205.872000,7.895478
30.832000,858.704000,0.862623
28.208000,2936.912000,3.366753
34.768000,12.464000,14.543588
38.704000,1425.488000,5.632515
32.144000,2736.176000,1.582684
1.968000,3086.480000,0.763922
34.768000,1857.136000,2.440363
9.840000,1704.944000,4.861256
11.152000,2153.648000,4.272954
22.960000,3001.200000,0.758353
29.520000,1306.096000,5.892869
5.904000,3002.512000,2.772064
7.216000,299.792000,4.649908
28.208000,1054.192000,2.564340
38.704000,2297.968000,1.024991
1.968000,738.000000,2.185770
34.768000,432.304000,8.003390
5.904000,1110.608000,2.038786
16.400000,2308.464000,4.308301
17.712000,2459.344000,1.089541
3.280000,2984.144000,5.324144
38.704000,1714.128000,1.883638
9.840000,1656.400000,17.754595
7.216000,2401.616000,7.212160
0.656000,1859.760000,7.720304
33.456000,2645.648000,2.567972
37.392000,1456.976000,0.779659
1.968000,1750.864000,2.689889
28.208000,2838.512000,12.198813
5.904000,1405.808000,2.944260
1.968000,2047.376000,2.936393
0.656000,564.816000,4.971639
15.088000,1138.160000,11.410487
33.456000,2030.320000,1.582021
4.592000,1008.272000,1.293897
13.776000,1701.008000,3.255686
7.216000,2597.104000,1.216793
28.208000,3146.832000,7.206614
22.960000,213.200000,1.453291
12.464000,3196.688000,2.721391
9.840000,2023.760000,0.837753
28.208000,339.152000,7.943808
22.960000,2017.200000,1.516272
16.400000,2709.936000,1.269729
32.144000,975.472000,3.780610
19.024000,1332.336000,2.161216
1.968000,3049.744000,12.062763
1.968000,457.232000,7.986741
28.208000,2502.640000,1.154999
37.392000,730.128000,6.705135
21.648000,2318.960000,1.578056
16.400000,1365.136000,2.262917
9.840000,615.984000,2.041113
12.464000,972.848000,3.895087
12.464000,403.440000,2.016382
33.456000,1901.744000,6.149183
24.272000,1467.472000,2.784813
15.088000,1467.472000,4.286143
32.144000,1681.328000,0.880940
13.776000,1033.200000,2.014336
13.776000,3099.600000,5.862729
33.456000,1760.048000,3.113413
8.528000,1687.888000,3.653032
20.336000,735.376000,11.117771
12.464000,3006.448000,3.541192
25.584000,2431.792000,3.557449
16.400000,1750.864000,3.673975
16.400000,1105.360000,2.146899
16.400000,2086.736000,1.615514
38.704000,2316.336000,1.828223
20.336000,2238.928000,5.776994
24.272000,1337.584000,2.020622
16.400000,11.152000,4.180247
26.896000,2122.160000,1.301815
21.648000,1270.672000,7.932741
4.592000,2198.256000,3.481321
30.832000,1946.352000,7.451679
20.336000,255.184000,8.094129
8.528000,194.832000,2.087731
15.088000,1811.216000,2.539229
20.336000,1809.904000,3.394398
16.400000,2195.632000,4.147124
38.704000,2221.872000,3.990677
7.216000,1641.968000,0.862598
15.088000,1502.896000,9.199578
37.392000,1813.840000,8.839614
33.456000,2097.232000,9.852024
24.272000,1596.048000,5.120453
30.832000,492.656000,3.359771
15.088000,189.584000,2.885944
11.152000,1613.104000,8.985674
24.272000,3158.640000,1.557676
38.704000,2438.352000,1.329465
38.704000,479.536000,4.814656
34.768000,298.480000,1.455448
7.216000,83.312000,2.494948
37.392000,1096.176000,0.854218
16.400000,908.560000,1.010731
16.400000,2048.688000,12.162034
17.712000,2234.992000,8.882561
4.592000,479.536000,1.834640
7.216000,1834.832000,1.807426
4.592000,1862.384000,5.166125
24.272000,1605.232000,4.979247
19.024000,734.064000,2.315934
32.144000,2052.624000,5.854768
8.528000,648.784000,3.135563
33.456000,865.264000,3.692228
20.336000,532.016000,1.195967
29.520000,1655.088000,12.038896
5.904000,1628.848000,7.618554
25.584000,3070.736000,3.379479
16.400000,2006.704000,1.130986
19.024000,3112.720000,0.700986
29.520000,2930.352000,1.081298
9.840000,1878.128000,4.191196
33.456000,1799.408000,4.115583
16.400000,404.752000,2.595638
1.968000,2871.312000,3.240719
24.272000,1580.304000,4.514528
21.648000,2250.736000,1.746002
16.400000,861.328000,2.446778
25.584000,575.312000,16.489222
20.336000,165.968000,0.821784
5.904000,505.776000,1.854833
29.520000,1576.368000,2.258403
1.968000,1286.416000,6.506107
4.592000,504.464000,1.219250
0.656000,1964.720000,8.292575
3.280000,2127.408000,1.612110
9.840000,3107.472000,1.277825
29.520000,713.072000,0.680954
36.080000,2682.384000,2.035495
12.464000,1358.576000,3.536603
16.400000,542.512000,2.239002
37.392000,420.496000,4.107282
22.960000,1767.920000,2.156236
16.400000,194.832000,2.123900
38.704000,2417.360000,7.889288
11.152000,82.000000,2.404542
19.024000,291.920000,1.947410
7.216000,343.088000,3.239310
17.712000,3034.000000,1.138440
7.216000,3114.032000,2.539014
8.528000,312.912000,5.244447
26.896000,2831.952000,2.094908
5.904000,1371.696000,1.190660
28.208000,1638.032000,4.501926
28.208000,1446.480000,6.117769
1.968000,244.688000,8.222969
36.080000,444.112000,2.600269
12.464000,2700.752000,3.154998
19.024000,580.560000,3.107211
4.592000,673.712000,6.793801
3.280000,2206.128000,6.019615
9.840000,269.616000,8.030001
29.520000,3104.848000,5.066539
3.280000,2232.368000,2.934160
29.520000,2581.360000,3.515198
4.592000,2528.880000,3.549184
25.584000,1147.344000,2.794061
8.528000,3127.152000,1.068964
8.528000,1421.552000,0.882357
36.080000,1222.128000,1.629087
7.216000,2644.336000,8.180116
17.712000,3165.200000,3.924411
37.392000,2191.696000,1.564556
3.280000,3035.312000,1.750779
4.592000,349.648000,1.838252
22.960000,1037.136000,4.842532
5.904000,1531.760000,6.215969
26.896000,193.520000,6.487548
21.648000,2555.120000,1.898044
34.768000,1942.416000,3.311423
20.336000,2826.704000,5.021318
37.392000,1619.664000,2.771063
21.648000,2573.488000,5.164351
26.896000,553.008000,10.475125
32.144000,2109.040000,0.735063
16.400000,2431.792000,0.734652
19.024000,3034.000000,0.696856
12.464000,2112.976000,1.097159
28.208000,8.528000,0.996978
30.832000,222.384000,4.175831
8.528000,797.040000,1.483796
19.024000,2934.288000,1.312796
29.520000,378.512000,1.162217
13.776000,2534.128000,3.367323
16.400000,9.840000,8.948557
13.776000,1763.984000,5.567210
38.704000,1678.704000,3.144874
38.704000,2640.400000,1.506738
38.704000,562.192000,6.748820
8.528000,882.320000,2.804739
22.960000,2576.112000,8.890776
33.456000,2193.008000,0.972698
17.712000,1863.696000,2.648121
24.272000,2309.776000,2.571095
30.832000,129.232000,4.392153
1.968000,3039.248000,0.951037
19.024000,427.056000,1.278365
11.152000,576.624000,2.064704
22.960000,963.664000,2.529318
24.272000,605.488000,3.170046
36.080000,2681.072000,3.150584
25.584000,1567.184000,2.307318
15.088000,1769.232000,2.547866
1.968000,1757.424000,2.083684
19.024000,3107.472000,3.842947
15.088000,2513.136000,4.736586
0.656000,1500.272000,3.337167
20.336000,1771.856000,2.257303
17.712000,1592.112000,2.080854
28.208000,301.104000,6.237191
15.088000,1619.664000,0.768539
15.088000,400.816000,8.566162
20.336000,2738.800000,2.719403
7.216000,1969.968000,0.949866
21.648000,2355.696000,2.168383
21.648000,852.144000,3.654720
7.216000,1605.232000,6.525374
13.776000,37.392000,4.572363
17.712000,2587.920000,3.387335
20.336000,2759.792000,3.199272
17.712000,735.376000,3.344260
8.528000,652.720000,2.586947
12.464000,1224.752000,5.099143
12.464000,1876.816000,0.882617
9.840000,1008.272000,1.107469
30.832000,1218.192000,2.910071
11.152000,581.872000,3.590336
26.896000,1842.704000,4.138390
21.648000,3148.144000,0.837062
37.392000,2321.584000,6.084107
12.464000,3146.832000,2.962739
15.088000,458.544000,3.246758
32.144000,2259.920000,7.824393
20.336000,975.472000,1.588091
9.840000,837.712000,2.696363
19.024000,3208.496000,1.915737
20.336000,425.744000,5.488118
9.840000,507.088000,3.029537
38.704000,3006.448000,3.045060
34.768000,358.832000,7.126799
5.904000,1707.568000,3.550696
25.584000,1086.992000,9.488793
9.840000,444.112000,1.192882
13.776000,116.112000,0.751881
26.896000,1400.560000,5.911895
12.464000,108.240000,5.556056
24.272000,1274.608000,2.031697
37.392000,2767.664000,2.527614
5.904000,2814.896000,0.718679
1.968000,2185.136000,3.144705
7.216000,2706.000000,3.990965
15.088000,2011.952000,5.053337
28.208000,2691.568000,2.621126
13.776000,472.976000,9.504561
16.400000,2178.576000,1.079363
19.024000,144.976000,5.582001
25.584000,91.184000,4.109152
9.840000,1746.928000,1.305674
9.840000,2094.608000,1.859396
17.712000,513.648000,12.760548
30.832000,159.408000,1.279200
30.832000,1453.040000,4.823560
12.464000,1212.944000,4.252062
0.656000,2031.632000,2.283157
9.840000,804.912000,0.870140
8.528000,1586.864000,7.773405
12.464000,1926.672000,4.143591
0.656000,2660.080000,4.160447
15.088000,285.360000,2.051615
38.704000,1025.328000,2.407916
30.832000,91.184000,2.398460
29.520000,878.384000,2.096880
25.584000,1868.944000,2.787023
13.776000,2089.360000,1.867914
15.088000,1647.216000,2.913565
17.712000,1207.696000,2.494919
17.712000,3041.872000,2.718730
15.088000,1980.464000,3.505335
8.528000,2703.376000,1.309209
4.592000,3192.752000,0.888829
9.840000,517.584000,7.123884
7.216000,2169.392000,2.616109
26.896000,2065.744000,1.302117
24.272000,1683.952000,2.126130
25.584000,1538.320000,1.162438
19.024000,2023.760000,2.601503
1.968000,2503.952000,12.351551
22.960000,2396.368000,3.479968
15.088000,1010.896000,2.090568
30.832000,429.680000,0.729330
11.152000,2040.816000,0.978243
15.088000,158.096000,6.802069
7.216000,1386.128000,1.675968
24.272000,2101.168000,1.528775
38.704000,1450.416000,0.997210
22.960000,2177.264000,2.525136
37.392000,3102.224000,8.477539
19.024000,2185.136000,3.491147
17.712000,2728.304000,10.382044
32.144000,2984.144000,3.039783
30.832000,2963.152000,0.994708
15.088000,3201.936000,10.189552
15.088000,3061.552000,1.824661
32.144000,2145.776000,0.661515
34.768000,478.224000,2.791765
33.456000,2299.280000,2.324850
1.968000,261.744000,0.796669
36.080000,1417.616000,1.389275
25.584000,1062.064000,2.380071
19.024000,1134.224000,0.666710
30.832000,2562.992000,4.200729
24.272000,190.896000,3.514023
21.648000,543.824000,5.122476
3.280000,1656.400000,2.709081
7.216000,1737.744000,2.427598
29.520000,1537.008000,1.543427
22.960000,1220.816000,0.861202
32.144000,681.584000,3.953731
5.904000,1960.784000,1.137358
12.464000,1979.152000,1.317918
24.272000,298.480000,1.304791
7.216000,1279.856000,10.209925
17.712000,396.880000,1.245837
26.896000,1210.320000,1.311907
28.208000,2934.288000,1.284952
37.392000,1698.384000,3.761363
7.216000,484.784000,1.156252
8.528000,2982.832000,0.928849
17.712000,2768.976000,5.141504
26.896000,1155.216000,7.954726
30.832000,1787.600000,1.718633
4.592000,1131.600000,2.011621
33.456000,1373.008000,3.740791
11.152000,2952.656000,2.229004
28.208000,2573.488000,6.937710
3.280000,1760.048000,1.468486
0.656000,449.360000,4.061495
4.592000,3127.152000,5.885785
13.776000,1483.216000,6.450583
30.832000,3123.216000,4.244868
25.584000,2674.512000,0.761262
25.584000,326.032000,4.324800
19.024000,2702.064000,2.862647
16.400000,2110.352000,2.743107
20.336000,673.712000,4.281328
34.768000,1959.472000,1.283658
37.392000,2006.704000,7.030942
28.208000,2644.336000,3.410150
34.768000,2686.320000,3.917136
9.840000,713.072000,3.407938
38.704000,2977.584000,11.601667
1.968000,1035.824000,1.231177
11.152000,1988.336000,2.049213
24.272000,2097.232000,4.520061
26.896000,163.344000,1.506070
24.272000,2984.144000,2.902364
4.592000,480.848000,9.881280
8.528000,125.296000,8.690127
15.088000,778.672000,3.550733
32.144000,735.376000,0.728108
24.272000,1723.312000,1.653298
15.088000,2620.720000,3.214098
16.400000,3078.608000,3.585422
37.392000,1556.688000,2.113185
20.336000,3169.136000,0.774736
33.456000,30.832000,1.709243
33.456000,2611.536000,2.119576
38.704000,2498.704000,3.112549
3.280000,1404.496000,2.131193
4.592000,2740.112000,2.978403
0.656000,1760.048000,1.702100
13.776000,3150.768000,6.857485
34.768000,156.784000,3.689753
22.960000,1163.088000,1.820728
19.024000,1968.656000,4.234272
25.584000,305.040000,5.510800
34.768000,1310.032000,2.065855
1.968000,247.312000,2.403013
9.840000,2896.240000,4.997053
26.896000,3039.248000,2.251424
26.896000,870.512000,1.570887
13.776000,1139.472000,2.408354
9.840000,50.512000,0.676462
8.528000,2662.704000,1.247047
25.584000,1250.992000,4.057864
20.336000,2622.032000,13.585506
30.832000,1578.992000,14.652302
36.080000,2560.368000,6.106399
4.592000,1868.944000,4.329130
11.152000,3207.184000,3.544690
33.456000,2317.648000,1.363328
36.080000,2985.456000,1.156193
22.960000,1097.488000,1.834903
5.904000,2423.920000,2.262518
12.464000,1484.528000,2.667020
17.712000,2994.640000,1.086647
15.088000,1195.888000,0.745388
7.216000,1666.896000,8.279239
20.336000,1497.648000,1.047830
32.144000,2846.384000,2.781181
7.216000,360.144000,1.948178
13.776000,596.304000,4.900976
19.024000,3177.008000,0.904599
9.840000,1855.824000,3.501556
25.584000,2984.144000,2.153401
17.712000,1201.136000,4.830663
5.904000,789.168000,7.178605
25.584000,3023.504000,3.976079
13.776000,2682.384000,8.122135
12.464000,2401.616000,6.961794
16.400000,646.160000,0.991708
21.648000,1586.864000,2.040232
5.904000,2223.184000,0.905862
1.968000,85.936000,13.126453
30.832000,800.976000,7.185556
7.216000,1203.760000,7.636032
29.520000,2488.208000,2.183748
17.712000,1300.848000,2.597406
1.968000,2401.616000,1.787628
19.024000,394.256000,2.727846
38.704000,1481.904000,3.084727
24.272000,28.208000,3.360884
17.712000,2699.440000,10.227307
12.464000,127.920000,3.478613
36.080000,2669.264000,4.016069
12.464000,673.712000,1.336684
8.528000,2450.160000,0.806434
15.088000,1609.168000,3.936991
13.776000,1512.080000,12.074958
7.216000,1117.168000,4.478765
17.712000,1117.168000,0.885483
19.024000,2097.232000,14.484928
33.456000,866.576000,5.122869
29.520000,2467.216000,8.970350
32.144000,3204.560000,1.737804
32.144000,2502.640000,2.969053
9.840000,402.128000,1.405598
13.776000,2291.408000,10.528962
30.832000,2994.640000,1.012252
22.960000,682.896000,1.730119
9.840000,2997.264000,3.165075
25.584000,2576.112000,5.313894
4.592000,3009.072000,2.795031
16.400000,2253.360000,2.949206
33.456000,1230.000000,0.788817
11.152000,1298.224000,9.196243
4.592000,2868.688000,3.002767
21.648000,2437.040000,3.894980
3.280000,3016.944000,3.220745
12.464000,332.592000,0.905562
1.968000,1693.136000,0.679819
34.768000,2137.904000,9.081008
0.656000,198.768000,0.998594
36.080000,398.192000,3.124861
16.400000,1502.896000,3.041631
11.152000,524.144000,4.226811
34.768000,290.608000,24.044025
26.896000,1868.944000,2.679624
16.400000,197.456000,2.000653
3.280000,1606.544000,1.247537
15.088000,903.312000,1.125946
8.528000,1209.008000,4.283098
37.392000,1334.960000,3.517850
7.216000,1638.032000,2.434818
0.656000,731.440000,11.021409
0.656000,327.344000,4.569243
28.208000,1093.552000,3.378432
1.968000,663.216000,1.851123
13.776000,2870.000000,4.338406
22.960000,1447.792000,1.315322
17.712000,682.896000,3.001365
8.528000,989.904000,1.096257
7.216000,1383.504000,3.367228
0.656000,3114.032000,1.039885
17.712000,2077.552000,3.810669
5.904000,1540.944000,7.207308
30.832000,938.736000,5.562997
7.216000,1783.664000,3.936194
0.656000,1948.976000,0.780996
13.776000,1853.200000,5.333126
22.960000,2042.128000,2.692126
15.088000,1672.144000,4.223629
36.080000,2994.640000,2.765202
9.840000,2577.424000,12.018667
12.464000,696.016000,2.665896
28.208000,2414.736000,4.178096
0.656000,455.920000,2.269281
5.904000,91.184000,1.847610
38.704000,2872.624000,0.964405
12.464000,1788.912000,0.765461
37.392000,1859.760000,1.617446
37.392000,1442.544000,3.050963
37.392000,869.200000,3.915209
12.464000,2144.464000,1.723931
20.336000,3207.184000,7.021402
36.080000,390.320000,2.946422
29.520000,912.496000,1.687166
4.592000,2615.472000,10.951091
37.392000,2397.680000,4.610561
29.520000,638.288000,5.900289
20.336000,559.568000,2.021523
25.584000,144.976000,3.594511
30.832000,1691.824000,2.207157
37.392000,2817.520000,1.450862
15.088000,549.072000,1.753045
20.336000,2940.848000,2.703776
38.704000,699.952000,3.497049
22.960000,2186.448000,4.967932
33.456000,2406.864000,1.496972
3.280000,1784.976000,2.110299
8.528000,455.920000,1.042340
22.960000,100.368000,4.653757
29.520000,1577.680000,2.048311
33.456000,1025.328000,4.119213
34.768000,2280.912000,4.166784
30.832000,327.344000,6.924494
0.656000,2829.328000,2.976744
38.704000,943.984000,2.836267
21.648000,2282.224000,2.282835
30.832000,2751.920000,2.413981
21.648000,1379.568000,7.503940
33.456000,2114.288000,7.115656
28.208000,1003.024000,2.600302
9.840000,1194.576000,10.424568
8.528000,1959.472000,3.912566
30.832000,709.136000,4.491951
12.464000,151.536000,10.964728
17.712000,1841.392000,1.162680
7.216000,2280.912000,1.806318
20.336000,1106.672000,1.499354
8.528000,2110.352000,7.617152
34.768000,377.200000,5.593097
34.768000,2835.888000,3.619204
13.776000,585.808000,2.405209
11.152000,2625.968000,1.400767
12.464000,368.016000,0.736542
21.648000,1731.184000,1.829729
30.832000,1816.464000,2.178489
11.152000,2821.456000,2.646733
11.152000,1130.288000,3.384136
24.272000,818.032000,4.184914
3.280000,816.720000,4.333754
11.152000,165.968000,3.603520
30.832000,214.512000,3.480618
19.024000,1231.312000,13.852930
32.144000,891.504000,2.951963
22.960000,168.592000,5.600197
22.960000,566.128000,1.027101
25.584000,1001.712000,2.080005
20.336000,1278.544000,17.473100
26.896000,1432.048000,2.122943
38.704000,3154.704000,2.179844
37.392000,3107.472000,2.924448
24.272000,1636.720000,3.248842
16.400000,230.256000,2.039248
38.704000,1847.952000,0.744766
32.144000,2465.904000,1.931029
1.968000,1050.256000,4.598572
36.080000,1475.344000,4.505362
33.456000,912.496000,3.514790
28.208000,3152.080000,7.230831
15.088000,1439.920000,0.902211
19.024000,255.184000,8.179947
7.216000,875.760000,6.156627
12.464000,1632.784000,4.293606
7.216000,57.072000,2.952196
29.520000,2447.536000,4.828062
9.840000,70.192000,1.378463
32.144000,2210.064000,2.546337
11.152000,425.744000,1.341266
3.280000,1693.136000,15.814576
8.528000,1537.008000,3.696221
26.896000,3072.048000,7.358849
13.776000,2914.608000,12.950920
22.960000,1308.720000,6.948503
8.528000,2448.848000,2.800679
38.704000,1069.936000,3.220465
34.768000,517.584000,0.714148
11.152000,2771.600000,1.317533
19.024000,521.520000,4.928132
38.704000,1510.768000,1.652793
25.584000,235.504000,11.421064
38.704000,2854.256000,10.886375
29.520000,223.696000,3.505703
1.968000,504.464000,8.471629
26.896000,1714.128000,3.556335
1.968000,315.536000,5.727983
0.656000,638.288000,1.215184
34.768000,1117.168000,5.335069
19.024000,247.312000,5.960497
24.272000,1880.752000,2.818289
32.144000,2610.224000,1.323728
17.712000,1114.544000,8.554304
11.152000,2196.944000,2.699617
20.336000,3095.664000,0.788093
13.776000,642.224000,4.243584
11.152000,1841.392000,2.832217
34.768000,1888.624000,1.800078
0.656000,1077.808000,5.757439
30.832000,2200.880000,6.756636
12.464000,1681.328000,1.471207
26.896000,2216.624000,4.794244
26.896000,2551.184000,1.477976
19.024000,1104.048000,15.456583
25.584000,693.392000,2.739787
15.088000,568.752000,2.043468
8.528000,2431.792000,5.266010
36.080000,1994.896000,1.071431
24.272000,1492.400000,3.137354
30.832000,652.720000,1.770966
22.960000,2842.448000,2.320269
28.208000,1983.088000,1.438092
7.216000,429.680000,3.398039
20.336000,955.792000,0.849927
1.968000,2127.408000,0.726954
9.840000,720.944000,2.501902
22.960000,1783.664000,1.044361
3.280000,2116.912000,1.812796
32.144000,2614.160000,1.916533
32.144000,222.384000,3.406338
7.216000,2383.248000,7.019823
21.648000,2166.768000,1.385326
1.968000,218.448000,4.084436
36.080000,1463.536000,9.488832
28.208000,836.400000,3.740540
11.152000,543.824000,1.434729
29.520000,0.656000,1.148396
15.088000,2258.608000,1.825516
8.528000,2137.904000,4.680633
1.968000,458.544000,4.734348
7.216000,15.088000,2.702265
16.400000,2303.216000,7.113609
36.080000,2448.848000,1.029262
36.080000,1096.176000,6.133203
30.832000,1897.808000,7.227889
12.464000,1753.488000,5.603787
4.592000,705.200000,0.973990
3.280000,2850.320000,6.844917
24.272000,706.512000,2.208886
15.088000,749.808000,2.861156
0.656000,3165.200000,5.129624
17.712000,2702.064000,8.709914
0.656000,2847.696000,1.341248
33.456000,1979.152000,4.227815
24.272000,850.832000,13.388913
37.392000,483.472000,1.005113
33.456000,894.128000,8.341406
21.648000,2608.912000,14.557279
28.208000,559.568000,6.469642
1.968000,64.944000,7.259025
33.456000,963.664000,5.307433
30.832000,874.448000,8.386952
9.840000,2279.600000,1.373170
21.648000,971.536000,3.694163
19.024000,1769.232000,2.643124
26.896000,647.472000,2.783074
38.704000,189.584000,4.973977
26.896000,126.608000,2.204892
7.216000,423.120000,1.675386
0.656000,488.720000,1.960579
37.392000,2715.184000,2.218986
15.088000,33.456000,2.642862
8.528000,3040.560000,2.270987
17.712000,2172.016000,12.876877
8.528000,491.344000,3.667349
37.392000,442.800000,0.838734
34.768000,2362.256000,1.822837
7.216000,2619.408000,7.726963
16.400000,1638.032000,8.076916
9.840000,1975.216000,2.593843
1.968000,1429.424000,1.403138
38.704000,831.152000,1.778292
12.464000,336.528000,2.016845
13.776000,1224.752000,1.169706
12.464000,255.184000,8.095763
4.592000,726.192000,4.941799
3.280000,1567.184000,1.268042
20.336000,369.328000,2.287102
21.648000,1374.320000,0.755307
20.336000,577.936000,0.905253
28.208000,2303.216000,9.255898
38.704000,1733.808000,2.246489
21.648000,2337.328000,0.748931
36.080000,2576.112000,2.654868
33.456000,2497.392000,4.968929
22.960000,2561.680000,0.847103
34.768000,579.248000,1.568900
37.392000,937.424000,3.424349
32.144000,2387.184000,1.381010
15.088000,3115.344000,4.330688
22.960000,2956.592000,3.260794
32.144000,1935.856000,2.430089
4.592000,1126.352000,11.530045
0.656000,2269.104000,1.175412
21.648000,1405.808000,1.090241
9.840000,2507.888000,1.007374
36.080000,584.496000,4.638363
21.648000,2578.736000,1.278082
9.840000,2208.752000,2.471858
32.144000,1504.208000,1.130880
33.456000,2747.984000,4.245211
26.896000,1707.568000,2.115168
22.960000,671.088000,0.717344
22.960000,757.680000,5.174947
22.960000,1151.280000,1.737361
7.216000,1409.744000,5.098236
3.280000,2181.200000,8.024012
28.208000,280.112000,1.780476
8.528000,925.616000,6.833910
33.456000,1630.160000,1.442351
7.216000,2574.800000,2.922345
12.464000,651.408000,2.308789
4.592000,2629.904000,5.004912
12.464000,1085.680000,8.953977
11.152000,1094.864000,4.688232
34.768000,2261.232000,8.764550
0.656000,682.896000,1.351983
9.840000,732.752000,1.841732
37.392000,1400.560000,2.760257
3.280000,2419.984000,7.184702
36.080000,556.944000,11.691419
9.840000,1951.600000,1.244012
36.080000,2911.984000,0.748647
34.768000,2143.152000,8.875930
30.832000,1807.280000,4.984056
36.080000,218.448000,0.659058
7.216000,2993.328000,3.971106
19.024000,3013.008000,6.448978
24.272000,1449.104000,4.362725
4.592000,2384.560000,1.511309
20.336000,3127.152000,2.989235
38.704000,17.712000,4.736090
9.840000,1736.432000,1.082151
26.896000,1648.528000,1.396824
13.776000,2620.720000,6.612027
38.704000,1508.144000,9.749434
5.904000,82.000000,1.854222
22.960000,408.688000,16.169100
26.896000,722.256000,3.072920
36.080000,619.920000,7.901697
24.272000,979.408000,2.274312
20.336000,2587.920000,4.513195
0.656000,1470.096000,10.345271
17.712000,1530.448000,4.891661
19.024000,1531.760000,9.367923
17.712000,1732.496000,7.211402
16.400000,172.528000,3.407890
24.272000,2856.880000,1.562666
26.896000,2593.168000,1.539814
0.656000,1972.592000,1.843166
20.336000,3198.000000,3.970135
17.712000,1094.864000,1.708598
22.960000,1523.888000,5.749908
16.400000,2879.184000,2.850584
32.144000,1311.344000,2.704995
7.216000,2905.424000,1.130020
30.832000,350.960000,2.021733
24.272000,1795.472000,0.748086
9.840000,2299.280000,10.762743
28.208000,2774.224000,7.343298
33.456000,1886.000000,2.540393
3.280000,1468.784000,2.354108
30.832000,1603.920000,1.914308
25.584000,180.400000,0.823624
13.776000,165.968000,0.864046
24.272000,3052.368000,0.874234
7.216000,169.904000,4.429106
9.840000,899.376000,4.734241
15.088000,1589.488000,8.535628
28.208000,698.640000,1.152561
22.960000,2234.992000,1.933181
3.280000,284.048000,3.109713
32.144000,2140.528000,1.403872
8.528000,702.576000,2.574959
37.392000,1833.520000,9.050324
38.704000,459.856000,4.194914
3.280000,2143.152000,3.023716
17.712000,5.904000,4.899884
21.648000,3061.552000,1.144144
37.392000,3.280000,2.181439
8.528000,3107.472000,10.284188
38.704000,2664.016000,5.085007
4.592000,150.224000,0.994401
22.960000,3030.064000,5.422957
38.704000,231.568000,4.937593
17.712000,2953.968000,0.986315
36.080000,2535.440000,4.746361
12.464000,1510.768000,2.138066
8.528000,1946.352000,2.187308
12.464000,2650.896000,1.385391
7.216000,2189.072000,3.081934
0.656000,50.512000,2.777630
0.656000,2354.384000,0.679551
12.464000,2779.472000,3.742685
8.528000,875.760000,5.965041
28.208000,299.792000,6.298849
7.216000,688.144000,2.140372
17.712000,3145.520000,1.041513
29.520000,1163.088000,1.222850
22.960000,705.200000,1.250332
1.968000,160.720000,1.914512
8.528000,1800.720000,2.278806
19.024000,915.120000,16.920619
38.704000,389.008000,6.607213
34.768000,2604.976000,6.781313
38.704000,2422.608000,2.139395
15.088000,1178.832000,1.948773
15.088000,2576.112000,3.497271
21.648000,3011.696000,3.199783
34.768000,1971.280000,19.888390
16.400000,2354.384000,2.056393
21.648000,2700.752000,3.417544
15.088000,2206.128000,1.551003
30.832000,385.072000,14.616043
0.656000,2682.384000,8.603064
16.400000,424.432000,1.190797
25.584000,1973.904000,0.920331
3.280000,2914.608000,2.345782
33.456000,2908.048000,13.675676
1.968000,89.872000,2.353239
38.704000,2862.128000,1.286080
21.648000,2202.192000,3.158263
15.088000,2362.256000,1.379001
21.648000,3062.864000,6.769993
22.960000,1370.384000,0.861928
24.272000,2461.968000,7.583444
29.520000,46.576000,0.980761
34.768000,1855.824000,1.323224
37.392000,1547.504000,1.178509
29.520000,1578.992000,1.771484
36.080000,690.768000,8.869610
28.208000,1066.000000,0.766597
21.648000,3212.432000,1.200013
16.400000,3049.744000,2.713382
7.216000,2232.368000,5.906533
21.648000,1437.296000,5.379211
29.520000,2682.384000,0.985138
15.088000,929.552000,0.830007
11.152000,2261.232000,2.617016
8.528000,3093.040000,1.981624
32.144000,2023.760000,9.834811
29.520000,1868.944000,1.486657
17.712000,2370.128000,1.952578
15.088000,2728.304000,3.743113
32.144000,1886.000000,1.386229
3.280000,1489.776000,6.362998
9.840000,3208.496000,1.427223
33.456000,394.256000,4.646241
8.528000,1883.376000,2.349647
11.152000,2444.912000,3.870802
15.088000,488.720000,2.020861
5.904000,503.152000,10.431017
15.088000,2953.968000,5.222517
20.336000,2199.568000,1.071972
38.704000,1740.368000,3.316243
19.024000,496.592000,1.380132
12.464000,1324.464000,6.930482
9.840000,2658.768000,13.690324
30.832000,651.408000,1.168167
32.144000,130.544000,1.203573
5.904000,869.200000,0.782120
3.280000,33.456000,1.291421
16.400000,3153.392000,1.407700
26.896000,1744.304000,1.428524
26.896000,2690.256000,0.711679
17.712000,1739.056000,3.284222
16.400000,1866.320000,0.692024
25.584000,1077.808000,1.709663
38.704000,2191.696000,2.286542
7.216000,1227.376000,6.052441
21.648000,385.072000,1.462474
15.088000,2633.840000,6.536687
3.280000,1502.896000,1.188019
16.400000,130.544000,2.764620
25.584000,2069.680000,5.215944
19.024000,526.768000,1.488748
11.152000,2879.184000,4.210386
29.520000,2572.176000,2.243400
28.208000,2674.512000,2.323978
12.464000,2855.568000,1.715843
11.152000,696.016000,8.205820
38.704000,580.560000,2.331894
3.280000,1619.664000,4.363479
38.704000,2080.176000,1.790860
32.144000,2542.000000,1.608798
37.392000,1543.568000,2.383797
37.392000,2796.528000,3.847591
24.272000,529.392000,3.260791
11.152000,1871.568000,11.474927
4.592000,486.096000,1.138448
17.712000,408.688000,4.340625
34.768000,2305.840000,6.579489
3.280000,1115.856000,0.926882
25.584000,433.616000,0.883033
25.584000,437.552000,8.452273
12.464000,97.744000,5.102167
33.456000,2288.784000,0.809003
3.280000,3177.008000,2.547314
11.152000,2517.072000,2.276994
20.336000,560.880000,3.028865
3.280000,1043.696000,1.394362
11.152000,1407.120000,1.417128
38.704000,1850.576000,2.754625
13.776000,3015.632000,4.873245
5.904000,280.112000,1.206109
0.656000,820.656000,2.659970
17.712000,1102.736000,6.254797
26.896000,1483.216000,3.421000
9.840000,482.160000,15.229689
1.968000,2351.760000,7.797758
11.152000,2379.312000,3.224616
13.776000,3217.680000,1.052839
15.088000,832.464000,3.981178
19.024000,2549.872000,4.970412
37.392000,505.776000,0.901596
30.832000,1774.480000,8.573741
24.272000,3154.704000,15.402510
36.080000,2002.768000,4.593757
16.400000,1554.064000,8.249084
17.712000,2374.064000,4.395253
36.080000,3104.848000,5.924307
8.528000,255.184000,2.458134
32.144000,1241.808000,19.580044
12.464000,576.624000,4.653647
7.216000,1160.464000,1.755216
13.776000,307.664000,1.640481
3.280000,1142.096000,1.187723
34.768000,2276.976000,3.760057
26.896000,2109.040000,0.869095
36.080000,461.168000,0.865385
11.152000,2892.304000,4.085922
4.592000,260.432000,1.214493
21.648000,2890.992000,0.684402
28.208000,2080.176000,3.027310
26.896000,467.728000,3.384736
29.520000,1038.448000,4.698736
33.456000,2182.512000,1.139493
17.712000,2615.472000,6.695426
17.712000,1791.536000,2.759147
19.024000,1539.632000,3.864653
36.080000,0.656000,6.590955
36.080000,1767.920000,1.735131
26.896000,3196.688000,5.231522
21.648000,2570.864000,1.683091
37.392000,2751.920000,0.824502
26.896000,1576.368000,1.142089
25.584000,2119.536000,0.985408
28.208000,311.600000,0.681256
11.152000,1359.888000,1.386062
13.776000,2926.416000,5.341540
33.456000,1845.328000,2.261780
30.832000,2646.960000,8.181057
16.400000,1388.752000,1.142692
37.392000,318.160000,1.241595
13.776000,2431.792000,0.683030
20.336000,3024.816000,2.459230
26.896000,1233.936000,1.111031
26.896000,3060.240000,1.903506
15.088000,2063.120000,1.505090
34.768000,1395.312000,5.066594
32.144000,672.400000,2.102871
28.208000,1118.480000,2.911014
5.904000,538.576000,3.723726
5.904000,1207.696000,7.751123
5.904000,269.616000,3.094430
29.520000,1228.688000,1.021102
26.896000,778.672000,1.020138
24.272000,24.272000,2.837896
12.464000,1193.264000,7.192236
12.464000,411.312000,1.587448
17.712000,559.568000,0.946707
3.280000,961.040000,3.893241
28.208000,1945.040000,6.915700
21.648000,45.264000,2.040434
30.832000,1732.496000,2.003773
26.896000,2818.832000,3.309308
32.144000,1929.296000,2.807942
33.456000,2810.960000,0.861495
32.144000,89.872000,12.574400
16.400000,1083.056000,2.263160
30.832000,1903.056000,9.719446
8.528000,1374.320000,1.175679
9.840000,2564.304000,1.471682
36.080000,513.648000,1.529057
30.832000,1610.480000,1.204664
26.896000,2336.016000,3.116001
16.400000,423.120000,2.940316
29.520000,2225.808000,1.969510
24.272000,576.624000,1.168405
29.520000,787.856000,1.166317
7.216000,1210.320000,5.145152
4.592000,1754.800000,2.309079
3.280000,2490.832000,1.059546
29.520000,1504.208000,4.293804
25.584000,1422.864000,1.219898
22.960000,463.792000,10.292303
22.960000,256.496000,0.731267
24.272000,3215.056000,1.414762
17.712000,2265.168000,4.156532
1.968000,2766.352000,1.209145
33.456000,3144.208000,3.848661
33.456000,1544.880000,2.978745
30.832000,2927.728000,6.458087
38.704000,1447.792000,5.459031
33.456000,2416.048000,5.860866
30.832000,3011.696000,0.928089
3.280000,2288.784000,10.556890
24.272000,1216.880000,1.692765
21.648000,297.168000,1.028793
36.080000,1665.584000,0.849138
30.832000,2482.960000,10.950894
12.464000,1151.280000,1.152112
0.656000,1000.400000,1.385318
9.840000,2787.344000,1.784699
21.648000,2724.368000,2.753060
28.208000,1232.624000,8.810198
34.768000,1252.304000,1.669290
29.520000,1960.784000,3.490169
26.896000,356.208000,2.335941
5.904000,3073.360000,0.816433
5.904000,879.696000,3.070957
13.776000,853.456000,0.760503
29.520000,727.504000,4.468919
4.592000,2862.128000,1.027850
19.024000,1912.240000,1.366612
34.768000,1551.440000,1.806018
37.392000,1395.312000,1.009386
16.400000,222.384000,1.295319
4.592000,2602.352000,2.174357
5.904000,2807.024000,0.759330
33.456000,2559.056000,2.519210
7.216000,3194.064000,0.845256
13.776000,2095.920000,5.393546
28.208000,845.584000,3.326133
4.592000,1497.648000,1.011576
3.280000,629.104000,2.222344
13.776000,1580.304000,1.047857
1.968000,828.528000,2.929690
32.144000,2875.248000,8.759193
11.152000,1220.816000,15.870623
36.080000,2275.664000,1.987905
36.080000,2678.448000,3.866727
9.840000,1287.728000,1.187025
8.528000,697.328000,3.057090
36.080000,786.544000,3.397509
3.280000,2347.824000,7.268931
37.392000,1897.808000,4.908941
4.592000,2303.216000,2.280639
33.456000,828.528000,4.244508
38.704000,2175.952000,3.208768
22.960000,495.280000,4.019718
0.656000,2133.968000,0.922857
17.712000,2807.024000,1.724256
8.528000,2308.464000,0.674054
11.152000,318.160000,0.832247
7.216000,93.808000,3.173269
1.968000,1586.864000,7.413167
19.024000,3035.312000,5.245566
21.648000,1763.984000,2.100013
16.400000,141.040000,1.237320
33.456000,1331.024000,0.680425
15.088000,2984.144000,2.527945
12.464000,574.000000,4.643799
1.968000,3043.184000,8.682291
15.088000,2439.664000,1.225413
33.456000,1752.176000,11.560236
12.464000,852.144000,4.617751
20.336000,3048.432000,9.001259
19.024000,1988.336000,1.204224
5.904000,640.912000,4.161447
29.520000,1203.760000,1.348508
34.768000,734.064000,2.533009
12.464000,496.592000,2.547931
26.896000,331.280000,1.899599
38.704000,1390.064000,2.754255
32.144000,3094.352000,4.718038
1.968000,2657.456000,1.031203
24.272000,2219.248000,4.468172
9.840000,618.608000,16.087388
3.280000,1773.168000,2.008305
30.832000,1979.152000,0.739900
11.152000,1668.208000,7.797354
25.584000,100.368000,1.071776
12.464000,3005.136000,0.830039
30.832000,306.352000,7.477949
5.904000,130.544000,8.536422
33.456000,2031.632000,0.702813
28.208000,837.712000,8.656089
38.704000,2255.984000,1.628962
1.968000,3156.016000,3.255649
1.968000,1901.744000,2.681664
21.648000,40.016000,2.642756
1.968000,2144.464000,4.682095
36.080000,2249.424000,2.166368
29.520000,2929.040000,0.913525
26.896000,214.512000,2.291478
34.768000,1706.256000,10.357014
19.024000,8.528000,1.072949
26.896000,622.544000,6.479006
26.896000,299.792000,1.044808
28.208000,3191.440000,1.413550
9.840000,16.400000,2.286080
19.024000,2154.960000,5.815120
36.080000,942.672000,0.862513
33.456000,2481.648000,0.942682
1.968000,1590.800000,3.416147
1.968000,202.704000,0.760623
33.456000,3157.328000,1.323119
25.584000,942.672000,2.233479
15.088000,61.008000,2.510884
15.088000,2477.712000,6.731177
8.528000,344.400000,4.328820
5.904000,484.784000,1.239553
26.896000,2175.952000,1.373713
33.456000,2475.088000,7.838069
30.832000,1128.976000,9.787900
37.392000,2380.624000,10.001166
8.528000,846.896000,1.609655
11.152000,2216.624000,3.663680
4.592000,2190.384000,0.753519
11.152000,2631.216000,1.349756
13.776000,3070.736000,1.267376
7.216000,2326.832000,0.889019
15.088000,2123.472000,0.873567
20.336000,1644.592000,15.615893
5.904000,1955.536000,2.074020
1.968000,2359.632000,2.789332
7.216000,1421.552000,8.602077
21.648000,2681.072000,15.787715
28.208000,70.192000,0.892052
12.464000,19.024000,5.650017
34.768000,3027.440000,1.979355
19.024000,2637.776000,4.271218
25.584000,1311.344000,2.117623
30.832000,2355.696000,3.803419
32.144000,845.584000,8.093833
8.528000,2685.008000,3.814718
11.152000,2627.280000,2.220790
19.024000,214.512000,1.448315
37.392000,789.168000,0.740129
25.584000,1380.880000,1.594501
26.896000,1971.280000,1.365973
8.528000,1975.216000,15.902982
30.832000,2360.944000,2.498458
38.704000,1950.288000,9.664669
30.832000,3220.304000,5.804760
25.584000,3077.296000,9.310765
34.768000,2793.904000,7.283956
9.840000,95.120000,1.109660
33.456000,1.968000,0.811579
20.336000,1006.960000,4.657473
19.024000,3081.232000,1.346558
13.776000,756.368000,2.433511
22.960000,2227.120000,10.417589
13.776000,1930.608000,3.216198
16.400000,2519.696000,1.869171
9.840000,747.184000,0.784346
34.768000,1501.584000,6.263008
32.144000,1363.824000,1.905985
17.712000,1392.688000,6.204032
17.712000,1917.488000,2.383758
11.152000,1152.592000,5.001111
16.400000,1264.112000,6.097205
20.336000,2463.280000,4.142467
24.272000,3117.968000,3.974120
21.648000,453.296000,2.961629
15.088000,2393.744000,0.783711
24.272000,302.416000,1.392819
3.280000,975.472000,2.101579
37.392000,3061.552000,4.127690
17.712000,820.656000,1.113580
20.336000,62.320000,1.761105
24.272000,399.504000,0.961394
11.152000,2198.256000,3.569061
20.336000,503.152000,4.208794
32.144000,1139.472000,2.105411
4.592000,303.728000,2.358133
29.520000,2837.200000,0.957520
33.456000,2620.720000,0.860241
3.280000,1438.608000,16.219393
17.712000,1660.336000,1.071569
13.776000,1665.584000,3.470772
0.656000,532.016000,9.424366
15.088000,165.968000,7.320335
4.592000,570.064000,3.133711
16.400000,433.616000,11.258380
32.144000,2182.512000,9.452292
33.456000,236.816000,1.373579
1.968000,2515.760000,6.304306
13.776000,1992.272000,0.958136
16.400000,2921.168000,7.077145
29.520000,2885.744000,3.712200
26.896000,1678.704000,8.472466
36.080000,1104.048000,2.728921
34.768000,825.904000,1.391464
28.208000,2632.528000,1.019107
37.392000,2440.976000,4.362129
9.840000,3043.184000,6.877857
26.896000,2178.576000,4.754729
11.152000,1265.424000,2.876444
4.592000,1018.768000,1.887482
17.712000,2050.000000,1.370546
8.528000,3060.240000,1.197004
34.768000,2397.680000,3.313098
15.088000,1123.728000,3.534494
7.216000,937.424000,1.117638
3.280000,1476.656000,0.783908
4.592000,2455.408000,3.838958
25.584000,1261.488000,3.300023
3.280000,1075.184000,10.241842
12.464000,2673.200000,1.315882
30.832000,736.688000,1.430596
11.152000,941.360000,11.022736
20.336000,1492.400000,2.988144
30.832000,169.904000,2.435948
20.336000,2497.392000,1.938850
5.904000,2437.040000,7.811871
25.584000,423.120000,3.522671
1.968000,2169.392000,1.638992
11.152000,2755.856000,3.029748
12.464000,2740.112000,1.705659
15.088000,1757.424000,3.642679
29.520000,1596.048000,5.917682
38.704000,731.440000,1.690624
24.272000,349.648000,2.340123
0.656000,484.784000,3.283682
34.768000,1994.896000,9.641453
1.968000,2942.160000,0.707623
17.712000,125.296000,2.096550
21.648000,387.696000,2.170012
37.392000,2519.696000,1.391738
16.400000,2873.936000,2.707644
17.712000,1425.488000,1.888474
38.704000,2286.160000,14.506504
12.464000,2063.120000,1.377455
16.400000,2657.456000,2.528755
0.656000,2118.224000,8.122128
33.456000,3188.816000,10.992176
37.392000,2631.216000,2.072878
8.528000,277.488000,9.727748
3.280000,2220.560000,1.207950
37.392000,1867.632000,0.664298
4.592000,3047.120000,1.054900
34.768000,1884.688000,2.178035
29.520000,2914.608000,6.706015
26.896000,1449.104000,2.075654
36.080000,656.656000,0.909037
13.776000,938.736000,4.545882
7.216000,260.432000,3.367029
36.080000,2976.272000,0.795506
15.088000,1598.672000,0.838017
33.456000,1399.248000,1.313494
32.144000,1666.896000,1.683017
25.584000,651.408000,4.337212
24.272000,1882.064000,4.157726
1.968000,2261.232000,1.599700
21.648000,790.480000,2.556964
4.592000,1913.552000,9.760044
13.776000,206.640000,3.260537
30.832000,3115.344000,15.527400
15.088000,1942.416000,1.809053
25.584000,209.264000,4.731072
26.896000,2056.560000,10.709654
21.648000,1450.416000,4.445593
5.904000,1698.384000,2.123069
0.656000,2982.832000,2.828834
17.712000,3157.328000,4.810064
34.768000,3180.944000,4.786635
28.208000,562.192000,5.110441
21.648000,1824.336000,2.942272
3.280000,2831.952000,0.832937
8.528000,739.312000,2.229653
3.280000,1934.544000,7.102357
15.088000,753.744000,8.911304
12.464000,1914.864000,3.474909
13.776000,1669.520000,1.718654
1.968000,2089.360000,0.735771
5.904000,916.432000,5.555443
37.392000,837.712000,1.265858
36.080000,368.016000,0.806056
7.216000,2481.648000,1.996067
17.712000,929.552000,1.914471
8.528000,3022.192000,2.918530
17.712000,3043.184000,9.038364
17.712000,882.320000,4.192564
5.904000,1366.448000,5.573879
7.216000,2345.200000,1.574056
36.080000,1487.152000,3.223351
7.216000,2683.696000,3.408932
5.904000,3211.120000,0.798760
4.592000,310.288000,2.155482
22.960000,1349.392000,0.729304
4.592000,1123.728000,3.975051
20.336000,143.664000,1.333174
11.152000,860.016000,8.384382
13.776000,1438.608000,5.737582
38.704000,1615.728000,0.730520
1.968000,676.336000,2.880007
33.456000,3018.256000,2.745668
5.904000,3148.144000,1.825963
20.336000,2173.328000,2.899973
3.280000,306.352000,0.886502
0.656000,636.976000,3.359875
24.272000,505.776000,7.489391
7.216000,185.648000,0.863326
13.776000,302.416000,1.552038
22.960000,2189.072000,9.686058
0.656000,2122.160000,1.987973
16.400000,2755.856000,1.122963
28.208000,2111.664000,0.920530
17.712000,3069.424000,0.875152
28.208000,2692.880000,4.042278
5.904000,3078.608000,13.120600
28.208000,2784.720000,8.639990
11.152000,2371.440000,6.033485
15.088000,584.496000,1.481217
20.336000,3123.216000,0.868171
33.456000,1434.672000,2.031151
20.336000,256.496000,3.572067
9.840000,2942.160000,5.251007
34.768000,2013.264000,2.017886
30.832000,2557.744000,1.871359
9.840000,2759.792000,0.974769
0.656000,2974.960000,4.633634
37.392000,2911.984000,1.106898
25.584000,2963.152000,2.191480
36.080000,326.032000,4.165005
1.968000,2241.552000,1.579877
11.152000,2931.664000,1.073322
17.712000,936.112000,1.151122
38.704000,951.856000,3.222285
21.648000,2911.984000,5.095570
17.712000,2696.816000,12.208188
26.896000,776.048000,0.706867
25.584000,341.776000,1.619988
11.152000,1969.968000,7.962625
11.152000,3188.816000,3.490307
36.080000,2220.560000,2.050924
1.968000,1434.672000,3.799454
25.584000,66.256000,5.992419
16.400000,3011.696000,1.623708
24.272000,410.000000,2.233939
36.080000,879.696000,2.458986
8.528000,270.928000,1.526305
1.968000,2673.200000,0.986429
0.656000,2266.480000,6.572669
13.776000,1138.160000,0.666179
7.216000,305.040000,14.057985
8.528000,621.232000,2.512645
36.080000,1016.144000,0.697118
22.960000,2641.712000,2.465857
5.904000,2687.632000,4.250572
13.776000,1056.816000,2.407511
12.464000,1439.920000,2.407338
34.768000,3220.304000,0.757107
30.832000,2545.936000,5.075843
7.216000,389.008000,0.679893
16.400000,2969.712000,1.856244
3.280000,806.224000,5.259045
26.896000,2408.176000,0.702471
20.336000,938.736000,1.187874
4.592000,286.672000,2.745148
4.592000,2566.928000,2.208879
16.400000,524.144000,4.158224
26.896000,2884.432000,5.547704
21.648000,1766.608000,4.213766
11.152000,13.776000,3.561300
28.208000,758.992000,6.556287
29.520000,320.784000,4.969255
26.896000,118.736000,1.906097
26.896000,896.752000,6.587857
0.656000,379.824000,7.918525
25.584000,1114.544000,1.440852
30.832000,2358.320000,3.040925
33.456000,2726.992000,1.948043
17.712000,2911.984000,0.946126
9.840000,1998.832000,2.561432
15.088000,3082.544000,2.117771
21.648000,232.880000,10.716198
36.080000,2208.752000,1.355931
20.336000,383.760000,5.070673
20.336000,2779.472000,1.054855
24.272000,1443.856000,3.677442
30.832000,2728.304000,13.660560
9.840000,2070.992000,3.249755
20.336000,2741.424000,0.828684
32.144000,3183.568000,2.207885
20.336000,2161.520000,3.503437
15.088000,3016.944000,7.068970
13.776000,2300.592000,1.325882
21.648000,2450.160000,5.458942
19.024000,1191.952000,4.213797
16.400000,610.736000,0.846987
19.024000,2034.256000,5.153677
9.840000,2321.584000,1.436964
29.520000,4.592000,8.680804
22.960000,207.952000,2.933221
8.528000,370.640000,0.752648
22.960000,1068.624000,2.171931
38.704000,2396.368000,5.389193
37.392000,2110.352000,1.720287
7.216000,2124.784000,1.913731
11.152000,1584.240000,5.408968
5.904000,1762.672000,6.603758
28.208000,1226.064000,1.136829
7.216000,2451.472000,0.987778
22.960000,638.288000,1.973536
0.656000,2500.016000,4.148642
29.520000,293.232000,5.018056
28.208000,631.728000,5.280102
9.840000,2849.008000,3.254746
13.776000,587.120000,2.964863
5.904000,1047.632000,6.722295
34.768000,1122.416000,2.805404
3.280000,1262.800000,1.265179
37.392000,2329.456000,4.932606
16.400000,2286.160000,2.940966
15.088000,1390.064000,1.302120
0.656000,2190.384000,0.756236
33.456000,1539.632000,1.881021
22.960000,117.424000,3.094436
37.392000,2906.736000,1.721289
37.392000,871.824000,2.280823
20.336000,2414.736000,0.973996
7.216000,2118.224000,1.113636
13.776000,2703.376000,1.418376
7.216000,1878.128000,1.131850
4.592000,294.544000,8.965867
36.080000,669.776000,2.976850
29.520000,663.216000,3.511349
5.904000,238.128000,8.414515
15.088000,1697.072000,2.382078
16.400000,1460.912000,6.140060
19.024000,1676.080000,8.699324
26.896000,2502.640000,0.710272
3.280000,343.088000,0.719729
28.208000,2094.608000,2.850560
32.144000,1115.856000,1.844989
38.704000,1292.976000,2.372702
26.896000,835.088000,3.846091
32.144000,1900.432000,3.082144
16.400000,1943.728000,0.670627
20.336000,2549.872000,3.555278
0.656000,1669.520000,4.541620
36.080000,1136.848000,1.820559
4.592000,2043.440000,0.760733
33.456000,1854.512000,2.135946
30.832000,957.104000,2.180568
37.392000,1617.040000,1.364151
13.776000,2255.984000,6.131328
20.336000,173.840000,3.132251
33.456000,3006.448000,2.811089
22.960000,2986.768000,5.174670
8.528000,1127.664000,5.628863
21.648000,444.112000,6.866605
38.704000,958.416000,1.250643
28.208000,2064.432000,4.465132
12.464000,1796.784000,2.537168
37.392000,211.888000,10.332855
3.280000,2905.424000,7.459145
13.776000,850.832000,2.752161
34.768000,1164.400000,13.130024
36.080000,2149.712000,0.695737
4.592000,2614.160000,1.852829
19.024000,1245.744000,1.036616
19.024000,143.664000,2.186120
29.520000,2337.328000,1.635551
19.024000,1754.800000,10.576781
0.656000,2232.368000,4.347170
13.776000,1310.032000,0.860941
5.904000,514.960000,0.842013
21.648000,2905.424000,1.223236
17.712000,1382.192000,0.753130
11.152000,899.376000,6.163931
22.960000,3183.568000,6.980648
13.776000,1906.992000,1.476263
26.896000,2624.656000,5.003228
24.272000,1899.120000,6.810096
34.768000,2157.584000,6.683737
15.088000,545.136000,1.448863
26.896000,1266.736000,4.581530
7.216000,2490.832000,1.297268
7.216000,475.600000,1.086936
17.712000,1308.720000,4.346569
12.464000,2762.416000,0.846922
3.280000,3058.928000,2.406523
36.080000,1552.752000,1.263211
34.768000,2947.408000,5.522239
3.280000,570.064000,2.330839
0.656000,1313.968000,1.000541
37.392000,110.864000,1.425514
20.336000,118.736000,3.265830
21.648000,2132.656000,0.773463
5.904000,1656.400000,2.547662
5.904000,2779.472000,1.772326
20.336000,2542.000000,2.877972
37.392000,1967.344000,3.638057
32.144000,1508.144000,3.914048
32.144000,1791.536000,6.376117
13.776000,2059.184000,3.532474
36.080000,2792.592000,3.323609
33.456000,131.856000,7.477947
11.152000,2691.568000,1.111685
16.400000,1210.320000,6.237014
34.768000,1990.960000,7.173009
12.464000,1516.016000,3.751500
0.656000,2831.952000,1.070821
21.648000,1712.816000,10.881556
33.456000,2034.256000,0.947776
36.080000,1168.336000,4.502071
20.336000,1350.704000,6.573071
4.592000,1673.456000,1.776107
32.144000,2897.552000,4.227718
7.216000,2867.376000,3.178930
22.960000,1338.896000,7.130160
29.520000,230.256000,1.549138
11.152000,571.376000,2.239037
16.400000,1443.856000,5.154127
8.528000,3051.056000,3.428206
26.896000,2468.528000,3.482176
25.584000,2744.048000,9.088783
5.904000,138.416000,1.569966
16.400000,1861.072000,1.594158
11.152000,408.688000,1.783022
22.960000,2758.480000,1.839057
26.896000,1959.472000,1.213243
12.464000,1809.904000,1.442199
30.832000,2708.624000,4.859842
29.520000,1077.808000,4.377327
7.216000,1370.384000,2.322856
3.280000,1904.368000,2.984229
4.592000,2124.784000,6.660063
7.216000,3212.432000,8.273589
16.400000,2926.416000,3.900986
13.776000,862.640000,0.956269
16.400000,873.136000,7.007839
26.896000,696.016000,7.231734
19.024000,1155.216000,0.866928
24.272000,2883.120000,8.293093
5.904000,289.296000,4.755062
5.904000,2831.952000,1.247460
16.400000,996.464000,3.696736
19.024000,15.088000,2.304528
21.648000,1071.248000,2.073695
34.768000,963.664000,3.553928
3.280000,1190.640000,3.071388
19.024000,1505.520000,1.716180
5.904000,369.328000,1.150141
38.704000,394.256000,6.239662
1.968000,3015.632000,15.828500
7.216000,1521.264000,2.671717
0.656000,1815.152000,1.183541
12.464000,621.232000,11.894790
0.656000,301.104000,5.132054
19.024000,1582.928000,4.061556
28.208000,2982.832000,3.625754
3.280000,2379.312000,3.050458
37.392000,936.112000,7.113423
17.712000,1228.688000,2.123658
20.336000,522.832000,2.222199
29.520000,3070.736000,1.467006
38.704000,1576.368000,1.313999
24.272000,2363.568000,0.962459
26.896000,3028.752000,0.966779
28.208000,2417.360000,1.329730
12.464000,1446.480000,6.922293
21.648000,2179.888000,3.950526
38.704000,147.600000,5.893666
26.896000,2043.440000,9.446578
33.456000,1102.736000,1.268844
1.968000,1160.464000,6.800481
11.152000,2130.032000,9.682036
12.464000,2263.856000,1.086543
28.208000,2801.776000,2.248377
7.216000,1035.824000,3.885694
12.464000,1261.488000,8.433178
0.656000,758.992000,1.703318
37.392000,727.504000,3.680537
5.904000,3208.496000,6.003214
20.336000,839.024000,0.847434
9.840000,3162.576000,3.195548
8.528000,1782.352000,1.842734
26.896000,915.120000,1.928144
37.392000,1260.176000,1.113360
0.656000,2207.440000,7.624135
0.656000,2215.312000,3.461314
32.144000,2606.288000,2.418178
13.776000,776.048000,0.809062
17.712000,2841.136000,17.249197
3.280000,244.688000,6.997255
11.152000,1989.648000,2.943364
13.776000,2471.152000,4.633117
9.840000,3115.344000,0.959944
5.904000,1097.488000,1.530712
1.968000,1312.656000,5.656881
38.704000,1548.816000,0.876632
3.280000,2639.088000,1.589982
15.088000,2723.056000,16.266612
1.968000,183.024000,3.969902
32.144000,668.464000,1.991339
17.712000,1.968000,12.990627
24.272000,3207.184000,8.783475
21.648000,2317.648000,3.371668
33.456000,1476.656000,0.936862
38.704000,3211.120000,8.466406
28.208000,3127.152000,0.732668
26.896000,134.480000,4.300451
3.280000,2202.192000,6.683687
30.832000,869.200000,2.213897
21.648000,3165.200000,6.141679
34.768000,2349.136000,0.723885
11.152000,263.056000,9.362256
32.144000,12.464000,4.223194
37.392000,579.248000,2.032556
3.280000,854.768000,1.733916
22.960000,1921.424000,9.983144
7.216000,1598.672000,1.102326
16.400000,2237.616000,0.734738
29.520000,2681.072000,4.295340
29.520000,748.496000,14.642411
16.400000,1227.376000,2.178218
4.592000,1598.672000,1.297135
7.216000,1143.408000,2.261366
8.528000,1243.120000,1.114172
24.272000,1054.192000,3.309336
34.768000,1980.464000,1.559914
20.336000,1908.304000,1.263783
24.272000,277.488000,4.025352
37.392000,2450.160000,2.856579
5.904000,2603.664000,3.433343
33.456000,1219.504000,2.948907
26.896000,1823.024000,2.146036
33.456000,3135.024000,2.282243
25.584000,2416.048000,1.262641
13.776000,818.032000,1.509530
20.336000,2454.096000,3.358205
16.400000,1778.416000,6.475548
24.272000,1126.352000,2.504531
16.400000,2332.080000,4.333108
20.336000,898.064000,13.004590
7.216000,2826.704000,0.940283
34.768000,2178.576000,10.858721
0.656000,1693.136000,0.863181
3.280000,2707.312000,2.956338
25.584000,1412.368000,8.624202
5.904000,1332.336000,0.822464
32.144000,1405.808000,1.762714
3.280000,1802.032000,4.386782
24.272000,320.784000,1.637386
25.584000,2595.792000,5.251874
19.024000,2336.016000,8.626124
33.456000,1733.808000,3.968165
0.656000,1754.800000,8.115129
34.768000,2181.200000,1.064869
26.896000,1054.192000,8.541799
24.272000,1079.120000,6.040134
34.768000,777.360000,3.259005
19.024000,2465.904000,1.437139
37.392000,1819.088000,13.020873
8.528000,942.672000,2.396708
25.584000,2972.336000,11.937456
15.088000,1033.200000,0.793351
37.392000,3209.808000,4.582755
34.768000,535.952000,2.911377
19.024000,2733.552000,3.270246
30.832000,2656.144000,3.710353
7.216000,1408.432000,7.128956
13.776000,581.872000,1.963416
26.896000,2694.192000,9.409933
37.392000,1727.248000,10.624285
29.520000,1756.112000,1.952601
25.584000,2825.392000,2.899789
11.152000,970.224000,1.834466
30.832000,2496.080000,5.252256
19.024000,936.112000,2.940393
26.896000,2123.472000,6.653156
19.024000,608.112000,8.522863
24.272000,3123.216000,6.695539
7.216000,1778.416000,4.673427
21.648000,1134.224000,12.374977
4.592000,1670.832000,0.908281
9.840000,2480.336000,1.780362
34.768000,1531.760000,11.463001
22.960000,1942.416000,4.627385
9.840000,1181.456000,1.849937
1.968000,1904.368000,5.211304
28.208000,3014.320000,2.949975
17.712000,1893.872000,5.194393
17.712000,543.824000,4.522337
12.464000,2594.480000,2.740566
17.712000,3125.840000,3.792642
13.776000,2133.968000,9.127948
37.392000,798.352000,7.654724
25.584000,1252.304000,2.581607
24.272000,482.160000,0.775263
22.960000,185.648000,4.808943
29.520000,571.376000,2.734632
29.520000,968.912000,1.971268
29.520000,824.592000,0.888761
21.648000,654.032000,1.747324
12.464000,1037.136000,0.969903
21.648000,1800.720000,1.131298
30.832000,2350.448000,3.398576
22.960000,143.664000,2.621907
30.832000,2065.744000,9.566492
17.712000,806.224000,1.350229
37.392000,118.736000,1.309521
38.704000,1442.544000,2.181648
15.088000,2354.384000,10.780720
32.144000,2236.304000,7.192137
4.592000,410.000000,2.854528
32.144000,1501.584000,0.933881
21.648000,2299.280000,2.736828
13.776000,2084.112000,1.335835
26.896000,1790.224000,3.820960
16.400000,2458.032000,1.066629
3.280000,562.192000,5.079232
37.392000,618.608000,1.419823
16.400000,1076.496000,1.215011
29.520000,307.664000,1.302623
25.584000,2846.384000,2.116912
29.520000,1109.296000,3.177118
20.336000,1788.912000,2.234109
32.144000,1781.040000,6.593522
7.216000,2162.832000,1.505352
8.528000,3215.056000,13.394330
11.152000,2737.488000,2.130318
29.520000,2740.112000,5.370793
1.968000,995.152000,0.737351
9.840000,2122.160000,3.759230
20.336000,1504.208000,13.742747
37.392000,2023.760000,2.888501
30.832000,1706.256000,2.275842
25.584000,1285.104000,1.994516
36.080000,3153.392000,1.579212
11.152000,2258.608000,6.257561
13.776000,934.800000,4.713985
26.896000,354.896000,1.385444
3.280000,3217.680000,1.158426
25.584000,1064.688000,1.615277
29.520000,2973.648000,1.871220
9.840000,1963.408000,1.554606
37.392000,269.616000,1.576783
25.584000,1273.296000,1.335846
5.904000,37.392000,0.959484
21.648000,2044.752000,1.763832
19.024000,1833.520000,1.943266
5.904000,1198.512000,1.071016
7.216000,2932.976000,4.198125
8.528000,186.960000,1.889245
32.144000,1690.512000,1.343462
5.904000,2488.208000,1.129116
11.152000,777.360000,1.709887
11.152000,774.736000,1.334227
37.392000,419.184000,13.874542
3.280000,2123.472000,3.004924
37.392000,2402.928000,1.219455
36.080000,2051.312000,3.144704
9.840000,798.352000,2.576587
33.456000,1800.720000,33.001763
26.896000,1050.256000,10.566775
33.456000,1290.352000,0.812590
0.656000,848.208000,10.749735
5.904000,1316.592000,4.266330
12.464000,891.504000,1.257375
0.656000,3028.752000,1.422677
34.768000,2177.264000,11.575846
11.152000,1382.192000,3.407976
16.400000,1127.664000,12.048894
38.704000,508.400000,1.749335
22.960000,1821.712000,3.827688
26.896000,1080.432000,2.671972
32.144000,185.648000,4.771068
21.648000,2678.448000,7.041113
17.712000,3159.952000,0.858014
7.216000,1101.424000,1.193674
15.088000,517.584000,0.715096
36.080000,2043.440000,5.669464
30.832000,440.176000,4.425144
29.520000,1624.912000,5.316318
9.840000,2540.688000,2.064739
32.144000,1592.112000,1.973852
5.904000,474.288000,2.684209
3.280000,2947.408000,1.061692
11.152000,1134.224000,5.676879
26.896000,630.416000,11.322295
1.968000,311.600000,0.892191
13.776000,244.688000,0.743575
5.904000,53.136000,2.526381
5.904000,961.040000,12.139325
20.336000,2343.888000,4.060320
1.968000,2561.680000,2.225538
34.768000,1708.880000,2.492682
29.520000,253.872000,1.382562
25.584000,1076.496000,1.976008
32.144000,2165.456000,3.447571
9.840000,2556.432000,1.282920
8.528000,2207.440000,1.603928
26.896000,1795.472000,9.299143
1.968000,2845.072000,0.970572
13.776000,337.840000,2.519104
17.712000,2081.488000,6.448476
22.960000,1362.512000,5.983399
15.088000,415.248000,8.610076
36.080000,911.184000,1.484170
22.960000,2013.264000,3.232226
33.456000,1903.056000,7.460139
32.144000,430.992000,1.315444
11.152000,640.912000,4.488138
11.152000,1257.552000,1.518551
33.456000,2237.616000,7.059089
9.840000,2831.952000,2.592893
24.272000,1245.744000,7.202817
30.832000,1050.256000,0.827147
13.776000,114.800000,1.510973
32.144000,1037.136000,5.374631
25.584000,1594.736000,1.438248
8.528000,2838.512000,1.169944
24.272000,3090.416000,2.251774
37.392000,1517.328000,1.087389
30.832000,2599.728000,0.885192
16.400000,1724.624000,4.427597
32.144000,1769.232000,5.677753
25.584000,1811.216000,1.879553
7.216000,2695.504000,4.794021
16.400000,2446.224000,2.977059
26.896000,2542.000000,2.683782
38.704000,2178.576000,2.243047
1.968000,1959.472000,8.021037
38.704000,445.424000,1.470024
32.144000,1771.856000,7.430231
20.336000,1745.616000,8.243714
37.392000,996.464000,1.729277
33.456000,3093.040000,1.776377
37.392000,2279.600000,5.452558
21.648000,588.432000,0.730615
34.768000,1756.112000,3.906645
8.528000,588.432000,7.737875
29.520000,2833.264000,0.665603
30.832000,1628.848000,6.247308
20.336000,1916.176000,12.745726
21.648000,1275.920000,4.784930
3.280000,3158.640000,2.401189
32.144000,650.096000,15.959784
29.520000,2667.952000,1.728728
17.712000,2871.312000,1.604021
13.776000,2699.440000,2.737256
36.080000,1794.160000,2.588143
0.656000,2099.856000,2.473641
5.904000,2989.392000,4.636304
32.144000,2076.240000,1.071443
37.392000,3028.752000,8.926482
29.520000,3170.448000,3.057099
3.280000,1140.784000,1.089342
20.336000,891.504000,1.176748
30.832000,3154.704000,5.474642
36.080000,360.144000,4.478347
7.216000,1211.632000,4.623491
33.456000,2799.152000,4.987023
11.152000,1823.024000,1.525678
3.280000,807.536000,5.363952
13.776000,1854.512000,8.535947
5.904000,3183.568000,1.899509
3.280000,290.608000,2.048749
22.960000,2009.328000,2.734270
30.832000,1098.800000,1.205270
38.704000,2654.832000,12.861902
22.960000,1365.136000,1.407969
11.152000,2315.024000,1.168089
37.392000,400.816000,4.527999
24.272000,657.968000,2.462627
4.592000,2885.744000,4.014961
37.392000,2060.496000,2.484396
32.144000,663.216000,0.889454
19.024000,1817.776000,5.451208
32.144000,238.128000,2.133047
16.400000,2698.128000,0.829284
13.776000,314.224000,1.692791
3.280000,1711.504000,3.326352
30.832000,2506.576000,9.827300
37.392000,2623.344000,6.360242
28.208000,1607.856000,0.858001
1.968000,2733.552000,13.717926
3.280000,1248.368000,1.480725
19.024000,3121.904000,1.726997
21.648000,2845.072000,4.700353
3.280000,419.184000,1.722637
4.592000,2765.040000,8.874863
21.648000,2008.016000,6.777032
38.704000,1985.712000,0.941868
20.336000,156.784000,9.850934
37.392000,202.704000,2.785488
34.768000,844.272000,1.588873
36.080000,1038.448000,7.793526
30.832000,1563.248000,2.319969
37.392000,375.888000,5.074260
37.392000,697.328000,3.334094
8.528000,2871.312000,4.341139
34.768000,883.632000,2.214673
13.776000,478.224000,2.127815
4.592000,1519.952000,4.705509
24.272000,1348.080000,8.732954
28.208000,1316.592000,4.111902
9.840000,1477.968000,3.377294
13.776000,2951.344000,4.704871
9.840000,32.144000,8.397024
13.776000,1578.992000,23.242130
26.896000,922.992000,2.292024
33.456000,2490.832000,2.508396
5.904000,703.888000,4.790250
19.024000,996.464000,1.894189
8.528000,2139.216000,8.475307
7.216000,521.520000,4.065610
13.776000,64.944000,1.157858
30.832000,331.280000,2.632382
11.152000,2730.928000,8.435266
11.152000,11.152000,8.099297
1.968000,2439.664000,14.779980
9.840000,1215.568000,2.324984
29.520000,1388.752000,13.587074
4.592000,1089.616000,3.095137
13.776000,2636.464000,9.356284
26.896000,2396.368000,4.924911
11.152000,1756.112000,6.482850
21.648000,1188.016000,3.749303
15.088000,424.432000,8.270508
30.832000,1199.824000,4.090256
20.336000,1438.608000,8.442011
37.392000,3011.696000,6.113220
36.080000,423.120000,9.082234
28.208000,370.640000,4.309831
26.896000,413.936000,4.428213
21.648000,2111.664000,2.133411
19.024000,2259.920000,7.407667
7.216000,2350.448000,7.595802
19.024000,1950.288000,11.128258
1.968000,1900.432000,9.049683
25.584000,2502.640000,3.774989
24.272000,2347.824000,0.857746
32.144000,3007.760000,2.500081
9.840000,2922.480000,5.010577
12.464000,3104.848000,4.423803
34.768000,1947.664000,1.229204
34.768000,284.048000,3.329026
26.896000,1879.440000,2.407224
22.960000,640.912000,4.530061
12.464000,2690.256000,11.133144
32.144000,1376.944000,6.052856
4.592000,1392.688000,1.189858
9.840000,480.848000,3.060900
11.152000,1239.184000,2.377606
28.208000,2505.264000,10.214323
26.896000,3047.120000,6.283724
7.216000,3171.760000,3.821804
11.152000,947.920000,7.184028
32.144000,273.552000,1.334595
20.336000,723.568000,1.653147
36.080000,1577.680000,4.224548
12.464000,532.016000,1.981302
19.024000,911.184000,1.642653
5.904000,2511.824000,0.719321
0.656000,1316.592000,10.068798
16.400000,1404.496000,1.331933
37.392000,2406.864000,3.417059
12.464000,1718.064000,2.080272
19.024000,2661.392000,0.743881
4.592000,3083.856000,1.779243
21.648000,408.688000,2.320425
12.464000,1181.456000,1.249973
30.832000,1590.800000,1.998395
9.840000,417.872000,5.099960
26.896000,812.784000,3.603795
8.528000,2378.000000,3.052681
30.832000,3212.432000,5.642835
29.520000,3026.128000,1.138907
8.528000,403.440000,14.350334
11.152000,3217.680000,3.919776
13.776000,28.208000,3.432989
13.776000,2582.672000,1.470754
22.960000,545.136000,1.448220
28.208000,341.776000,2.897277
32.144000,160.720000,0.970192
16.400000,1893.872000,6.479746
13.776000,537.264000,1.758261
21.648000,2379.312000,0.811798
9.840000,1628.848000,6.335038
30.832000,40.016000,3.917346
30.832000,266.992000,5.311675
37.392000,3120.592000,4.500303
5.904000,1778.416000,4.817000
11.152000,870.512000,4.166770
1.968000,1134.224000,2.289125
13.776000,2720.432000,4.482364
8.528000,1341.520000,1.523989
9.840000,2639.088000,1.091938
1.968000,891.504000,3.215422
29.520000,210.576000,1.616870
19.024000,2943.472000,1.544811
22.960000,3207.184000,6.332380
20.336000,1891.248000,3.698752
37.392000,486.096000,2.841703
1.968000,596.304000,4.041644
21.648000,2759.792000,2.948633
5.904000,1618.352000,10.887115
29.520000,1004.336000,0.864764
38.704000,1543.568000,2.716684
16.400000,2416.048000,0.915093
8.528000,1056.816000,1.619565
16.400000,236.816000,8.372046
29.520000,1400.560000,8.630871
9.840000,2929.040000,3.436401
28.208000,3043.184000,2.749240
28.208000,1497.648000,0.728130
25.584000,2597.104000,3.284740
13.776000,675.024000,3.809065
28.208000,1460.912000,0.677344
0.656000,1271.984000,2.538589
37.392000,15.088000,1.148366
11.152000,1862.384000,1.011981
36.080000,2712.560000,7.566862
19.024000,3144.208000,0.717665
9.840000,1597.360000,1.686754
9.840000,1567.184000,4.891721
34.768000,2258.608000,3.006576
17.712000,888.880000,12.830385
26.896000,1815.152000,1.153896
16.400000,1438.608000,5.684244
37.392000,97.744000,3.731968
9.840000,2169.392000,1.381680
5.904000,1142.096000,12.169929
21.648000,2754.544000,11.368123
11.152000,1437.296000,7.921740
24.272000,465.104000,1.011129
29.520000,1311.344000,5.240208
24.272000,479.536000,6.085436
11.152000,1641.968000,0.745030
12.464000,790.480000,1.366881
0.656000,46.576000,7.965802
22.960000,281.424000,3.522809
22.960000,2368.816000,2.782008
8.528000,2745.360000,2.239926
32.144000,2459.344000,4.213191
38.704000,1174.896000,5.350541
26.896000,1895.184000,5.113678
22.960000,596.304000,9.935667
36.080000,2995.952000,1.077376
24.272000,3208.496000,8.640440
12.464000,1598.672000,3.647312
9.840000,1358.576000,1.062761
32.144000,2187.760000,3.043280
15.088000,1994.896000,1.190109
4.592000,3163.888000,1.000625
17.712000,1118.480000,1.788931
36.080000,2875.248000,10.788154
12.464000,2889.680000,1.249985
20.336000,2807.024000,0.925230
16.400000,614.672000,2.860091
12.464000,1298.224000,1.199020
4.592000,3066.800000,2.731461
25.584000,971.536000,1.514701
37.392000,1694.448000,3.685475
16.400000,1001.712000,6.164826
32.144000,1862.384000,0.798597
21.648000,3058.928000,8.386918
16.400000,883.632000,1.907498
24.272000,1817.776000,2.125375
4.592000,724.880000,1.208244
1.968000,1071.248000,5.220877
5.904000,1534.384000,6.108241
20.336000,610.736000,2.676388
15.088000,381.136000,1.697395
9.840000,2275.664000,1.948383
13.776000,97.744000,9.136050
37.392000,976.784000,0.954408
0.656000,362.768000,2.842277
34.768000,3061.552000,1.237576
0.656000,1017.456000,3.330694
34.768000,2372.752000,3.021942
33.456000,310.288000,7.675352
1.968000,1394.000000,5.042063
30.832000,30.832000,1.106916
24.272000,2967.088000,4.570470
21.648000,1871.568000,3.841717
24.272000,1731.184000,2.024951
3.280000,57.072000,1.440258
5.904000,1749.552000,2.109991
29.520000,146.288000,4.663020
20.336000,396.880000,1.416565
17.712000,41.328000,1.218475
11.152000,1975.216000,1.445655
24.272000,2728.304000,17.925843
33.456000,819.344000,4.057415
38.704000,2402.928000,1.556632
25.584000,2360.944000,5.510853
12.464000,2026.384000,11.862618
3.280000,2179.888000,3.822267
34.768000,1735.120000,11.426381
37.392000,1155.216000,1.303187
32.144000,2923.792000,1.112657
38.704000,2242.864000,7.092646
19.024000,1930.608000,1.495439
29.520000,2378.000000,4.779733
9.840000,181.712000,3.187801
11.152000,3079.920000,3.651202
33.456000,2391.120000,1.771213
1.968000,63.632000,2.418473
36.080000,2863.440000,1.066439
25.584000,748.496000,1.901685
12.464000,50.512000,3.214203
26.896000,1808.592000,1.177246
25.584000,386.384000,1.138401
19.024000,3183.568000,1.230005
24.272000,1942.416000,1.734352
4.592000,591.056000,4.254269
8.528000,837.712000,1.569819
3.280000,770.800000,1.112958
5.904000,513.648000,0.761987
32.144000,583.184000,4.167622
11.152000,1249.680000,1.287685
28.208000,521.520000,2.512665
21.648000,219.760000,0.906034
38.704000,836.400000,1.172417
0.656000,1962.096000,1.015489
8.528000,1003.024000,2.289908
33.456000,2783.408000,0.710924
5.904000,2170.704000,5.715962
38.704000,543.824000,1.709015
5.904000,168.592000,3.519964
28.208000,3117.968000,3.490495
38.704000,1157.840000,1.691139
19.024000,2329.456000,5.711567
13.776000,525.456000,3.312022
32.144000,1338.896000,6.941309
34.768000,882.320000,0.667427
7.216000,2628.592000,4.161539
32.144000,1741.680000,3.987731
38.704000,2067.056000,10.899689
19.024000,2227.120000,6.907176
21.648000,2430.480000,3.300050
4.592000,618.608000,2.051066
29.520000,707.824000,4.415399
11.152000,2053.936000,3.028649
17.712000,1876.816000,3.356539
33.456000,1191.952000,3.021355
9.840000,1868.944000,5.978958
5.904000,980.720000,0.885190
26.896000,2767.664000,1.841609
16.400000,550.384000,5.607352
26.896000,1352.016000,3.859448
25.584000,1308.720000,3.044680
12.464000,2547.248000,3.490911
13.776000,972.848000,1.889805
0.656000,3051.056000,10.920758
1.968000,1149.968000,10.147142
8.528000,563.504000,7.150381
7.216000,172.528000,0.658097
4.592000,1202.448000,1.443074
36.080000,1387.440000,6.174701
38.704000,433.616000,1.520519
28.208000,15.088000,3.047436
25.584000,2278.288000,3.300722
38.704000,3104.848000,1.966608
9.840000,2165.456000,8.606223
36.080000,1311.344000,4.590130
34.768000,1906.992000,2.554544
22.960000,550.384000,5.069327
7.216000,1249.680000,4.163011
36.080000,1109.296000,8.519431
21.648000,1647.216000,3.273975
3.280000,2863.440000,3.303596
20.336000,2833.264000,2.321580
20.336000,736.688000,1.676346
26.896000,1702.320000,3.342283
25.584000,265.680000,0.980921
36.080000,3013.008000,0.975041
5.904000,1355.952000,1.949273
12.464000,222.384000,11.033355
5.904000,1828.272000,4.618014
21.648000,2017.200000,1.008071
25.584000,1955.536000,2.219631
17.712000,574.000000,5.372271
21.648000,566.128000,11.270089
21.648000,1287.728000,1.264375
3.280000,2387.184000,3.467780
0.656000,2078.864000,2.032139
3.280000,630.416000,1.343545
26.896000,846.896000,1.475223
22.960000,362.768000,1.699732
16.400000,2249.424000,2.101141
25.584000,909.872000,1.636606
28.208000,529.392000,15.261128
30.832000,2654.832000,1.915389
26.896000,2643.024000,1.827857
9.840000,1694.448000,7.164345
21.648000,290.608000,1.027896
5.904000,2863.440000,4.807458
33.456000,368.016000,1.165833
15.088000,1271.984000,7.927843
36.080000,2804.400000,1.815286
36.080000,2498.704000,6.817704
32.144000,2837.200000,3.711546
33.456000,2111.664000,1.832157
36.080000,1685.264000,2.469477
26.896000,3128.464000,2.040821
7.216000,3187.504000,1.477201
26.896000,2359.632000,2.611008
7.216000,1816.464000,1.321392
37.392000,1925.360000,2.746717
25.584000,413.936000,1.930418
22.960000,898.064000,4.318837
19.024000,2439.664000,5.178502
38.704000,2771.600000,6.713522
21.648000,1303.472000,0.759051
34.768000,455.920000,2.301809
30.832000,282.736000,1.793201
24.272000,2008.016000,1.164224
17.712000,2706.000000,4.250569
20.336000,1119.792000,1.083887
29.520000,2761.104000,6.303335
7.216000,306.352000,5.805054
21.648000,869.200000,3.851658
29.520000,723.568000,2.677834
22.960000,2278.288000,1.306732
38.704000,1159.152000,2.651212
21.648000,333.904000,1.855590
33.456000,1132.912000,6.170895
36.080000,1661.648000,1.695828
0.656000,3077.296000,5.845603
37.392000,1138.160000,3.466462
21.648000,280.112000,3.627608
26.896000,490.032000,3.263536
0.656000,2666.640000,2.113465
24.272000,741.936000,2.884330
17.712000,1727.248000,1.222538
30.832000,2661.392000,0.828806
20.336000,2186.448000,1.996136
37.392000,225.008000,5.524158
26.896000,2666.640000,6.470717
20.336000,470.352000,7.354160
16.400000,1371.696000,2.475392
4.592000,171.216000,4.211144
16.400000,2051.312000,10.068300
0.656000,150.224000,1.168890
26.896000,1407.120000,4.106779
8.528000,1447.792000,7.117676
29.520000,2747.984000,2.826493
1.968000,912.496000,3.657876
24.272000,1407.120000,1.357950
38.704000,850.832000,2.315550
15.088000,2444.912000,6.995498
22.960000,2015.888000,6.677724
11.152000,3003.824000,1.433969
4.592000,451.984000,6.775327
16.400000,13.776000,2.148847
16.400000,2847.696000,3.597080
7.216000,743.248000,3.350084
22.960000,563.504000,1.685114
33.456000,1763.984000,2.047974
11.152000,895.440000,3.219713
22.960000,2711.248000,1.464278
4.592000,2106.416000,4.470051
17.712000,2102.480000,1.567101
17.712000,2341.264000,7.141990
13.776000,1878.128000,4.491130
13.776000,2791.280000,1.793668
13.776000,41.328000,2.947647
25.584000,992.528000,3.211032
28.208000,917.744000,12.567688
3.280000,1575.056000,4.794739
3.280000,2643.024000,4.303105
28.208000,2325.520000,5.768504
25.584000,1664.272000,0.991717
9.840000,1691.824000,4.218388
26.896000,1384.816000,11.157124
26.896000,999.088000,3.131628
3.280000,2562.992000,6.041260
1.968000,2863.440000,0.835507
32.144000,2618.096000,5.774818
28.208000,1421.552000,5.084007
13.776000,1903.056000,6.283694
22.960000,2126.096000,1.057246
36.080000,1328.400000,1.912140
16.400000,2922.480000,17.956526
25.584000,1887.312000,8.092655
37.392000,823.280000,2.971810
25.584000,1729.872000,3.513397
8.528000,690.768000,1.835205
24.272000,2144.464000,1.465047
32.144000,500.528000,1.012981
36.080000,1319.216000,2.900985
22.960000,2859.504000,3.075160
16.400000,1964.720000,2.543197
34.768000,529.392000,10.589702
7.216000,2343.888000,4.378347
12.464000,1807.280000,2.694185
9.840000,2742.736000,5.704422
5.904000,2708.624000,5.560032
8.528000,1859.760000,1.515492
15.088000,2208.752000,8.061526
5.904000,1790.224000,5.313630
5.904000,3006.448000,6.918366
38.704000,1535.696000,10.026231
34.768000,2934.288000,2.974465
15.088000,2500.016000,4.756519
21.648000,2896.240000,1.244795
38.704000,3180.944000,1.096173
9.840000,1201.136000,1.693024
17.712000,1058.128000,1.112304
1.968000,2220.560000,4.629717
11.152000,387.696000,7.495123
7.216000,1275.920000,6.365729
26.896000,16.400000,10.274652
7.216000,419.184000,1.411710
21.648000,148.912000,6.868547
21.648000,2749.296000,4.570780
13.776000,1821.712000,1.471804
8.528000,1845.328000,2.258164
0.656000,2726.992000,3.206951
19.024000,475.600000,0.939699
11.152000,693.392000,2.878421
15.088000,799.664000,1.832537
12.464000,811.472000,5.706231
1.968000,1265.424000,3.355055
4.592000,1510.768000,8.080508
9.840000,180.400000,3.256633
11.152000,1933.232000,4.257906
20.336000,1481.904000,1.228872
32.144000,2077.552000,9.537352
28.208000,3077.296000,1.148047
37.392000,997.776000,3.682417
17.712000,2307.152000,5.976007
19.024000,2050.000000,0.826456
3.280000,2203.504000,0.887308
24.272000,567.440000,5.697906
21.648000,1239.184000,2.054254
13.776000,2943.472000,2.649941
20.336000,117.424000,0.729590
36.080000,2206.128000,2.745330
13.776000,2076.240000,2.149309
9.840000,854.768000,4.672092
8.528000,1359.888000,0.772163
24.272000,570.064000,2.665697
38.704000,617.296000,10.333117
34.768000,213.200000,17.634989
20.336000,144.976000,3.726601
33.456000,594.992000,3.732695
37.392000,3074.672000,4.500036
7.216000,1935.856000,1.459625
3.280000,2446.224000,5.914315
28.208000,2599.728000,1.040671
29.520000,668.464000,6.062747
34.768000,2871.312000,3.927952
16.400000,55.760000,6.891097
11.152000,2346.512000,0.915437
33.456000,1418.928000,3.340457
36.080000,937.424000,1.437142
28.208000,1924.048000,1.425839
36.080000,337.840000,6.973203
26.896000,129.232000,3.234108
16.400000,1577.680000,2.275839
17.712000,251.248000,1.974300
37.392000,64.944000,5.791594
8.528000,1937.168000,2.105095
8.528000,2612.848000,2.889885
38.704000,2606.288000,1.038867
12.464000,2625.968000,2.958175
16.400000,514.960000,1.128497
21.648000,1891.248000,1.345035
7.216000,2131.344000,5.497831
12.464000,1976.528000,4.182339
0.656000,600.240000,3.283317
24.272000,26.896000,2.926058
19.024000,2703.376000,1.315400
38.704000,3007.760000,2.736880
1.968000,673.712000,12.100569
4.592000,2216.624000,0.892490
5.904000,1681.328000,1.052893
9.840000,1172.272000,1.097593
15.088000,1665.584000,4.599734
8.528000,21.648000,1.388271
0.656000,797.040000,6.167825
20.336000,591.056000,1.104247
9.840000,541.200000,0.883150
9.840000,1480.592000,3.369385
19.024000,420.496000,0.973466
30.832000,1861.072000,2.538649
15.088000,1912.240000,2.755935
26.896000,3035.312000,2.798415
11.152000,3001.200000,4.786191
34.768000,2467.216000,3.027601
1.968000,123.984000,6.646231
29.520000,2200.880000,14.799529
19.024000,3127.152000,0.808089
32.144000,1901.744000,6.619160
38.704000,1634.096000,0.885548
25.584000,3215.056000,5.669157
9.840000,2880.496000,12.136034
34.768000,2673.200000,7.107301
36.080000,1851.888000,3.500351
16.400000,12.464000,3.238547
36.080000,807.536000,1.388307
30.832000,1813.840000,0.831002
11.152000,228.944000,0.699702
13.776000,30.832000,11.738999
38.704000,106.928000,6.560052
32.144000,697.328000,1.148790
34.768000,1369.072000,6.235681
30.832000,1059.440000,3.057706
29.520000,1496.336000,2.151131
17.712000,2750.608000,3.881915
34.768000,1076.496000,1.941889
5.904000,567.440000,7.175758
16.400000,2988.080000,4.172419
16.400000,425.744000,10.093693
19.024000,2112.976000,3.207487
37.392000,496.592000,4.701299
11.152000,1013.520000,4.679866
16.400000,962.352000,1.131328
12.464000,1683.952000,1.410520
25.584000,1218.192000,2.677568
38.704000,1146.032000,11.650828
19.024000,2208.752000,0.998248
20.336000,1483.216000,1.569893
20.336000,2120.848000,2.071827
4.592000,3209.808000,4.254880
12.464000,57.072000,0.731454
36.080000,2190.384000,3.442318
29.520000,647.472000,1.210298
12.464000,231.568000,0.783845
19.024000,2078.864000,8.889077
13.776000,639.600000,5.253045
25.584000,381.136000,3.297841
25.584000,2397.680000,1.401257
24.272000,1013.520000,11.908613
32.144000,2990.704000,7.022814
26.896000,1867.632000,4.481274
9.840000,2741.424000,6.620429
37.392000,2969.712000,1.260729
22.960000,2094.608000,3.546831
15.088000,1038.448000,4.639581
12.464000,3178.320000,4.681514
32.144000,2620.720000,3.342890
30.832000,118.736000,1.394350
24.272000,2175.952000,1.193838
15.088000,1568.496000,5.642374
0.656000,2181.200000,3.424018
37.392000,827.216000,2.687906
5.904000,2644.336000,6.170644
24.272000,1783.664000,8.676997
3.280000,1064.688000,1.775190
28.208000,1657.712000,6.800394
26.896000,2960.528000,1.825862
22.960000,2901.488000,12.649134
17.712000,1260.176000,1.115961
24.272000,2305.840000,2.025747
3.280000,720.944000,4.290094
28.208000,1590.800000,9.085771
1.968000,1337.584000,6.641429
26.896000,2053.936000,1.197536
8.528000,970.224000,3.189187
33.456000,1498.960000,2.466300
37.392000,1146.032000,4.727827
30.832000,2969.712000,1.351993
29.520000,200.080000,23.299767
21.648000,1942.416000,1.103942
4.592000,899.376000,1.954489
20.336000,247.312000,0.716496
3.280000,1329.712000,8.661548
32.144000,1081.744000,12.402028
25.584000,1719.376000,1.428087
8.528000,2379.312000,10.219772
3.280000,70.192000,6.516865
5.904000,2368.816000,3.641591
22.960000,619.920000,1.913713
3.280000,143.664000,1.307751
25.584000,2141.840000,2.414346
9.840000,450.672000,1.076812
22.960000,1748.240000,0.864801
32.144000,472.976000,9.333563
21.648000,1853.200000,5.014677
32.144000,2993.328000,1.488214
29.520000,2122.160000,1.016666
36.080000,497.904000,9.332123
33.456000,434.928000,4.383960
12.464000,665.840000,5.031001
17.712000,3131.088000,6.859686
12.464000,1306.096000,0.709102
28.208000,165.968000,2.082613
15.088000,2164.144000,2.335451
0.656000,2273.040000,6.685386
20.336000,2681.072000,7.687261
24.272000,2385.872000,1.876215
33.456000,1934.544000,4.929258
22.960000,2955.280000,2.516247
0.656000,811.472000,2.786595
1.968000,1962.096000,7.077242
37.392000,2712.560000,0.957603
3.280000,2368.816000,1.031262
12.464000,3153.392000,7.050063
20.336000,1307.408000,1.226156
29.520000,3039.248000,4.740460
25.584000,845.584000,3.262999
30.832000,1185.392000,2.514277
36.080000,2389.808000,2.633531
7.216000,3192.752000,3.115368
21.648000,3128.464000,1.073007
9.840000,2076.240000,4.340273
1.968000,1697.072000,5.649271
22.960000,598.928000,0.831665
15.088000,2998.576000,2.856276
25.584000,2004.080000,7.299091
26.896000,1651.152000,0.693348
9.840000,765.552000,0.959278
20.336000,2787.344000,3.292403
36.080000,1825.648000,1.231360
1.968000,2341.264000,1.659351
0.656000,2585.296000,4.401698
16.400000,2357.008000,3.296237
30.832000,542.512000,6.560178
29.520000,2400.304000,2.039239
19.024000,1271.984000,6.585549
36.080000,2671.888000,0.711803
4.592000,1310.032000,3.291580
38.704000,1243.120000,2.460818
7.216000,1530.448000,1.179353
24.272000,1804.656000,8.683689
24.272000,887.568000,0.762308
19.024000,339.152000,22.289938
32.144000,770.800000,1.133147
34.768000,1.968000,2.847800
15.088000,2973.648000,14.645166
13.776000,871.824000,5.659129
22.960000,1282.480000,3.308461
24.272000,184.336000,0.831648
32.144000,1934.544000,1.443824
19.024000,1143.408000,4.833910
25.584000,2950.032000,8.763835
4.592000,2469.840000,4.799322
21.648000,2826.704000,7.951479
7.216000,724.880000,1.937604
1.968000,1039.760000,1.101268
28.208000,2821.456000,1.715639
22.960000,175.152000,2.897479
16.400000,232.880000,2.336058
7.216000,3165.200000,2.999722
19.024000,1105.360000,1.691918
9.840000,1900.432000,6.271018
8.528000,922.992000,4.916740
4.592000,663.216000,4.481459
21.648000,1547.504000,6.610651
3.280000,1244.432000,0.967080
4.592000,475.600000,2.155325
16.400000,500.528000,3.437425
3.280000,848.208000,2.325566
33.456000,2925.104000,4.681414
36.080000,980.720000,1.432108
20.336000,109.552000,15.239051
21.648000,155.472000,7.270374
13.776000,1918.800000,1.222309
9.840000,3119.280000,7.634852
25.584000,1355.952000,1.234605
32.144000,147.600000,9.433262
20.336000,1774.480000,5.331245
0.656000,2528.880000,8.657015
12.464000,2050.000000,7.667224
5.904000,3095.664000,2.255099
25.584000,1201.136000,2.455547
16.400000,2576.112000,2.342765
0.656000,3104.848000,9.557391
11.152000,1578.992000,4.271619
1.968000,184.336000,8.458399
28.208000,2578.736000,1.725938
25.584000,1687.888000,1.210673
32.144000,705.200000,7.092841
28.208000,1597.360000,6.580495
29.520000,631.728000,3.773942
20.336000,551.696000,4.639455
38.704000,1233.936000,0.980382
30.832000,1896.496000,5.877712
20.336000,78.064000,3.906378
36.080000,2759.792000,3.702191
34.768000,2263.856000,1.969993
21.648000,1681.328000,4.111121
34.768000,1900.432000,1.570928
16.400000,703.888000,3.958099
19.024000,840.336000,5.242236
12.464000,717.008000,4.870868
36.080000,2000.144000,1.899875
17.712000,648.784000,5.373422
21.648000,2838.512000,0.998664
17.712000,3216.368000,1.223620
36.080000,251.248000,2.621684
19.024000,545.136000,1.528744
0.656000,962.352000,11.370575
22.960000,1195.888000,1.133603
3.280000,2057.872000,3.705628
11.152000,1459.600000,1.655524
17.712000,3054.992000,3.677293
9.840000,312.912000,4.040025
30.832000,2826.704000,1.562724
15.088000,2070.992000,1.356879
20.336000,228.944000,13.533359
15.088000,68.880000,1.457180
9.840000,1367.760000,6.084928
15.088000,1315.280000,4.836287
0.656000,546.448000,1.769397
13.776000,1972.592000,0.917235
38.704000,1319.216000,16.469698
8.528000,2741.424000,2.838772
9.840000,912.496000,2.518132
30.832000,1463.536000,8.082868
36.080000,1889.936000,1.383549
25.584000,2657.456000,7.145521
9.840000,751.120000,4.180665
4.592000,2897.552000,7.796072
1.968000,2812.272000,2.813618
30.832000,1500.272000,1.753376
37.392000,2997.264000,5.317313
36.080000,478.224000,6.049604
12.464000,105.616000,2.683868
9.840000,2290.096000,1.219482
8.528000,1711.504000,1.753549
28.208000,152.848000,2.860300
9.840000,735.376000,2.068890
30.832000,608.112000,2.968553
9.840000,1105.360000,0.945165
24.272000,777.360000,13.698633
8.528000,528.080000,1.343867
13.776000,1374.320000,4.139689
21.648000,2639.088000,1.218541
24.272000,1714.128000,19.428165
26.896000,425.744000,2.792150
5.904000,1883.376000,1.428728
19.024000,1750.864000,2.517683
21.648000,270.928000,15.653025
19.024000,305.040000,7.814466
30.832000,741.936000,2.873099
25.584000,1399.248000,5.753814
5.904000,2889.680000,5.932138
3.280000,1724.624000,8.077481
38.704000,2448.848000,1.911907
37.392000,167.280000,11.408877
19.024000,3077.296000,2.070868
13.776000,2284.848000,5.132604
11.152000,230.256000,0.685416
34.768000,1590.800000,0.801417
3.280000,1699.696000,2.650881
3.280000,950.544000,3.865301
11.152000,508.400000,3.283392
33.456000,391.632000,0.981309
37.392000,1063.376000,1.605331
5.904000,2856.880000,2.055244
37.392000,1084.368000,2.447369
37.392000,1027.952000,1.568846
15.088000,259.120000,2.315884
37.392000,2189.072000,4.646186
37.392000,978.096000,1.082528
4.592000,1122.416000,1.518036
13.776000,2354.384000,7.596051
36.080000,1628.848000,0.714534
9.840000,22.960000,1.906085
32.144000,1188.016000,1.162472
3.280000,2090.672000,2.791599
21.648000,236.816000,1.586279
4.592000,197.456000,3.055066
5.904000,2145.776000,0.852562
8.528000,1968.656000,5.824994
32.144000,892.816000,5.119917
7.216000,836.400000,3.084199
5.904000,2388.496000,15.987147
7.216000,1004.336000,0.974981
34.768000,2233.680000,5.508805
33.456000,1317.904000,9.398946
33.456000,2282.224000,1.447238
25.584000,2370.128000,1.500581
11.152000,222.384000,2.237960
4.592000,1847.952000,2.070380
17.712000,940.048000,6.689344
20.336000,1069.936000,2.898699
11.152000,2026.384000,7.420850
11.152000,657.968000,0.804653
25.584000,1363.824000,3.900576
3.280000,2750.608000,1.492695
38.704000,612.048000,1.953675
36.080000,1989.648000,1.008064
15.088000,217.136000,2.777713
37.392000,3051.056000,5.356203
26.896000,1745.616000,1.666914
16.400000,301.104000,4.270539
12.464000,448.048000,2.739077
11.152000,2489.520000,1.046198
33.456000,1006.960000,2.537769
5.904000,1714.128000,5.398102
24.272000,1233.936000,0.919249
37.392000,381.136000,4.657940
7.216000,2648.272000,4.170073
34.768000,2603.664000,5.390027
34.768000,2708.624000,1.182785
38.704000,509.712000,3.325561
32.144000,1160.464000,9.499212
25.584000,2675.824000,2.614483
36.080000,1294.288000,13.963669
20.336000,434.928000,3.162460
29.520000,117.424000,0.679834
16.400000,28.208000,3.440820
4.592000,2610.224000,3.573804
34.768000,887.568000,3.128394
30.832000,1847.952000,3.923104
32.144000,429.680000,3.218239
22.960000,2456.720000,8.097504
5.904000,1980.464000,3.186707
17.712000,2566.928000,9.968623
38.704000,1256.240000,1.329783
37.392000,197.456000,3.862205
19.024000,30.832000,4.764336
25.584000,2353.072000,1.710721
37.392000,2011.952000,4.090530
22.960000,1014.832000,15.668191
38.704000,202.704000,1.199650
1.968000,2001.456000,2.994643
13.776000,1670.832000,2.575945
24.272000,2131.344000,4.861522
3.280000,2652.208000,2.771781
7.216000,2562.992000,1.517296
34.768000,2824.080000,5.161132
15.088000,47.888000,4.764481
5.904000,846.896000,1.549052
21.648000,1228.688000,2.104160
17.712000,2013.264000,9.328443
8.528000,1913.552000,3.670130
36.080000,2706.000000,0.778029
25.584000,2671.888000,1.090287
34.768000,2336.016000,3.132562
16.400000,1725.936000,3.467226
29.520000,2784.720000,1.143744
11.152000,1538.320000,4.077081
26.896000,49.200000,0.940482
28.208000,2549.872000,2.302423
5.904000,358.832000,1.908126
11.152000,3069.424000,3.389365
34.768000,2986.768000,2.850141
21.648000,1271.984000,2.963420
11.152000,385.072000,3.713673
20.336000,1491.088000,4.528296
9.840000,2047.376000,2.904986
1.968000,1529.136000,1.711149
30.832000,301.104000,1.947273
9.840000,1050.256000,1.448177
34.768000,2505.264000,0.912452
9.840000,2889.680000,10.568504
24.272000,1047.632000,16.184360
19.024000,78.064000,4.518499
1.968000,535.952000,4.249039
22.960000,1638.032000,1.578089
3.280000,46.576000,1.011573
8.528000,20.336000,6.705386
32.144000,235.504000,0.787480
30.832000,1895.184000,6.195755
5.904000,1750.864000,9.445910
12.464000,256.496000,11.596525
22.960000,2384.560000,1.532368
11.152000,1329.712000,1.048701
11.152000,2124.784000,5.354056
11.152000,1412.368000,4.607128
28.208000,2733.552000,7.790255
34.768000,2620.720000,2.688965
30.832000,356.208000,3.635011
36.080000,3106.160000,1.348369
16.400000,2911.984000,1.124384
1.968000,11.152000,1.647798
33.456000,2801.776000,0.766498
38.704000,2467.216000,3.807539
28.208000,3161.264000,5.106198
22.960000,378.512000,3.365315
16.400000,2501.328000,4.232814
0.656000,2292.720000,8.541423
38.704000,32.144000,6.842162
3.280000,619.920000,1.195478
19.024000,1876.816000,1.962531
1.968000,743.248000,10.483415
8.528000,2629.904000,4.894474
7.216000,2376.688000,3.679385
17.712000,2387.184000,6.288276
30.832000,2013.264000,9.233557
34.768000,2460.656000,1.427534
7.216000,697.328000,0.830688
8.528000,2867.376000,3.862341
8.528000,1929.296000,1.009657
1.968000,3133.712000,2.733689
33.456000,252.560000,2.866574
5.904000,3150.768000,0.853981
20.336000,2102.480000,10.294653
19.024000,1695.760000,1.511162
28.208000,1350.704000,12.314149
4.592000,1602.608000,2.812391
8.528000,1933.232000,3.097752
36.080000,1232.624000,0.772309
8.528000,2556.432000,0.695131
1.968000,2587.920000,1.808234
30.832000,1639.344000,0.857828
9.840000,394.256000,0.906275
16.400000,2725.680000,1.188090
37.392000,3169.136000,1.987299
5.904000,741.936000,16.022162
5.904000,354.896000,2.793457
37.392000,2879.184000,3.026451
3.280000,3087.792000,5.797286
9.840000,109.552000,5.734990
9.840000,1837.456000,3.005283
1.968000,3044.496000,1.005433
15.088000,2503.952000,2.908881
3.280000,2316.336000,1.416069
3.280000,2056.560000,0.677750
25.584000,2406.864000,4.808390
34.768000,1722.000000,1.018106
9.840000,2119.536000,2.771688
25.584000,3204.560000,0.694783
4.592000,2380.624000,3.298213
3.280000,1216.880000,0.881341
25.584000,814.096000,2.024583
34.768000,837.712000,6.740004
8.528000,1677.392000,2.495132
25.584000,1703.632000,3.326967
11.152000,2628.592000,4.350816
1.968000,1794.160000,0.850349
29.520000,949.232000,7.067245
28.208000,158.096000,7.681545
36.080000,33.456000,1.045888
26.896000,613.360000,1.035215
38.704000,2856.880000,1.763886
13.776000,88.560000,5.277228
0.656000,1235.248000,1.607321
28.208000,3007.760000,3.258549
33.456000,2505.264000,2.926340
12.464000,2581.360000,0.749436
9.840000,2404.240000,1.018028
7.216000,2730.928000,2.806354
32.144000,1025.328000,3.349481
11.152000,559.568000,0.726549
3.280000,2133.968000,6.403064
32.144000,1435.984000,2.354485
13.776000,1603.920000,4.122822
20.336000,781.296000,0.668832
38.704000,1758.736000,0.732321
32.144000,568.752000,5.037750
20.336000,1077.808000,1.940695
26.896000,1064.688000,3.295660
38.704000,2299.280000,5.347805
26.896000,2469.840000,3.045709
4.592000,429.680000,1.876037
11.152000,1656.400000,5.016710
1.968000,113.488000,7.276328
12.464000,1960.784000,2.697095
36.080000,945.296000,2.222838
7.216000,295.856000,8.563480
22.960000,2053.936000,2.331778
1.968000,2011.952000,0.918979
26.896000,192.208000,0.769194
15.088000,2000.144000,3.410124
32.144000,2151.024000,3.046078
25.584000,105.616000,8.306321
32.144000,1060.752000,7.811640
36.080000,2677.136000,2.305297
24.272000,453.296000,1.854548
7.216000,2688.944000,9.048775
33.456000,1997.520000,4.686654
37.392000,546.448000,4.253340
24.272000,446.736000,2.202627
25.584000,302.416000,1.278178
34.768000,2913.296000,1.111029
12.464000,2048.688000,0.945972
28.208000,4.592000,2.684885
37.392000,533.328000,6.410585
15.088000,226.320000,0.937434
34.768000,1771.856000,3.457206
19.024000,680.272000,7.244960
36.080000,1620.976000,4.906314
33.456000,2169.392000,0.897340
15.088000,1749.552000,4.475527
7.216000,2536.752000,6.932395
3.280000,2946.096000,4.359802
1.968000,2313.712000,7.252348
26.896000,1383.504000,2.638547
20.336000,1102.736000,4.353976
0.656000,80.688000,9.842016
17.712000,210.576000,11.680132
32.144000,2498.704000,6.752137
11.152000,113.488000,3.860976
21.648000,2097.232000,1.202712
38.704000,155.472000,0.672595
28.208000,2654.832000,2.980956
38.704000,2308.464000,6.332049
32.144000,1914.864000,1.307436
3.280000,1128.976000,1.625265
16.400000,862.640000,2.707321
21.648000,201.392000,1.884289
8.528000,3162.576000,1.163137
37.392000,1935.856000,3.463090
37.392000,378.512000,7.399063
11.152000,608.112000,10.560061
9.840000,1219.504000,1.768250
9.840000,1143.408000,4.384750
7.216000,252.560000,1.169132
11.152000,2476.400000,2.605672
26.896000,2455.408000,1.353449
28.208000,1883.376000,2.344664
32.144000,3198.000000,0.731732
11.152000,2099.856000,3.153186
36.080000,2847.696000,2.075212
20.336000,1319.216000,3.691432
11.152000,2473.776000,0.694972
24.272000,2536.752000,6.455531
20.336000,1059.440000,3.767317
3.280000,320.784000,4.291749
37.392000,2160.208000,3.202181
34.768000,2527.568000,0.683698
36.080000,1572.432000,1.927353
33.456000,2732.240000,2.845303
3.280000,2786.032000,3.162840
16.400000,281.424000,7.018523
38.704000,1770.544000,5.782265
30.832000,2099.856000,1.379798
30.832000,2774.224000,0.822072
17.712000,150.224000,9.817650
36.080000,2708.624000,4.652345
33.456000,1718.064000,6.067422
25.584000,2942.160000,4.576996
36.080000,2934.288000,1.138785
15.088000,2322.896000,1.483941
16.400000,3031.376000,0.811840
9.840000,1439.920000,5.874487
34.768000,681.584000,2.572558
0.656000,1980.464000,5.565902
26.896000,610.736000,1.314061
20.336000,2175.952000,1.611547
7.216000,2606.288000,5.765893
16.400000,2238.928000,0.716390
21.648000,752.432000,3.258860
12.464000,3049.744000,5.026422
8.528000,1363.824000,0.880393
15.088000,2762.416000,2.955691
7.216000,1109.296000,2.388572
19.024000,2101.168000,2.213813
11.152000,773.424000,2.699521
19.024000,1685.264000,1.706888
12.464000,929.552000,0.698928
9.840000,78.064000,8.837198
7.216000,685.520000,0.874613
30.832000,2555.120000,2.493156
21.648000,778.672000,4.884169
3.280000,2452.784000,3.979161
12.464000,1199.824000,16.648472
17.712000,1367.760000,3.341475
20.336000,701.264000,8.563844
13.776000,1758.736000,3.777406
22.960000,1404.496000,6.587066
34.768000,1083.056000,0.966207
34.768000,246.000000,1.049861
0.656000,1816.464000,4.508634
9.840000,3054.992000,0.842891
30.832000,3049.744000,1.060294
11.152000,1533.072000,3.222620
30.832000,144.976000,7.306982
24.272000,1674.768000,1.066354
7.216000,1980.464000,3.282258
32.144000,211.888000,0.838601
29.520000,2839.824000,1.034395
16.400000,609.424000,2.171101
15.088000,600.240000,3.229701
4.592000,466.416000,3.335618
4.592000,1966.032000,6.335086
13.776000,2446.224000,5.706302
28.208000,1791.536000,2.503039
15.088000,797.040000,0.863653
4.592000,1582.928000,1.670129
17.712000,2826.704000,1.275687
33.456000,3062.864000,2.702776
11.152000,2128.720000,4.795920
26.896000,1837.456000,1.640157
36.080000,2559.056000,7.141657
24.272000,1813.840000,2.028173
37.392000,2065.744000,7.249219
1.968000,130.544000,13.790474
16.400000,310.288000,3.745642
25.584000,0.656000,4.025934
4.592000,1.968000,0.975780
9.840000,2835.888000,1.488592
13.776000,958.416000,0.903160
30.832000,2182.512000,1.109665
32.144000,3013.008000,4.427268
20.336000,1260.176000,2.815284
26.896000,1732.496000,9.521835
22.960000,2877.872000,21.123382
15.088000,2961.840000,2.374909
15.088000,2232.368000,1.259348
5.904000,2902.800000,4.746568
3.280000,1392.688000,2.902276
25.584000,2221.872000,4.097091
24.272000,1212.944000,11.332189
34.768000,2825.392000,2.362473
36.080000,682.896000,0.779993
19.024000,740.624000,4.023294
16.400000,650.096000,2.513150
28.208000,2162.832000,1.453395
13.776000,2612.848000,3.083914
15.088000,154.160000,3.332712
5.904000,1349.392000,3.145005
30.832000,2502.640000,0.713972
0.656000,1031.888000,2.143095
1.968000,434.928000,1.515320
26.896000,1750.864000,4.239942
3.280000,88.560000,1.046328
36.080000,533.328000,4.957139
4.592000,348.336000,1.529726
36.080000,2870.000000,5.999470
12.464000,974.160000,6.849498
24.272000,1687.888000,0.953060
16.400000,2783.408000,4.853602
17.712000,1853.200000,3.546364
0.656000,1056.816000,2.435958
20.336000,1474.032000,1.286970
34.768000,567.440000,7.482019
28.208000,2404.240000,1.887186
30.832000,1088.304000,3.265520
21.648000,2429.168000,3.586087
16.400000,1344.144000,4.030616
19.024000,758.992000,0.824809
20.336000,139.728000,8.105829
20.336000,2545.936000,4.080103
24.272000,1868.944000,1.245420
29.520000,1527.824000,1.196028
19.024000,2620.720000,1.185517
5.904000,2901.488000,1.124741
11.152000,2841.136000,6.646583
32.144000,287.984000,1.663993
26.896000,3146.832000,1.082635
32.144000,1123.728000,0.963739
34.768000,1098.800000,13.116257
25.584000,532.016000,0.764125
21.648000,2564.304000,7.417196
0.656000,1321.840000,6.139944
8.528000,730.128000,7.074901
36.080000,200.080000,1.982182
34.768000,381.136000,5.932806
38.704000,2304.528000,1.710906
34.768000,470.352000,0.684967
26.896000,221.072000,7.138113
22.960000,1030.576000,2.286153
30.832000,1638.032000,3.048439
0.656000,165.968000,2.813926
34.768000,1783.664000,1.779086
26.896000,800.976000,4.432664
1.968000,1218.192000,3.917548
11.152000,614.672000,7.957444
16.400000,2581.360000,1.396933
4.592000,1088.304000,3.723113
24.272000,879.696000,5.608921
13.776000,457.232000,4.679697
32.144000,635.664000,4.193658
4.592000,2308.464000,4.351147
0.656000,1802.032000,2.378358
17.712000,1439.920000,2.627321
38.704000,581.872000,5.046168
33.456000,2357.008000,3.525499
22.960000,2276.976000,3.432217
25.584000,3069.424000,1.459193
38.704000,559.568000,2.253127
26.896000,3087.792000,2.216398
11.152000,2578.736000,7.254416
12.464000,570.064000,1.971925
7.216000,535.952000,6.336260
19.024000,1927.984000,2.982430
38.704000,2817.520000,1.572112
21.648000,1865.008000,1.550197
22.960000,2296.656000,7.603568
26.896000,462.480000,1.502771
12.464000,1922.736000,2.471832
3.280000,993.840000,1.996532
5.904000,3201.936000,7.562390
8.528000,1323.152000,1.445054
16.400000,988.592000,8.178210
8.528000,1850.576000,2.582601
3.280000,1872.880000,0.867290
36.080000,1891.248000,4.492073
4.592000,1143.408000,4.612282
21.648000,2338.640000,9.175687
36.080000,3177.008000,11.075139
7.216000,997.776000,0.850325
15.088000,1925.360000,0.808072
32.144000,507.088000,8.924385
9.840000,1332.336000,2.538437
1.968000,47.888000,15.780921
12.464000,1699.696000,0.938006
34.768000,1698.384000,0.905271
25.584000,684.208000,4.248158
33.456000,1913.552000,6.603485
8.528000,2866.064000,0.809191
34.768000,1212.944000,0.742155
1.968000,3064.176000,1.719997
0.656000,2014.576000,1.613501
30.832000,131.856000,7.062405
16.400000,926.928000,3.197426
15.088000,2107.728000,2.118748
11.152000,1766.608000,6.637154
37.392000,2845.072000,6.546147
26.896000,1855.824000,1.013834
16.400000,3222.928000,3.443793
32.144000,1174.896000,2.884498
19.024000,1102.736000,14.048315
22.960000,2438.352000,12.594839
20.336000,2775.536000,2.430553
36.080000,2952.656000,1.279931
32.144000,1563.248000,0.937928
21.648000,2569.552000,4.789665
13.776000,1248.368000,4.709738
4.592000,1752.176000,1.810342
7.216000,3211.120000,1.245865
22.960000,2330.768000,3.029024
20.336000,787.856000,0.835772
13.776000,3037.936000,5.866905
24.272000,900.688000,11.773507
30.832000,2255.984000,0.806130
24.272000,374.576000,6.390771
3.280000,2535.440000,9.279959
33.456000,664.528000,4.431211
9.840000,1424.176000,1.118516
21.648000,1833.520000,8.357450
20.336000,1212.944000,1.470699
19.024000,974.160000,1.188135
25.584000,2046.064000,0.834988
30.832000,1445.168000,3.027887
22.960000,58.384000,1.229749
30.832000,2404.240000,1.116610
15.088000,2988.080000,2.140853
33.456000,1620.976000,1.419072
12.464000,647.472000,8.859560
20.336000,1442.544000,2.200306
33.456000,799.664000,0.814150
30.832000,173.840000,9.290239
12.464000,1640.656000,5.462988
33.456000,689.456000,6.961866
36.080000,2246.800000,1.646513
36.080000,1359.888000,11.689009
5.904000,2711.248000,0.983875
4.592000,3.280000,6.807976
17.712000,1424.176000,11.195585
4.592000,257.808000,7.553468
32.144000,513.648000,4.838652
38.704000,1161.776000,1.498168
12.464000,642.224000,4.657675
11.152000,2526.256000,3.567186
28.208000,169.904000,0.988457
36.080000,2674.512000,1.863183
3.280000,1526.512000,0.913814
25.584000,2131.344000,1.572586
16.400000,1578.992000,1.008028
8.528000,657.968000,1.452615
12.464000,2153.648000,2.282622
24.272000,1324.464000,7.745689
8.528000,1624.912000,8.947610
19.024000,1199.824000,1.206405
15.088000,2940.848000,1.522559
21.648000,2140.528000,1.070674
0.656000,1530.448000,3.591552
38.704000,2929.040000,2.222899
11.152000,1248.368000,2.597668
38.704000,1336.272000,4.313147
0.656000,2935.600000,5.254801
9.840000,634.352000,4.009975
19.024000,1178.832000,1.899413
21.648000,699.952000,1.003269
5.904000,2842.448000,1.625630
28.208000,2911.984000,4.932360
1.968000,567.440000,3.106303
33.456000,1665.584000,1.774445
24.272000,639.600000,2.454190
24.272000,1976.528000,0.838454
22.960000,2947.408000,1.611296
32.144000,741.936000,5.746708
24.272000,2430.480000,1.554818
16.400000,2261.232000,0.685206
29.520000,2666.640000,2.548958
28.208000,284.048000,0.985859
24.272000,1260.176000,1.456486
24.272000,3044.496000,6.933334
15.088000,55.760000,2.297431
8.528000,1226.064000,1.395779
29.520000,1620.976000,6.996872
16.400000,1799.408000,2.371932
7.216000,3054.992000,2.306551
25.584000,2824.080000,11.788411
8.528000,958.416000,2.434496
13.776000,1308.720000,4.253733
13.776000,579.248000,2.530731
11.152000,487.408000,2.245367
17.712000,1985.712000,2.483939
25.584000,1239.184000,3.211995
24.272000,2324.208000,0.820126
25.584000,2493.456000,2.996583
5.904000,618.608000,2.385441
15.088000,1732.496000,1.235334
0.656000,1010.896000,3.452601
16.400000,3157.328000,6.870383
9.840000,2607.600000,0.716549
19.024000,1442.544000,3.618901
8.528000,614.672000,2.114129
21.648000,2461.968000,3.211165
26.896000,2380.624000,0.841530
34.768000,2834.576000,1.952519
25.584000,2528.880000,1.621167
11.152000,936.112000,6.584133
3.280000,1775.792000,1.244452
26.896000,311.600000,0.771437
24.272000,412.624000,1.859925
15.088000,3006.448000,8.221526
3.280000,273.552000,5.392997
17.712000,2417.360000,3.085592
30.832000,328.656000,2.748880
0.656000,1161.776000,0.783348
17.712000,2955.280000,18.577867
8.528000,462.480000,0.894086
13.776000,260.432000,5.992723
21.648000,1913.552000,3.195563
24.272000,525.456000,2.565889
4.592000,761.616000,1.682935
16.400000,886.256000,8.521373
13.776000,3159.952000,2.826025
12.464000,2957.904000,3.146027
11.152000,1397.936000,5.021012
17.712000,1470.096000,3.795320
3.280000,2758.480000,14.608941
26.896000,1304.784000,4.599654
19.024000,1021.392000,5.526171
33.456000,667.152000,6.110855
0.656000,2565.616000,0.831919
20.336000,1825.648000,1.120481
12.464000,2269.104000,1.913083
32.144000,438.864000,4.454915
37.392000,1504.208000,1.122302
20.336000,2480.336000,6.067646
9.840000,177.776000,1.567281
38.704000,1310.032000,0.779329
25.584000,2877.872000,1.613034
30.832000,3117.968000,2.112537
11.152000,2240.240000,2.098219
38.704000,2312.400000,2.582474
16.400000,93.808000,7.786886
12.464000,2307.152000,3.152002
19.024000,323.408000,7.610097
28.208000,1547.504000,4.845672
19.024000,49.200000,3.096752
7.216000,1719.376000,4.760334
3.280000,255.184000,0.729065
16.400000,373.264000,1.413523
29.520000,1956.848000,3.130836
38.704000,3014.320000,10.610522
11.152000,353.584000,6.657172
30.832000,2559.056000,4.672254
30.832000,453.296000,5.098113
37.392000,121.360000,2.409253
8.528000,1916.176000,6.202486
36.080000,2381.936000,5.354654
26.896000,440.176000,2.496606
26.896000,2203.504000,1.435542
29.520000,800.976000,2.290566
15.088000,2252.048000,3.405260
8.528000,2346.512000,1.966248
17.712000,2977.584000,0.728654
30.832000,3162.576000,1.198817
1.968000,1615.728000,0.777013
34.768000,2755.856000,1.968675
32.144000,165.968000,1.508853
12.464000,2618.096000,1.694395
33.456000,1085.680000,2.518513
24.272000,2762.416000,6.129707
3.280000,493.968000,7.470948
22.960000,2678.448000,3.973865
3.280000,941.360000,10.245020
15.088000,3127.152000,3.817370
17.712000,2784.720000,4.093721
0.656000,2956.592000,0.869874
38.704000,1374.320000,2.097852
22.960000,1811.216000,3.915183
28.208000,1387.440000,0.774452
28.208000,2555.120000,9.150218
9.840000,2866.064000,4.385392
11.152000,167.280000,1.910457
21.648000,815.408000,3.550506
30.832000,2643.024000,3.612376
36.080000,1310.032000,6.925244
33.456000,1830.896000,3.622484
15.088000,2081.488000,3.014856
28.208000,1610.480000,1.831059
8.528000,3183.568000,1.926076
32.144000,2147.088000,9.835434
36.080000,2935.600000,2.646105
3.280000,1666.896000,1.462139
28.208000,2347.824000,0.660398
8.528000,745.872000,4.512909
15.088000,1207.696000,2.499489
32.144000,2330.768000,6.431761
1.968000,852.144000,17.545116
32.144000,1517.328000,0.740266
16.400000,272.240000,3.490017
15.088000,659.280000,2.443165
8.528000,1674.768000,1.457171
15.088000,491.344000,4.243486
13.776000,2976.272000,4.936612
5.904000,719.632000,0.909842
34.768000,1170.960000,6.729948
9.840000,3106.160000,3.296325
4.592000,1690.512000,1.019442
29.520000,175.152000,3.709679
26.896000,865.264000,2.441861
34.768000,2942.160000,1.696324
37.392000,2046.064000,2.707302
21.648000,1140.784000,1.445530
11.152000,2797.840000,1.767746
25.584000,227.632000,0.748855
16.400000,22.960000,8.921169
11.152000,2540.688000,2.425833
24.272000,459.856000,3.081932
1.968000,1489.776000,0.735729
3.280000,1122.416000,6.250352
11.152000,327.344000,4.993491
17.712000,861.328000,2.343266
37.392000,1176.208000,2.744506
1.968000,484.784000,1.717195
24.272000,1826.960000,9.857367
9.840000,3079.920000,8.771832
28.208000,2637.776000,1.023819
17.712000,2863.440000,11.794080
32.144000,3098.288000,9.471773
25.584000,926.928000,1.721316
33.456000,720.944000,3.352922
22.960000,1236.560000,1.478412
38.704000,528.080000,6.883041
15.088000,1934.544000,5.287292
3.280000,1220.816000,1.242430
0.656000,474.288000,4.457753
17.712000,688.144000,6.390616
17.712000,394.256000,2.271026
12.464000,951.856000,1.858855
37.392000,676.336000,5.736186
22.960000,85.936000,1.069780
30.832000,593.680000,4.611197
1.968000,1136.848000,1.448017
7.216000,2800.464000,5.123482
24.272000,2925.104000,1.973465
9.840000,1828.272000,3.452532
4.592000,1353.328000,2.836784
34.768000,463.792000,0.998660
17.712000,2713.872000,1.815311
19.024000,487.408000,1.466059
36.080000,1948.976000,3.718829
12.464000,1264.112000,5.416100
20.336000,2160.208000,0.851738
19.024000,1956.848000,5.053217
8.528000,244.688000,6.735761
32.144000,723.568000,3.813181
34.768000,1509.456000,0.785147
36.080000,470.352000,1.025433
28.208000,685.520000,9.849307
32.144000,2552.496000,2.929130
26.896000,198.768000,5.478172
26.896000,2953.968000,9.205890
17.712000,1838.768000,12.223088
16.400000,3205.872000,1.053312
28.208000,728.816000,2.984277
4.592000,2988.080000,1.353716
34.768000,2643.024000,3.071651
1.968000,55.760000,4.385386
28.208000,1989.648000,5.568821
38.704000,1441.232000,5.582757
20.336000,2280.912000,6.491988
0.656000,949.232000,3.160768
15.088000,3192.752000,1.109483
34.768000,928.240000,11.229483
9.840000,478.224000,2.500880
28.208000,2556.432000,2.972801
19.024000,2616.784000,6.070951
21.648000,3216.368000,1.146977
0.656000,261.744000,8.286207
9.840000,2130.032000,7.291178
0.656000,83.312000,1.636377
38.704000,3081.232000,4.131144
22.960000,2022.448000,0.978737
11.152000,648.784000,3.299218
26.896000,1076.496000,3.355362
13.776000,228.944000,1.027999
20.336000,3186.192000,0.928655
32.144000,2246.800000,2.484585
30.832000,2601.040000,2.438464
36.080000,2050.000000,13.227168
22.960000,1034.512000,1.489969
36.080000,16.400000,2.350762
36.080000,319.472000,1.625049
24.272000,0.656000,0.909710
16.400000,1035.824000,2.867318
12.464000,2135.280000,4.478214
3.280000,2067.056000,2.477128
20.336000,2085.424000,12.989373
15.088000,2214.000000,9.522438
37.392000,2482.960000,0.912685
1.968000,1906.992000,0.852816
3.280000,2225.808000,1.233280
9.840000,2829.328000,9.056033
34.768000,3099.600000,2.373129
1.968000,3216.368000,0.957811
19.024000,1569.808000,2.583920
33.456000,3005.136000,2.693981
9.840000,1983.088000,2.375241
37.392000,297.168000,10.118838
13.776000,2189.072000,1.776621
28.208000,2517.072000,1.282292
15.088000,2195.632000,5.275905
28.208000,17.712000,4.300868
16.400000,202.704000,10.936790
9.840000,3156.016000,3.330146
3.280000,842.960000,2.826366
0.656000,1666.896000,2.057462
26.896000,1151.280000,1.699849
13.776000,996.464000,1.822605
4.592000,108.240000,9.231516
26.896000,2986.768000,3.099783
37.392000,1510.768000,0.689601
24.272000,3107.472000,2.254644
12.464000,2292.720000,11.609883
20.336000,2283.536000,3.861321
21.648000,2619.408000,4.845283
9.840000,1847.952000,2.411407
38.704000,2643.024000,1.339275
38.704000,2185.136000,1.868753
8.528000,1014.832000,3.744047
1.968000,1189.328000,1.755169
22.960000,261.744000,1.858767
9.840000,67.568000,8.490197
8.528000,3074.672000,1.042279
36.080000,1287.728000,4.118894
33.456000,2486.896000,3.494189
13.776000,1861.072000,3.742441
29.520000,1345.456000,4.407251
24.272000,1879.440000,3.870879
9.840000,329.968000,1.035071
13.776000,1428.112000,5.589400
36.080000,1017.456000,10.704338
36.080000,747.184000,5.238501
0.656000,1361.200000,0.687625
1.968000,1214.256000,3.969657
4.592000,2254.672000,8.213969
11.152000,1274.608000,2.151384
3.280000,2039.504000,5.033804
28.208000,3167.824000,6.241907
11.152000,2897.552000,1.716081
8.528000,347.024000,4.507618
0.656000,2050.000000,4.138618
28.208000,3102.224000,0.722486
36.080000,1939.792000,1.896363
1.968000,1459.600000,8.018567
29.520000,62.320000,2.204125
16.400000,2329.456000,5.306019
9.840000,2793.904000,9.997724
38.704000,2691.568000,7.610603
24.272000,2375.376000,3.121609
33.456000,2325.520000,4.315694
13.776000,345.712000,3.603322
8.528000,3057.616000,2.699808
7.216000,3099.600000,1.467326
38.704000,2151.024000,2.375225
9.840000,143.664000,1.305691
25.584000,3061.552000,12.007814
34.768000,1152.592000,0.669885
15.088000,1826.960000,1.068043
30.832000,1582.928000,4.006693
38.704000,3003.824000,8.605008
9.840000,423.120000,2.386459
28.208000,2967.088000,7.166019
33.456000,1075.184000,5.693989
5.904000,2549.872000,3.743775
17.712000,1954.224000,5.569712
16.400000,1212.944000,3.350340
38.704000,1332.336000,6.646986
16.400000,1391.376000,8.594279
13.776000,428.368000,6.975771
29.520000,1182.768000,0.798691
19.024000,1718.064000,5.473809
16.400000,1931.920000,4.136957
11.152000,2363.568000,1.801345
25.584000,2329.456000,2.668510
17.712000,1922.736000,15.170062
20.336000,2115.600000,5.016859
3.280000,361.456000,8.211915
34.768000,2501.328000,6.253807
38.704000,2870.000000,1.867784
34.768000,1250.992000,14.326991
34.768000,2082.800000,1.500797
24.272000,1588.176000,3.043204
29.520000,284.048000,4.412893
0.656000,269.616000,8.335987
22.960000,1702.320000,2.565636
29.520000,259.120000,1.096512
21.648000,1753.488000,10.128482
22.960000,1838.768000,1.261597
19.024000,765.552000,6.504495
4.592000,2035.568000,2.218368
33.456000,2211.376000,4.825423
32.144000,232.880000,4.483208
5.904000,3192.752000,5.950994
16.400000,391.632000,1.970331
17.712000,2897.552000,1.863405
22.960000,1997.520000,4.175048
0.656000,2141.840000,6.011850
34.768000,1148.656000,1.453351
1.968000,3073.360000,1.359195
29.520000,2694.192000,1.835339
34.768000,1312.656000,2.921402
34.768000,2829.328000,4.324524
8.528000,2402.928000,3.097844
38.704000,2187.760000,1.127503
26.896000,1811.216000,10.142529
34.768000,886.256000,4.140395
17.712000,96.432000,1.083089
24.272000,382.448000,1.362767
1.968000,863.952000,2.106401
9.840000,1889.936000,7.426102
9.840000,2318.960000,0.791431
15.088000,171.216000,17.137178
12.464000,1729.872000,3.259901
34.768000,929.552000,6.178451
15.088000,3095.664000,1.402218
28.208000,2332.080000,2.095020
28.208000,3154.704000,9.679514
34.768000,2957.904000,0.685478
38.704000,116.112000,0.749185
32.144000,3045.808000,2.596718
16.400000,2782.096000,5.731796
3.280000,2866.064000,8.550101
30.832000,2896.240000,4.041666
12.464000,1155.216000,0.870110
25.584000,230.256000,2.995396
20.336000,3056.304000,6.510581
5.904000,762.928000,1.683154
21.648000,793.104000,5.188007
24.272000,1653.776000,1.002159
1.968000,1299.536000,2.373456
21.648000,3182.256000,4.944445
37.392000,2502.640000,3.485820
26.896000,1319.216000,1.390800
19.024000,1627.536000,14.738587
20.336000,3049.744000,9.794060
32.144000,2463.280000,3.398862
7.216000,2190.384000,0.942386
13.776000,738.000000,5.729572
33.456000,1000.400000,1.640770
12.464000,794.416000,5.074803
38.704000,2681.072000,2.678605
36.080000,1863.696000,0.853574
17.712000,1992.272000,4.267113
36.080000,207.952000,0.839640
22.960000,1555.376000,1.572114
24.272000,398.192000,5.915358
36.080000,3183.568000,4.844763
12.464000,1563.248000,0.987039
15.088000,1904.368000,1.265523
9.840000,2287.472000,6.105982
15.088000,2994.640000,5.113958
34.768000,1620.976000,13.262304
36.080000,602.864000,0.763519
5.904000,2102.480000,2.427342
19.024000,201.392000,4.475077
13.776000,2261.232000,4.151550
33.456000,1687.888000,1.953325
5.904000,615.984000,7.455958
0.656000,936.112000,1.637659
12.464000,652.720000,1.826185
15.088000,862.640000,7.213203
19.024000,458.544000,5.243131
16.400000,2471.152000,2.221981
29.520000,1876.816000,3.358226
22.960000,482.160000,2.691237
34.768000,1443.856000,0.714621
17.712000,2883.120000,1.096833
38.704000,2611.536000,4.054040
9.840000,244.688000,2.519680
26.896000,251.248000,9.346354
0.656000,1086.992000,2.544617
17.712000,339.152000,2.505830
11.152000,787.856000,11.234348
3.280000,2152.336000,1.464990
28.208000,1191.952000,10.070843
33.456000,2893.616000,3.713149
17.712000,1146.032000,2.528806
16.400000,2674.512000,2.152718
1.968000,1927.984000,1.286647
20.336000,1317.904000,10.475551
13.776000,553.008000,7.446673
20.336000,2025.072000,12.686489
11.152000,207.952000,7.639679
9.840000,610.736000,1.374349
30.832000,225.008000,2.072100
5.904000,1551.440000,1.902194
4.592000,2713.872000,2.845962
19.024000,228.944000,6.242269
1.968000,2678.448000,2.685266
33.456000,2359.632000,2.573824
37.392000,2943.472000,22.479698
1.968000,3024.816000,1.356044
4.592000,816.720000,8.182063
0.656000,580.560000,2.166489
8.528000,1375.632000,4.236970
36.080000,2364.880000,6.230177
15.088000,812.784000,0.711324
28.208000,1912.240000,4.833943
7.216000,933.488000,1.450653
8.528000,643.536000,3.729450
4.592000,1649.840000,4.900172
22.960000,850.832000,0.783015
20.336000,2419.984000,1.288483
19.024000,1577.680000,0.986192
7.216000,2607.600000,2.640315
20.336000,2022.448000,3.356644
38.704000,2292.720000,1.901680
5.904000,2414.736000,4.885185
4.592000,2973.648000,1.632487
36.080000,1089.616000,9.297169
19.024000,2498.704000,0.958201
11.152000,1429.424000,2.138923
17.712000,949.232000,1.215751
33.456000,789.168000,4.227698
28.208000,950.544000,5.665824
29.520000,587.120000,1.732962
8.528000,831.152000,4.170858
20.336000,890.192000,4.687150
19.024000,1576.368000,8.068373
26.896000,827.216000,6.226793
11.152000,1312.656000,4.240336
25.584000,1310.032000,3.578570
28.208000,539.888000,5.489759
19.024000,2271.728000,7.037661
12.464000,1933.232000,0.747637
21.648000,2664.016000,2.811086
16.400000,2994.640000,3.680766
11.152000,2971.024000,1.108129
33.456000,1946.352000,7.339676
0.656000,2622.032000,6.363133
17.712000,785.232000,3.416902
19.024000,2883.120000,16.651448
0.656000,1012.208000,7.474529
17.712000,2568.240000,5.843006
26.896000,1110.608000,3.160408
19.024000,2244.176000,2.695941
0.656000,1543.568000,4.893573
37.392000,1416.304000,3.732592
3.280000,3131.088000,5.212049
3.280000,2254.672000,3.340446
13.776000,3213.744000,1.534533
38.704000,2169.392000,1.880755
7.216000,459.856000,3.945935
30.832000,1135.536000,5.544268
0.656000,2737.488000,5.655017
4.592000,1172.272000,3.106611
0.656000,1386.128000,15.221869
29.520000,1741.680000,4.315463
32.144000,3127.152000,1.539358
0.656000,2850.320000,2.665122
24.272000,340.464000,0.867359
21.648000,1832.208000,3.020604
12.464000,3.280000,9.419328
25.584000,1416.304000,1.571771
3.280000,520.208000,5.214499
29.520000,1373.008000,15.689773
34.768000,2985.456000,0.762376
1.968000,997.776000,5.769983
19.024000,2901.488000,0.757199
22.960000,462.480000,1.385751
37.392000,3154.704000,1.387247
5.904000,2208.752000,3.292040
29.520000,3209.808000,1.103967
3.280000,2542.000000,2.339046
25.584000,765.552000,1.090297
15.088000,45.264000,0.773044
30.832000,2397.680000,1.852285
3.280000,201.392000,5.377775
12.464000,705.200000,0.906656
30.832000,2783.408000,3.844704
32.144000,285.360000,1.821771
9.840000,999.088000,1.284500
37.392000,2587.920000,1.961843
34.768000,1168.336000,2.276174
24.272000,793.104000,1.141527
24.272000,2880.496000,1.945693
4.592000,1433.360000,7.272260
17.712000,1113.232000,1.871847
30.832000,2185.136000,8.145828
12.464000,770.800000,2.523938
24.272000,783.920000,1.471760
19.024000,1997.520000,1.252571
29.520000,1602.608000,2.579383
29.520000,2910.672000,0.854929
29.520000,1694.448000,2.096771
13.776000,1761.360000,5.404324
1.968000,1609.168000,3.320478
28.208000,2160.208000,2.176095
25.584000,2709.936000,5.634989
20.336000,806.224000,3.272110
33.456000,2618.096000,5.701540
15.088000,1882.064000,6.858670
32.144000,1960.784000,1.354730
26.896000,1237.872000,0.866986
5.904000,1500.272000,4.107700
8.528000,273.552000,4.022715
15.088000,2383.248000,10.998148
5.904000,782.608000,10.854233
8.528000,2186.448000,3.578270
19.024000,748.496000,2.337847
20.336000,3120.592000,17.280057
33.456000,201.392000,4.414847
0.656000,2817.520000,3.386339
9.840000,1779.728000,1.504990
28.208000,2729.616000,3.274935
29.520000,2349.136000,0.942097
11.152000,2164.144000,2.009370
33.456000,442.800000,3.998467
19.024000,1319.216000,1.888382
5.904000,1020.080000,1.217956
24.272000,219.760000,0.917549
32.144000,2220.560000,4.377747
0.656000,1107.984000,3.560776
13.776000,2619.408000,4.531913
32.144000,2910.672000,0.846455
3.280000,793.104000,9.420074
9.840000,1156.528000,4.242306
33.456000,3124.528000,4.442717
1.968000,2620.720000,3.815760
36.080000,1193.264000,1.546044
32.144000,2002.768000,1.926257
34.768000,3094.352000,3.137320
36.080000,745.872000,0.811882
30.832000,2085.424000,2.753978
25.584000,1830.896000,1.412713
25.584000,356.208000,1.150869
9.840000,1165.712000,1.129964
36.080000,143.664000,5.811024
11.152000,2278.288000,8.981351
12.464000,668.464000,6.843776
9.840000,1809.904000,12.525035
12.464000,143.664000,7.355042
7.216000,677.648000,5.147069
22.960000,3028.752000,2.690123
20.336000,2628.592000,8.185193
0.656000,718.320000,6.937860
30.832000,93.808000,2.863942
5.904000,1567.184000,5.474281
25.584000,1123.728000,12.574561
21.648000,423.120000,0.901044
21.648000,2830.640000,3.897298
25.584000,2645.648000,1.769619
19.024000,2754.544000,9.562198
1.968000,1156.528000,5.502335
34.768000,2770.288000,1.553436
33.456000,396.880000,3.175306
30.832000,2759.792000,3.375511
21.648000,1039.760000,5.061487
28.208000,996.464000,2.816470
15.088000,206.640000,4.997725
11.152000,3014.320000,5.600754
24.272000,1778.416000,1.512517
36.080000,2156.272000,1.486450
22.960000,2847.696000,6.274960
1.968000,1159.152000,0.698209
26.896000,718.320000,2.109777
1.968000,1954.224000,0.771567
1.968000,1488.464000,1.214494
19.024000,2179.888000,2.080759
20.336000,249.936000,2.223062
17.712000,1292.976000,7.555477
17.712000,1552.752000,1.781385
7.216000,2988.080000,6.209417
29.520000,20.336000,1.351104
33.456000,677.648000,5.495976
28.208000,1539.632000,4.277672
32.144000,1694.448000,1.808414
3.280000,2838.512000,1.851926
25.584000,1813.840000,1.793276
17.712000,1009.584000,7.670346
8.528000,324.720000,1.079501
21.648000,1203.760000,3.297444
9.840000,1281.168000,4.868033
9.840000,1167.024000,3.395779
37.392000,3173.072000,1.799416
25.584000,2690.256000,1.093326
33.456000,543.824000,2.892613
16.400000,558.256000,4.977554
0.656000,2372.752000,1.911451
5.904000,290.608000,12.707766
9.840000,2160.208000,3.855636
38.704000,1698.384000,1.075818
5.904000,2641.712000,2.044928
22.960000,1243.120000,3.906177
5.904000,2391.120000,3.199753
36.080000,2408.176000,1.399228
3.280000,3136.336000,6.648783
34.768000,491.344000,0.982832
13.776000,2685.008000,1.258814
17.712000,2225.808000,1.002135
37.392000,2328.144000,4.281937
11.152000,19.024000,1.744179
3.280000,2817.520000,7.403472
1.968000,760.304000,2.297439
25.584000,2871.312000,8.512689
22.960000,2898.864000,0.737514
11.152000,2744.048000,3.095304
32.144000,1232.624000,4.422707
12.464000,218.448000,2.469089
20.336000,322.096000,2.050643
9.840000,2732.240000,1.433602
4.592000,648.784000,1.734036
1.968000,3132.400000,2.454117
11.152000,521.520000,1.921768
13.776000,2930.352000,6.517232
33.456000,344.400000,7.213654
33.456000,1775.792000,10.011453
13.776000,62.320000,4.472584
8.528000,802.288000,7.459276
12.464000,2132.656000,3.454402
12.464000,1435.984000,1.375235
33.456000,925.616000,2.912165
29.520000,2304.528000,3.827693
25.584000,2444.912000,0.968625
9.840000,947.920000,2.376861
25.584000,2913.296000,4.343101
3.280000,1620.976000,7.264546
25.584000,2837.200000,0.823431
12.464000,787.856000,1.303405
16.400000,2158.896000,4.027955
8.528000,2144.464000,1.734931
9.840000,2438.352000,4.399778
22.960000,1719.376000,1.442988
9.840000,2725.680000,6.506379
4.592000,1693.136000,1.744344
36.080000,299.792000,5.339019
26.896000,2514.448000,5.057232
0.656000,777.360000,2.242794
24.272000,971.536000,15.697076
8.528000,499.216000,6.180680
28.208000,130.544000,0.835134
21.648000,1882.064000,4.990117
17.712000,113.488000,9.121670
30.832000,1164.400000,4.609206
30.832000,369.328000,8.655137
22.960000,2040.816000,3.612352
13.776000,2725.680000,4.438684
0.656000,1643.280000,6.316355
32.144000,1445.168000,7.005537
3.280000,1791.536000,4.105036
9.840000,213.200000,3.083652
8.528000,3142.896000,0.820832
13.776000,91.184000,1.322701
15.088000,221.072000,1.442645
33.456000,1809.904000,1.575877
34.768000,2427.856000,5.553258
15.088000,2472.464000,3.374538
20.336000,2837.200000,1.413550
30.832000,2266.480000,7.220131
24.272000,2130.032000,3.926648
15.088000,825.904000,3.267878
20.336000,1128.976000,1.108008
21.648000,2674.512000,1.719147
36.080000,3217.680000,4.458506
9.840000,1846.640000,9.003471
16.400000,1155.216000,5.140063
26.896000,332.592000,0.970269
25.584000,3166.512000,0.834827
3.280000,2367.504000,3.089881
37.392000,3140.272000,4.251395
37.392000,239.440000,3.491095
16.400000,761.616000,3.709156
17.712000,2892.304000,7.662965
30.832000,2396.368000,5.256677
32.144000,787.856000,4.703289
11.152000,1016.144000,3.448090
3.280000,1386.128000,2.348390
34.768000,108.240000,3.304003
34.768000,341.776000,3.791101
36.080000,2355.696000,3.793599
13.776000,2742.736000,1.508588
22.960000,1917.488000,1.430186
32.144000,1605.232000,2.986768
34.768000,1072.560000,3.050593
33.456000,400.816000,1.130920
11.152000,3044.496000,2.557134
25.584000,2211.376000,2.278736
22.960000,2544.624000,6.092724
29.520000,176.464000,3.184016
12.464000,1925.360000,0.916135
28.208000,1552.752000,3.626046
13.776000,2296.656000,3.025361
22.960000,2893.616000,5.777766
20.336000,2380.624000,22.131766
25.584000,688.144000,1.118298
0.656000,1708.880000,5.519164
16.400000,2468.528000,2.335235
15.088000,1239.184000,0.850821
32.144000,2429.168000,4.773943
26.896000,2997.264000,4.962127
21.648000,909.872000,2.163703
21.648000,3141.584000,1.028860
37.392000,1483.216000,7.048085
8.528000,2312.400000,6.935168
16.400000,706.512000,3.609970
20.336000,940.048000,8.162749
20.336000,235.504000,4.102140
25.584000,1369.072000,1.621667
24.272000,943.984000,3.053021
21.648000,2103.792000,3.242075
3.280000,2767.664000,4.460984
8.528000,1489.776000,2.686887
21.648000,373.264000,3.103957
3.280000,1580.304000,1.738676
24.272000,387.696000,2.764804
22.960000,3096.976000,2.509027
3.280000,1948.976000,1.253632
19.024000,2375.376000,3.657940
24.272000,587.120000,3.236001
9.840000,2498.704000,1.353694
21.648000,58.384000,1.873570
29.520000,2208.752000,6.138916
7.216000,940.048000,1.241906
8.528000,1117.168000,5.218787
34.768000,2158.896000,2.666034
22.960000,2624.656000,4.227691
24.272000,70.192000,2.644551
38.704000,1052.880000,7.974186
28.208000,3034.000000,2.959050
32.144000,514.960000,6.458469
30.832000,1617.040000,5.609586
13.776000,651.408000,3.803527
17.712000,1438.608000,0.662809
7.216000,1030.576000,1.136539
16.400000,1697.072000,13.809065
5.904000,1938.480000,3.661434
34.768000,934.800000,16.598648
15.088000,1241.808000,0.838254
20.336000,1477.968000,3.437108
5.904000,1513.392000,8.046173
15.088000,1.968000,1.335318
29.520000,1342.832000,2.297009
19.024000,1355.952000,6.427753
20.336000,1794.160000,13.632921
38.704000,2027.696000,8.100083
36.080000,857.392000,4.955445
26.896000,2378.000000,2.753665
28.208000,1523.888000,4.459022
12.464000,2971.024000,7.132376
38.704000,1752.176000,1.677145
15.088000,2619.408000,3.370371
19.024000,1632.784000,6.155626
19.024000,2542.000000,2.265559
26.896000,1476.656000,3.296624
19.024000,1334.960000,1.279119
7.216000,2783.408000,5.447082
24.272000,2014.576000,0.678977
15.088000,3027.440000,2.997188
21.648000,1668.208000,1.789666
12.464000,2060.496000,4.369364
28.208000,1101.424000,8.325125
37.392000,1361.200000,3.799536
3.280000,1846.640000,1.532139
15.088000,1021.392000,4.207847
16.400000,1790.224000,5.057018
17.712000,2665.328000,0.759211
3.280000,1459.600000,4.271242
16.400000,104.304000,3.625890
20.336000,2157.584000,1.697284
32.144000,3014.320000,18.298746
21.648000,3043.184000,0.893157
22.960000,1543.568000,2.421372
25.584000,1157.840000,3.003098
3.280000,235.504000,4.083183
0.656000,109.552000,6.930308
36.080000,2599.728000,4.082877
34.768000,1254.928000,1.373126
22.960000,2703.376000,1.771004
21.648000,3191.440000,4.819585
24.272000,2927.728000,4.689349
9.840000,3016.944000,1.408364
22.960000,192.208000,0.780181
8.528000,1639.344000,2.059728
22.960000,480.848000,12.769203
4.592000,2551.184000,12.088046
15.088000,3141.584000,1.776246
33.456000,2368.816000,0.663921
26.896000,2451.472000,3.549781
33.456000,1189.328000,1.143854
21.648000,348.336000,4.275150
0.656000,2367.504000,3.208998
22.960000,2602.352000,6.866896
13.776000,3054.992000,4.725832
0.656000,2793.904000,2.963264
29.520000,2395.056000,3.907227
19.024000,1341.520000,2.503765
1.968000,660.592000,10.626382
5.904000,2670.576000,8.025741
33.456000,2263.856000,5.670645
7.216000,1391.376000,1.816367
3.280000,2370.128000,7.331682
28.208000,1275.920000,2.266102
37.392000,714.384000,0.857202
0.656000,1594.736000,2.323939
36.080000,1306.096000,1.155996
28.208000,1445.168000,4.172504
4.592000,2911.984000,0.770697
12.464000,1467.472000,3.799034
38.704000,2744.048000,4.019611
29.520000,1645.904000,0.866366
19.024000,1859.760000,0.778126
32.144000,1796.784000,2.391214
20.336000,357.520000,5.720682
25.584000,1361.200000,1.553470
4.592000,180.400000,5.756294
9.840000,761.616000,10.844867
0.656000,1320.528000,5.247723
25.584000,1470.096000,0.866250
3.280000,2927.728000,3.685697
16.400000,1146.032000,2.267375
17.712000,1882.064000,2.761890
33.456000,479.536000,6.019237
22.960000,915.120000,3.379186
15.088000,1106.672000,0.905483
12.464000,2236.304000,2.019679
4.592000,2850.320000,3.813104
9.840000,1289.040000,3.859086
36.080000,2231.056000,6.447745
21.648000,2601.040000,5.161285
36.080000,856.080000,2.228297
7.216000,1519.952000,1.079682
32.144000,1817.776000,2.059480
4.592000,1865.008000,1.057043
33.456000,2267.792000,2.749538
12.464000,1676.080000,7.094573
21.648000,689.456000,3.876627
36.080000,1037.136000,1.268902
34.768000,1085.680000,5.098516
21.648000,1682.640000,1.970741
17.712000,1081.744000,9.130572
25.584000,2065.744000,5.209948
38.704000,863.952000,3.731306
13.776000,3120.592000,3.169751
20.336000,1156.528000,7.127921
13.776000,1386.128000,4.051097
28.208000,1312.656000,4.108523
1.968000,745.872000,1.017316
33.456000,1300.848000,4.846432
33.456000,496.592000,7.917058
1.968000,66.256000,1.105386
29.520000,58.384000,1.043448
26.896000,928.240000,0.986207
25.584000,3014.320000,1.237265
21.648000,465.104000,2.826426
1.968000,2219.248000,2.443245
13.776000,1430.736000,4.272728
33.456000,138.416000,3.831120
4.592000,1148.656000,0.826899
26.896000,2511.824000,3.320965
22.960000,2070.992000,3.405106
21.648000,1979.152000,1.665708
15.088000,2711.248000,1.748529
32.144000,403.440000,1.642291
38.704000,3140.272000,3.499252
26.896000,470.352000,2.724028
1.968000,362.768000,2.914666
37.392000,1426.800000,1.645608
37.392000,3020.880000,1.207420
36.080000,104.304000,2.366320
21.648000,2261.232000,3.861606
4.592000,2758.480000,1.255839
20.336000,277.488000,4.494068
15.088000,714.384000,1.898373
37.392000,2948.720000,1.089839
36.080000,2396.368000,1.357516
16.400000,2753.232000,1.846670
26.896000,421.808000,6.925986
38.704000,1946.352000,7.058803
25.584000,1139.472000,0.735314
3.280000,1430.736000,2.569858
32.144000,1303.472000,2.364777
20.336000,449.360000,7.737123
11.152000,343.088000,8.011311
5.904000,2072.304000,1.105976
24.272000,2170.704000,8.043127
11.152000,1498.960000,5.455536
17.712000,2574.800000,1.557247
25.584000,1464.848000,1.718932
20.336000,41.328000,0.791957
22.960000,2064.432000,1.143927
38.704000,957.104000,7.951491
32.144000,2791.280000,1.769378
19.024000,2064.432000,5.123474
4.592000,745.872000,3.070359
9.840000,1266.736000,1.606952
16.400000,3098.288000,3.994146
12.464000,2480.336000,4.377644
33.456000,2423.920000,2.097604
33.456000,1510.768000,4.940136
28.208000,64.944000,9.536270
20.336000,1845.328000,1.845842
1.968000,2877.872000,2.938547
4.592000,2665.328000,3.083505
28.208000,257.808000,1.170276
3.280000,1148.656000,5.516284
21.648000,1983.088000,4.552579
30.832000,2978.896000,3.815488
16.400000,2443.600000,2.167163
16.400000,2081.488000,12.929792
25.584000,2194.320000,0.749481
15.088000,1102.736000,1.123210
5.904000,2883.120000,1.161512
28.208000,2791.280000,0.802055
16.400000,1981.776000,3.680865
8.528000,3031.376000,9.542054
11.152000,913.808000,9.613796
5.904000,1302.160000,1.417179
3.280000,2313.712000,5.954942
0.656000,3034.000000,4.429724
12.464000,92.496000,0.935300
4.592000,3089.104000,1.701345
3.280000,921.680000,1.179703
7.216000,1690.512000,9.250209
19.024000,95.120000,8.092062
3.280000,500.528000,1.255510
19.024000,374.576000,2.910049
5.904000,1310.032000,8.785614
3.280000,2032.944000,1.409779
22.960000,2136.592000,12.544317
32.144000,3019.568000,0.878542
4.592000,1593.424000,1.095422
4.592000,2767.664000,10.379667
8.528000,1802.032000,2.081133
37.392000,2968.400000,5.233730
29.520000,2063.120000,0.916099
17.712000,475.600000,0.997939
0.656000,236.816000,8.507781
1.968000,2522.320000,2.071114
11.152000,2313.712000,3.124323
30.832000,1714.128000,1.590512
24.272000,2301.904000,7.594283
21.648000,1236.560000,6.626292
38.704000,1687.888000,3.953172
21.648000,2061.808000,1.356590
24.272000,1569.808000,2.769339
0.656000,975.472000,4.074169
34.768000,2698.128000,11.486269
4.592000,2473.776000,5.489584
24.272000,1966.032000,9.642544
25.584000,2549.872000,1.168364
13.776000,2511.824000,4.411220
33.456000,269.616000,9.534214
37.392000,2144.464000,8.621164
34.768000,1615.728000,1.279073
34.768000,2573.488000,0.901815
20.336000,1963.408000,2.321296
32.144000,3125.840000,2.599684
19.024000,2263.856000,1.381725
5.904000,2845.072000,3.469740
1.968000,1844.016000,4.671054
1.968000,1383.504000,0.899813
20.336000,1741.680000,1.026775
32.144000,423.120000,7.411243
20.336000,3112.720000,2.103740
4.592000,2502.640000,1.260631
19.024000,2355.696000,3.808530
28.208000,3056.304000,0.721681
8.528000,2540.688000,1.184877
24.272000,2948.720000,7.910542
8.528000,290.608000,0.999732
9.840000,2414.736000,5.245556
33.456000,1508.144000,2.634736
32.144000,3133.712000,7.588573
5.904000,2202.192000,0.883861
17.712000,3006.448000,2.889273
26.896000,1105.360000,3.152729
4.592000,2723.056000,3.441432
16.400000,2707.312000,4.146717
9.840000,871.824000,1.414678
1.968000,2262.544000,2.601943
19.024000,2404.240000,8.027994
21.648000,1795.472000,1.256587
21.648000,2455.408000,2.775300
34.768000,677.648000,3.245275
38.704000,2723.056000,4.159392
36.080000,1365.136000,5.676442
32.144000,2325.520000,1.140558
12.464000,2267.792000,2.868084
20.336000,3032.688000,1.519010
30.832000,2778.160000,1.308553
15.088000,3159.952000,3.026966
32.144000,925.616000,1.007037
22.960000,3039.248000,1.734420
25.584000,2055.248000,2.103269
1.968000,345.712000,6.150731
21.648000,718.320000,6.369367
21.648000,1454.352000,2.663902
9.840000,2018.512000,2.983015
21.648000,311.600000,5.468322
30.832000,710.448000,0.957305
9.840000,1879.440000,5.181896
1.968000,1664.272000,16.190593
32.144000,3201.936000,4.766373
36.080000,2450.160000,3.466970
8.528000,1880.752000,6.928012
25.584000,331.280000,2.245294
34.768000,1963.408000,3.683526
30.832000,37.392000,1.102097
29.520000,1191.952000,4.907780
28.208000,2559.056000,0.983072
15.088000,1008.272000,9.306267
5.904000,2578.736000,2.168571
32.144000,1387.440000,2.266502
28.208000,942.672000,2.061062
20.336000,857.392000,2.429381
29.520000,2816.208000,1.260804
38.704000,1188.016000,8.447678
19.024000,1051.568000,1.263387
13.776000,676.336000,5.013647
11.152000,1762.672000,1.006221
15.088000,1740.368000,0.661665
11.152000,825.904000,3.386594
28.208000,2759.792000,11.657887
11.152000,1230.000000,2.579741
24.272000,2178.576000,6.730136
7.216000,465.104000,9.211576
12.464000,928.240000,4.958464
1.968000,650.096000,1.225156
38.704000,2993.328000,1.195908
37.392000,3194.064000,7.503838
36.080000,738.000000,2.138969
4.592000,2013.264000,2.424383
0.656000,2145.776000,2.384727
30.832000,1845.328000,4.336501
12.464000,1607.856000,1.695884
5.904000,2876.560000,1.256733
7.216000,2253.360000,1.107689
20.336000,1300.848000,7.130903
34.768000,2059.184000,1.366839
32.144000,1067.312000,1.835337
8.528000,121.360000,4.153681
20.336000,1787.600000,1.044233
16.400000,79.376000,5.548318
16.400000,2633.840000,0.808058
34.768000,614.672000,1.575955
5.904000,1379.568000,0.656695
9.840000,835.088000,0.736055
3.280000,3081.232000,1.334400
11.152000,210.576000,12.109410
20.336000,2776.848000,1.654035
16.400000,2190.384000,0.817087
29.520000,841.648000,0.960709
21.648000,2974.960000,0.767464
32.144000,1168.336000,11.691443
17.712000,2658.768000,0.799822
19.024000,387.696000,5.809990
19.024000,1813.840000,6.401658
7.216000,2496.080000,1.106023
0.656000,800.976000,1.575512
4.592000,1652.464000,3.396075
0.656000,1097.488000,2.352384
24.272000,3211.120000,2.747402
13.776000,2408.176000,7.065946
37.392000,1640.656000,4.247836
28.208000,2114.288000,2.876890
3.280000,1325.776000,2.568509
0.656000,2780.784000,3.823024
5.904000,1624.912000,2.332163
0.656000,942.672000,3.101351
4.592000,2712.560000,4.851480
1.968000,159.408000,1.854334
3.280000,2059.184000,1.000159
25.584000,1540.944000,2.270305
7.216000,505.776000,1.080728
25.584000,1264.112000,5.385967
12.464000,2081.488000,4.981135
19.024000,2695.504000,10.531410
34.768000,2271.728000,3.743660
9.840000,324.720000,1.414849
20.336000,2334.704000,2.558322
33.456000,2623.344000,0.987885
32.144000,2883.120000,1.352193
7.216000,1960.784000,13.051299
15.088000,2808.336000,4.949329
0.656000,810.160000,1.090205
20.336000,2758.480000,0.962435
12.464000,2381.936000,8.060817
5.904000,1695.760000,1.462849
24.272000,3094.352000,2.090984
21.648000,3177.008000,2.100463
3.280000,1203.760000,1.339288
3.280000,315.536000,1.224663
17.712000,1826.960000,2.067198
11.152000,2158.896000,0.984779
11.152000,1086.992000,3.886611
9.840000,794.416000,1.068225
21.648000,884.944000,2.633557
22.960000,2043.440000,4.648502
17.712000,402.128000,0.682209
1.968000,277.488000,9.413506
34.768000,421.808000,2.232272
3.280000,2014.576000,3.128059
30.832000,2220.560000,5.960082
9.840000,36.080000,2.477882
28.208000,1286.416000,2.995105
21.648000,1219.504000,1.779722
36.080000,29.520000,4.323138
0.656000,2455.408000,5.155127
3.280000,2216.624000,5.646885
37.392000,652.720000,5.678326
8.528000,836.400000,1.856365
5.904000,1216.880000,4.314994
13.776000,2068.368000,3.026948
9.840000,748.496000,1.330936
24.272000,692.080000,6.225577
4.592000,1437.296000,1.410989
19.024000,2215.312000,1.062884
32.144000,2860.816000,2.565015
11.152000,2724.368000,2.584298
20.336000,2935.600000,5.009530
24.272000,1497.648000,1.792590
19.024000,3162.576000,10.744831
21.648000,2312.400000,0.973792
16.400000,2678.448000,2.688516
5.904000,1244.432000,4.658845
3.280000,1651.152000,1.420947
36.080000,2766.352000,6.459314
26.896000,1479.280000,1.036576
33.456000,917.744000,4.934098
37.392000,1055.504000,4.100991
21.648000,1404.496000,2.757627
28.208000,2262.544000,1.159100
28.208000,412.624000,2.841514
24.272000,1077.808000,4.793892
34.768000,2784.720000,5.300107
13.776000,719.632000,7.411954
1.968000,1786.288000,0.969623
17.712000,2925.104000,7.145262
0.656000,2656.144000,2.450429
30.832000,382.448000,10.142082
20.336000,761.616000,5.622717
30.832000,2700.752000,6.919820
20.336000,171.216000,3.322098
30.832000,3161.264000,4.379275
9.840000,1489.776000,1.769402
30.832000,3145.520000,12.556611
4.592000,74.128000,4.061061
1.968000,1724.624000,1.201686
4.592000,3169.136000,6.522857
21.648000,2152.336000,1.379406
12.464000,553.008000,2.282471
20.336000,963.664000,2.368696
32.144000,1779.728000,4.546302
32.144000,566.128000,3.873851
11.152000,1716.752000,2.788769
11.152000,650.096000,1.035696
38.704000,1624.912000,3.920664
7.216000,2158.896000,2.098624
32.144000,610.736000,5.673588
19.024000,534.640000,2.894435
0.656000,2572.176000,2.090857
5.904000,605.488000,0.863378
4.592000,734.064000,1.174076
19.024000,2059.184000,3.745212
33.456000,1017.456000,14.599882
7.216000,1153.904000,3.169951
5.904000,1388.752000,1.337692
1.968000,12.464000,2.075098
11.152000,566.128000,0.705592
3.280000,3204.560000,3.706896
26.896000,2073.616000,0.879404
29.520000,881.008000,2.637418
7.216000,1361.200000,4.081865
20.336000,3170.448000,0.739260
15.088000,964.976000,2.532518
1.968000,1155.216000,2.127778
32.144000,1365.136000,3.145205
20.336000,3115.344000,3.554258
3.280000,651.408000,1.031201
15.088000,3146.832000,1.837432
17.712000,1459.600000,7.411318
15.088000,3184.880000,1.252215
25.584000,186.960000,1.246143
36.080000,374.576000,5.841839
13.776000,3065.488000,2.118718
28.208000,2830.640000,4.684254
37.392000,58.384000,1.378394
20.336000,3165.200000,1.068360
1.968000,1762.672000,8.026714
22.960000,2606.288000,11.326297
34.768000,2900.176000,3.817524
28.208000,36.080000,2.669698
38.704000,2345.200000,1.749452
20.336000,3111.408000,3.137935
32.144000,1913.552000,2.487548
21.648000,1216.880000,4.942406
28.208000,11.152000,7.071483
15.088000,2754.544000,1.781127
37.392000,1889.936000,4.451382
3.280000,1871.568000,7.252881
0.656000,2598.416000,1.334675
3.280000,2898.864000,3.713551
25.584000,650.096000,2.752557
15.088000,736.688000,3.343467
0.656000,963.664000,5.536585
28.208000,1754.800000,25.952380
1.968000,1742.992000,5.879950
19.024000,3057.616000,7.024158
16.400000,2228.432000,4.434094
19.024000,547.760000,4.432194
5.904000,2825.392000,1.685049
25.584000,1048.944000,2.432270
0.656000,1048.944000,3.328700
33.456000,1645.904000,1.279066
3.280000,781.296000,0.935382
29.520000,3023.504000,5.966308
1.968000,272.240000,3.600317
30.832000,564.816000,1.690885
7.216000,322.096000,1.089884
22.960000,1800.720000,0.986525
38.704000,3152.080000,4.977793
11.152000,1719.376000,10.525370
4.592000,1479.280000,8.894865
32.144000,427.056000,1.116860
0.656000,1674.768000,3.272512
3.280000,47.888000,0.892848
38.704000,2130.032000,2.644864
20.336000,407.376000,1.517799
15.088000,1939.792000,5.030161
13.776000,404.752000,3.529427
9.840000,2993.328000,3.227631
21.648000,327.344000,1.528130
9.840000,2351.760000,6.880270
25.584000,360.144000,12.394299
17.712000,1729.872000,2.353763
16.400000,2131.344000,0.876811
13.776000,1605.232000,1.883781
30.832000,230.256000,1.893859
19.024000,2015.888000,2.645733
26.896000,2507.888000,3.758548
30.832000,36.080000,0.803506
15.088000,201.392000,10.436906
32.144000,2570.864000,1.503845
8.528000,2625.968000,0.828363
17.712000,2203.504000,1.346555
36.080000,957.104000,2.893288
25.584000,142.352000,1.092268
1.968000,566.128000,1.030322
30.832000,2116.912000,1.455574
16.400000,2687.632000,0.870581
9.840000,2845.072000,1.073855
29.520000,1076.496000,4.487868
3.280000,1594.736000,5.837004
21.648000,1765.296000,8.886903
33.456000,2195.632000,6.818965
37.392000,446.736000,1.978221
9.840000,1976.528000,2.141591
36.080000,1268.048000,2.604800
8.528000,710.448000,5.015110
32.144000,794.416000,1.801401
12.464000,3127.152000,3.611429
4.592000,2871.312000,2.575687
28.208000,1136.848000,3.214357
13.776000,1527.824000,2.704147
16.400000,2042.128000,2.912349
0.656000,1016.144000,5.370825
20.336000,833.776000,8.930594
19.024000,2896.240000,7.993884
37.392000,331.280000,2.291346
13.776000,1237.872000,3.342558
32.144000,2795.216000,1.940423
13.776000,1693.136000,2.331195
22.960000,2130.032000,1.453670
25.584000,366.704000,0.929552
4.592000,989.904000,1.506829
8.528000,1546.192000,1.494643
24.272000,1067.312000,1.898421
3.280000,1083.056000,1.641599
7.216000,1868.944000,1.594322
9.840000,2813.584000,10.893919
15.088000,808.848000,1.509657
4.592000,1331.024000,6.109955
28.208000,2631.216000,7.084831
38.704000,866.576000,2.012720
5.904000,2890.992000,6.517553
38.704000,1518.640000,3.781291
36.080000,198.768000,2.625614
33.456000,390.320000,3.960616
22.960000,1215.568000,9.979187
3.280000,1271.984000,1.404676
15.088000,895.440000,3.254546
15.088000,1097.488000,0.746609
15.088000,3093.040000,1.627452
15.088000,1215.568000,1.082252
28.208000,1026.640000,8.882566
33.456000,3083.856000,2.357504
0.656000,1345.456000,4.561027
24.272000,2740.112000,3.972279
37.392000,1630.160000,3.863355
33.456000,244.688000,2.840123
11.152000,463.792000,2.271131
12.464000,369.328000,8.235095
12.464000,244.688000,3.939327
9.840000,221.072000,10.464397
5.904000,2959.216000,5.256163
28.208000,2528.880000,2.376882
3.280000,937.424000,9.169605
38.704000,1967.344000,1.481863
38.704000,3028.752000,1.087175
34.768000,2055.248000,4.455293
7.216000,1811.216000,7.690981
29.520000,57.072000,0.976451
3.280000,1336.272000,9.530079
30.832000,774.736000,0.807663
13.776000,445.424000,3.266748
29.520000,2081.488000,6.859192
22.960000,2669.264000,13.539892
19.024000,2645.648000,1.408346
32.144000,2608.912000,1.566563
26.896000,2262.544000,2.145392
1.968000,328.656000,1.336073
29.520000,226.320000,1.961839
37.392000,1761.360000,1.373077
8.528000,2437.040000,7.274401
7.216000,2992.016000,4.076810
25.584000,2637.776000,13.626465
38.704000,1186.704000,1.251957
38.704000,2998.576000,5.891237
15.088000,70.192000,1.563405
29.520000,318.160000,5.019554
38.704000,778.672000,1.813301
38.704000,16.400000,2.536172
19.024000,1555.376000,6.209944
37.392000,1775.792000,2.598085
33.456000,2569.552000,2.749488
3.280000,2200.880000,3.498847
38.704000,1905.680000,0.975030
8.528000,787.856000,1.882357
15.088000,2279.600000,1.016495
1.968000,1020.080000,2.748527
33.456000,469.040000,6.193441
0.656000,1504.208000,3.818672
32.144000,1727.248000,0.761213
0.656000,3020.880000,2.593884
13.776000,403.440000,7.892331
8.528000,518.896000,1.069610
25.584000,416.560000,2.840471
21.648000,55.760000,7.552983
9.840000,722.256000,1.635664
16.400000,2217.936000,3.184405
32.144000,3062.864000,0.716967
17.712000,2406.864000,1.832961
16.400000,3094.352000,2.814518
33.456000,802.288000,1.745410
28.208000,209.264000,4.024754
12.464000,1813.840000,1.789187
15.088000,550.384000,9.153434
34.768000,933.488000,3.983394
24.272000,360.144000,2.411143
37.392000,2036.880000,5.605236
13.776000,2034.256000,1.719101
15.088000,3132.400000,1.899925
13.776000,3104.848000,5.646439
15.088000,1857.136000,2.070846
25.584000,1483.216000,2.441127
17.712000,2082.800000,1.443449
26.896000,1980.464000,2.923934
17.712000,333.904000,2.927728
3.280000,752.432000,1.287340
34.768000,1182.768000,4.626948
13.776000,189.584000,1.344500
28.208000,732.752000,1.331699
8.528000,1706.256000,3.190467
4.592000,636.976000,1.185358
25.584000,2982.832000,2.750620
19.024000,3167.824000,1.870921
15.088000,1742.992000,0.765239
34.768000,1653.776000,7.259254
17.712000,2522.320000,2.934321
15.088000,2265.168000,1.139300
16.400000,2401.616000,4.508551
5.904000,457.232000,3.759429
28.208000,1838.768000,1.554878
0.656000,228.944000,4.660922
20.336000,1973.904000,5.372518
33.456000,2984.144000,13.934318
26.896000,257.808000,5.333373
30.832000,2543.312000,0.813765
38.704000,992.528000,3.559463
24.272000,2803.088000,2.171127
0.656000,2090.672000,1.220783
5.904000,2888.368000,1.689469
26.896000,2258.608000,11.406964
25.584000,848.208000,2.006977
11.152000,776.048000,9.062060
29.520000,2830.640000,5.847109
22.960000,831.152000,1.009474
16.400000,2165.456000,3.867911
21.648000,2032.944000,2.195010
37.392000,1916.176000,3.333699
21.648000,144.976000,1.592184
15.088000,3026.128000,2.365512
22.960000,503.152000,0.900876
34.768000,1904.368000,2.911557
17.712000,1617.040000,4.235012
15.088000,1771.856000,2.031835
28.208000,2758.480000,8.298915
20.336000,1586.864000,1.012753
26.896000,797.040000,3.226035
5.904000,1059.440000,6.758688
5.904000,207.952000,4.524773
5.904000,453.296000,1.187715
21.648000,361.456000,1.003857
0.656000,577.936000,1.047015
36.080000,1355.952000,17.032894
34.768000,2431.792000,0.948928
4.592000,1899.120000,2.183539
11.152000,1055.504000,4.295662
28.208000,2809.648000,1.059166
1.968000,707.824000,2.353965
29.520000,3221.616000,1.417805
30.832000,1207.696000,4.025015
29.520000,2789.968000,1.025534
16.400000,821.968000,3.872695
32.144000,1876.816000,0.990037
30.832000,1644.592000,1.854125
38.704000,2792.592000,12.528789
34.768000,697.328000,1.252060
33.456000,1149.968000,5.657514
5.904000,1662.960000,5.518208
0.656000,2708.624000,6.322717
33.456000,3072.048000,2.386976
37.392000,1298.224000,0.937965
15.088000,633.040000,1.647478
33.456000,955.792000,4.064086
8.528000,3036.624000,1.844830
4.592000,2456.720000,4.762270
1.968000,263.056000,2.744237
33.456000,451.984000,1.486880
21.648000,440.176000,1.270744
3.280000,1609.168000,0.933112
15.088000,1832.208000,2.134505
17.712000,1050.256000,1.976537
19.024000,2199.568000,3.219887
29.520000,902.000000,2.377936
32.144000,2969.712000,0.759068
28.208000,214.512000,2.634249
3.280000,1538.320000,5.196049
4.592000,323.408000,2.148797
29.520000,1472.720000,2.529238
1.968000,2510.512000,10.116457
16.400000,919.056000,1.206919
7.216000,2803.088000,0.976996
26.896000,1010.896000,2.522323
36.080000,11.152000,0.730036
4.592000,2059.184000,4.304102
33.456000,686.832000,5.048162
25.584000,2057.872000,0.959616
32.144000,2622.032000,0.743818
0.656000,1634.096000,0.883732
12.464000,2828.016000,8.172213
38.704000,3129.776000,4.285658
0.656000,2770.288000,24.104412
21.648000,915.120000,3.070658
20.336000,2653.520000,1.140582
8.528000,2005.392000,1.125209
5.904000,2459.344000,5.435376
21.648000,120.048000,3.228852
36.080000,1046.320000,2.313355
15.088000,1896.496000,0.869707
12.464000,122.672000,7.532614
36.080000,1601.296000,2.204417
15.088000,122.672000,1.261229
37.392000,1934.544000,6.545938
26.896000,281.424000,2.138476
21.648000,2284.848000,14.321374
1.968000,207.952000,7.882697
28.208000,693.392000,2.202031
28.208000,2380.624000,2.087069
37.392000,617.296000,5.719478
16.400000,896.752000,5.450707
17.712000,2074.928000,0.758618
8.528000,1863.696000,1.629593
3.280000,787.856000,1.464787
5.904000,2313.712000,3.549115
26.896000,1437.296000,11.209539
24.272000,1303.472000,4.734875
0.656000,2893.616000,2.426512
25.584000,766.864000,4.763521
16.400000,2597.104000,0.915320
7.216000,3123.216000,1.176565
3.280000,277.488000,3.426627
24.272000,68.880000,0.665010
3.280000,1475.344000,3.587963
3.280000,2654.832000,1.936956
0.656000,217.136000,5.896865
30.832000,1374.320000,2.250782
29.520000,2900.176000,8.212992
37.392000,2719.120000,1.356839
34.768000,2417.360000,1.157266
21.648000,400.816000,0.835594
1.968000,1775.792000,8.291448
26.896000,2448.848000,5.912429
13.776000,448.048000,6.455052
26.896000,3062.864000,6.361946
8.528000,812.784000,3.752629
8.528000,2122.160000,9.140904
21.648000,2637.776000,17.694890
0.656000,2747.984000,2.944847
22.960000,875.760000,12.733374
15.088000,289.296000,9.520547
16.400000,190.896000,0.789789
26.896000,3010.384000,1.351593
37.392000,2692.880000,2.552747
17.712000,1771.856000,4.629171
20.336000,1045.008000,2.631776
26.896000,2094.608000,7.456517
26.896000,343.088000,3.932184
36.080000,529.392000,14.308510
15.088000,222.384000,4.957479
4.592000,912.496000,1.291305
4.592000,301.104000,6.480036
26.896000,814.096000,2.684829
25.584000,2490.832000,2.901556
30.832000,778.672000,6.017922
38.704000,682.896000,2.567151
17.712000,2332.080000,4.918328
24.272000,2393.744000,7.337269
30.832000,3120.592000,1.987442
1.968000,719.632000,4.758224
3.280000,1384.816000,1.700716
30.832000,1256.240000,2.949607
37.392000,2527.568000,4.537980
12.464000,3090.416000,0.713261
13.776000,1517.328000,3.009269
34.768000,3009.072000,3.063646
13.776000,29.520000,1.135432
25.584000,1105.360000,4.267726
21.648000,130.544000,3.811389
26.896000,793.104000,0.724490
7.216000,2702.064000,3.191771
17.712000,3058.928000,1.603588
33.456000,765.552000,12.317033
13.776000,1644.592000,6.239594
21.648000,2351.760000,7.583123
29.520000,466.416000,3.785782
22.960000,2182.512000,1.272239
12.464000,1808.592000,3.350735
5.904000,1041.072000,2.081175
29.520000,1064.688000,2.845895
25.584000,1542.256000,2.566293
25.584000,1632.784000,5.468248
32.144000,2296.656000,5.817754
11.152000,2374.064000,1.144996
32.144000,3047.120000,5.910689
30.832000,3148.144000,3.127063
25.584000,1575.056000,2.926216
3.280000,2732.240000,4.680773
30.832000,2088.048000,3.995769
3.280000,0.656000,1.882724
29.520000,2186.448000,6.765081
30.832000,2859.504000,10.489889
11.152000,2137.904000,2.649427
22.960000,106.928000,4.394852
7.216000,1669.520000,4.304332
15.088000,1230.000000,2.882841
32.144000,2050.000000,4.961440
3.280000,1741.680000,2.249019
0.656000,619.920000,3.839335
34.768000,1526.512000,6.064477
24.272000,2732.240000,6.304795
32.144000,1555.376000,12.300656
25.584000,2393.744000,2.530367
4.592000,1555.376000,1.185412
13.776000,1395.312000,5.188585
34.768000,2674.512000,2.456179
16.400000,1556.688000,5.505420
5.904000,471.664000,8.683411
9.840000,1787.600000,8.397486
33.456000,928.240000,4.516308
15.088000,1096.176000,3.094772
29.520000,2151.024000,1.288768
3.280000,1455.664000,3.418970
17.712000,2337.328000,12.693509
33.456000,196.144000,3.462505
7.216000,1617.040000,9.652190
19.024000,1487.152000,3.826407
34.768000,399.504000,7.809754
3.280000,2587.920000,2.680378
17.712000,1694.448000,3.273731
8.528000,2038.192000,2.013377
19.024000,3129.776000,2.566381
20.336000,2396.368000,1.267743
9.840000,2374.064000,3.388088
15.088000,3170.448000,8.442090
26.896000,1021.392000,11.947322
3.280000,2405.552000,2.208848
5.904000,1737.744000,13.379688
1.968000,1458.288000,1.969850
17.712000,193.520000,8.395526
37.392000,500.528000,5.666439
33.456000,1292.976000,8.551185
32.144000,537.264000,1.214854
26.896000,1.968000,7.070546
22.960000,2383.248000,1.844239
24.272000,3221.616000,4.945883
9.840000,730.128000,3.782204
28.208000,2376.688000,1.154670
37.392000,2892.304000,7.416512
0.656000,2242.864000,5.885066
25.584000,654.032000,2.777214
8.528000,1039.760000,1.512979
1.968000,1718.064000,4.970430
15.088000,392.944000,5.026674
3.280000,114.800000,0.775468
1.968000,2873.936000,1.315883
19.024000,3207.184000,1.072020
26.896000,1749.552000,1.489244
25.584000,672.400000,1.700008
36.080000,1055.504000,2.795173
11.152000,266.992000,0.821546
15.088000,2856.880000,3.167177
5.904000,1849.264000,0.727706
17.712000,591.056000,7.216813
17.712000,2565.616000,2.507447
11.152000,3195.376000,2.072524
13.776000,1017.456000,1.916965
32.144000,2817.520000,1.355497
1.968000,2404.240000,1.301798
3.280000,686.832000,2.201784
3.280000,1769.232000,4.486822
37.392000,276.176000,0.948015
30.832000,667.152000,1.433582
4.592000,61.008000,0.657981
11.152000,1349.392000,4.256336
8.528000,3100.912000,9.142387
17.712000,1006.960000,6.085971
22.960000,2930.352000,1.184683
17.712000,1167.024000,0.922349
19.024000,2989.392000,1.083305
22.960000,2479.024000,9.805105
24.272000,3110.096000,0.816371
17.712000,690.768000,0.773614
11.152000,2044.752000,7.368357
17.712000,1990.960000,4.697764
34.768000,244.688000,1.420387
15.088000,1449.104000,3.736240
11.152000,2545.936000,4.370048
5.904000,1655.088000,5.112830
33.456000,1348.080000,1.815656
25.584000,1800.720000,6.455273
8.528000,1458.288000,0.716095
7.216000,2552.496000,2.751291
33.456000,2656.144000,1.885513
33.456000,1180.144000,4.881993
37.392000,946.608000,5.433473
1.968000,3053.680000,10.777258
25.584000,1365.136000,14.875009
29.520000,395.568000,3.008975
36.080000,1076.496000,5.848266
24.272000,437.552000,1.448574
3.280000,134.480000,1.423321
25.584000,1732.496000,1.033222
24.272000,1906.992000,9.415460
33.456000,1379.568000,1.758584
26.896000,2503.952000,1.806602
9.840000,1816.464000,1.038714
30.832000,631.728000,9.109606
32.144000,1004.336000,5.100580
12.464000,1592.112000,3.081361
13.776000,1631.472000,9.985240
29.520000,2005.392000,4.239418
7.216000,2001.456000,10.221256
26.896000,2771.600000,10.712438
34.768000,1849.264000,2.612154
9.840000,2851.632000,3.138550
9.840000,836.400000,0.754654
26.896000,3212.432000,0.936302
25.584000,535.952000,8.247255
15.088000,899.376000,1.283477
0.656000,1521.264000,11.423784
26.896000,589.744000,3.584696
37.392000,333.904000,1.036617
0.656000,116.112000,7.164860
34.768000,1804.656000,11.657360
3.280000,2843.760000,0.963012
3.280000,92.496000,5.552829
8.528000,1476.656000,3.634192
7.216000,1446.480000,3.176073
5.904000,996.464000,3.002342
22.960000,247.312000,2.148502
34.768000,1472.720000,0.663854
25.584000,2459.344000,3.354909
4.592000,640.912000,3.577473
17.712000,1399.248000,2.056715
1.968000,844.272000,4.240746
38.704000,1471.408000,1.288500
15.088000,1081.744000,1.369166
38.704000,1240.496000,1.106815
30.832000,85.936000,19.841738
37.392000,964.976000,3.194623
4.592000,1719.376000,2.191581
25.584000,287.984000,1.668103
1.968000,2269.104000,1.899748
37.392000,2315.024000,1.281327
25.584000,252.560000,3.486481
12.464000,1344.144000,2.790010
33.456000,423.120000,3.668907
33.456000,2262.544000,6.354370
16.400000,2353.072000,0.872750
25.584000,1334.960000,12.535731
11.152000,2893.616000,2.024374
12.464000,427.056000,2.108392
22.960000,1149.968000,1.521847
19.024000,1311.344000,0.921772
21.648000,2692.880000,3.571854
38.704000,207.952000,6.401686
0.656000,2178.576000,2.782624
0.656000,1938.480000,1.432618
20.336000,1285.104000,1.911051
26.896000,3121.904000,6.957807
24.272000,869.200000,2.854789
32.144000,1946.352000,6.209282
0.656000,2288.784000,1.147643
30.832000,993.840000,4.959370
25.584000,1401.872000,5.841211
19.024000,2753.232000,2.366491
11.152000,373.264000,0.804676
38.704000,1312.656000,12.464434
28.208000,2963.152000,8.121635
16.400000,3209.808000,2.726239
29.520000,41.328000,0.803044
19.024000,2728.304000,3.266769
13.776000,1561.936000,3.930177
36.080000,3006.448000,3.773476
0.656000,1794.160000,5.258912
29.520000,2013.264000,4.533401
25.584000,946.608000,0.875321
22.960000,2521.008000,8.346873
16.400000,675.024000,0.884871
37.392000,1613.104000,0.776813
19.024000,686.832000,5.041367
4.592000,2948.720000,0.821969
15.088000,2140.528000,1.902473
26.896000,2859.504000,3.090256
7.216000,2670.576000,1.685913
13.776000,3136.336000,0.801199
26.896000,2971.024000,5.442943
25.584000,3148.144000,2.096698
3.280000,472.976000,2.414286
4.592000,337.840000,6.415650
3.280000,1573.744000,2.135127
32.144000,2089.360000,2.443872
16.400000,2350.448000,0.954395
21.648000,1811.216000,1.739330
3.280000,1880.752000,1.633607
32.144000,2717.808000,2.302781
30.832000,650.096000,0.795909
13.776000,3190.128000,1.459620
12.464000,795.728000,6.593553
13.776000,1489.776000,2.398230
0.656000,615.984000,1.104049
33.456000,839.024000,1.221123
7.216000,835.088000,0.908139
12.464000,2099.856000,4.776233
37.392000,294.544000,1.938552
21.648000,2644.336000,2.235256
32.144000,2225.808000,3.840396
8.528000,2392.432000,1.891595
13.776000,121.360000,15.407036
20.336000,2485.584000,4.454859
38.704000,2360.944000,2.684407
7.216000,2884.432000,0.908511
11.152000,1357.264000,3.243148
3.280000,2009.328000,1.442907
32.144000,1153.904000,2.762149
8.528000,2627.280000,3.546142
19.024000,1363.824000,2.959752
38.704000,451.984000,11.501072
36.080000,1819.088000,2.935106
34.768000,2254.672000,2.980450
30.832000,1262.800000,0.833561
16.400000,2500.016000,1.398347
25.584000,2139.216000,0.888535
36.080000,1728.560000,4.129253
15.088000,3103.536000,0.848812
30.832000,762.928000,7.760937
30.832000,518.896000,4.256413
13.776000,2960.528000,16.485016
16.400000,1374.320000,7.150191
4.592000,2081.488000,3.580000
3.280000,538.576000,3.009209
5.904000,1948.976000,1.173516
37.392000,2379.312000,4.359614
30.832000,2242.864000,1.518296
17.712000,3174.384000,0.857860
12.464000,2704.688000,3.914995
4.592000,1211.632000,5.072755
34.768000,24.272000,5.006637
0.656000,1640.656000,1.729358
15.088000,692.080000,1.806994
4.592000,1609.168000,1.733481
38.704000,2608.912000,3.606353
38.704000,2646.960000,4.752684
8.528000,934.800000,1.040702
9.840000,1799.408000,0.788742
29.520000,139.728000,2.136179
29.520000,3220.304000,1.987552
5.904000,867.888000,3.847634
26.896000,1901.744000,0.667451
8.528000,2296.656000,10.260018
15.088000,2060.496000,1.587083
38.704000,1707.568000,2.970820
16.400000,1497.648000,0.700533
16.400000,469.040000,8.913627
28.208000,3001.200000,7.971456
24.272000,2900.176000,4.043407
7.216000,210.576000,4.642921
15.088000,1420.240000,2.864075
30.832000,2686.320000,3.768972
1.968000,454.608000,1.366373
32.144000,1382.192000,1.559005
37.392000,2601.040000,2.500128
37.392000,2249.424000,6.363608
32.144000,415.248000,6.400301
30.832000,75.440000,0.670015
33.456000,891.504000,4.962681
12.464000,89.872000,1.768499
19.024000,2521.008000,2.291277
28.208000,2151.024000,4.806230
4.592000,612.048000,4.954858
9.840000,2593.168000,2.140054
19.024000,1888.624000,6.875318
25.584000,2906.736000,1.002149
12.464000,554.320000,4.130183
15.088000,1349.392000,4.279204
38.704000,95.120000,10.165514
38.704000,2451.472000,5.125335
1.968000,1791.536000,12.543970
12.464000,837.712000,15.604638
32.144000,694.704000,0.742586
1.968000,2820.144000,3.113992
19.024000,1417.616000,5.503618
12.464000,517.584000,2.205246
17.712000,2259.920000,3.562072
30.832000,3056.304000,2.182584
21.648000,1325.776000,5.913783
37.392000,1488.464000,2.669454
20.336000,1697.072000,2.475808
7.216000,2866.064000,0.676391
9.840000,1572.432000,3.328234
25.584000,3089.104000,5.569995
3.280000,2957.904000,3.718604
19.024000,898.064000,0.970616
28.208000,762.928000,5.354929
20.336000,779.984000,8.197848
3.280000,2548.560000,2.567397
32.144000,732.752000,1.096464
0.656000,2042.128000,4.375330
7.216000,777.360000,11.672701
29.520000,1089.616000,11.438767
34.768000,1303.472000,2.714008
22.960000,2036.880000,2.557848
25.584000,2124.784000,3.576478
25.584000,2031.632000,8.216573
9.840000,1655.088000,2.831530
12.464000,1256.240000,0.723997
4.592000,430.992000,1.389773
0.656000,448.048000,7.151656
16.400000,1291.664000,2.528109
28.208000,373.264000,1.578827
3.280000,274.864000,1.079556
4.592000,471.664000,6.158073
9.840000,3102.224000,3.015355
21.648000,946.608000,0.851976
12.464000,1811.216000,2.681113
17.712000,2109.040000,0.811940
34.768000,2842.448000,1.338298
36.080000,751.120000,7.023540
15.088000,1174.896000,1.586822
22.960000,1312.656000,0.692936
17.712000,1683.952000,7.995573
20.336000,2860.816000,1.507576
24.272000,997.776000,1.009688
7.216000,1971.280000,2.526006
16.400000,2938.224000,5.278489
29.520000,608.112000,3.097329
9.840000,2337.328000,6.094090
21.648000,2982.832000,0.994362
33.456000,1401.872000,1.981018
7.216000,2154.960000,2.415358
25.584000,2776.848000,3.073972
8.528000,1830.896000,5.766811
0.656000,89.872000,12.600953
20.336000,2346.512000,1.429387
12.464000,2644.336000,8.772380
1.968000,2429.168000,1.864262
32.144000,761.616000,4.876692
30.832000,2454.096000,1.542887
34.768000,1244.432000,2.603996
9.840000,559.568000,1.024781
26.896000,1735.120000,0.847649
32.144000,1567.184000,2.829526
3.280000,1323.152000,11.504057
15.088000,398.192000,6.979370
12.464000,783.920000,1.295001
36.080000,2133.968000,1.329706
38.704000,126.608000,6.106260
4.592000,1765.296000,2.418180
19.024000,571.376000,2.106870
20.336000,1620.976000,1.522740
37.392000,158.096000,5.032537
4.592000,2603.664000,0.743022
26.896000,2202.192000,5.633050
3.280000,2443.600000,8.829249
16.400000,240.752000,9.303816
12.464000,2296.656000,8.078186
33.456000,1233.936000,20.894679
19.024000,1022.704000,2.752505
38.704000,217.136000,6.355390
13.776000,2338.640000,1.307785
5.904000,1306.096000,6.197444
13.776000,1766.608000,0.996507
22.960000,2078.864000,0.776534
34.768000,1075.184000,1.742059
13.776000,227.632000,1.678230
34.768000,613.360000,0.973748
22.960000,2494.768000,1.047050
8.528000,3070.736000,4.508584
1.968000,1008.272000,3.970443
33.456000,416.560000,1.953511
12.464000,1765.296000,1.551569
20.336000,3007.760000,2.159019
17.712000,852.144000,7.602553
3.280000,2682.384000,3.804875
5.904000,223.696000,0.771073
7.216000,2372.752000,9.317261
25.584000,917.744000,5.083373
17.712000,1134.224000,2.919828
36.080000,1416.304000,1.191644
36.080000,2152.336000,2.827870
37.392000,3058.928000,1.135739
12.464000,3035.312000,4.651786
8.528000,1840.080000,1.725634
8.528000,1433.360000,8.734599
24.272000,2532.816000,0.785003
12.464000,1489.776000,1.922773
22.960000,2055.248000,2.223312
7.216000,2050.000000,0.659149
21.648000,1005.648000,1.424432
0.656000,1059.440000,4.736271
11.152000,1588.176000,4.213744
34.768000,2866.064000,4.433303
19.024000,1640.656000,2.580253
16.400000,1715.440000,7.254002
0.656000,2998.576000,2.153939
38.704000,163.344000,1.117792
24.272000,1830.896000,2.251034
5.904000,526.768000,1.222968
28.208000,198.768000,5.764762
24.272000,1729.872000,6.251837
12.464000,329.968000,1.202132
25.584000,1920.112000,1.386934
13.776000,1422.864000,4.498181
9.840000,210.576000,1.637674
7.216000,961.040000,6.631252
8.528000,3119.280000,5.499281
11.152000,3028.752000,1.259913
38.704000,2334.704000,4.182389
26.896000,706.512000,0.668549
15.088000,894.128000,1.835393
21.648000,2799.152000,4.868320
3.280000,741.936000,4.263692
20.336000,1236.560000,5.851786
36.080000,2106.416000,3.798460
37.392000,903.312000,5.322354
30.832000,1222.128000,1.122049
26.896000,1753.488000,2.215427
36.080000,673.712000,0.978884
24.272000,3129.776000,2.604805
37.392000,934.800000,4.920117
5.904000,2707.312000,12.487865
3.280000,714.384000,5.405200
11.152000,277.488000,11.274811
22.960000,853.456000,7.400334
11.152000,1955.536000,0.998290
12.464000,1892.560000,1.221690
16.400000,2196.944000,4.305447
20.336000,3188.816000,1.624234
38.704000,2577.424000,0.748668
37.392000,1745.616000,6.802660
20.336000,2580.048000,1.158366
28.208000,1243.120000,1.786548
29.520000,601.552000,3.660265
36.080000,3200.624000,3.237242
13.776000,1480.592000,8.055702
0.656000,2395.056000,5.028085
28.208000,1662.960000,3.616530
4.592000,1603.920000,1.958592
32.144000,2980.208000,1.109060
17.712000,1395.312000,1.893649
15.088000,2305.840000,1.963891
21.648000,1094.864000,4.235936
13.776000,2863.440000,2.991786
37.392000,138.416000,5.948055
28.208000,1817.776000,2.992830
12.464000,680.272000,5.785148
7.216000,3035.312000,3.514648
19.024000,454.608000,2.289246
21.648000,2670.576000,2.284679
4.592000,1090.928000,3.194779
20.336000,1817.776000,2.925504
25.584000,1930.608000,2.829332
1.968000,1964.720000,1.927808
9.840000,71.504000,4.403151
21.648000,2210.064000,1.709878
12.464000,550.384000,0.933509
34.768000,2917.232000,3.411932
33.456000,3183.568000,4.590376
5.904000,1765.296000,1.349515
13.776000,2081.488000,3.439239
29.520000,420.496000,3.446679
21.648000,84.624000,1.894414
29.520000,1279.856000,0.684442
33.456000,1794.160000,3.709574
16.400000,701.264000,5.007152
15.088000,41.328000,0.850364
24.272000,764.240000,2.092758
28.208000,1826.960000,3.090159
33.456000,3201.936000,1.595332
29.520000,1009.584000,2.521865
26.896000,146.288000,4.317868
19.024000,2435.728000,9.889139
12.464000,110.864000,4.034060
0.656000,425.744000,6.783274
9.840000,165.968000,10.299303
9.840000,1861.072000,0.968430
28.208000,2788.656000,2.922067
30.832000,907.248000,1.548790
37.392000,2493.456000,2.108271
24.272000,462.480000,3.032719
8.528000,3078.608000,1.211765
9.840000,726.192000,1.566144
36.080000,720.944000,2.187289
25.584000,2099.856000,1.143566
38.704000,1062.064000,1.770839
8.528000,1788.912000,8.391951
26.896000,2909.360000,12.438070
13.776000,2589.232000,6.142827
12.464000,2510.512000,2.349506
12.464000,2410.800000,0.842700
7.216000,1180.144000,6.682028
5.904000,1777.104000,3.436536
37.392000,1783.664000,1.868485
37.392000,2317.648000,1.927821
25.584000,2110.352000,5.682649
13.776000,749.808000,6.113751
8.528000,2948.720000,1.590247
37.392000,1407.120000,2.919732
38.704000,934.800000,5.124546
9.840000,3173.072000,3.655177
4.592000,1977.840000,5.243683
17.712000,3036.624000,7.077995
28.208000,2725.680000,2.590900
30.832000,529.392000,5.280480
13.776000,866.576000,2.968883
16.400000,479.536000,3.205084
34.768000,2295.344000,2.281114
33.456000,1346.768000,5.802784
0.656000,841.648000,20.700385
4.592000,2999.888000,1.675027
37.392000,61.008000,4.514970
7.216000,1702.320000,4.971458
34.768000,1355.952000,3.507658
19.024000,1830.896000,1.920014
19.024000,62.320000,1.135356
34.768000,1344.144000,1.511400
17.712000,1001.712000,14.470977
34.768000,2711.248000,5.206666
26.896000,2985.456000,6.613290
16.400000,1097.488000,5.619077
20.336000,190.896000,1.448299
13.776000,1451.728000,1.273300
20.336000,106.928000,1.396457
15.088000,551.696000,0.767539
38.704000,104.304000,3.179246
3.280000,1096.176000,8.082663
19.024000,1275.920000,3.046223
7.216000,2952.656000,4.438132
7.216000,1897.808000,0.867072
34.768000,1887.312000,5.748935
21.648000,2051.312000,2.266327
3.280000,1509.456000,1.473449
28.208000,1495.024000,2.932286
12.464000,1147.344000,0.768507
26.896000,408.688000,9.778592
38.704000,661.904000,6.126249
37.392000,2538.064000,5.868925
32.144000,873.136000,1.086428
3.280000,1300.848000,1.100538
22.960000,2926.416000,2.179530
17.712000,791.792000,2.710612
29.520000,127.920000,5.894887
8.528000,867.888000,1.770428
28.208000,583.184000,11.546552
12.464000,3194.064000,3.202939
20.336000,556.944000,5.002792
11.152000,68.880000,4.031732
16.400000,1912.240000,2.185424
29.520000,2157.584000,3.886224
26.896000,2017.200000,7.736822
20.336000,488.720000,0.663720
19.024000,591.056000,1.327103
33.456000,337.840000,1.542094
3.280000,1535.696000,9.511736
12.464000,2985.456000,7.141490
38.704000,1857.136000,0.969806
4.592000,1855.824000,9.340414
11.152000,512.336000,3.811648
29.520000,2661.392000,1.280598
0.656000,230.256000,1.413016
30.832000,412.624000,2.323482
19.024000,3072.048000,3.174729
9.840000,1223.440000,3.941025
38.704000,647.472000,2.029921
37.392000,631.728000,6.704821
24.272000,2921.168000,4.596790
36.080000,2831.952000,10.244147
33.456000,84.624000,3.897070
37.392000,2455.408000,6.474083
5.904000,2193.008000,1.408167
17.712000,2299.280000,1.850996
26.896000,1966.032000,6.108735
30.832000,2938.224000,2.619401
28.208000,824.592000,1.651326
25.584000,1668.208000,6.213518
17.712000,2834.576000,4.719288
26.896000,1588.176000,2.098617
38.704000,2317.648000,13.233562
1.968000,1681.328000,1.937403
4.592000,3177.008000,5.464406
4.592000,2242.864000,5.372284
34.768000,1442.544000,2.515405
22.960000,840.336000,3.735073
36.080000,1698.384000,1.145134
32.144000,2852.944000,2.188864
34.768000,1510.768000,2.379530
4.592000,1413.680000,2.540076
8.528000,2371.440000,1.075113
15.088000,854.768000,3.218428
11.152000,661.904000,5.650823
32.144000,3150.768000,4.545062
1.968000,1477.968000,2.385750
13.776000,1786.288000,3.070672
7.216000,1480.592000,6.607790
37.392000,2353.072000,2.630770
3.280000,1176.208000,16.861354
36.080000,2981.520000,5.535685
34.768000,937.424000,8.559000
9.840000,1601.296000,2.958043
25.584000,1155.216000,8.315014
0.656000,1468.784000,2.855632
22.960000,2194.320000,2.470555
1.968000,389.008000,5.585484
12.464000,339.152000,6.127144
37.392000,1051.568000,5.106753
22.960000,1563.248000,2.886813
22.960000,38.704000,4.124393
7.216000,2378.000000,3.109277
20.336000,568.752000,2.379293
17.712000,2570.864000,3.365076
8.528000,2265.168000,6.893365
0.656000,308.976000,11.943155
9.840000,3001.200000,1.530568
33.456000,1370.384000,2.736743
22.960000,1353.328000,1.647960
4.592000,1456.976000,0.912600
0.656000,1338.896000,11.522393
33.456000,1471.408000,0.980582
38.704000,1895.184000,1.337595
17.712000,2200.880000,1.527617
36.080000,1686.576000,12.838006
26.896000,2273.040000,0.966698
13.776000,1357.264000,1.349049
21.648000,713.072000,4.415152
33.456000,3156.016000,0.763497
11.152000,2816.208000,6.746391
0.656000,353.584000,5.065426
16.400000,504.464000,5.717239
34.768000,1644.592000,5.040976
19.024000,1308.720000,0.802326
19.024000,2168.080000,2.919924
0.656000,2738.800000,1.528967
25.584000,1220.816000,3.210256
33.456000,2953.968000,4.243841
12.464000,22.960000,4.897917
29.520000,1387.440000,1.844995
32.144000,1948.976000,1.238375
20.336000,2286.160000,3.768715
24.272000,1169.648000,9.235060
26.896000,1311.344000,6.694045
37.392000,577.936000,8.061887
21.648000,2191.696000,0.659519
1.968000,1712.816000,13.309223
22.960000,878.384000,1.079112
26.896000,3104.848000,10.281579
22.960000,832.464000,1.702579
28.208000,1697.072000,7.605037
17.712000,1248.368000,1.333438
15.088000,2017.200000,3.767973
1.968000,347.024000,5.020758
17.712000,583.184000,10.135295
29.520000,437.552000,5.299685
19.024000,1177.520000,10.174166
20.336000,1649.840000,3.549537
0.656000,1984.400000,5.431229
36.080000,2383.248000,1.364840
0.656000,1043.696000,1.145592
1.968000,1327.088000,0.955486
5.904000,3215.056000,4.953709
19.024000,747.184000,1.857483
29.520000,2644.336000,3.211487
11.152000,1682.640000,3.195652
22.960000,2686.320000,2.996251
36.080000,2670.576000,9.372179
32.144000,358.832000,1.675692
16.400000,1248.368000,1.898479
22.960000,1602.608000,0.697156
11.152000,2342.576000,2.122606
5.904000,1670.832000,0.847812
13.776000,1694.448000,5.635037
38.704000,1834.832000,3.216811
32.144000,2120.848000,9.673500
30.832000,1223.440000,7.166048
20.336000,337.840000,3.192150
21.648000,2753.232000,6.786128
33.456000,1254.928000,1.340337
9.840000,168.592000,7.274184
25.584000,1926.672000,10.890706
37.392000,2471.152000,2.175701
29.520000,2266.480000,0.810607
3.280000,2471.152000,8.412592
17.712000,2116.912000,2.479949
22.960000,1820.400000,4.760868
38.704000,760.304000,2.361595
29.520000,636.976000,2.285788
24.272000,551.696000,2.301061
12.464000,2392.432000,3.450780
25.584000,895.440000,6.977220
5.904000,327.344000,0.736544
24.272000,1955.536000,1.032935
19.024000,2623.344000,5.260468
34.768000,2876.560000,1.016001
21.648000,1197.200000,2.992738
22.960000,1855.824000,4.840399
4.592000,1722.000000,0.862500
25.584000,871.824000,1.320512
7.216000,34.768000,2.327934
36.080000,2063.120000,5.628973
25.584000,361.456000,2.032215
25.584000,970.224000,1.887467
16.400000,1948.976000,3.798706
0.656000,49.200000,6.260720
9.840000,2985.456000,3.885737
3.280000,3150.768000,4.135995
30.832000,280.112000,2.322040
20.336000,1662.960000,2.916621
36.080000,2947.408000,6.149399
4.592000,751.120000,2.004344
20.336000,2914.608000,0.819475
24.272000,660.592000,1.044102
1.968000,925.616000,8.418616
20.336000,882.320000,1.084551
26.896000,3222.928000,2.655759
4.592000,328.656000,10.409665
20.336000,1324.464000,2.854544
11.152000,179.088000,8.866461
4.592000,1117.168000,3.722714
30.832000,308.976000,3.190845
36.080000,2068.368000,10.276921
7.216000,732.752000,0.726606
38.704000,1253.616000,2.788248
36.080000,2902.800000,3.127678
21.648000,87.248000,5.911448
24.272000,1248.368000,1.047439
4.592000,992.528000,0.886318
26.896000,686.832000,1.322339
12.464000,1987.024000,3.296566
36.080000,2040.816000,4.131419
21.648000,1106.672000,2.189658
1.968000,2582.672000,1.911449
20.336000,1896.496000,3.455522
7.216000,1956.848000,5.427203
20.336000,1546.192000,1.876330
12.464000,196.144000,1.644602
38.704000,2149.712000,5.942946
37.392000,1274.608000,0.993793
20.336000,207.952000,1.604373
4.592000,446.736000,1.333274
15.088000,857.392000,2.345957
5.904000,1034.512000,1.318855
38.704000,2132.656000,4.398665
22.960000,368.016000,7.680738
29.520000,2611.536000,3.220477
12.464000,378.512000,1.250708
3.280000,1066.000000,7.543377
4.592000,2332.080000,2.414815
4.592000,1453.040000,3.292012
0.656000,1113.232000,0.699355
9.840000,1753.488000,0.889938
32.144000,2868.688000,2.249293
7.216000,411.312000,1.654548
4.592000,1952.912000,2.396800
33.456000,738.000000,2.084754
0.656000,954.480000,5.038985
20.336000,2782.096000,3.487883
21.648000,2412.112000,2.841059
4.592000,2421.296000,4.033793
26.896000,83.312000,1.679204
25.584000,640.912000,6.025539
38.704000,1947.664000,7.047702
34.768000,638.288000,3.699362
30.832000,1319.216000,10.920776
8.528000,1867.632000,3.349947
36.080000,1585.552000,3.471920
12.464000,155.472000,0.871519
25.584000,1821.712000,5.399764
5.904000,1716.752000,1.896349
32.144000,3166.512000,3.502905
8.528000,715.696000,1.705388
1.968000,2681.072000,2.301844
19.024000,1842.704000,1.494398
19.024000,186.960000,1.884477
38.704000,858.704000,4.994810
37.392000,2625.968000,1.126659
20.336000,141.040000,5.322080
32.144000,204.016000,3.506233
17.712000,865.264000,2.353893
29.520000,890.192000,4.104996
17.712000,2223.184000,5.715119
38.704000,2645.648000,3.366194
16.400000,1664.272000,1.336805
25.584000,1247.056000,1.724278
15.088000,2257.296000,1.054288
17.712000,459.856000,1.276750
20.336000,2166.768000,5.241527
24.272000,814.096000,2.488207
15.088000,105.616000,4.519451
9.840000,281.424000,4.640856
24.272000,3212.432000,3.933498
16.400000,2035.568000,3.565325
37.392000,982.032000,10.101438
25.584000,1655.088000,4.683732
37.392000,1891.248000,4.259288
8.528000,2885.744000,1.149147
4.592000,2160.208000,1.629916
36.080000,2481.648000,1.124606
33.456000,3120.592000,4.230804
7.216000,2669.264000,7.592436
5.904000,1399.248000,19.584296
15.088000,2917.232000,1.345634
5.904000,2460.656000,2.193061
5.904000,1055.504000,6.797742
22.960000,2797.840000,2.263118
34.768000,2423.920000,2.103211
8.528000,1681.328000,6.796252
28.208000,1544.880000,2.540771
26.896000,155.472000,1.627660
33.456000,623.856000,0.869833
12.464000,2500.016000,15.361987
28.208000,2063.120000,6.114029
32.144000,2316.336000,3.079402
34.768000,1181.456000,1.875182
7.216000,369.328000,1.223351
7.216000,2581.360000,2.393293
25.584000,1199.824000,7.928954
12.464000,265.680000,6.233121
29.520000,257.808000,1.552344
20.336000,2960.528000,1.099498
37.392000,2228.432000,2.137803
13.776000,1269.360000,3.568342
13.776000,186.960000,6.872960
12.464000,1535.696000,2.051955
29.520000,416.560000,0.929547
28.208000,1980.464000,0.937943
33.456000,3129.776000,5.145139
7.216000,749.808000,3.563325
34.768000,1563.248000,3.108687
28.208000,1799.408000,1.087791
30.832000,530.704000,7.065789
12.464000,3195.376000,2.838804
33.456000,1414.992000,2.059432
7.216000,2464.592000,1.048547
4.592000,638.288000,9.362973
28.208000,1937.168000,5.022517
16.400000,2074.928000,4.963870
26.896000,2779.472000,11.509145
33.456000,1089.616000,1.318951
12.464000,883.632000,4.286263
15.088000,3073.360000,3.761994
30.832000,2989.392000,3.117089
20.336000,2706.000000,3.939280
7.216000,64.944000,1.663212
8.528000,2519.696000,6.993162
7.216000,2433.104000,19.752980
17.712000,1506.832000,2.039130
0.656000,2189.072000,0.806961
37.392000,1567.184000,3.000142
12.464000,2387.184000,2.965852
1.968000,1942.416000,1.887685
33.456000,1428.112000,1.699279
17.712000,1903.056000,6.579837
21.648000,504.464000,0.775120
8.528000,83.312000,1.904204
9.840000,772.112000,4.760065
34.768000,2875.248000,3.479060
1.968000,1100.112000,2.849702
38.704000,3117.968000,6.443760
36.080000,194.832000,6.163483
15.088000,1792.848000,2.848199
9.840000,337.840000,0.934169
29.520000,1283.792000,5.208218
4.592000,1714.128000,9.451214
36.080000,3064.176000,7.921824
25.584000,1085.680000,4.207114
25.584000,3085.168000,4.349756
28.208000,1990.960000,2.337956
20.336000,2312.400000,0.686515
0.656000,1106.672000,7.680713
4.592000,2036.880000,1.460658
37.392000,2494.768000,5.715666
36.080000,991.216000,1.988615
20.336000,1088.304000,1.918978
11.152000,2408.176000,5.596900
22.960000,699.952000,1.790122
7.216000,3136.336000,3.274956
25.584000,2932.976000,4.020889
0.656000,1632.784000,1.356439
16.400000,3220.304000,9.237362
17.712000,50.512000,1.040781
38.704000,2107.728000,1.045440
33.456000,888.880000,3.262668
12.464000,1833.520000,2.793825
13.776000,2551.184000,4.716653
38.704000,3100.912000,2.766380
34.768000,1006.960000,1.802876
15.088000,2595.792000,1.212119
0.656000,282.736000,1.848098
25.584000,2200.880000,3.260160
24.272000,1884.688000,1.264477
34.768000,315.536000,3.905159
38.704000,2109.040000,2.943714
37.392000,539.888000,0.965402
29.520000,1841.392000,11.019971
8.528000,2367.504000,1.691742
3.280000,516.272000,7.584375
28.208000,2894.928000,1.304494
21.648000,1231.312000,14.281842
22.960000,2867.376000,1.477174
25.584000,3074.672000,1.457080
29.520000,465.104000,3.248816
37.392000,1463.536000,2.374777
15.088000,1529.136000,2.817568
7.216000,2469.840000,8.905223
13.776000,2158.896000,1.395335
13.776000,2346.512000,7.485425
17.712000,361.456000,2.954288
25.584000,1833.520000,0.662140
26.896000,3045.808000,7.409175
34.768000,743.248000,2.571636
36.080000,1111.920000,2.733531
21.648000,2423.920000,1.709249
37.392000,215.824000,1.323178
22.960000,2101.168000,9.549943
36.080000,2014.576000,0.877552
30.832000,2053.936000,6.530988
20.336000,2909.360000,3.515142
24.272000,1593.424000,2.690431
37.392000,1665.584000,3.116888
19.024000,55.760000,5.215232
12.464000,2620.720000,6.813865
20.336000,146.288000,8.035171
25.584000,2552.496000,5.956006
9.840000,226.320000,5.168421
20.336000,2220.560000,3.129082
19.024000,2133.968000,1.229787
28.208000,2656.144000,2.193470
4.592000,370.640000,0.728565
4.592000,204.016000,0.900673
8.528000,1174.896000,1.935409
29.520000,1296.912000,1.568015
4.592000,1729.872000,0.764127
1.968000,436.240000,7.046589
30.832000,1900.432000,5.916676
17.712000,2698.128000,6.430486
0.656000,572.688000,1.903915
1.968000,1779.728000,11.497165
33.456000,1529.136000,1.634905
29.520000,581.872000,6.026426
15.088000,2746.672000,8.806316
36.080000,1479.280000,3.964027
34.768000,1156.528000,4.816819
28.208000,2056.560000,4.553961
13.776000,276.176000,1.981756
11.152000,1872.880000,4.796818
34.768000,1375.632000,3.488156
28.208000,1719.376000,5.076396
7.216000,884.944000,0.884223
19.024000,2073.616000,4.396197
8.528000,1954.224000,3.142002
28.208000,2484.272000,3.816013
33.456000,678.960000,5.143944
17.712000,2088.048000,7.303121
20.336000,1893.872000,6.366110
8.528000,1972.592000,7.573351
5.904000,1006.960000,2.326068
9.840000,194.832000,3.440979
1.968000,503.152000,4.625134
1.968000,1437.296000,0.964973
3.280000,2183.824000,1.606508
29.520000,758.992000,2.112967
7.216000,70.192000,1.801925
29.520000,478.224000,2.366846
37.392000,1476.656000,1.424992
29.520000,67.568000,1.306500
5.904000,1556.688000,2.565168
21.648000,3041.872000,1.789992
0.656000,2324.208000,3.369685
20.336000,1412.368000,11.111729
13.776000,1114.544000,2.209792
8.528000,520.208000,19.994791
26.896000,2586.608000,2.543046
11.152000,862.640000,15.578317
32.144000,2439.664000,1.995653
12.464000,2217.936000,1.755774
28.208000,2035.568000,1.791490
38.704000,2381.936000,10.187278
7.216000,2119.536000,1.362456
11.152000,1750.864000,1.817810
11.152000,778.672000,2.780605
25.584000,776.048000,6.829526
28.208000,323.408000,1.153641
9.840000,278.800000,3.930867
32.144000,2241.552000,8.448522
16.400000,1042.384000,2.550386
0.656000,438.864000,3.256966
17.712000,516.272000,1.440015
8.528000,1644.592000,7.708717
8.528000,5.904000,1.896577
12.464000,1741.680000,1.510884
9.840000,2346.512000,0.947943
9.840000,850.832000,0.727694
9.840000,1971.280000,7.999758
29.520000,2509.200000,1.791883
22.960000,1989.648000,5.900697
37.392000,1484.528000,1.334012
1.968000,1282.480000,13.283258
30.832000,1824.336000,1.362836
20.336000,3037.936000,1.294630
38.704000,3072.048000,2.201850
4.592000,3182.256000,2.910367
15.088000,2452.784000,2.874782
36.080000,3154.704000,2.301198
15.088000,726.192000,0.916034
19.024000,1946.352000,5.945103
7.216000,1614.416000,1.976473
32.144000,902.000000,0.811027
4.592000,2837.200000,0.758718
32.144000,2371.440000,1.333861
24.272000,2599.728000,0.806373
1.968000,2988.080000,1.298382
24.272000,1886.000000,1.468015
8.528000,718.320000,2.265916
15.088000,1733.808000,0.719592
24.272000,1454.352000,0.964363
8.528000,2879.184000,1.874448
25.584000,2032.944000,3.214713
17.712000,1310.032000,3.742014
17.712000,831.152000,1.455396
21.648000,2342.576000,5.506363
9.840000,2543.312000,3.496832
9.840000,79.376000,7.534189
20.336000,1672.144000,5.008046
21.648000,2144.464000,7.568576
16.400000,2119.536000,2.108132
38.704000,2831.952000,1.664269
30.832000,315.536000,4.607377
15.088000,720.944000,2.244461
21.648000,1173.584000,5.287152
33.456000,577.936000,6.861521
16.400000,507.088000,0.966749
37.392000,2950.032000,5.731757
9.840000,1261.488000,4.521492
34.768000,471.664000,7.446980
16.400000,1858.448000,5.689620
24.272000,2410.800000,2.060706
4.592000,2410.800000,10.995956
20.336000,1754.800000,1.299025
1.968000,2738.800000,1.961388
3.280000,1980.464000,8.040687
1.968000,928.240000,1.212262
25.584000,2720.432000,3.670433
13.776000,3093.040000,1.227503
13.776000,1071.248000,2.988405
29.520000,2258.608000,1.370024
32.144000,2582.672000,3.039488
22.960000,2560.368000,2.115636
4.592000,2290.096000,3.105950
29.520000,2934.288000,7.734281
8.528000,3136.336000,5.726958
15.088000,266.992000,1.615406
12.464000,1071.248000,2.902511
1.968000,588.432000,0.667013
11.152000,1967.344000,0.717298
33.456000,2035.568000,1.152452
3.280000,1701.008000,2.357186
17.712000,2829.328000,2.120747
13.776000,217.136000,1.355662
13.776000,1569.808000,13.788353
1.968000,3123.216000,1.467335
33.456000,1577.680000,4.039629
11.152000,1089.616000,0.819829
36.080000,3222.928000,17.942241
24.272000,2566.928000,1.197905
0.656000,2038.192000,2.585876
33.456000,395.568000,1.539106
38.704000,928.240000,5.385107
17.712000,2723.056000,2.215845
16.400000,856.080000,6.773413
8.528000,2795.216000,0.835761
25.584000,2660.080000,1.802166
30.832000,2034.256000,2.038979
20.336000,2094.608000,1.133053
5.904000,1336.272000,8.410873
24.272000,2551.184000,4.310148
32.144000,2900.176000,6.328148
38.704000,413.936000,1.407967
36.080000,2207.440000,0.773724
0.656000,1790.224000,1.208846
4.592000,2006.704000,3.123135
20.336000,2426.544000,0.976209
21.648000,299.792000,6.821133
1.968000,1069.936000,6.406778
36.080000,1079.120000,1.589502
38.704000,2389.808000,3.386440
15.088000,766.864000,3.612408
32.144000,213.200000,6.157015
5.904000,2745.360000,1.550986
38.704000,3200.624000,0.757200
11.152000,1859.760000,1.501106
26.896000,22.960000,3.364708
34.768000,219.760000,2.346664
3.280000,2413.424000,8.432135
29.520000,2577.424000,4.002194
4.592000,1048.944000,6.686063
20.336000,2603.664000,2.363314
32.144000,1715.440000,1.788472
0.656000,2274.352000,2.480895
38.704000,2486.896000,9.732954
20.336000,922.992000,0.879441
24.272000,1761.360000,1.310822
12.464000,2835.888000,4.894512
34.768000,2364.880000,1.041488
33.456000,2232.368000,2.806112
28.208000,461.168000,2.051245
32.144000,2381.936000,0.773066
33.456000,1870.256000,2.514950
37.392000,718.320000,4.612015
0.656000,4.592000,1.315186
17.712000,3161.264000,11.184746
30.832000,2346.512000,16.351314
16.400000,1628.848000,0.861639
22.960000,680.272000,1.147812
30.832000,162.032000,0.992359
19.024000,180.400000,2.078596
32.144000,453.296000,0.886689
29.520000,3091.728000,1.448255
15.088000,1376.944000,1.749986
15.088000,2412.112000,3.045318
4.592000,1268.048000,8.403634
5.904000,2056.560000,2.372995
13.776000,2381.936000,4.376054
33.456000,1773.168000,12.444055
21.648000,66.256000,2.988044
21.648000,2820.144000,0.702479
19.024000,1188.016000,2.940152
16.400000,1599.984000,2.947695
26.896000,1396.624000,1.505016
1.968000,210.576000,4.813664
19.024000,2431.792000,2.770810
25.584000,2115.600000,1.689589
9.840000,2408.176000,4.396871
8.528000,2826.704000,2.659786
17.712000,1168.336000,5.388427
22.960000,1227.376000,8.346962
16.400000,2726.992000,4.957034
24.272000,1599.984000,3.147656
16.400000,1089.616000,5.120498
1.968000,424.432000,0.676350
7.216000,2923.792000,4.135782
24.272000,150.224000,5.635306
17.712000,2254.672000,3.574828
3.280000,3024.816000,1.862643
3.280000,2787.344000,1.495791
20.336000,1874.192000,2.829382
12.464000,3095.664000,7.139522
12.464000,1454.352000,1.482341
15.088000,2868.688000,8.902189
3.280000,1652.464000,1.285831
33.456000,1816.464000,5.574486
37.392000,529.392000,11.552183
30.832000,3157.328000,7.097486
28.208000,2217.936000,9.983319
9.840000,3199.312000,6.048569
26.896000,1913.552000,1.545995
17.712000,2792.592000,3.213658
24.272000,747.184000,2.021808
30.832000,2417.360000,9.024985
0.656000,744.560000,4.931464
19.024000,2191.696000,5.483625
36.080000,882.320000,0.872686
1.968000,943.984000,2.492509
38.704000,1114.544000,6.827063
8.528000,811.472000,2.509877
0.656000,1537.008000,3.533863
37.392000,21.648000,3.184491
34.768000,984.656000,14.193364
16.400000,1118.480000,1.661693
36.080000,475.600000,7.825137
36.080000,1845.328000,3.659266
19.024000,870.512000,5.820959
32.144000,1282.480000,1.017219
29.520000,2078.864000,3.276896
30.832000,625.168000,9.929091
36.080000,476.912000,1.994545
12.464000,3103.536000,1.722140
34.768000,1438.608000,4.170264
8.528000,3131.088000,1.356581
37.392000,2667.952000,1.862826
0.656000,3119.280000,4.599377
32.144000,2035.568000,4.331215
22.960000,1188.016000,6.237731
29.520000,2123.472000,11.859901
0.656000,2482.960000,1.799591
24.272000,273.552000,11.621295
17.712000,654.032000,10.908198
37.392000,2807.024000,1.751886
37.392000,2603.664000,5.431043
28.208000,163.344000,11.123005
20.336000,1522.576000,1.442665
13.776000,2065.744000,6.232413
26.896000,1849.264000,4.791326
1.968000,438.864000,27.220208
16.400000,1143.408000,4.710824
32.144000,1476.656000,12.458327
16.400000,1983.088000,1.678906
20.336000,2300.592000,0.935027
28.208000,1981.776000,3.788588
20.336000,983.344000,3.070751
38.704000,1647.216000,5.832770
38.704000,1783.664000,1.400509
20.336000,1777.104000,3.615482
5.904000,1922.736000,4.215181
1.968000,466.416000,1.414567
36.080000,1774.480000,2.118104
0.656000,1756.112000,13.973527
25.584000,2254.672000,11.745878
15.088000,928.240000,5.241273
36.080000,2930.352000,4.919959
20.336000,2514.448000,3.939644
13.776000,588.432000,0.669402
12.464000,3040.560000,7.112336
19.024000,1220.816000,10.534604
24.272000,3014.320000,2.552126
1.968000,571.376000,6.454757
7.216000,2989.392000,4.111441
12.464000,63.632000,12.741392
22.960000,2196.944000,1.904175
38.704000,362.768000,1.174092
24.272000,171.216000,8.320549
28.208000,2450.160000,1.858449
9.840000,621.232000,2.157028
33.456000,2492.144000,3.175125
37.392000,756.368000,1.218982
24.272000,2674.512000,1.786735
1.968000,1509.456000,0.825991
20.336000,862.640000,4.932836
25.584000,2501.328000,16.354133
1.968000,3009.072000,4.004861
15.088000,236.816000,4.970512
21.648000,2460.656000,3.025133
38.704000,1363.824000,0.818919
37.392000,2351.760000,2.424858
16.400000,3006.448000,1.388475
30.832000,417.872000,0.802974
26.896000,828.528000,8.366280
9.840000,1596.048000,1.004129
5.904000,3207.184000,5.218104
33.456000,1055.504000,1.357931
7.216000,1161.776000,1.198130
38.704000,3010.384000,5.660626
0.656000,3169.136000,4.919042
32.144000,3031.376000,0.915375
9.840000,3195.376000,1.739763
32.144000,1198.512000,1.620616
36.080000,1888.624000,7.126214
0.656000,21.648000,3.809456
4.592000,2524.944000,0.658330
3.280000,1613.104000,0.733539
29.520000,3182.256000,9.053085
38.704000,425.744000,4.184701
24.272000,1531.760000,10.844977
4.592000,769.488000,3.121563
26.896000,369.328000,1.608292
7.216000,945.296000,7.572808
22.960000,1955.536000,2.172548
16.400000,3065.488000,4.567898
16.400000,2093.296000,4.239104
38.704000,1993.584000,3.834789
8.528000,3191.440000,3.797811
20.336000,1924.048000,1.138170
5.904000,251.248000,5.599226
19.024000,150.224000,0.828541
32.144000,1084.368000,10.641257
21.648000,929.552000,5.531255
20.336000,2055.248000,1.015327
17.712000,1243.120000,0.875362
22.960000,2845.072000,1.358864
20.336000,2231.056000,3.063699
32.144000,2186.448000,2.746578
15.088000,293.232000,1.168803
36.080000,2405.552000,2.516374
37.392000,849.520000,1.629522
3.280000,1146.032000,2.015086
11.152000,2193.008000,3.393495
29.520000,475.600000,2.881198
8.528000,1807.280000,1.571425
25.584000,2224.496000,0.839254
21.648000,194.832000,2.387454
1.968000,1969.968000,3.034356
28.208000,1157.840000,1.729974
37.392000,2055.248000,3.669229
20.336000,382.448000,14.552691
13.776000,123.984000,0.935567
5.904000,1521.264000,0.706753
24.272000,159.408000,3.532664
21.648000,549.072000,7.827614
12.464000,1477.968000,4.392706
12.464000,2696.816000,3.707208
0.656000,1546.192000,1.495226
5.904000,2749.296000,2.424507
16.400000,377.200000,1.939245
30.832000,850.832000,1.291865
7.216000,815.408000,1.822465
21.648000,1388.752000,9.640046
15.088000,605.488000,1.561787
12.464000,741.936000,3.179955
15.088000,1117.168000,3.163949
0.656000,2629.904000,4.116678
37.392000,394.256000,5.828632
37.392000,1799.408000,6.715657
26.896000,2801.776000,3.577142
1.968000,1153.904000,2.038344
20.336000,2316.336000,1.362782
7.216000,2229.744000,20.939183
16.400000,2082.800000,2.445898
32.144000,3064.176000,12.698972
22.960000,105.616000,4.056415
13.776000,1164.400000,7.531874
9.840000,579.248000,8.444440
12.464000,1334.960000,2.579625
11.152000,2959.216000,1.004360
32.144000,2318.960000,1.030106
37.392000,467.728000,1.104589
33.456000,362.768000,11.528905
8.528000,1349.392000,2.970375
32.144000,2169.392000,0.716184
22.960000,17.712000,3.867107
11.152000,2131.344000,12.596237
29.520000,1374.320000,2.209528
5.904000,236.816000,2.922372
17.712000,1085.680000,1.843786
29.520000,3129.776000,1.008229
25.584000,1548.816000,3.178899
9.840000,102.992000,1.205747
28.208000,1613.104000,4.874166
3.280000,989.904000,0.765917
25.584000,1889.936000,1.291697
29.520000,2426.544000,6.088531
32.144000,1466.160000,1.029067
0.656000,1102.736000,10.045156
5.904000,2103.792000,4.065047
8.528000,357.520000,0.719076
0.656000,1239.184000,1.942903
38.704000,2106.416000,3.434252
9.840000,2682.384000,1.699824
33.456000,239.440000,1.907493
34.768000,441.488000,4.461104
22.960000,3048.432000,1.674638
37.392000,1258.864000,1.455583
21.648000,3110.096000,9.491901
9.840000,2360.944000,9.952684
13.776000,2535.440000,3.888804
9.840000,249.936000,1.001067
22.960000,1102.736000,1.501733
0.656000,219.760000,3.964584
0.656000,2472.464000,10.571986
9.840000,1119.792000,3.301249
25.584000,1060.752000,3.983537
12.464000,1998.832000,5.414931
4.592000,1702.320000,1.947822
21.648000,168.592000,2.898496
24.272000,3209.808000,4.273918
33.456000,406.064000,3.268590
5.904000,2506.576000,5.552301
36.080000,1669.520000,2.042736
33.456000,1832.208000,6.201855
33.456000,2829.328000,0.928730
4.592000,1472.720000,3.570573
38.704000,2778.160000,9.115281
1.968000,1817.776000,1.336961
36.080000,2835.888000,6.353340
9.840000,2013.264000,8.050854
30.832000,2406.864000,1.461711
13.776000,2902.800000,16.557250
3.280000,1340.208000,1.432797
12.464000,163.344000,4.855849
26.896000,2851.632000,5.834073
1.968000,4.592000,1.016260
24.272000,4.592000,2.262753
12.464000,2963.152000,3.091919
7.216000,955.792000,6.031095
7.216000,1182.768000,4.981034
11.152000,1740.368000,1.229606
26.896000,277.488000,4.724777
24.272000,1037.136000,3.216611
25.584000,3167.824000,1.113288
8.528000,2383.248000,3.506924
37.392000,1432.048000,2.914036
28.208000,2471.152000,5.667584
33.456000,692.080000,1.164660
16.400000,2305.840000,3.145667
1.968000,2500.016000,2.169138
17.712000,357.520000,8.319197
15.088000,2726.992000,2.186745
11.152000,2168.080000,4.341597
4.592000,1767.920000,0.965580
5.904000,985.968000,3.739209
38.704000,1689.200000,3.508317
19.024000,2822.768000,8.303097
28.208000,1125.040000,1.356761
15.088000,377.200000,2.981290
28.208000,106.928000,1.350944
30.832000,3072.048000,7.922026
3.280000,903.312000,1.772822
15.088000,975.472000,1.737199
0.656000,1660.336000,1.718686
15.088000,131.856000,5.650457
30.832000,2603.664000,4.499203
22.960000,1439.920000,1.852100
32.144000,1867.632000,2.717258
28.208000,2866.064000,1.369710
13.776000,2380.624000,2.908288
1.968000,2465.904000,2.737514
36.080000,2095.920000,2.753840
25.584000,1249.680000,1.876131
12.464000,2932.976000,8.513379
7.216000,2437.040000,1.386227
38.704000,1577.680000,5.865116
19.024000,386.384000,2.047412
20.336000,1190.640000,5.611349
0.656000,2224.496000,2.514500
38.704000,1954.224000,1.691030
5.904000,1868.944000,6.432054
33.456000,1109.296000,8.543824
0.656000,1388.752000,3.249912
34.768000,1749.552000,1.244430
32.144000,492.656000,1.678861
12.464000,635.664000,1.568154
7.216000,1731.184000,1.133932
17.712000,1496.336000,2.334968
34.768000,375.888000,1.739027
33.456000,2884.432000,14.356914
34.768000,2480.336000,3.108062
21.648000,1069.936000,1.611820
4.592000,57.072000,9.470779
34.768000,1673.456000,1.488716
37.392000,3001.200000,2.704261
28.208000,1618.352000,0.757065
24.272000,1362.512000,9.864822
24.272000,1223.440000,3.460770
16.400000,2115.600000,6.415568
0.656000,2662.704000,2.512489
34.768000,1946.352000,7.643276
37.392000,366.704000,2.450262
24.272000,2237.616000,3.212878
9.840000,551.696000,0.675768
11.152000,1163.088000,1.684067
28.208000,3198.000000,2.307453
19.024000,1565.872000,1.934111
29.520000,425.744000,3.168434
5.904000,2919.856000,1.003542
16.400000,358.832000,6.413459
16.400000,2733.552000,1.400028
37.392000,648.784000,8.336489
32.144000,2416.048000,2.892795
29.520000,1997.520000,2.075057
11.152000,1289.040000,5.751799
38.704000,1927.984000,9.809695
17.712000,101.680000,3.103371
1.968000,1989.648000,0.793255
11.152000,1523.888000,3.450851
12.464000,812.784000,2.692389
22.960000,465.104000,5.686294
30.832000,776.048000,1.596190
38.704000,3073.360000,13.089834
17.712000,2182.512000,1.444353
0.656000,2590.544000,4.191563
32.144000,1760.048000,2.714716
9.840000,391.632000,1.241820
32.144000,751.120000,4.904907
13.776000,900.688000,0.791586
9.840000,1369.072000,6.258305
16.400000,472.976000,3.281138
38.704000,2753.232000,9.628928
34.768000,2532.816000,1.801673
34.768000,3069.424000,0.813731
24.272000,636.976000,1.320270
0.656000,53.136000,10.697428
19.024000,2450.160000,8.166437
34.768000,2559.056000,1.535841
28.208000,238.128000,0.740261
16.400000,669.776000,2.939889
9.840000,1142.096000,13.707852
4.592000,457.232000,0.884102
11.152000,3026.128000,2.681600
26.896000,702.576000,7.308557
12.464000,2724.368000,6.734873
1.968000,2574.800000,1.639487
19.024000,3115.344000,1.521032
3.280000,626.480000,6.995256
34.768000,1382.192000,4.563640
24.272000,772.112000,2.288101
4.592000,1575.056000,5.714173
4.592000,417.872000,3.820361
17.712000,2793.904000,2.055028
5.904000,1690.512000,6.049653
32.144000,1682.640000,3.092798
22.960000,2775.536000,1.970869
22.960000,2767.664000,6.789248
25.584000,400.816000,0.694176
16.400000,1392.688000,3.107036
1.968000,385.072000,2.682180
28.208000,1289.040000,6.066936
0.656000,1392.688000,4.374745
12.464000,643.536000,2.112855
36.080000,1781.040000,2.217145
3.280000,1474.032000,6.506041
33.456000,123.984000,1.716610
19.024000,1931.920000,5.206264
24.272000,993.840000,4.927610
19.024000,2485.584000,3.038598
36.080000,261.744000,1.118582
34.768000,2063.120000,4.682851
16.400000,3146.832000,1.686974
11.152000,894.128000,5.852785
9.840000,2901.488000,3.345807
17.712000,2904.112000,2.159045
33.456000,2258.608000,1.551288
33.456000,1823.024000,5.041657
30.832000,613.360000,3.068788
38.704000,3171.760000,7.096742
38.704000,2282.224000,1.347863
21.648000,831.152000,8.749659
0.656000,24.272000,1.360742
34.768000,1262.800000,7.105566
11.152000,1414.992000,0.864565
13.776000,2565.616000,7.395713
9.840000,1619.664000,9.259451
24.272000,1891.248000,1.479108
12.464000,2031.632000,0.917934
36.080000,3009.072000,2.939458
5.904000,841.648000,4.161716
15.088000,148.912000,4.378695
25.584000,2388.496000,1.680397
36.080000,2084.112000,18.294881
16.400000,2282.224000,4.235597
5.904000,2038.192000,17.998376
36.080000,1047.632000,2.826598
26.896000,2635.152000,4.749805
1.968000,2130.032000,6.105110
5.904000,3077.296000,1.268357
33.456000,328.656000,0.962065
3.280000,1052.880000,5.035764
29.520000,247.312000,3.619894
22.960000,2730.928000,0.785355
5.904000,1359.888000,3.401132
28.208000,2706.000000,1.104336
24.272000,833.776000,1.457797
8.528000,1303.472000,7.191068
12.464000,2851.632000,2.027405
22.960000,272.240000,15.076950
24.272000,1575.056000,0.829486
22.960000,1249.680000,7.216336
4.592000,719.632000,4.091570
20.336000,189.584000,4.726991
34.768000,2889.680000,3.117983
26.896000,80.688000,1.864796
28.208000,1086.992000,3.684030
37.392000,2015.888000,1.195045
26.896000,2904.112000,1.442135
3.280000,362.768000,10.018547
28.208000,934.800000,1.010003
20.336000,2800.464000,4.670095
7.216000,106.928000,3.647221
32.144000,2232.368000,3.082877
30.832000,1168.336000,10.321491
7.216000,2801.776000,2.800855
19.024000,70.192000,1.265002
19.024000,252.560000,1.442910
24.272000,2116.912000,12.232780
15.088000,358.832000,0.951388
38.704000,1736.432000,3.224299
36.080000,2564.304000,4.952535
12.464000,2548.560000,3.938678
12.464000,1068.624000,1.514597
7.216000,2847.696000,2.212775
9.840000,3061.552000,1.510994
5.904000,2484.272000,1.551532
9.840000,2847.696000,1.039461
12.464000,522.832000,21.645395
33.456000,660.592000,1.873944
7.216000,2228.432000,0.980037
22.960000,2349.136000,5.370077
22.960000,3198.000000,0.900016
25.584000,2182.512000,9.080909
7.216000,218.448000,2.383683
8.528000,1673.456000,8.170889
32.144000,2291.408000,3.398171
16.400000,1153.904000,8.821200
11.152000,799.664000,4.274726
7.216000,181.712000,1.047962
4.592000,1599.984000,6.373858
34.768000,1575.056000,7.026829
34.768000,2801.776000,7.625467
19.024000,2464.592000,0.900941
33.456000,1745.616000,3.201402
20.336000,177.776000,1.169646
0.656000,522.832000,11.083587
19.024000,2343.888000,1.130688
5.904000,912.496000,7.694911
26.896000,2673.200000,3.015048
9.840000,2555.120000,0.879602
12.464000,1128.976000,2.167977
37.392000,130.544000,0.692102
38.704000,1968.656000,0.763994
28.208000,1739.056000,3.305705
36.080000,1352.016000,2.788112
15.088000,840.336000,4.192233
9.840000,1988.336000,0.894375
30.832000,189.584000,4.048368
33.456000,432.304000,6.866614
30.832000,1459.600000,1.344224
17.712000,2623.344000,2.546595
7.216000,2521.008000,2.478597
11.152000,323.408000,10.391134
37.392000,440.176000,3.776836
36.080000,64.944000,1.524270
25.584000,3030.064000,2.101005
32.144000,1109.296000,0.678939
24.272000,2768.976000,0.719797
20.336000,9.840000,3.590324
33.456000,2029.008000,3.571200
20.336000,1849.264000,5.226275
36.080000,900.688000,1.631762
12.464000,3198.000000,2.277247
20.336000,1840.080000,9.464170
19.024000,1455.664000,2.490198
22.960000,2506.576000,3.730391
34.768000,2780.784000,7.659747
0.656000,2036.880000,1.107646
28.208000,3060.240000,2.943199
37.392000,1707.568000,13.561159
8.528000,1753.488000,0.737387
19.024000,524.144000,5.241897
7.216000,2316.336000,2.690624
37.392000,201.392000,7.923719
26.896000,597.616000,3.590179
5.904000,1096.176000,8.151289
5.904000,1981.776000,4.561879
9.840000,3047.120000,2.189499
30.832000,200.080000,3.426948
12.464000,2926.416000,10.528435
5.904000,1471.408000,4.166306
36.080000,2770.288000,0.811896
37.392000,2964.464000,3.330991
7.216000,609.424000,2.318101
33.456000,110.864000,6.993029
15.088000,1744.304000,5.704059
26.896000,1592.112000,9.940198
9.840000,1041.072000,2.918674
3.280000,1088.304000,6.576124
7.216000,518.896000,1.718194
34.768000,1874.192000,1.821410
30.832000,1960.784000,4.175886
37.392000,2927.728000,4.326474
11.152000,337.840000,2.215114
11.152000,143.664000,0.942284
33.456000,1973.904000,4.096945
36.080000,54.448000,6.939158
29.520000,1834.832000,5.348486
13.776000,9.840000,5.696645
8.528000,744.560000,1.370790
38.704000,3182.256000,1.700685
9.840000,3178.320000,6.182464
1.968000,53.136000,5.193098
12.464000,315.536000,13.173315
16.400000,2561.680000,1.189226
7.216000,2431.792000,5.617820
38.704000,1838.768000,1.396686
29.520000,2820.144000,4.867711
32.144000,175.152000,2.871999
0.656000,2910.672000,1.478812
4.592000,25.584000,2.501697
33.456000,2392.432000,4.856283
16.400000,158.096000,0.736274
32.144000,2185.136000,1.973519
19.024000,1354.640000,7.384178
24.272000,2664.016000,1.973584
33.456000,1176.208000,7.350171
16.400000,2758.480000,15.095300
21.648000,458.544000,8.194195
1.968000,2409.488000,1.785026
5.904000,1756.112000,4.333777
30.832000,116.112000,3.027439
33.456000,1678.704000,12.502999
22.960000,2897.552000,3.719748
36.080000,490.032000,3.699099
33.456000,1805.968000,1.834696
25.584000,1725.936000,8.793112
15.088000,701.264000,11.978251
28.208000,2889.680000,2.179576
4.592000,223.696000,2.963809
16.400000,3096.976000,2.419307
20.336000,1207.696000,3.617928
7.216000,33.456000,1.022461
29.520000,365.392000,4.630252
29.520000,2917.232000,5.050868
26.896000,2864.752000,3.372691
26.896000,1639.344000,4.263150
29.520000,2531.504000,4.795733
9.840000,2162.832000,6.629900
24.272000,3196.688000,1.370043
0.656000,2397.680000,1.903977
3.280000,2988.080000,2.707418
1.968000,2459.344000,1.386770
1.968000,290.608000,2.654139
1.968000,3075.984000,1.195792
1.968000,1916.176000,0.753537
26.896000,1552.752000,8.095761
3.280000,2456.720000,9.208030
1.968000,1236.560000,6.335371
15.088000,2042.128000,6.852482
1.968000,249.936000,7.237044
7.216000,1396.624000,0.920948
26.896000,2244.176000,4.095235
8.528000,1736.432000,1.503212
38.704000,326.032000,2.944098
32.144000,715.696000,0.902001
7.216000,2636.464000,4.846031
0.656000,1463.536000,5.938171
17.712000,562.192000,5.043792
11.152000,2320.272000,6.877589
30.832000,690.768000,1.279209
20.336000,186.960000,0.982030
26.896000,2677.136000,0.912586
36.080000,2890.992000,3.629196
29.520000,316.848000,9.007117
0.656000,1702.320000,9.074896
5.904000,3099.600000,2.111610
26.896000,807.536000,7.453911
37.392000,2577.424000,3.792710
38.704000,3141.584000,14.439072
20.336000,858.704000,0.905016
34.768000,799.664000,3.782783
4.592000,2053.936000,0.874604
37.392000,127.920000,6.347548
1.968000,1841.392000,4.425636
9.840000,308.976000,3.532256
38.704000,1472.720000,5.212254
29.520000,3124.528000,10.896027
33.456000,2918.544000,1.696954
36.080000,718.320000,1.418773
36.080000,1323.152000,10.694344
15.088000,1422.864000,3.202540
24.272000,2881.808000,2.997895
19.024000,1784.976000,3.120760
3.280000,232.880000,2.547791
4.592000,1565.872000,2.439092
16.400000,2870.000000,1.959534
0.656000,1729.872000,4.988386
12.464000,774.736000,2.015383
26.896000,2358.320000,4.988738
19.024000,2492.144000,3.998859
26.896000,1157.840000,7.571866
11.152000,1176.208000,2.155441
5.904000,2639.088000,1.138589
30.832000,391.632000,2.039130
16.400000,116.112000,6.757781
38.704000,348.336000,2.151999
9.840000,1164.400000,1.017660
17.712000,1527.824000,8.197137
32.144000,80.688000,0.706919
20.336000,1308.720000,1.158958
26.896000,1345.456000,8.163060
1.968000,386.384000,0.791340
29.520000,1674.768000,1.180807
24.272000,1378.256000,1.432066
38.704000,610.736000,1.963028
24.272000,319.472000,1.975969
9.840000,553.008000,2.827152
37.392000,3068.112000,2.746406
38.704000,3051.056000,1.937385
24.272000,2261.232000,3.371904
1.968000,2640.400000,2.436820
22.960000,975.472000,6.835141
13.776000,2263.856000,3.006192
13.776000,618.608000,5.273378
7.216000,2482.960000,11.035888
21.648000,1413.680000,0.783817
26.896000,2957.904000,3.038074
20.336000,1543.568000,3.226427
20.336000,226.320000,0.835455
36.080000,596.304000,1.287855
15.088000,2538.064000,6.829248
5.904000,137.104000,4.280458
17.712000,1140.784000,5.089788
17.712000,710.448000,3.303968
7.216000,2236.304000,1.891449
21.648000,189.584000,3.493462
20.336000,21.648000,5.157463
7.216000,274.864000,2.967904
36.080000,50.512000,12.870738
4.592000,1101.424000,1.116917
16.400000,249.936000,0.748738
20.336000,1041.072000,9.239390
34.768000,606.800000,9.656996
33.456000,3162.576000,3.282105
3.280000,621.232000,1.443447
20.336000,1706.256000,1.417222
11.152000,951.856000,8.383370
19.024000,1673.456000,1.424978
24.272000,3180.944000,0.771417
29.520000,1128.976000,1.653982
7.216000,1714.128000,2.016604
37.392000,1388.752000,3.504942
21.648000,2123.472000,0.833848
26.896000,3149.456000,3.954751
36.080000,2263.856000,3.055390
5.904000,698.640000,4.597390
5.904000,1945.040000,3.524204
30.832000,1449.104000,2.003820
21.648000,521.520000,1.960151
9.840000,2804.400000,5.142788
5.904000,2173.328000,5.569282
32.144000,1077.808000,3.101318
24.272000,368.016000,2.998795
19.024000,433.616000,1.995760
32.144000,417.872000,0.963588
12.464000,462.480000,5.695042
25.584000,2422.608000,1.012304
26.896000,2645.648000,9.594920
20.336000,1211.632000,1.448467
22.960000,806.224000,2.404509
8.528000,839.024000,1.027371
30.832000,1749.552000,3.802720
16.400000,1215.568000,10.760916
19.024000,2653.520000,2.065105
12.464000,1459.600000,10.742177
32.144000,3095.664000,3.390758
16.400000,1058.128000,3.504060
0.656000,1610.480000,2.659911
12.464000,1118.480000,3.697050
33.456000,1063.376000,4.943816
16.400000,619.920000,0.780826
9.840000,2917.232000,0.939327
20.336000,947.920000,8.081890
26.896000,255.184000,6.085154
16.400000,1782.352000,10.015632
7.216000,2426.544000,2.059851
9.840000,1517.328000,2.582455
11.152000,1378.256000,0.827780
25.584000,967.600000,2.513969
29.520000,908.560000,6.720572
19.024000,819.344000,1.498948
15.088000,613.360000,0.711771
7.216000,2921.168000,1.988348
8.528000,713.072000,14.188829
19.024000,2715.184000,2.689810
9.840000,2061.808000,4.386905
12.464000,765.552000,2.016093
24.272000,236.816000,0.664452
32.144000,368.016000,5.675531
12.464000,2207.440000,8.339909
33.456000,2210.064000,4.674873
30.832000,888.880000,2.444933
11.152000,2387.184000,4.922712
37.392000,797.040000,0.954929
24.272000,3112.720000,0.818440
17.712000,1665.584000,2.535730
36.080000,3121.904000,3.841139
7.216000,2019.824000,1.549890
38.704000,2379.312000,5.073547
29.520000,1194.576000,1.679490
16.400000,1950.288000,1.730792
3.280000,2503.952000,0.740659
9.840000,2221.872000,2.881441
26.896000,1990.960000,3.292738
12.464000,344.400000,9.941396
30.832000,1790.224000,1.159427
3.280000,1510.768000,0.701217
5.904000,2602.352000,1.189727
9.840000,2309.776000,2.259115
7.216000,1799.408000,1.286067
3.280000,2498.704000,1.261391
26.896000,1593.424000,1.958647
22.960000,96.432000,0.748385
16.400000,2123.472000,5.617707
33.456000,377.200000,3.551123
36.080000,1824.336000,0.658336
30.832000,2299.280000,8.165766
29.520000,2097.232000,5.478892
5.904000,3083.856000,1.223113
26.896000,2393.744000,9.046462
24.272000,1552.752000,2.822365
4.592000,2509.200000,1.035032
7.216000,1779.728000,3.156250
37.392000,1701.008000,3.027142
15.088000,2522.320000,7.057240
28.208000,1355.952000,8.552322
36.080000,1865.008000,0.657688
15.088000,472.976000,0.886020
37.392000,562.192000,1.650106
4.592000,937.424000,3.883108
33.456000,2594.480000,3.042036
19.024000,2795.216000,2.314595
12.464000,671.088000,2.890161
16.400000,1408.432000,6.300616
12.464000,2686.320000,9.008007
34.768000,1865.008000,1.353795
29.520000,496.592000,4.334373
30.832000,755.056000,0.872631
26.896000,1358.576000,4.483317
24.272000,357.520000,5.162576
25.584000,2662.704000,3.220855
1.968000,623.856000,2.052634
9.840000,347.024000,0.728161
26.896000,1180.144000,2.370927
13.776000,1826.960000,3.324957
8.528000,1990.960000,1.980618
13.776000,1289.040000,1.717619
30.832000,2267.792000,13.286556
9.840000,1737.744000,1.517306
3.280000,2332.080000,20.269054
13.776000,3200.624000,1.968063
29.520000,444.112000,6.624616
11.152000,436.240000,3.678830
24.272000,3174.384000,6.409220
9.840000,345.712000,5.547727
4.592000,331.280000,1.888093
17.712000,2551.184000,3.279657
32.144000,2379.312000,1.060987
20.336000,2505.264000,0.709349
22.960000,1766.608000,2.921977
30.832000,2839.824000,1.154144
0.656000,2409.488000,3.448724
5.904000,2980.208000,10.914795
1.968000,2296.656000,5.977948
37.392000,810.160000,6.143820
22.960000,1454.352000,2.553426
38.704000,1617.040000,0.665712
5.904000,2464.592000,1.848424
29.520000,596.304000,1.765308
11.152000,1980.464000,7.869955
7.216000,1851.888000,3.601022
5.904000,301.104000,1.124417
8.528000,2759.792000,0.950434
19.024000,1973.904000,15.086662
36.080000,148.912000,1.789536
37.392000,2231.056000,5.361009
3.280000,1089.616000,3.782969
25.584000,1992.272000,2.810631
30.832000,915.120000,3.510619
32.144000,226.320000,1.880304
12.464000,772.112000,0.916427
16.400000,1151.280000,0.659471
24.272000,207.952000,3.134245
22.960000,991.216000,1.489357
36.080000,1430.736000,2.724210
4.592000,3138.960000,2.906022
0.656000,1933.232000,1.705929
21.648000,3184.880000,2.731292
15.088000,2792.592000,4.146688
9.840000,2909.360000,1.494308
38.704000,1342.832000,2.798792
5.904000,1939.792000,0.711136
20.336000,2688.944000,2.720941
22.960000,888.880000,2.169977
30.832000,462.480000,1.326579
20.336000,2338.640000,7.704155
33.456000,696.016000,24.867787
16.400000,1119.792000,1.838935
20.336000,627.792000,2.611144
25.584000,2185.136000,0.837857
32.144000,348.336000,0.862267
12.464000,875.760000,9.360517
16.400000,1324.464000,1.414944
3.280000,3079.920000,6.026488
13.776000,2273.040000,6.188288
3.280000,972.848000,1.844113
8.528000,3085.168000,4.814473
21.648000,1302.160000,7.267785
38.704000,1420.240000,2.384879
36.080000,1345.456000,0.762074
9.840000,1884.688000,3.596509
12.464000,3058.928000,1.608356
24.272000,3075.984000,2.124983
16.400000,1425.488000,3.223903
4.592000,1073.872000,2.357382
17.712000,1728.560000,0.748536
29.520000,1906.992000,2.101556
9.840000,167.280000,2.496483
26.896000,1270.672000,2.285654
11.152000,2488.208000,7.362370
3.280000,1989.648000,2.256225
20.336000,1094.864000,9.768834
30.832000,2946.096000,5.766486
24.272000,1938.480000,2.563200
8.528000,1909.616000,1.951764
21.648000,1147.344000,5.780999
21.648000,3190.128000,6.078449
7.216000,2931.664000,3.514751
11.152000,3010.384000,1.427944
7.216000,453.296000,2.411014
13.776000,2795.216000,16.225946
30.832000,1421.552000,1.401867
11.152000,169.904000,4.306397
9.840000,2720.432000,12.814330
8.528000,1861.072000,2.677009
26.896000,2374.064000,0.691039
26.896000,2212.688000,1.287427
24.272000,1752.176000,12.296974
34.768000,2481.648000,1.651670
32.144000,114.800000,1.256494
19.024000,1649.840000,2.432514
33.456000,1279.856000,1.348911
13.776000,400.816000,0.921219
34.768000,369.328000,4.000751
30.832000,252.560000,1.335922
5.904000,463.792000,3.644591
33.456000,1578.992000,11.357618
22.960000,1248.368000,2.245393
15.088000,827.216000,4.692916
12.464000,1479.280000,1.035195
22.960000,740.624000,0.782191
21.648000,3002.512000,7.465445
36.080000,2031.632000,6.544882
17.712000,2557.744000,4.312119
16.400000,1626.224000,1.361694
4.592000,1359.888000,3.235207
7.216000,728.816000,1.301918
22.960000,916.432000,2.658410
17.712000,1324.464000,6.931230
37.392000,2009.328000,1.340290
9.840000,1163.088000,4.009185
7.216000,913.808000,6.102555
19.024000,80.688000,7.875227
9.840000,3204.560000,5.312805
0.656000,1638.032000,2.717237
20.336000,2032.944000,4.120658
34.768000,845.584000,0.820919
3.280000,2616.784000,1.815981
3.280000,2835.888000,1.206351
21.648000,1157.840000,0.831560
24.272000,2456.720000,1.948258
16.400000,799.664000,1.159633
26.896000,1071.248000,7.710430
15.088000,2400.304000,3.999422
38.704000,1021.392000,1.886312
32.144000,2324.208000,1.031193
19.024000,289.296000,4.208936
7.216000,2317.648000,6.343695
28.208000,508.400000,8.385734
15.088000,2505.264000,1.333670
4.592000,2807.024000,1.275558
32.144000,2412.112000,2.648260
20.336000,1378.256000,5.203520
22.960000,2594.480000,1.677795
26.896000,2492.144000,4.926512
33.456000,681.584000,6.321026
5.904000,2712.560000,6.550032
5.904000,967.600000,0.714281
33.456000,1128.976000,3.735716
37.392000,2161.520000,1.804467
32.144000,1554.064000,1.316951
16.400000,3213.744000,11.498105
7.216000,2501.328000,1.023388
32.144000,2623.344000,1.239106
7.216000,1369.072000,2.237924
24.272000,1572.432000,2.321641
9.840000,1396.624000,1.374934
20.336000,2751.920000,4.750125
24.272000,1677.392000,2.275046
24.272000,1230.000000,0.769671
20.336000,2730.928000,1.299273
17.712000,1638.032000,2.941180
24.272000,2618.096000,7.175723
20.336000,453.296000,11.187626
1.968000,1445.168000,4.581581
32.144000,47.888000,4.387369
38.704000,1136.848000,0.763423
29.520000,1209.008000,1.257233
37.392000,1231.312000,9.504481
16.400000,2236.304000,1.505961
24.272000,2098.544000,3.468720
5.904000,1264.112000,1.713643
17.712000,492.656000,1.712762
30.832000,2342.576000,2.171738
20.336000,2337.328000,6.962308
37.392000,2459.344000,8.641922
8.528000,16.400000,2.280007
3.280000,900.688000,3.519888
36.080000,2114.288000,4.483528
38.704000,7.216000,12.678759
1.968000,1289.040000,2.580687
16.400000,2274.352000,7.605148
25.584000,1041.072000,2.297919
36.080000,1004.336000,1.975822
30.832000,2858.192000,1.245736
25.584000,612.048000,7.075568
33.456000,2135.280000,7.771957
3.280000,467.728000,1.109622
32.144000,1895.184000,2.580428
3.280000,2745.360000,2.798244
29.520000,2347.824000,3.402408
5.904000,3023.504000,1.540848
29.520000,282.736000,10.332250
5.904000,937.424000,4.231400
16.400000,673.712000,3.358191
5.904000,2683.696000,0.828852
1.968000,2145.776000,2.049185
20.336000,1178.832000,6.001303
30.832000,2203.504000,11.889997
11.152000,2217.936000,6.665265
20.336000,2518.384000,1.574422
16.400000,2826.704000,5.302248
30.832000,2017.200000,4.560150
24.272000,339.152000,8.121442
30.832000,2614.160000,6.858944
5.904000,1475.344000,1.038245
17.712000,2232.368000,2.292724
36.080000,1727.248000,3.121636
20.336000,1732.496000,3.182140
26.896000,1388.752000,4.195392
11.152000,2641.712000,1.096842
12.464000,2317.648000,1.954848
4.592000,2734.864000,4.319319
26.896000,612.048000,2.272636
4.592000,1501.584000,1.373787
12.464000,1105.360000,1.725908
34.768000,1348.080000,4.541909
8.528000,2997.264000,16.807004
7.216000,1563.248000,7.966413
3.280000,3216.368000,1.276264
36.080000,1535.696000,2.522520
29.520000,768.176000,4.292533
36.080000,1001.712000,5.527998
4.592000,1540.944000,4.135119
0.656000,2619.408000,2.148368
15.088000,831.152000,1.191758
24.272000,1950.288000,3.396717
11.152000,1702.320000,6.996052
5.904000,2090.672000,2.095912
26.896000,213.200000,1.149734
36.080000,1525.200000,5.744863
17.712000,2052.624000,0.787446
8.528000,1261.488000,2.126030
30.832000,1857.136000,1.483552
11.152000,2467.216000,10.220237
29.520000,1678.704000,6.381722
36.080000,1804.656000,5.433106
3.280000,1334.960000,11.424986
16.400000,378.512000,13.430706
3.280000,2175.952000,2.419088
34.768000,386.384000,6.456038
28.208000,387.696000,2.587978
7.216000,533.328000,11.684024
26.896000,1518.640000,4.666123
33.456000,2027.696000,7.045825
32.144000,1072.560000,1.220482
38.704000,857.392000,1.828297
25.584000,513.648000,4.977478
30.832000,2224.496000,2.143338
11.152000,2223.184000,4.219206
15.088000,833.776000,8.376706
24.272000,778.672000,5.170771
30.832000,205.328000,4.103705
15.088000,919.056000,4.004489
22.960000,560.880000,1.416283
5.904000,777.360000,3.680804
19.024000,2627.280000,4.325598
19.024000,462.480000,3.700946
8.528000,1522.576000,4.616368
37.392000,114.800000,9.740497
29.520000,2715.184000,6.884083
36.080000,2476.400000,1.581583
13.776000,2448.848000,6.363262
16.400000,903.312000,0.794777
16.400000,2263.856000,6.258500
17.712000,411.312000,2.912609
13.776000,1481.904000,1.792636
33.456000,740.624000,8.331310
36.080000,1143.408000,0.900748
25.584000,924.304000,1.179721
24.272000,2389.808000,1.544181
1.968000,1584.240000,6.409576
4.592000,516.272000,4.665020
12.464000,1530.448000,1.062115
37.392000,1282.480000,1.119746
34.768000,1559.312000,3.631883
0.656000,2602.352000,0.998396
38.704000,1784.976000,1.741514
16.400000,225.008000,7.761722
7.216000,2795.216000,2.646135
34.768000,1497.648000,3.527781
11.152000,2603.664000,3.150277
8.528000,1525.200000,7.934451
13.776000,1582.928000,3.145439
1.968000,1994.896000,3.312642
24.272000,1190.640000,5.823541
22.960000,1008.272000,12.085503
8.528000,266.992000,9.068664
33.456000,747.184000,6.045784
7.216000,3045.808000,6.658088
34.768000,2241.552000,1.126946
32.144000,2580.048000,2.354159
9.840000,1908.304000,6.123337
34.768000,556.944000,1.826540
33.456000,1920.112000,2.129533
37.392000,2255.984000,5.453112
15.088000,1244.432000,1.178249
15.088000,912.496000,2.556016
33.456000,2658.768000,2.102285
8.528000,2021.136000,2.493861
25.584000,1917.488000,0.690280
12.464000,2792.592000,1.977031
37.392000,1766.608000,2.714898
11.152000,2299.280000,5.912193
0.656000,1526.512000,1.629086
4.592000,1937.168000,0.658656
33.456000,2173.328000,1.359896
7.216000,2111.664000,1.134791
25.584000,2778.160000,7.873367
9.840000,3191.440000,4.322347
12.464000,816.720000,13.170646
29.520000,2675.824000,2.175543
4.592000,1110.608000,3.068160
16.400000,1286.416000,3.014019
19.024000,1962.096000,0.662749
38.704000,1067.312000,2.765711
5.904000,441.488000,4.302464
8.528000,2716.496000,1.218149
36.080000,1080.432000,1.456715
3.280000,21.648000,4.306092
8.528000,1603.920000,0.937741
26.896000,2695.504000,5.307706
17.712000,3007.760000,3.670377
0.656000,1921.424000,4.718561
30.832000,1539.632000,2.352673
19.024000,2076.240000,1.508629
12.464000,2102.480000,10.037309
37.392000,1083.056000,5.878539
16.400000,3175.696000,6.402346
7.216000,879.696000,5.327980
25.584000,2454.096000,2.463667
0.656000,221.072000,1.202972
21.648000,2034.256000,8.385501
30.832000,1909.616000,3.975526
0.656000,1652.464000,7.616816
16.400000,2732.240000,1.025354
25.584000,739.312000,5.711984
37.392000,2875.248000,6.230574
38.704000,1509.456000,2.812976
38.704000,437.552000,5.885736
16.400000,3218.992000,8.271294
5.904000,402.128000,0.739847
0.656000,2128.720000,1.548793
32.144000,553.008000,3.798741
22.960000,252.560000,7.304849
25.584000,1770.544000,0.966709
4.592000,3040.560000,3.218636
20.336000,1161.776000,7.273105
34.768000,3221.616000,2.005648
36.080000,3128.464000,0.837638
1.968000,2569.552000,1.061701
8.528000,881.008000,4.676273
34.768000,3005.136000,3.550600
38.704000,3177.008000,3.209748
11.152000,2839.824000,1.067713
37.392000,164.656000,5.796610
28.208000,576.624000,2.325714
30.832000,1131.600000,1.980759
29.520000,1073.872000,1.913117
1.968000,3001.200000,1.788226
12.464000,1565.872000,4.906444
9.840000,2063.120000,9.745345
3.280000,377.200000,1.312602
4.592000,853.456000,9.115166
5.904000,1042.384000,0.784749
34.768000,1691.824000,2.017052
17.712000,2531.504000,2.573632
36.080000,2923.792000,1.911956
36.080000,1315.280000,4.862536
32.144000,818.032000,11.907716
5.904000,545.136000,2.809934
3.280000,2691.568000,1.345434
12.464000,2266.480000,2.890362
12.464000,2090.672000,2.925316
7.216000,84.624000,0.775648
38.704000,1269.360000,1.149527
4.592000,2707.312000,1.055976
32.144000,2813.584000,4.055585
15.088000,3154.704000,1.844311
33.456000,2532.816000,2.923324
4.592000,756.368000,7.867357
17.712000,3079.920000,4.252984
30.832000,1450.416000,3.842294
24.272000,1034.512000,7.102562
32.144000,1035.824000,1.628600
3.280000,395.568000,2.660392
24.272000,2721.744000,1.821998
15.088000,2364.880000,5.145675
12.464000,1706.256000,2.706324
15.088000,966.288000,2.660244
33.456000,1695.760000,11.532143
16.400000,131.856000,3.735720
22.960000,3102.224000,3.611720
8.528000,575.312000,4.903346
21.648000,1517.328000,0.982958
20.336000,1914.864000,0.732378
15.088000,2645.648000,5.935420
9.840000,2700.752000,6.593036
16.400000,1303.472000,5.017896
1.968000,1483.216000,2.388929
9.840000,1072.560000,5.461233
22.960000,3051.056000,5.509887
30.832000,1559.312000,1.623110
8.528000,2413.424000,2.760161
13.776000,1581.616000,8.089080
29.520000,2182.512000,2.510175
9.840000,2042.128000,3.294380
16.400000,1540.944000,1.531185
36.080000,1631.472000,0.916674
32.144000,862.640000,2.001371
19.024000,2720.432000,2.836474
19.024000,1045.008000,1.967522
19.024000,1316.592000,0.890589
28.208000,457.232000,1.718365
26.896000,1668.208000,2.030007
30.832000,1506.832000,0.669541
19.024000,102.992000,3.423750
30.832000,2359.632000,5.699998
29.520000,3003.824000,1.145576
16.400000,2867.376000,1.891966
16.400000,43.952000,0.744069
32.144000,146.288000,6.109124
20.336000,197.456000,7.303483
24.272000,3018.256000,1.875564
16.400000,934.800000,5.097176
37.392000,1447.792000,15.057145
19.024000,159.408000,2.683448
13.776000,177.776000,1.848509
38.704000,2927.728000,8.212781
21.648000,3074.672000,5.373949
12.464000,719.632000,3.507081
17.712000,2595.792000,5.225657
13.776000,1788.912000,2.023712
22.960000,2690.256000,0.947849
7.216000,2793.904000,1.210498
12.464000,1262.800000,1.933434
32.144000,379.824000,12.274625
25.584000,922.992000,1.893820
30.832000,1558.000000,3.632823
29.520000,2238.928000,6.612823
11.152000,3208.496000,8.611695
34.768000,2353.072000,7.181680
37.392000,1968.656000,12.205146
22.960000,295.856000,4.090186
11.152000,757.680000,1.740061
9.840000,3103.536000,1.693370
8.528000,226.320000,2.289499
22.960000,2536.752000,1.405803
8.528000,206.640000,1.649541
15.088000,1630.160000,3.315923
34.768000,866.576000,2.533669
12.464000,1968.656000,6.477730
8.528000,2182.512000,7.099904
32.144000,99.056000,2.790123
16.400000,2367.504000,8.080795
34.768000,217.136000,3.615881
33.456000,2465.904000,3.344963
33.456000,2763.728000,1.529526
8.528000,2904.112000,1.900496
34.768000,3043.184000,2.955594
0.656000,1342.832000,2.068223
19.024000,181.712000,3.596494
19.024000,2555.120000,14.781599
16.400000,702.576000,1.254629
19.024000,437.552000,5.368029
19.024000,2220.560000,2.002952
22.960000,766.864000,0.870468
16.400000,618.608000,3.207984
16.400000,3016.944000,4.934637
37.392000,1659.024000,0.720175
5.904000,627.792000,10.429847
21.648000,1195.888000,1.217716
12.464000,2378.000000,1.119601
0.656000,703.888000,4.616133
1.968000,399.504000,1.595674
37.392000,919.056000,1.615137
11.152000,2318.960000,2.170751
16.400000,2412.112000,6.079837
19.024000,3078.608000,1.285582
4.592000,529.392000,5.784631
9.840000,2536.752000,2.290195
0.656000,466.416000,5.291564
19.024000,2008.016000,3.757917
8.528000,2490.832000,2.468581
4.592000,1000.400000,0.988506
12.464000,2005.392000,8.331190
7.216000,3180.944000,3.823962
28.208000,1458.288000,2.856045
24.272000,2917.232000,2.975195
29.520000,3145.520000,5.745655
38.704000,1844.016000,1.258060
26.896000,2992.016000,3.599914
36.080000,3003.824000,3.018400
11.152000,2203.504000,6.261898
38.704000,1823.024000,3.906530
34.768000,2654.832000,2.064427
32.144000,2694.192000,7.516505
1.968000,1303.472000,3.795474
16.400000,3107.472000,3.230610
11.152000,1291.664000,8.108810
19.024000,1006.960000,3.966043
34.768000,2262.544000,11.899398
28.208000,1371.696000,5.434037
36.080000,819.344000,6.767778
28.208000,2371.440000,1.671980
13.776000,1097.488000,1.079153
3.280000,1568.496000,1.274473
36.080000,2633.840000,2.338617
17.712000,1669.520000,1.817058
1.968000,1210.320000,7.949060
1.968000,2094.608000,0.789466
1.968000,1274.608000,1.752257
9.840000,3062.864000,5.561420
25.584000,3119.280000,3.555678
16.400000,2934.288000,6.798949
36.080000,568.752000,4.123028
28.208000,646.160000,4.444595
30.832000,2847.696000,9.264927
33.456000,2751.920000,2.026188
29.520000,2864.752000,4.474580
20.336000,1693.136000,3.907974
8.528000,180.400000,10.166601
34.768000,1897.808000,1.380964
9.840000,2796.528000,1.646182
36.080000,2035.568000,2.730697
5.904000,2111.664000,4.912481
20.336000,2553.808000,1.468404
0.656000,3120.592000,1.923577
29.520000,2469.840000,1.440834
9.840000,1268.048000,1.262142
5.904000,1101.424000,3.226443
22.960000,93.808000,2.547209
0.656000,588.432000,2.526756
29.520000,1232.624000,4.614128
37.392000,879.696000,3.771245
11.152000,669.776000,7.203537
12.464000,1599.984000,3.795215
16.400000,308.976000,11.613412
29.520000,978.096000,3.017631
26.896000,2186.448000,1.112426
21.648000,1081.744000,10.093800
24.272000,1439.920000,0.771456
37.392000,2312.400000,1.555962
13.776000,2479.024000,1.077787
30.832000,2523.632000,1.021994
25.584000,3010.384000,0.884764
24.272000,15.088000,1.165643
9.840000,159.408000,5.634043
1.968000,1164.400000,0.914238
30.832000,702.576000,4.254119
37.392000,1075.184000,3.901532
13.776000,1399.248000,0.656962
20.336000,113.488000,0.820278
32.144000,734.064000,1.339176
22.960000,391.632000,9.708370
24.272000,3060.240000,2.955086
19.024000,982.032000,2.175789
4.592000,1063.376000,5.736703
26.896000,2810.960000,3.878186
21.648000,282.736000,1.575767
7.216000,2863.440000,2.194265
21.648000,1677.392000,3.721462
34.768000,2981.520000,3.048830
28.208000,2883.120000,2.055593
29.520000,1125.040000,3.045672
28.208000,1504.208000,0.956817
25.584000,2425.232000,1.786801
33.456000,2048.688000,1.224256
0.656000,2204.816000,1.310162
24.272000,53.136000,1.803287
3.280000,1367.760000,1.886077
9.840000,1184.080000,12.737908
36.080000,787.856000,0.767898
1.968000,2712.560000,2.778954
22.960000,471.664000,5.124417
5.904000,2988.080000,2.192433
16.400000,400.816000,1.862988
22.960000,908.560000,4.505374
29.520000,2755.856000,1.183269
15.088000,497.904000,1.681409
30.832000,2408.176000,2.599218
16.400000,461.168000,0.888166
33.456000,1876.816000,5.625589
22.960000,1128.976000,2.144537
37.392000,896.752000,9.958089
4.592000,2843.760000,0.833741
3.280000,2307.152000,1.154089
12.464000,2409.488000,0.950599
20.336000,1168.336000,1.626208
7.216000,2160.208000,1.531653
28.208000,676.336000,3.388661
11.152000,2463.280000,7.309874
30.832000,1825.648000,4.305757
28.208000,3135.024000,0.671392
16.400000,2578.736000,11.111824
1.968000,1006.960000,0.728034
32.144000,2250.736000,2.061077
30.832000,392.944000,4.535982
11.152000,2601.040000,6.114751
33.456000,2990.704000,5.091406
11.152000,1630.160000,1.434994
22.960000,1210.320000,6.742592
28.208000,2779.472000,1.513412
26.896000,1609.168000,10.833941
12.464000,2587.920000,0.851962
32.144000,1673.456000,5.409740
11.152000,3054.992000,11.331860
5.904000,3053.680000,10.132459
29.520000,1931.920000,3.593365
34.768000,631.728000,3.623227
19.024000,797.040000,2.895738
15.088000,356.208000,1.166681
15.088000,1554.064000,4.765820
34.768000,89.872000,1.516868
4.592000,2148.400000,0.715204
28.208000,1467.472000,2.119705
28.208000,76.752000,5.374610
15.088000,3163.888000,1.010574
30.832000,2269.104000,2.872137
8.528000,1725.936000,4.970346
30.832000,1677.392000,4.128363
11.152000,937.424000,4.778706
22.960000,1256.240000,3.942155
1.968000,756.368000,6.852878
0.656000,2422.608000,8.269988
4.592000,3053.680000,1.697470
15.088000,1395.312000,1.834949
5.904000,1030.576000,1.903069
11.152000,488.720000,1.678009
26.896000,2778.160000,5.246078
30.832000,1316.592000,7.145100
1.968000,665.840000,0.793560
32.144000,67.568000,13.262220
21.648000,2057.872000,2.135560
38.704000,2409.488000,1.615975
29.520000,1122.416000,4.919115
0.656000,3060.240000,1.100460
3.280000,29.520000,1.618582
1.968000,2742.736000,16.343414
38.704000,1298.224000,1.120113
22.960000,800.976000,4.380273
9.840000,13.776000,2.050947
21.648000,79.376000,7.449565
8.528000,2669.264000,2.502693
17.712000,1430.736000,2.505985
26.896000,2194.320000,1.760165
34.768000,2633.840000,3.529738
11.152000,2237.616000,1.733981
0.656000,1840.080000,1.812001
25.584000,3018.256000,0.768321
4.592000,49.200000,1.992801
11.152000,305.040000,5.610751
5.904000,594.992000,0.998227
17.712000,2295.344000,3.756035
9.840000,2736.176000,2.447405
11.152000,2759.792000,1.222291
3.280000,1723.312000,3.692210
12.464000,743.248000,8.414041
13.776000,3152.080000,1.123618
15.088000,172.528000,2.330809
33.456000,2316.336000,2.010064
3.280000,1903.056000,2.914416
1.968000,1568.496000,0.778391
15.088000,297.168000,3.182182
29.520000,2203.504000,13.453831
21.648000,2479.024000,5.487389
37.392000,2005.392000,5.085073
34.768000,2363.568000,5.597418
15.088000,2174.640000,5.271715
13.776000,33.456000,5.836906
24.272000,1418.928000,3.336288
33.456000,593.680000,2.529818
9.840000,970.224000,4.177857
5.904000,907.248000,2.824589
29.520000,2565.616000,9.469053
13.776000,1508.144000,5.447723
11.152000,1189.328000,1.679113
20.336000,752.432000,0.930851
33.456000,1680.016000,0.773625
15.088000,1464.848000,2.240272
24.272000,2179.888000,8.431930
21.648000,1930.608000,10.855753
26.896000,1193.264000,2.761664
22.960000,549.072000,1.293377
17.712000,1697.072000,4.157673
16.400000,299.792000,1.767914
38.704000,2677.136000,2.565772
9.840000,697.328000,6.841613
36.080000,2384.560000,2.903735
13.776000,3085.168000,4.089461
4.592000,2622.032000,7.753016
12.464000,1934.544000,2.655808
26.896000,860.016000,11.778591
24.272000,881.008000,2.805073
3.280000,2248.112000,2.549901
0.656000,1285.104000,8.890213
28.208000,1241.808000,0.715586
8.528000,869.200000,4.215350
25.584000,244.688000,2.590603
26.896000,652.720000,3.242258
7.216000,2465.904000,2.045960
15.088000,1226.064000,4.016998
7.216000,180.400000,3.072810
24.272000,1686.576000,1.988682
26.896000,337.840000,3.868151
38.704000,757.680000,4.605135
33.456000,2004.080000,2.675370
28.208000,1966.032000,2.647170
29.520000,3153.392000,16.475869
5.904000,1292.976000,1.239738
7.216000,462.480000,2.433001
34.768000,2846.384000,2.854743
1.968000,2682.384000,1.495574
26.896000,1526.512000,2.099904
5.904000,492.656000,1.183134
22.960000,41.328000,1.950156
9.840000,348.336000,9.845269
36.080000,1979.152000,0.862685
8.528000,2178.576000,2.772954
24.272000,1384.816000,0.679316
22.960000,1652.464000,4.535876
33.456000,91.184000,1.528421
1.968000,3019.568000,1.159854
25.584000,727.504000,2.124345
4.592000,2446.224000,1.636488
11.152000,3191.440000,3.750837
3.280000,1163.088000,1.809433
28.208000,1674.768000,1.023014
0.656000,1329.712000,1.929869
21.648000,266.992000,1.295710
32.144000,2653.520000,9.612136
13.776000,727.504000,1.890725
9.840000,2225.808000,3.950875
11.152000,2780.784000,6.355381
17.712000,116.112000,2.650166
1.968000,1807.280000,1.682006
1.968000,1589.488000,2.216467
16.400000,1753.488000,4.970912
1.968000,3047.120000,7.483480
4.592000,2789.968000,2.754438
16.400000,659.280000,1.284648
34.768000,2196.944000,1.121216
21.648000,2116.912000,2.194435
28.208000,2429.168000,1.360626
34.768000,1538.320000,3.368493
29.520000,1237.872000,1.953966
19.024000,148.912000,1.791995
7.216000,2871.312000,1.220977
16.400000,1203.760000,2.514692
11.152000,1237.872000,6.703475
30.832000,142.352000,0.929006
0.656000,790.480000,0.767196
0.656000,747.184000,1.963096
22.960000,1962.096000,3.865541
11.152000,975.472000,1.634780
5.904000,1117.168000,1.227546
22.960000,2990.704000,1.672549
37.392000,1699.696000,0.774989
11.152000,1559.312000,3.971215
13.776000,45.264000,3.823281
25.584000,3174.384000,1.300937
24.272000,1585.552000,2.331486
36.080000,438.864000,9.488025
21.648000,1903.056000,9.065195
26.896000,1320.528000,1.879257
1.968000,1056.816000,3.044542
7.216000,3179.632000,8.518950
17.712000,2800.464000,1.626039
33.456000,2395.056000,3.981910
9.840000,1340.208000,2.373770
38.704000,2181.200000,3.789538
1.968000,1193.264000,4.160309
28.208000,1088.304000,7.608082
1.968000,2279.600000,6.280508
16.400000,32.144000,8.653602
22.960000,235.504000,1.429560
26.896000,764.240000,1.276797
9.840000,2095.920000,1.324466
28.208000,2276.976000,6.474550
22.960000,1487.152000,4.795477
32.144000,1523.888000,3.494538
13.776000,1718.064000,2.138296
32.144000,2148.400000,2.789427
30.832000,143.664000,0.903323
1.968000,550.384000,4.495029
5.904000,2780.784000,5.501001
16.400000,2346.512000,5.891320
20.336000,533.328000,7.465969
19.024000,1895.184000,1.365557
26.896000,2257.296000,4.880701
37.392000,1227.376000,1.778036
3.280000,970.224000,0.746795
29.520000,730.128000,1.935239
26.896000,2952.656000,3.191833
28.208000,3035.312000,1.729401
22.960000,749.808000,6.623529
7.216000,2792.592000,2.025319
28.208000,1127.664000,5.032621
33.456000,1582.928000,4.104362
0.656000,2183.824000,10.979790
37.392000,2898.864000,3.163626
0.656000,2246.800000,2.048648
16.400000,1558.000000,3.713755
1.968000,686.832000,2.740961
17.712000,1580.304000,1.094833
5.904000,3119.280000,7.529442
21.648000,1537.008000,4.377042
25.584000,496.592000,0.891476
34.768000,2461.968000,2.202117
36.080000,2703.376000,3.494828
20.336000,2135.280000,2.125590
9.840000,1678.704000,1.375407
20.336000,1942.416000,2.935996
12.464000,701.264000,0.673313
33.456000,962.352000,4.146117
16.400000,256.496000,4.798673
24.272000,1916.176000,4.103827
29.520000,2574.800000,18.836430
25.584000,3124.528000,1.177873
37.392000,1119.792000,2.409662
38.704000,1098.800000,2.070433
11.152000,2872.624000,3.569082
13.776000,3053.680000,3.385254
4.592000,198.768000,0.830324
30.832000,1438.608000,5.169233
19.024000,1079.120000,3.826230
15.088000,2090.672000,6.711466
15.088000,2324.208000,14.907295
34.768000,1697.072000,5.043408
37.392000,1676.080000,2.176657
33.456000,2997.264000,3.620261
34.768000,665.840000,3.653567
5.904000,1728.560000,2.104167
7.216000,1092.240000,1.991402
4.592000,2573.488000,1.451161
26.896000,67.568000,0.789727
11.152000,748.496000,3.786820
4.592000,2143.152000,2.144040
30.832000,1311.344000,6.985726
9.840000,1676.080000,2.324138
28.208000,1323.152000,8.431794
24.272000,705.200000,3.975510
12.464000,438.864000,1.784242
28.208000,2309.776000,1.049860
7.216000,2123.472000,4.816068
24.272000,513.648000,3.632590
32.144000,1905.680000,1.214993
11.152000,427.056000,7.745836
38.704000,525.456000,1.544579
5.904000,259.120000,1.988515
7.216000,1502.896000,1.023274
5.904000,1635.408000,1.020415
28.208000,2657.456000,1.475684
3.280000,2042.128000,6.299116
9.840000,2944.784000,4.381710
29.520000,814.096000,1.086209
30.832000,458.544000,1.418636
34.768000,1232.624000,5.159580
24.272000,2708.624000,5.642269
15.088000,1000.400000,7.786775
13.776000,139.728000,10.237330
1.968000,2755.856000,13.352146
17.712000,943.984000,3.260772
36.080000,842.960000,1.196288
24.272000,3086.480000,1.342048
15.088000,2468.528000,9.553324
38.704000,391.632000,0.677439
33.456000,158.096000,2.680675
36.080000,2784.720000,2.424488
30.832000,3131.088000,3.532176
22.960000,1257.552000,5.839474
32.144000,150.224000,1.225945
19.024000,1228.688000,0.761062
16.400000,1194.576000,2.309140
37.392000,812.784000,2.006887
24.272000,1645.904000,1.231646
37.392000,3167.824000,4.113038
30.832000,2160.208000,0.784561
7.216000,1888.624000,2.214815
28.208000,1903.056000,2.848177
11.152000,921.680000,6.298353
1.968000,2670.576000,1.746456
8.528000,1147.344000,0.831882
38.704000,2776.848000,1.757834
5.904000,1247.056000,4.842642
33.456000,228.944000,7.716104
38.704000,2387.184000,5.634567
0.656000,1157.840000,7.918710
28.208000,30.832000,1.345643
1.968000,470.352000,4.187389
17.712000,1568.496000,3.052872
30.832000,186.960000,6.820273
22.960000,2317.648000,7.569471
33.456000,613.360000,3.470027
0.656000,2304.528000,1.781207
26.896000,2275.664000,0.806054
12.464000,1038.448000,2.034535
3.280000,101.680000,1.754614
1.968000,2271.728000,1.586881
13.776000,947.920000,0.850997
30.832000,3065.488000,7.232233
30.832000,773.424000,2.169147
29.520000,950.544000,1.504809
20.336000,3152.080000,4.041855
36.080000,2818.832000,3.738768
12.464000,2214.000000,2.308802
5.904000,911.184000,2.289800
13.776000,714.384000,1.232302
21.648000,1098.800000,17.734129
19.024000,2938.224000,0.684226
7.216000,1951.600000,4.680847
11.152000,815.408000,2.444072
16.400000,1699.696000,2.319257
24.272000,845.584000,13.881941
38.704000,513.648000,2.402677
33.456000,652.720000,1.905758
25.584000,574.000000,2.924143
20.336000,2099.856000,8.299639
1.968000,293.232000,0.875047
0.656000,2986.768000,1.063591
20.336000,1592.112000,1.072565
3.280000,808.848000,2.952850
25.584000,2755.856000,1.808984
16.400000,2631.216000,1.489750
29.520000,2021.136000,2.067059
1.968000,1104.048000,4.700312
4.592000,521.520000,2.047001
21.648000,1535.696000,3.886252
20.336000,1005.648000,4.799316
28.208000,1656.400000,1.297078
36.080000,2497.392000,1.522415
5.904000,786.544000,4.619888
38.704000,2091.984000,10.552934
26.896000,2744.048000,9.961187
30.832000,2381.936000,1.089340
3.280000,2952.656000,2.381282
29.520000,84.624000,1.067809
9.840000,1838.768000,5.158108
8.528000,1306.096000,1.276496
32.144000,3167.824000,3.091328
3.280000,335.216000,7.213433
9.840000,247.312000,2.659520
12.464000,2294.032000,8.792894
25.584000,1034.512000,3.057354
0.656000,543.824000,5.248034
15.088000,995.152000,1.994884
1.968000,2002.768000,3.171967
1.968000,1929.296000,5.701650
0.656000,2010.640000,4.355593
0.656000,2119.536000,5.549509
34.768000,692.080000,4.265219
12.464000,808.848000,2.342532
1.968000,1405.808000,2.342119
37.392000,2059.184000,0.658962
1.968000,693.392000,1.217509
25.584000,20.336000,2.837687
3.280000,51.824000,2.951510
20.336000,707.824000,4.680078
38.704000,2099.856000,1.266784
8.528000,589.744000,1.293815
32.144000,366.704000,2.516041
38.704000,192.208000,0.912650
28.208000,875.760000,4.174977
3.280000,2035.568000,1.390818
37.392000,2370.128000,4.124291
32.144000,319.472000,0.730925
34.768000,2864.752000,2.378512
34.768000,1838.768000,4.643491
36.080000,3018.256000,10.654976
4.592000,213.200000,7.485534
15.088000,593.680000,3.812713
13.776000,1872.880000,2.099060
22.960000,2379.312000,9.231979
33.456000,445.424000,8.541651
9.840000,2339.952000,0.747798
0.656000,1250.992000,2.082650
13.776000,2667.952000,10.299562
21.648000,3153.392000,4.403547
38.704000,332.592000,0.748359
34.768000,1445.168000,1.844351
4.592000,2305.840000,3.461773
30.832000,475.600000,10.609601
28.208000,608.112000,13.899036
36.080000,3140.272000,10.845898
22.960000,2329.456000,2.822855
20.336000,64.944000,3.599877
32.144000,1837.456000,1.516134
17.712000,1850.576000,0.812500
22.960000,2164.144000,1.208265
0.656000,2053.936000,20.681979
9.840000,188.272000,7.517825
9.840000,1748.240000,0.824699
21.648000,1589.488000,0.996209
28.208000,2467.216000,10.036769
9.840000,2666.640000,0.749834
24.272000,709.136000,14.058918
0.656000,2332.080000,1.407298
7.216000,2580.048000,1.433000
21.648000,417.872000,2.413952
33.456000,983.344000,2.029203
15.088000,684.208000,8.556811
24.272000,97.744000,1.725927
20.336000,1975.216000,4.428089
28.208000,1337.584000,3.066401
16.400000,1752.176000,5.780232
32.144000,1093.552000,1.349421
29.520000,1632.784000,3.414952
30.832000,1832.208000,8.331393
29.520000,2708.624000,3.191565
28.208000,433.616000,1.896290
12.464000,2438.352000,7.500849
37.392000,2214.000000,4.733024
20.336000,2013.264000,0.676416
9.840000,172.528000,1.255591
9.840000,1228.688000,3.053804
28.208000,2765.040000,2.252324
37.392000,3018.256000,7.135744
21.648000,1167.024000,6.529107
17.712000,970.224000,3.898036
36.080000,1676.080000,7.389887
9.840000,1262.800000,1.006578
13.776000,13.776000,4.352712
28.208000,1737.744000,1.728912
7.216000,594.992000,1.126920
29.520000,269.616000,6.247982
7.216000,2729.616000,1.479082
16.400000,420.496000,1.375399
19.024000,934.800000,2.389380
37.392000,1683.952000,7.779458
13.776000,1708.880000,1.098076
33.456000,2022.448000,1.589628
16.400000,497.904000,2.511656
38.704000,596.304000,1.577383
0.656000,958.416000,3.828265
13.776000,1274.608000,2.299849
4.592000,890.192000,1.167804
7.216000,1299.536000,2.281316
24.272000,1006.960000,1.276661
24.272000,311.600000,6.857272
7.216000,3047.120000,5.061374
7.216000,1034.512000,11.856152
17.712000,991.216000,3.758472
3.280000,1929.296000,3.251249
32.144000,2532.816000,5.064106
0.656000,3217.680000,2.598999
22.960000,1905.680000,1.882387
8.528000,909.872000,2.117710
5.904000,46.576000,5.448465
5.904000,610.736000,2.279807
28.208000,1073.872000,1.752289
28.208000,943.984000,11.476603
5.904000,1260.176000,1.049379
36.080000,2968.400000,5.882145
36.080000,2309.776000,7.322543
32.144000,3131.088000,4.535581
15.088000,2936.912000,12.776754
4.592000,246.000000,2.058783
28.208000,1560.624000,7.026062
4.592000,221.072000,1.096681
36.080000,2328.144000,1.484041
22.960000,1695.760000,5.021420
21.648000,1375.632000,1.320596
20.336000,625.168000,1.574580
21.648000,2767.664000,2.071633
22.960000,1000.400000,1.770606
20.336000,365.392000,8.601057
28.208000,2488.208000,4.188191
36.080000,558.256000,1.915180
34.768000,1975.216000,0.872933
36.080000,2971.024000,1.816914
19.024000,1678.704000,3.673535
29.520000,2296.656000,3.232605
29.520000,1502.896000,6.500846
26.896000,1382.192000,1.679721
26.896000,953.168000,4.838134
38.704000,2127.408000,3.578976
17.712000,135.792000,1.163474
5.904000,1313.968000,5.374493
13.776000,1548.816000,1.541487
28.208000,1077.808000,3.028169
20.336000,3087.792000,2.344281
9.840000,3024.816000,3.417609
25.584000,1727.248000,7.205956
19.024000,1018.768000,3.887090
1.968000,2469.840000,2.822179
17.712000,2359.632000,5.937897
8.528000,1030.576000,1.494576
16.400000,3056.304000,4.118148
0.656000,2845.072000,3.414389
36.080000,652.720000,5.082565
26.896000,2951.344000,4.832079
13.776000,1661.648000,4.498762
13.776000,1849.264000,3.562167
32.144000,1662.960000,1.162561
7.216000,2858.192000,8.690723
22.960000,690.768000,9.680271
0.656000,1408.432000,5.671408
30.832000,1327.088000,0.881434
12.464000,2447.536000,2.330892
38.704000,392.944000,2.072575
8.528000,818.032000,1.160974
19.024000,2437.040000,8.942849
32.144000,2733.552000,3.811813
1.968000,846.896000,5.824656
5.904000,2661.392000,1.382529
0.656000,2522.320000,5.963346
12.464000,2622.032000,1.906347
5.904000,1443.856000,3.179493
8.528000,1638.032000,3.815369
34.768000,3153.392000,1.203305
12.464000,724.880000,1.854685
21.648000,1252.304000,6.064613
4.592000,493.968000,0.660261
26.896000,558.256000,0.678132
21.648000,117.424000,0.936268
22.960000,1022.704000,2.003697
21.648000,2086.736000,3.424883
24.272000,2590.544000,1.769301
22.960000,911.184000,3.490978
8.528000,1732.496000,1.028246
15.088000,2329.456000,2.411162
28.208000,2854.256000,9.111996
22.960000,968.912000,1.791747
37.392000,2509.200000,0.707184
37.392000,1370.384000,4.413278
0.656000,1325.776000,2.928174
1.968000,2649.584000,2.609352
21.648000,2973.648000,2.785839
16.400000,2590.544000,6.201306
32.144000,2873.936000,4.906248
33.456000,1467.472000,5.278074
33.456000,1299.536000,6.484331
17.712000,1825.648000,1.883969
20.336000,2434.416000,3.624525
9.840000,1933.232000,1.293905
4.592000,791.792000,1.452704
22.960000,2019.824000,7.145137
32.144000,651.408000,1.090181
11.152000,839.024000,4.357204
11.152000,2301.904000,0.910077
29.520000,2112.976000,2.400121
38.704000,201.392000,4.479578
5.904000,3036.624000,2.139004
26.896000,930.864000,2.128608
37.392000,2946.096000,3.679674
19.024000,1602.608000,4.424712
12.464000,777.360000,1.373389
38.704000,844.272000,1.067552
24.272000,3220.304000,9.018399
11.152000,1206.384000,1.426307
32.144000,601.552000,9.367959
3.280000,1155.216000,2.960997
30.832000,2048.688000,2.180827
30.832000,2001.456000,2.674019
19.024000,2831.952000,1.492845
5.904000,3103.536000,1.480746
13.776000,2978.896000,5.528047
12.464000,895.440000,5.148624
15.088000,609.424000,3.182122
15.088000,3014.320000,4.527661
26.896000,976.784000,4.024521
16.400000,263.056000,0.789071
26.896000,3069.424000,1.336190
19.024000,1934.544000,1.443210
24.272000,2501.328000,4.708658
33.456000,936.112000,0.873902
28.208000,2379.312000,3.093303
12.464000,1943.728000,1.458330
36.080000,183.024000,3.153804
24.272000,1121.104000,10.208313
38.704000,1748.240000,3.037264
4.592000,968.912000,4.141014
19.024000,2538.064000,1.001839
22.960000,2591.856000,2.545976
20.336000,1897.808000,1.542827
30.832000,1763.984000,2.619453
7.216000,287.984000,1.406390
9.840000,264.368000,3.169993
24.272000,2611.536000,6.539564
9.840000,685.520000,1.661483
12.464000,2360.944000,13.624199
3.280000,1093.552000,1.480789
4.592000,2362.256000,8.921386
5.904000,2908.048000,2.033785
1.968000,765.552000,17.232841
21.648000,1254.928000,2.393197
9.840000,2330.768000,1.202049
1.968000,671.088000,4.492092
21.648000,466.416000,0.882496
0.656000,2434.416000,10.431140
29.520000,671.088000,2.595414
21.648000,743.248000,2.663368
15.088000,2862.128000,2.218445
11.152000,2930.352000,2.248178
21.648000,1742.992000,0.890987
3.280000,551.696000,7.488609
12.464000,2843.760000,2.655361
16.400000,3048.432000,6.105600
7.216000,2854.256000,2.591572
4.592000,943.984000,1.323214
19.024000,2528.880000,4.652519
24.272000,1168.336000,1.189928
17.712000,1224.752000,9.117375
7.216000,3205.872000,6.548895
13.776000,5.904000,6.228901
37.392000,844.272000,6.371323
9.840000,2650.896000,3.339607
34.768000,823.280000,12.337075
26.896000,1630.160000,8.079322
0.656000,104.304000,2.164529
34.768000,476.912000,15.482870
16.400000,219.760000,4.459597
0.656000,2316.336000,1.807735
33.456000,1033.200000,3.517798
21.648000,1268.048000,3.072185
26.896000,2883.120000,15.133993
1.968000,2628.592000,2.225826
12.464000,2103.792000,7.122709
16.400000,878.384000,2.091002
36.080000,1576.368000,2.214024
11.152000,1371.696000,1.389464
29.520000,1086.992000,2.512431
37.392000,1895.184000,1.512548
30.832000,1400.560000,2.492570
25.584000,507.088000,2.431428
13.776000,100.368000,11.341674
24.272000,25.584000,10.184007
5.904000,1514.704000,2.462167
22.960000,177.776000,5.330830
36.080000,2493.456000,1.312762
0.656000,2413.424000,1.050272
38.704000,83.312000,3.488721
21.648000,1047.632000,7.024386
30.832000,1820.400000,2.427542
16.400000,189.584000,0.922259
36.080000,1762.672000,2.514311
26.896000,2199.568000,1.566230
32.144000,764.240000,1.164450
1.968000,61.008000,1.541059
38.704000,1140.784000,9.436233
38.704000,2879.184000,14.668335
1.968000,2787.344000,0.789031
21.648000,2232.368000,2.680015
19.024000,2884.432000,3.339266
9.840000,1328.400000,1.422487
15.088000,3221.616000,2.291694
7.216000,1927.984000,4.120983
9.840000,311.600000,6.054053
3.280000,2019.824000,4.002637
9.840000,635.664000,4.734725
13.776000,1283.792000,1.577469
15.088000,173.840000,2.666638
17.712000,1880.752000,10.049713
0.656000,1317.904000,4.154055
17.712000,2591.856000,5.356201
22.960000,1479.280000,2.217436
37.392000,2048.688000,19.953288
7.216000,575.312000,1.569053
21.648000,1317.904000,1.677198
12.464000,217.136000,6.562762
33.456000,970.224000,1.344478
24.272000,1231.312000,2.144836
1.968000,2396.368000,2.379485
24.272000,2517.072000,1.801061
3.280000,2451.472000,2.487173
33.456000,3154.704000,2.167730
22.960000,171.216000,1.134432
22.960000,993.840000,1.897513
17.712000,2006.704000,5.101828
21.648000,2612.848000,1.396104
25.584000,1916.176000,1.335500
25.584000,2955.280000,2.192880
19.024000,513.648000,3.113059
21.648000,1609.168000,1.548557
24.272000,800.976000,5.508741
25.584000,189.584000,1.556057
38.704000,167.280000,4.040831
17.712000,1891.248000,2.579051
29.520000,589.744000,4.999996
16.400000,19.024000,1.901138
5.904000,263.056000,6.259814
37.392000,1836.144000,3.946428
0.656000,341.776000,4.775387
17.712000,404.752000,3.121281
25.584000,3114.032000,1.027667
5.904000,2135.280000,1.282607
28.208000,835.088000,3.430975
32.144000,1209.008000,11.276018
9.840000,719.632000,1.769713
5.904000,2772.912000,2.098441
20.336000,2644.336000,7.861442
25.584000,1572.432000,4.621329
11.152000,1878.128000,5.948563
37.392000,1787.600000,1.166217
36.080000,643.536000,1.964008
21.648000,1572.432000,1.332847
33.456000,549.072000,2.237486
25.584000,1144.720000,8.892599
4.592000,1500.272000,3.285053
20.336000,1610.480000,3.352606
21.648000,1720.688000,7.697035
8.528000,1327.088000,4.033933
25.584000,1670.832000,2.759683
19.024000,2358.320000,6.116895
30.832000,368.016000,1.992102
8.528000,1110.608000,0.734256
0.656000,445.424000,1.342978
4.592000,2127.408000,4.398285
29.520000,3152.080000,6.046593
19.024000,2312.400000,2.253190
34.768000,2214.000000,3.569673
20.336000,1509.456000,2.748263
15.088000,699.952000,2.028017
3.280000,2851.632000,0.762422
30.832000,2317.648000,3.222561
22.960000,436.240000,9.663332
12.464000,1350.704000,0.711718
0.656000,1101.424000,6.006546
0.656000,3179.632000,10.937830
29.520000,799.664000,3.782442
17.712000,2825.392000,1.667623
12.464000,613.360000,2.683588
17.712000,564.816000,3.458625
13.776000,1725.936000,6.610330
0.656000,2374.064000,1.670499
5.904000,1161.776000,16.203396
25.584000,2186.448000,11.396034
26.896000,1253.616000,1.601459
5.904000,3175.696000,3.628076
11.152000,495.280000,1.228332
3.280000,1645.904000,2.169810
17.712000,3111.408000,1.639345
16.400000,1405.808000,15.977024
19.024000,3010.384000,7.584657
20.336000,3096.976000,1.062425
29.520000,2219.248000,0.982156
25.584000,537.264000,1.889332
38.704000,80.688000,2.925312
3.280000,3002.512000,3.054530
24.272000,126.608000,1.707649
1.968000,1172.272000,4.869224
5.904000,2458.032000,0.859536
30.832000,448.048000,2.019724
1.968000,373.264000,1.634505
20.336000,713.072000,2.481948
26.896000,1787.600000,3.980713
25.584000,1847.952000,9.358165
9.840000,412.624000,0.844294
19.024000,1157.840000,12.176947
34.768000,2090.672000,1.988940
17.712000,36.080000,1.218947
37.392000,1834.832000,6.004296
15.088000,979.408000,2.869181
12.464000,2837.200000,3.281151
1.968000,2472.464000,7.553432
16.400000,1687.888000,2.828860
3.280000,1527.824000,6.883270
12.464000,1652.464000,3.416132
16.400000,668.464000,0.855016
4.592000,2168.080000,5.439083
12.464000,667.152000,1.557669
0.656000,1682.640000,1.265266
20.336000,45.264000,6.729473
13.776000,1634.096000,1.595885
33.456000,2531.504000,1.982802
21.648000,3178.320000,1.374166
0.656000,1992.272000,1.396788
12.464000,2656.144000,20.671511
15.088000,193.520000,5.415008
32.144000,3048.432000,2.751636
4.592000,793.104000,4.336726
30.832000,1488.464000,5.084159
15.088000,396.880000,8.970794
29.520000,1020.080000,6.552890
30.832000,1956.848000,13.502899
19.024000,1302.160000,1.874044
26.896000,2910.672000,6.499730
15.088000,1100.112000,1.233274
11.152000,3045.808000,2.090000
25.584000,3056.304000,1.030491
37.392000,66.256000,3.375310
34.768000,2700.752000,1.369480
36.080000,1966.032000,4.051072
15.088000,2282.224000,2.819026
21.648000,781.296000,1.710982
36.080000,2657.456000,6.494619
29.520000,970.224000,1.214436
1.968000,2965.776000,3.242025
20.336000,819.344000,2.533448
38.704000,1800.720000,1.282014
38.704000,1719.376000,6.564292
25.584000,528.080000,1.833462
13.776000,266.992000,5.505233
33.456000,308.976000,5.453113
22.960000,461.168000,2.426317
24.272000,2683.696000,5.358387
11.152000,2881.808000,6.717965
34.768000,2528.880000,1.677658
22.960000,610.736000,4.575996
11.152000,2475.088000,9.365261
32.144000,2274.352000,0.813146
37.392000,307.664000,9.267454
12.464000,281.424000,4.469987
38.704000,2783.408000,9.345276
34.768000,1823.024000,3.593859
33.456000,1872.880000,1.475999
1.968000,882.320000,3.446110
0.656000,244.688000,2.097388
29.520000,3108.784000,3.145523
7.216000,2025.072000,4.051275
25.584000,715.696000,11.134352
7.216000,97.744000,2.448445
20.336000,479.536000,0.948153
38.704000,381.136000,1.813557
32.144000,1336.272000,3.486126
7.216000,559.568000,1.471135
1.968000,2590.544000,2.020204
13.776000,2406.864000,4.426009
21.648000,1059.440000,3.585152
3.280000,886.256000,1.502292
5.904000,2401.616000,2.293630
19.024000,217.136000,1.573884
8.528000,1142.096000,8.070797
21.648000,1241.808000,12.946423
38.704000,1076.496000,7.541865
9.840000,1690.512000,0.867615
36.080000,1329.712000,3.666281
19.024000,1492.400000,2.691253
30.832000,3149.456000,2.895320
13.776000,24.272000,8.071294
37.392000,1379.568000,10.273159
15.088000,19.024000,11.859096
17.712000,2395.056000,4.050027
3.280000,465.104000,8.915870
20.336000,1758.736000,4.518983
12.464000,873.136000,1.646002
30.832000,2995.952000,7.837540
30.832000,898.064000,4.557904
21.648000,1181.456000,3.922743
38.704000,3098.288000,2.054087
24.272000,287.984000,3.220986
0.656000,1261.488000,1.265836
37.392000,2355.696000,10.894814
16.400000,2426.544000,4.567631
34.768000,657.968000,1.844129
11.152000,2061.808000,2.296403
36.080000,433.616000,1.508113
5.904000,2378.000000,1.743021
38.704000,3064.176000,2.362335
16.400000,765.552000,0.719562
22.960000,2400.304000,2.965800
9.840000,2523.632000,7.458935
15.088000,2594.480000,3.637878
28.208000,2464.592000,3.937454
29.520000,480.848000,1.098328
25.584000,950.544000,6.973043
7.216000,1725.936000,0.664551
22.960000,953.168000,3.276280
28.208000,92.496000,1.030972
1.968000,192.208000,0.919765
1.968000,696.016000,1.585706
20.336000,1286.416000,5.334091
29.520000,462.480000,6.496415
19.024000,971.536000,1.818765
12.464000,3053.680000,0.867505
3.280000,987.280000,8.440072
38.704000,2338.640000,2.046789
21.648000,26.896000,1.288396
33.456000,1212.944000,2.695912
22.960000,970.224000,9.893111
28.208000,890.192000,1.835728
9.840000,371.952000,2.631757
20.336000,419.184000,1.467828
8.528000,1636.720000,1.829581
11.152000,1201.136000,1.719583
8.528000,1185.392000,2.943486
19.024000,1338.896000,5.111553
11.152000,1160.464000,4.719629
17.712000,3137.648000,1.114151
15.088000,118.736000,2.275404
17.712000,1815.152000,8.667699
32.144000,2741.424000,5.832712
11.152000,3056.304000,1.522129
3.280000,1433.360000,0.797314
19.024000,25.584000,1.455545
36.080000,1350.704000,1.673063
29.520000,155.472000,6.028927
28.208000,1861.072000,6.766519
24.272000,1706.256000,2.644359
13.776000,2162.832000,3.079050
30.832000,1796.784000,2.320112
12.464000,2858.192000,1.654800
19.024000,2069.680000,1.776660
7.216000,1943.728000,3.603994
37.392000,105.616000,2.608874
15.088000,3002.512000,1.473549
16.400000,1199.824000,3.054498
4.592000,1066.000000,2.445286
25.584000,2094.608000,7.244312
12.464000,648.784000,2.200635
15.088000,2410.800000,1.019778
21.648000,2291.408000,1.316022
16.400000,2112.976000,3.202664
5.904000,1597.360000,1.444779
9.840000,295.856000,7.163576
34.768000,2401.616000,1.474253
17.712000,1115.856000,6.149481
15.088000,1777.104000,1.172115
9.840000,179.088000,5.040485
21.648000,1732.496000,2.521137
36.080000,2019.824000,3.139469
26.896000,2804.400000,1.725753
34.768000,112.176000,3.134535
13.776000,480.848000,1.739030
7.216000,2148.400000,4.745856
4.592000,656.656000,9.823870
3.280000,2350.448000,2.930781
16.400000,777.360000,2.963186
7.216000,978.096000,1.288638
11.152000,5.904000,4.855080
28.208000,2144.464000,4.801376
21.648000,2993.328000,0.725617
1.968000,2969.712000,11.741074
15.088000,2741.424000,1.995641
21.648000,849.520000,0.682672
28.208000,3190.128000,2.456601
29.520000,928.240000,1.779206
19.024000,1998.832000,0.963695
30.832000,1727.248000,0.719561
26.896000,2780.784000,3.283012
12.464000,54.448000,5.261500
19.024000,1312.656000,3.022536
19.024000,1370.384000,1.560984
24.272000,1055.504000,18.642966
29.520000,2547.248000,2.289511
1.968000,2452.784000,3.027647
36.080000,835.088000,1.579576
0.656000,3035.312000,2.275152
21.648000,1807.280000,1.364741
38.704000,539.888000,2.996097
11.152000,1720.688000,13.949362
8.528000,1449.104000,5.232381
16.400000,181.712000,1.577495
1.968000,2615.472000,9.794607
24.272000,2929.040000,5.162874
11.152000,2539.376000,4.035044
1.968000,1119.792000,8.796852
0.656000,3201.936000,1.506373
12.464000,2730.928000,2.225741
21.648000,2620.720000,1.442731
7.216000,3073.360000,4.043744
7.216000,597.616000,16.833912
29.520000,2276.976000,2.472989
33.456000,1005.648000,4.096321
26.896000,1685.264000,3.649885
29.520000,842.960000,6.612070
13.776000,1537.008000,3.321966
15.088000,2656.144000,7.607548
30.832000,596.304000,1.576900
7.216000,2262.544000,3.648176
22.960000,1350.704000,3.783881
32.144000,820.656000,5.606345
21.648000,1762.672000,2.645340
13.776000,1449.104000,4.815087
36.080000,234.192000,0.953988
7.216000,1863.696000,4.228988
26.896000,1527.824000,2.076248
37.392000,3184.880000,2.550620
11.152000,3030.064000,1.283206
11.152000,1870.256000,4.688769
11.152000,36.080000,3.848840
1.968000,1502.896000,4.262683
7.216000,466.416000,4.099518
19.024000,2944.784000,7.801246
12.464000,3018.256000,1.541145
20.336000,3.280000,1.569821
9.840000,3098.288000,0.812640
9.840000,2809.648000,1.039762
4.592000,3186.192000,1.348957
21.648000,602.864000,8.061929
3.280000,2437.040000,5.789234
1.968000,2317.648000,1.710371
9.840000,3125.840000,6.916588
17.712000,640.912000,3.602541
36.080000,1740.368000,3.034402
12.464000,1336.272000,2.882653
1.968000,1623.600000,3.246886
36.080000,2227.120000,7.070435
15.088000,389.008000,0.948808
25.584000,1846.640000,5.160026
0.656000,1664.272000,1.920537
19.024000,2505.264000,4.489502
16.400000,2393.744000,1.616262
1.968000,1783.664000,1.903067
20.336000,598.928000,4.140852
0.656000,2952.656000,2.411703
28.208000,328.656000,0.847569
32.144000,1627.536000,2.904672
5.904000,1543.568000,13.993668
25.584000,1198.512000,0.714709
37.392000,1947.664000,9.284278
25.584000,731.440000,5.266202
12.464000,492.656000,1.278979
30.832000,1240.496000,1.515946
9.840000,1606.544000,3.110541
15.088000,2102.480000,2.865622
1.968000,3127.152000,8.711179
15.088000,1363.824000,3.288925
4.592000,1349.392000,1.550037
38.704000,554.320000,5.329152
30.832000,1093.552000,4.088302
34.768000,2555.120000,0.933065
28.208000,1958.160000,4.568140
7.216000,1710.192000,2.676853
29.520000,2607.600000,4.021715
26.896000,661.904000,2.275429
1.968000,1064.688000,17.070150
16.400000,266.992000,3.378137
33.456000,2025.072000,3.145573
37.392000,1786.288000,2.734569
37.392000,1197.200000,0.692668
7.216000,1752.176000,2.758758
37.392000,1281.168000,9.329083
8.528000,2484.272000,6.020293
22.960000,2105.104000,9.815977
12.464000,999.088000,4.059719
24.272000,1529.136000,3.675890
8.528000,2661.392000,4.138229
13.776000,1311.344000,1.442679
7.216000,2257.296000,8.008438
3.280000,2906.736000,2.059006
13.776000,1279.856000,8.482553
13.776000,3171.760000,1.865370
36.080000,2724.368000,0.691767
24.272000,651.408000,1.460936
22.960000,2473.776000,10.774364
21.648000,905.936000,6.611858
34.768000,1732.496000,2.132793
25.584000,916.432000,13.327364
4.592000,2485.584000,0.975167
24.272000,1203.760000,1.350952
36.080000,437.552000,1.511453
17.712000,503.152000,3.312363
9.840000,2976.272000,0.657584
24.272000,2513.136000,6.707910
9.840000,1325.776000,5.329731
25.584000,2259.920000,6.528779
26.896000,1191.952000,2.610593
7.216000,2223.184000,1.784648
7.216000,783.920000,6.972119
22.960000,1980.464000,0.962292
5.904000,331.280000,2.056746
20.336000,854.768000,1.030999
3.280000,1130.288000,2.143905
38.704000,3131.088000,6.148251
0.656000,2603.664000,4.188308
1.968000,3048.432000,4.357956
5.904000,715.696000,1.352378
8.528000,1485.840000,1.171599
0.656000,1912.240000,6.635344
9.840000,2947.408000,3.120216
36.080000,1778.416000,0.682137
26.896000,1404.496000,11.602502
13.776000,1105.360000,3.093176
33.456000,2069.680000,3.167379
30.832000,2671.888000,1.354886
0.656000,1576.368000,2.879378
16.400000,787.856000,1.734634
12.464000,2036.880000,3.151564
30.832000,2123.472000,1.225118
5.904000,2974.960000,1.753494
30.832000,1945.040000,4.407384
3.280000,1017.456000,1.535803
36.080000,2803.088000,3.516764
33.456000,2518.384000,1.637603
11.152000,2902.800000,2.579631
26.896000,1468.784000,9.481893
32.144000,848.208000,3.830550
37.392000,2185.136000,3.422133
3.280000,2261.232000,1.573662
34.768000,3100.912000,0.733403
33.456000,1842.704000,8.795218
24.272000,1278.544000,0.969491
33.456000,2730.928000,0.929979
9.840000,1778.416000,1.567432
22.960000,1274.608000,9.679019
15.088000,214.512000,4.466606
33.456000,1321.840000,6.918911
9.840000,1500.272000,0.902847
8.528000,78.064000,0.745077
25.584000,118.736000,1.778315
21.648000,991.216000,4.522334
5.904000,2934.288000,1.633182
22.960000,1859.760000,0.947329
33.456000,1294.288000,2.442115
38.704000,814.096000,0.806802
1.968000,587.120000,10.881191
33.456000,1361.200000,6.713278
15.088000,1371.696000,2.491026
34.768000,2245.488000,2.528146
8.528000,2059.184000,0.999194
4.592000,141.040000,8.580121
28.208000,2507.888000,2.274815
4.592000,2793.904000,5.256101
8.528000,3208.496000,4.933632
19.024000,2939.536000,4.553363
19.024000,1017.456000,7.806844
30.832000,316.848000,1.278308
7.216000,1722.000000,1.948069
3.280000,2267.792000,1.268961
15.088000,1842.704000,0.969327
7.216000,1849.264000,4.251054
37.392000,126.608000,6.576600
20.336000,1189.328000,2.089872
29.520000,2402.928000,6.521140
7.216000,1989.648000,2.383470
22.960000,2791.280000,4.337040
1.968000,2950.032000,4.988549
28.208000,1867.632000,8.179945
11.152000,1159.152000,1.166989
24.272000,2471.152000,1.131811
20.336000,1643.280000,3.534988
17.712000,1803.344000,4.497649
36.080000,1649.840000,8.290736
30.832000,2046.064000,3.561897
20.336000,442.800000,3.641641
17.712000,501.840000,5.365132
22.960000,2374.064000,15.116002
8.528000,2131.344000,1.588084
3.280000,2444.912000,1.182706
25.584000,2577.424000,7.866192
16.400000,789.168000,1.661274
8.528000,1210.320000,1.554090
19.024000,576.624000,1.506423
7.216000,1022.704000,4.547044
1.968000,1131.600000,1.451235
25.584000,543.824000,5.538324
24.272000,246.000000,1.128585
22.960000,415.248000,2.318815
0.656000,2225.808000,2.927728
13.776000,820.656000,1.211716
15.088000,1379.568000,1.493300
4.592000,1601.296000,1.159493
3.280000,1815.152000,3.164681
9.840000,2334.704000,5.686632
8.528000,2845.072000,4.881032
5.904000,9.840000,0.911254
0.656000,2315.024000,2.474028
15.088000,1631.472000,0.763282
17.712000,2616.784000,7.621370
32.144000,2097.232000,2.228780
28.208000,19.024000,4.065172
1.968000,1226.064000,6.366993
7.216000,3031.376000,7.557849
37.392000,1097.488000,1.908807
30.832000,343.088000,0.724606
16.400000,3022.192000,8.701868
34.768000,945.296000,8.882460
38.704000,1142.096000,5.010414
21.648000,147.600000,0.955418
13.776000,2253.360000,1.755599
34.768000,1051.568000,5.195601
9.840000,1135.536000,7.165817
24.272000,1544.880000,5.918560
0.656000,1863.696000,1.065737
9.840000,1376.944000,1.878848
32.144000,576.624000,2.283853
11.152000,2712.560000,2.459836
36.080000,2380.624000,3.826414
34.768000,2944.784000,5.373568
30.832000,861.328000,2.112847
13.776000,285.360000,1.048366
1.968000,2616.784000,0.787826
28.208000,743.248000,4.816594
7.216000,1525.200000,0.978185
11.152000,475.600000,8.938035
30.832000,1037.136000,6.622956
25.584000,26.896000,4.744335
9.840000,1414.992000,4.449538
37.392000,2632.528000,2.587614
36.080000,1474.032000,1.130065
38.704000,1113.232000,0.773407
21.648000,2892.304000,0.952352
5.904000,2762.416000,3.661580
25.584000,2452.784000,4.222111
3.280000,1617.040000,2.262505
37.392000,1904.368000,1.686770
20.336000,2392.432000,4.288109
1.968000,1495.024000,1.402642
11.152000,3213.744000,5.874235
26.896000,1589.488000,11.207865
32.144000,696.016000,3.448322
20.336000,2004.080000,3.708374
33.456000,1117.168000,3.664571
28.208000,1729.872000,5.097858
24.272000,1003.024000,1.433359
20.336000,1227.376000,3.242801
4.592000,2709.936000,1.486897
17.712000,1762.672000,3.134140
12.464000,2589.232000,12.864666
11.152000,2965.776000,0.827004
34.768000,1926.672000,0.716836
25.584000,2109.040000,10.013620
20.336000,3061.552000,5.554919
8.528000,2902.800000,6.610225
16.400000,3007.760000,4.690367
34.768000,207.952000,9.003235
32.144000,2435.728000,9.701437
9.840000,820.656000,2.984322
3.280000,2561.680000,2.899404
13.776000,1220.816000,5.802468
33.456000,3089.104000,3.901107
12.464000,2775.536000,10.343407
30.832000,1395.312000,3.250472
33.456000,693.392000,1.074478
5.904000,3199.312000,5.041885
20.336000,2929.040000,0.913381
5.904000,2930.352000,6.026547
24.272000,728.816000,5.368668
33.456000,2128.720000,2.884829
1.968000,1370.384000,0.718597
37.392000,206.640000,4.101199
24.272000,1559.312000,4.824675
13.776000,2297.968000,4.487399
33.456000,1282.480000,0.756149
8.528000,947.920000,2.771841
7.216000,1354.640000,6.934390
8.528000,381.136000,1.530255
29.520000,1312.656000,0.762520
34.768000,2732.240000,5.073354
13.776000,2214.000000,4.317477
9.840000,2248.112000,4.348691
16.400000,1136.848000,2.198790
4.592000,1341.520000,7.961504
17.712000,907.248000,1.842983
30.832000,110.864000,1.916095
29.520000,2913.296000,5.843451
26.896000,747.184000,11.501688
30.832000,2219.248000,0.737615
8.528000,1371.696000,9.769718
19.024000,2035.568000,2.289582
30.832000,2148.400000,1.009926
20.336000,1456.976000,10.424506
20.336000,3162.576000,3.295782
26.896000,1042.384000,0.741717
26.896000,3161.264000,1.419034
24.272000,3065.488000,11.043253
7.216000,526.768000,3.536478
25.584000,1825.648000,0.688885
16.400000,1386.128000,3.376474
36.080000,547.760000,4.776286
37.392000,3027.440000,6.839756
19.024000,820.656000,9.290333
8.528000,3061.552000,3.276645
5.904000,900.688000,4.957377
22.960000,1969.968000,1.121260
38.704000,1086.992000,2.642893
19.024000,1153.904000,1.750384
16.400000,2013.264000,2.305464
9.840000,777.360000,0.754841
36.080000,1069.936000,4.336210
3.280000,1412.368000,3.070612
32.144000,2408.176000,1.819809
26.896000,1643.280000,0.940868
1.968000,2611.536000,2.543526
1.968000,3158.640000,1.046492
5.904000,1605.232000,7.157699
0.656000,3019.568000,8.234993
13.776000,1921.424000,1.175610
16.400000,518.896000,9.148284
4.592000,148.912000,10.238616
1.968000,2914.608000,1.109292
12.464000,2793.904000,11.255185
15.088000,1973.904000,2.448985
19.024000,2301.904000,2.653771
38.704000,2029.008000,4.783944
32.144000,1884.688000,6.839225
34.768000,2149.712000,3.252837
16.400000,399.504000,3.323369
37.392000,970.224000,5.817024
19.024000,1453.040000,11.952921
26.896000,3100.912000,5.330866
1.968000,2252.048000,10.670411
37.392000,2002.768000,15.735433
34.768000,2768.976000,2.046481
15.088000,1766.608000,1.867606
36.080000,1720.688000,0.776355
36.080000,1468.784000,11.946510
3.280000,2943.472000,9.027012
38.704000,1837.456000,1.224619
24.272000,1933.232000,1.070714
7.216000,232.880000,2.683617
33.456000,772.112000,0.884628
13.776000,2433.104000,14.739524
12.464000,2186.448000,7.937368
33.456000,1580.304000,4.887929
16.400000,2456.720000,0.900168
22.960000,1051.568000,0.891481
12.464000,739.312000,1.393422
38.704000,1840.080000,0.704043
4.592000,20.336000,3.126504
5.904000,3213.744000,8.402488
7.216000,1771.856000,2.590075
19.024000,1857.136000,4.400140
16.400000,671.088000,5.008772
15.088000,863.952000,4.838359
30.832000,735.376000,4.600130
36.080000,731.440000,4.909816
0.656000,2227.120000,0.853302
26.896000,1199.824000,4.362291
8.528000,1829.584000,0.976946
9.840000,2964.464000,2.498650
16.400000,2043.440000,6.740011
3.280000,955.792000,5.870838
8.528000,2050.000000,2.301529
37.392000,113.488000,11.928682
32.144000,493.968000,6.201259
4.592000,1230.000000,2.875886
30.832000,1041.072000,6.364068
19.024000,2841.136000,4.945472
15.088000,2346.512000,2.853826
26.896000,2774.224000,2.459350
37.392000,508.400000,11.047556
5.904000,2371.440000,0.908292
21.648000,943.984000,10.868665
3.280000,1912.240000,5.282317
7.216000,2935.600000,0.847127
20.336000,2778.160000,7.133402
30.832000,1111.920000,2.854434
11.152000,749.808000,4.182665
20.336000,2936.912000,5.184571
16.400000,2202.192000,10.951644
36.080000,722.256000,5.474193
21.648000,2801.776000,1.209719
9.840000,2939.536000,2.551819
9.840000,2862.128000,8.137928
34.768000,577.936000,2.651463
24.272000,2660.080000,3.732405
15.088000,1063.376000,10.394030
19.024000,613.360000,1.992766
28.208000,2202.192000,7.559267
26.896000,2833.264000,7.055422
19.024000,2151.024000,3.846543
7.216000,2233.680000,2.599913
0.656000,2972.336000,3.348128
19.024000,329.968000,10.680494
0.656000,2523.632000,2.769765
33.456000,554.320000,11.825683
34.768000,70.192000,4.859295
19.024000,281.424000,1.542431
32.144000,2812.272000,2.715863
37.392000,2518.384000,5.764469
12.464000,845.584000,0.784167
30.832000,1828.272000,6.637089
37.392000,438.864000,5.151800
32.144000,1085.680000,11.585683
36.080000,516.272000,4.006588
9.840000,667.152000,4.607839
32.144000,2788.656000,4.495307
13.776000,1547.504000,2.837957
11.152000,1005.648000,1.961381
13.776000,183.024000,3.346408
25.584000,520.208000,3.354816
9.840000,1613.104000,2.059766
4.592000,833.776000,6.753772
34.768000,2330.768000,2.710730
29.520000,1394.000000,4.776771
26.896000,3163.888000,6.136825
20.336000,2190.384000,2.382367
8.528000,509.712000,0.752881
0.656000,2202.192000,9.357432
13.776000,795.728000,3.384404
5.904000,2796.528000,3.667772
19.024000,1156.528000,8.858349
4.592000,3052.368000,3.573530
13.776000,2266.480000,2.308966
38.704000,1649.840000,3.584854
20.336000,953.168000,0.662426
17.712000,302.416000,1.921774
29.520000,302.416000,1.232520
3.280000,1085.680000,2.348529
25.584000,2830.640000,1.563724
5.904000,3167.824000,3.838907
30.832000,2194.320000,4.009912
37.392000,2919.856000,6.245830
0.656000,1910.928000,5.747129
9.840000,1286.416000,1.700840
36.080000,2093.296000,5.374482
12.464000,2539.376000,4.983801
38.704000,2153.648000,3.335122
25.584000,269.616000,2.461872
0.656000,625.168000,3.202673
4.592000,1770.544000,2.751250
0.656000,1723.312000,1.481939
22.960000,1929.296000,0.929364
16.400000,370.640000,9.129212
37.392000,1771.856000,2.585148
21.648000,407.376000,3.549625
9.840000,1813.840000,3.814791
15.088000,2154.960000,0.964141
37.392000,1164.400000,8.169293
13.776000,2608.912000,14.139010
3.280000,2440.976000,2.590510
3.280000,3112.720000,7.534224
22.960000,2229.744000,6.027761
28.208000,1706.256000,3.604358
8.528000,1085.680000,1.232393
0.656000,478.224000,1.108680
22.960000,16.400000,1.836428
19.024000,2014.576000,6.241437
26.896000,673.712000,1.691055
5.904000,2393.744000,3.693544
22.960000,3200.624000,4.711889
9.840000,3149.456000,2.566245
28.208000,769.488000,2.110217
1.968000,1190.640000,1.543348
21.648000,2388.496000,5.428904
17.712000,916.432000,1.542037
36.080000,1682.640000,3.332816
37.392000,2308.464000,5.010662
12.464000,1223.440000,9.955555
24.272000,2913.296000,10.014624
19.024000,899.376000,5.949939
11.152000,458.544000,2.939443
25.584000,887.568000,25.424110
19.024000,2640.400000,3.731791
34.768000,482.160000,3.256945
32.144000,1969.968000,1.878779
29.520000,193.520000,1.063241
20.336000,1224.752000,2.803048
3.280000,2013.264000,2.742440
7.216000,904.624000,0.762091
21.648000,1329.712000,5.354248
16.400000,294.544000,6.554469
21.648000,150.224000,8.897606
34.768000,2238.928000,16.025884
21.648000,932.176000,3.390531
36.080000,255.184000,7.654677
34.768000,1736.432000,2.829841
28.208000,2645.648000,0.770543
19.024000,3015.632000,2.396703
13.776000,1354.640000,4.362692
26.896000,269.616000,0.790809
4.592000,1546.192000,5.621390
17.712000,2523.632000,2.139600
25.584000,1357.264000,1.571378
9.840000,2590.544000,6.533050
29.520000,2077.552000,1.692421
30.832000,1483.216000,10.079334
20.336000,2234.992000,6.119402
3.280000,1169.648000,3.168854
37.392000,1417.616000,3.368240
11.152000,15.088000,2.837739
0.656000,1909.616000,11.278375
11.152000,1950.288000,5.196080
21.648000,131.856000,2.908754
4.592000,1588.176000,2.605811
8.528000,2994.640000,17.239079
0.656000,873.136000,4.503539
38.704000,2082.800000,0.672454
0.656000,2416.048000,5.713068
19.024000,2873.936000,2.639931
29.520000,1710.192000,4.709370
37.392000,1641.968000,4.993697
33.456000,324.720000,2.084337
28.208000,571.376000,1.943622
15.088000,1155.216000,1.691245
38.704000,390.320000,2.064361
11.152000,2404.240000,3.440506
33.456000,849.520000,0.852787
19.024000,1252.304000,4.587032
28.208000,1645.904000,2.888725
17.712000,684.208000,1.740802
19.024000,1508.144000,7.770448
8.528000,829.840000,1.695768
25.584000,1761.360000,7.536009
22.960000,1724.624000,6.842730
4.592000,2000.144000,2.773266
19.024000,1073.872000,19.311428
20.336000,155.472000,4.584773
25.584000,2430.480000,0.863884
5.904000,24.272000,0.800547
20.336000,1855.824000,5.541734
21.648000,518.896000,1.112809
26.896000,2419.984000,4.656014
28.208000,1534.384000,1.254318
20.336000,954.480000,4.999655
21.648000,1656.400000,4.150381
34.768000,1584.240000,4.499037
21.648000,1669.520000,0.747767
32.144000,2357.008000,7.047502
26.896000,1878.128000,0.839763
33.456000,2932.976000,5.882744
13.776000,1418.928000,3.047614
28.208000,369.328000,2.644305
25.584000,2704.688000,2.651570
5.904000,2282.224000,1.846872
15.088000,476.912000,3.289414
34.768000,417.872000,7.869366
5.904000,1614.416000,0.953027
21.648000,2715.184000,5.133189
38.704000,1626.224000,1.565820
34.768000,2189.072000,4.791578
21.648000,420.496000,3.572020
21.648000,724.880000,2.058941
3.280000,1268.048000,3.071626
5.904000,2311.088000,4.743871
30.832000,1248.368000,11.072335
11.152000,2503.952000,3.205481
20.336000,2619.408000,5.561377
32.144000,1052.880000,5.365563
16.400000,260.432000,3.522136
21.648000,484.784000,0.804848
5.904000,1985.712000,6.000653
33.456000,980.720000,3.369314
1.968000,3205.872000,1.330316
7.216000,2196.944000,17.743653
0.656000,1022.704000,3.054799
11.152000,2988.080000,3.028646
33.456000,512.336000,1.272522
28.208000,1735.120000,13.710919
29.520000,1640.656000,0.902650
22.960000,1337.584000,3.294753
34.768000,165.968000,7.736162
8.528000,1875.504000,8.538108
0.656000,2484.272000,6.134624
32.144000,2057.872000,1.626181
0.656000,2149.712000,1.264504
29.520000,2757.168000,2.966259
4.592000,2772.912000,4.099018
28.208000,252.560000,0.948291
9.840000,82.000000,2.588006
33.456000,2641.712000,0.862779
13.776000,222.384000,4.240598
16.400000,2708.624000,5.307995
21.648000,3060.240000,6.212252
16.400000,1530.448000,4.966528
4.592000,2582.672000,11.113499
9.840000,869.200000,2.549348
28.208000,2153.648000,6.024534
4.592000,1648.528000,1.236309
29.520000,816.720000,5.524638
17.712000,2782.096000,2.161452
37.392000,744.560000,2.097986
21.648000,2405.552000,0.934295
34.768000,2343.888000,6.060871
21.648000,1916.176000,0.959330
17.712000,2262.544000,2.166428
11.152000,1931.920000,9.685266
11.152000,454.608000,1.900447
0.656000,2497.392000,2.597273
29.520000,394.256000,9.788032
37.392000,1677.392000,5.729862
13.776000,2698.128000,1.854540
16.400000,1113.232000,2.030528
21.648000,820.656000,2.187230
7.216000,383.760000,2.114290
12.464000,238.128000,5.500442
13.776000,2279.600000,4.307067
15.088000,1257.552000,0.990940
25.584000,553.008000,15.320795
36.080000,2501.328000,14.429414
4.592000,2393.744000,0.947981
20.336000,555.632000,0.904415
33.456000,2015.888000,5.716093
11.152000,1786.288000,2.855189
20.336000,638.288000,5.248277
15.088000,2492.144000,2.654985
0.656000,92.496000,4.652760
5.904000,1509.456000,7.192775
12.464000,164.656000,2.189003
25.584000,236.816000,1.952080
22.960000,2972.336000,1.210167
19.024000,669.776000,1.465003
19.024000,577.936000,4.038399
4.592000,915.120000,4.871048
28.208000,347.024000,1.414261
0.656000,2876.560000,1.546498
17.712000,188.272000,4.231580
7.216000,2477.712000,4.948022
3.280000,2675.824000,2.381066
5.904000,3085.168000,2.982019
28.208000,2562.992000,10.563175
30.832000,2922.480000,1.489655
12.464000,198.768000,12.464937
29.520000,1067.312000,3.475245
20.336000,602.864000,2.167324
15.088000,1442.544000,1.918616
16.400000,1609.168000,4.393392
38.704000,1411.056000,2.102741
30.832000,849.520000,1.363892
8.528000,1617.040000,4.493109
33.456000,16.400000,1.356760
37.392000,1615.728000,1.604174
19.024000,1198.512000,0.705929
32.144000,1195.888000,13.716596
32.144000,2703.376000,5.790052
33.456000,2000.144000,1.615950
7.216000,1420.240000,12.885276
30.832000,2716.496000,2.680670
17.712000,900.688000,2.457838
24.272000,2555.120000,4.496421
29.520000,1664.272000,3.600823
24.272000,1930.608000,5.179416
0.656000,705.200000,3.335234
4.592000,2540.688000,3.008252
30.832000,1231.312000,8.625517
16.400000,1586.864000,2.926702
9.840000,1815.152000,1.386554
24.272000,1336.272000,2.879909
29.520000,273.552000,3.387317
38.704000,2325.520000,2.658385
28.208000,1254.928000,2.596687
28.208000,852.144000,0.657088
7.216000,2639.088000,3.232806
17.712000,1590.800000,1.766350
26.896000,42.640000,5.766848
0.656000,781.296000,5.398055
15.088000,1701.008000,5.204206
8.528000,1564.560000,1.927059
12.464000,3020.880000,5.000050
20.336000,804.912000,4.463632
5.904000,581.872000,12.760514
0.656000,209.264000,3.900561
17.712000,1929.296000,1.991417
25.584000,92.496000,2.680506
32.144000,1761.360000,3.724727
15.088000,1958.160000,3.279337
7.216000,1837.456000,7.477654
29.520000,2851.632000,5.726516
5.904000,297.168000,2.598711
11.152000,3220.304000,0.990808
15.088000,2482.960000,3.451823
0.656000,1025.328000,4.762549
13.776000,2977.584000,8.059844
30.832000,697.328000,3.129061
0.656000,2358.320000,1.206672
24.272000,769.488000,1.653513
0.656000,311.600000,9.300768
15.088000,2317.648000,5.089359
32.144000,709.136000,0.839893
33.456000,521.520000,2.878792
32.144000,2586.608000,1.922340
13.776000,1681.328000,1.739706
17.712000,2732.240000,4.572473
20.336000,2944.784000,10.962047
30.832000,2253.360000,5.289147
28.208000,832.464000,1.617282
26.896000,2656.144000,3.286387
4.592000,748.496000,4.880095
8.528000,1627.536000,0.927735
11.152000,20.336000,0.784990
0.656000,2101.168000,8.209035
5.904000,1386.128000,0.682367
26.896000,33.456000,5.524376
12.464000,96.432000,1.051920
36.080000,2435.728000,4.437858
17.712000,1899.120000,2.035317
38.704000,408.688000,7.112592
22.960000,1718.064000,9.721169
13.776000,1409.744000,3.896037
17.712000,1805.968000,14.976468
20.336000,1539.632000,7.868174
8.528000,2618.096000,2.889885
29.520000,474.288000,1.443013
8.528000,2345.200000,4.353187
25.584000,606.800000,0.796104
38.704000,59.696000,1.755049
37.392000,861.328000,3.898388
28.208000,425.744000,3.887195
0.656000,295.856000,4.761499
17.712000,743.248000,4.173528
36.080000,924.304000,7.744453
25.584000,1537.008000,2.113908
19.024000,3152.080000,1.220229
8.528000,1391.376000,2.071695
34.768000,310.288000,8.009306
36.080000,1451.728000,2.458818
38.704000,904.624000,1.697134
32.144000,1197.200000,13.323964
30.832000,1392.688000,3.654366
1.968000,2147.088000,3.732789
38.704000,1268.048000,5.233727
38.704000,2796.528000,0.834737
7.216000,122.672000,6.445883
30.832000,1086.992000,1.532391
25.584000,1453.040000,1.946840
19.024000,3018.256000,3.085287
21.648000,2217.936000,4.537706
19.024000,2473.776000,11.578051
36.080000,1766.608000,0.785320
9.840000,2266.480000,3.509295
30.832000,1782.352000,2.104187
21.648000,2914.608000,1.883179
34.768000,3182.256000,5.758081
5.904000,1480.592000,1.455374
25.584000,1505.520000,1.663903
29.520000,2047.376000,3.326513
5.904000,408.688000,2.163886
12.464000,1664.272000,2.293705
32.144000,842.960000,1.453695
4.592000,1233.936000,12.649012
5.904000,43.952000,1.828279
26.896000,2620.720000,0.893304
33.456000,2736.176000,0.787960
29.520000,1699.696000,1.338560
30.832000,2294.032000,1.554336
38.704000,2219.248000,1.505394
13.776000,1832.208000,2.263545
16.400000,1412.368000,1.740967
19.024000,155.472000,6.636632
21.648000,904.624000,6.244263
7.216000,3011.696000,6.587605
15.088000,2755.856000,1.051129
13.776000,2245.488000,2.318620
36.080000,1334.960000,4.185841
7.216000,2210.064000,1.255431
9.840000,604.176000,4.654881
7.216000,542.512000,3.297207
38.704000,2604.976000,4.681575
15.088000,836.400000,3.996550
1.968000,736.688000,2.478280
37.392000,1130.288000,0.998057
21.648000,2109.040000,0.936763
37.392000,1059.440000,0.739547
5.904000,845.584000,1.709686
13.776000,273.552000,2.920537
9.840000,693.392000,16.096095
11.152000,1121.104000,4.749488
26.896000,1114.544000,5.472969
19.024000,2999.888000,8.508841
19.024000,2598.416000,2.771860
20.336000,1859.760000,4.935423
0.656000,394.256000,1.834185
9.840000,647.472000,2.081361
24.272000,1661.648000,6.788444
1.968000,2014.576000,2.618304
15.088000,2528.880000,2.332758
8.528000,2880.496000,5.315981
9.840000,446.736000,5.795521
37.392000,2098.544000,5.554457
26.896000,1493.712000,2.449526
38.704000,604.176000,6.006227
1.968000,2291.408000,11.022743
9.840000,967.600000,6.419106
9.840000,2425.232000,0.673351
11.152000,2969.712000,6.561340
37.392000,2496.080000,4.177412
4.592000,572.688000,2.088733
19.024000,1035.824000,1.432872
28.208000,361.456000,5.006822
28.208000,3103.536000,3.559116
32.144000,2477.712000,4.037808
13.776000,2921.168000,3.408401
7.216000,2027.696000,1.221252
15.088000,3140.272000,6.497358
34.768000,1603.920000,3.803845
7.216000,2646.960000,2.040722
26.896000,3078.608000,10.716036
25.584000,163.344000,6.224696
38.704000,2901.488000,4.517690
22.960000,2371.440000,1.653619
3.280000,1414.992000,5.363058
13.776000,1956.848000,3.479906
13.776000,1136.848000,0.990598
4.592000,1047.632000,1.582654
1.968000,2057.872000,2.073232
13.776000,1501.584000,6.287683
16.400000,1896.496000,2.582946
19.024000,3083.856000,0.981251
7.216000,1054.192000,1.386022
26.896000,306.352000,2.031760
29.520000,782.608000,0.660025
13.776000,665.840000,3.135632
0.656000,2039.504000,0.935373
33.456000,75.440000,3.645337
24.272000,1790.224000,1.115137
19.024000,59.696000,3.686189
30.832000,1547.504000,0.764925
29.520000,2518.384000,1.740365
15.088000,2043.440000,8.521900
4.592000,1163.088000,2.065117
28.208000,2412.112000,7.148766
8.528000,1073.872000,0.657028
17.712000,143.664000,10.560662
33.456000,1624.912000,13.269127
12.464000,493.968000,6.675847
22.960000,2447.536000,1.902995
13.776000,1752.176000,4.017106
11.152000,3013.008000,1.519655
9.840000,2473.776000,3.401797
32.144000,1588.176000,2.356414
16.400000,1445.168000,9.564977
21.648000,2070.992000,2.196986
9.840000,514.960000,2.944030
25.584000,34.768000,0.662548
9.840000,2852.944000,3.464590
11.152000,568.752000,2.194985
32.144000,3163.888000,3.418709
19.024000,2072.304000,1.130119
11.152000,3145.520000,3.044938
25.584000,2156.272000,1.152990
15.088000,2490.832000,1.067809
29.520000,2935.600000,2.357575
9.840000,2805.712000,2.085404
16.400000,613.360000,0.786989
32.144000,615.984000,9.022851
15.088000,1161.776000,4.100854
15.088000,1883.376000,3.646543
36.080000,622.544000,1.664524
1.968000,5.904000,4.506039
25.584000,2022.448000,1.460900
1.968000,1564.560000,2.196182
15.088000,2261.232000,3.041291
34.768000,2734.864000,1.563134
32.144000,2005.392000,7.672965
11.152000,2350.448000,2.666661
11.152000,214.512000,1.448230
7.216000,333.904000,1.828140
16.400000,823.280000,1.442141
29.520000,917.744000,4.791465
22.960000,2763.728000,3.561232
21.648000,3019.568000,3.211845
0.656000,2736.176000,3.265419
37.392000,3165.200000,6.335494
24.272000,1638.032000,2.623894
13.776000,2728.304000,1.495263
3.280000,147.600000,10.205957
16.400000,1240.496000,5.873386
20.336000,475.600000,1.042631
30.832000,882.320000,9.152949
22.960000,1950.288000,11.167689
26.896000,2963.152000,6.098087
30.832000,1531.760000,3.359748
38.704000,2543.312000,3.073445
13.776000,2901.488000,2.769050
20.336000,459.856000,0.877919
17.712000,2266.480000,0.739436
20.336000,594.992000,14.244900
4.592000,576.624000,0.947366
25.584000,2219.248000,0.881888
12.464000,3200.624000,2.353439
30.832000,2357.008000,9.835018
28.208000,1687.888000,2.773383
9.840000,1136.848000,2.192233
36.080000,1883.376000,2.622990
29.520000,2513.136000,3.280433
33.456000,2759.792000,3.500892
26.896000,196.144000,3.651754
0.656000,594.992000,1.329732
34.768000,2845.072000,3.762138
3.280000,1719.376000,7.668345
33.456000,2856.880000,0.906542
16.400000,898.064000,2.591932
8.528000,282.736000,3.839324
21.648000,1754.800000,3.029130
38.704000,2636.464000,1.116452
34.768000,1383.504000,3.050431
22.960000,2292.720000,1.837081
11.152000,765.552000,1.125921
16.400000,1328.400000,6.017542
30.832000,563.504000,2.920826
1.968000,102.992000,1.538143
32.144000,2531.504000,2.499616
28.208000,3196.688000,1.265987
26.896000,2720.432000,2.593328
37.392000,2067.056000,11.022703
3.280000,1060.752000,6.478279
15.088000,1132.912000,2.960020
9.840000,2326.832000,10.183270
12.464000,2506.576000,13.605152
19.024000,836.400000,11.024140
34.768000,2400.304000,3.203939
0.656000,2131.344000,0.760882
12.464000,2080.176000,4.034366
13.776000,2493.456000,3.534292
9.840000,570.064000,0.787829
33.456000,2042.128000,10.549310
26.896000,669.776000,1.988074
0.656000,3174.384000,4.511142
5.904000,3171.760000,0.816652
7.216000,1697.072000,1.371520
33.456000,1143.408000,10.976954
7.216000,377.200000,3.712575
5.904000,647.472000,0.755739
38.704000,248.624000,4.927400
8.528000,1026.640000,4.610323
13.776000,916.432000,4.381849
5.904000,2784.720000,4.821992
15.088000,3090.416000,5.660821
0.656000,2610.224000,1.407082
3.280000,598.928000,3.894715
19.024000,2221.872000,0.704360
29.520000,1951.600000,1.532367
37.392000,2461.968000,6.309554
5.904000,699.952000,1.822856
17.712000,722.256000,8.685732
26.896000,2046.064000,2.639257
8.528000,2315.024000,1.985040
26.896000,434.928000,1.729764
33.456000,1170.960000,2.354056
19.024000,1369.072000,6.219054
7.216000,2126.096000,5.536630
34.768000,789.168000,1.010193
16.400000,2797.840000,0.842672
4.592000,1897.808000,1.415183
24.272000,3182.256000,8.904035
15.088000,1599.984000,17.416590
37.392000,3129.776000,3.189751
16.400000,1823.024000,2.650117
9.840000,21.648000,6.189241
1.968000,472.976000,3.490312
24.272000,1387.440000,5.264714
5.904000,141.040000,10.177820
7.216000,1695.760000,14.243753
25.584000,30.832000,1.404539
28.208000,2624.656000,2.967426
33.456000,1258.864000,7.054005
36.080000,1533.072000,2.743839
21.648000,2036.880000,6.411280
29.520000,1943.728000,2.385178
3.280000,1214.256000,2.406601
16.400000,1972.592000,2.149356
25.584000,497.904000,3.808162
13.776000,370.640000,0.911874
11.152000,2543.312000,0.744983
1.968000,1796.784000,2.395452
24.272000,2349.136000,5.970846
3.280000,1847.952000,6.298434
3.280000,1985.712000,5.784969
28.208000,980.720000,2.175923
8.528000,1530.448000,4.106933
8.528000,3123.216000,7.155729
12.464000,2614.160000,3.069577
1.968000,2074.928000,2.125809
30.832000,483.472000,2.997311
19.024000,1571.120000,2.248600
37.392000,2828.016000,0.853019
0.656000,2380.624000,0.854308
38.704000,563.504000,3.156922
29.520000,2271.728000,1.844557
21.648000,421.808000,0.775540
11.152000,368.016000,3.830535
16.400000,2273.040000,0.775553
25.584000,1350.704000,3.781290
0.656000,1550.128000,6.514171
25.584000,3026.128000,1.046203
13.776000,3077.296000,1.107523
30.832000,2271.728000,4.036790
37.392000,2052.624000,5.835562
11.152000,2036.880000,6.415713
22.960000,1594.736000,1.074440
38.704000,4.592000,1.421273
26.896000,2228.432000,1.091247
32.144000,2946.096000,1.686766
20.336000,2448.848000,0.839868
1.968000,343.088000,4.668781
21.648000,1777.104000,1.962952
21.648000,2829.328000,2.195281
3.280000,2110.352000,2.688946
36.080000,2998.576000,1.401859
26.896000,1820.400000,11.643691
24.272000,717.008000,3.045008
19.024000,3085.168000,5.097098
33.456000,1904.368000,6.968323
20.336000,1370.384000,5.895089
13.776000,2690.256000,5.225844
33.456000,1260.176000,10.130051
25.584000,1724.624000,3.344718
11.152000,1834.832000,5.600789
36.080000,774.736000,0.908660
7.216000,2904.112000,1.504171
0.656000,3099.600000,1.894079
33.456000,2149.712000,4.681948
7.216000,797.040000,0.983359
3.280000,1951.600000,2.286011
30.832000,269.616000,1.589844
7.216000,2911.984000,4.354125
29.520000,1892.560000,0.897750
21.648000,2707.312000,7.929232
1.968000,2157.584000,0.886682
5.904000,942.672000,1.247404
15.088000,362.768000,0.805889
26.896000,64.944000,8.042759
34.768000,1100.112000,1.276364
21.648000,415.248000,0.723706
9.840000,1425.488000,6.864081
37.392000,390.320000,1.179766
0.656000,508.400000,5.502852
29.520000,699.952000,0.877574
38.704000,0.656000,4.173860
5.904000,639.600000,1.190523
29.520000,1110.608000,10.075265
17.712000,1892.560000,1.740507
11.152000,896.752000,4.191115
7.216000,2696.816000,1.311462
5.904000,3065.488000,3.810633
19.024000,1866.320000,0.863344
33.456000,646.160000,0.660323
19.024000,58.384000,15.636887
12.464000,2359.632000,3.216695
24.272000,1491.088000,1.002162
19.024000,1456.976000,3.465795
33.456000,265.680000,1.787179
20.336000,1576.368000,7.619410
3.280000,2438.352000,0.900030
25.584000,891.504000,1.100935
7.216000,2531.504000,1.426687
9.840000,870.512000,4.728635
38.704000,2875.248000,6.794323
13.776000,1048.944000,2.284031
29.520000,2073.616000,2.759578
12.464000,2719.120000,7.527015
37.392000,671.088000,13.261922
25.584000,608.112000,4.213023
32.144000,79.376000,0.917966
37.392000,2297.968000,2.595814
8.528000,2809.648000,1.904275
11.152000,3199.312000,2.096024
37.392000,2364.880000,3.353162
4.592000,1190.640000,2.239449
5.904000,1937.168000,3.088764
12.464000,1674.768000,2.086313
13.776000,3201.936000,0.923848
25.584000,1914.864000,3.699814
8.528000,1714.128000,1.519638
12.464000,1539.632000,5.539409
33.456000,1955.536000,0.696054
30.832000,1505.520000,5.631719
20.336000,2636.464000,2.493886
24.272000,1.968000,2.522320
1.968000,2825.392000,0.980035
26.896000,570.064000,4.527584
26.896000,2500.016000,2.147165
12.464000,1560.624000,2.024208
28.208000,907.248000,0.800160
30.832000,1193.264000,4.122060
26.896000,1241.808000,0.900822
0.656000,728.816000,1.712052
8.528000,2641.712000,10.289651
21.648000,1977.840000,1.507402
13.776000,508.400000,1.651612
22.960000,2800.464000,6.084366
38.704000,3188.816000,5.543517
11.152000,1815.152000,5.557557
25.584000,1561.936000,1.867016
4.592000,1522.576000,5.337828
30.832000,2931.664000,2.942379
38.704000,1560.624000,2.667775
9.840000,2715.184000,8.008515
34.768000,762.928000,0.847053
22.960000,139.728000,1.965252
17.712000,1262.800000,0.700670
15.088000,1865.008000,1.357139
7.216000,1413.680000,1.592953
1.968000,2052.624000,12.458898
38.704000,2177.264000,1.741732
32.144000,2152.336000,1.069991
32.144000,966.288000,1.822448
8.528000,819.344000,1.828827
17.712000,89.872000,1.794313
36.080000,2459.344000,7.327685
5.904000,3014.320000,3.551690
7.216000,1006.960000,3.485565
12.464000,3222.928000,1.069564
38.704000,378.512000,1.015657
38.704000,2198.256000,0.934027
21.648000,383.760000,0.919727
28.208000,2346.512000,6.987180
38.704000,1722.000000,2.666061
22.960000,1435.984000,2.961958
5.904000,1085.680000,1.845770
3.280000,2631.216000,0.865709
15.088000,1416.304000,0.997261
16.400000,2925.104000,6.664033
4.592000,1025.328000,4.735096
0.656000,740.624000,0.926600
36.080000,1256.240000,7.753453
32.144000,15.088000,0.718249
20.336000,2816.208000,1.146468
25.584000,430.992000,4.526915
21.648000,860.016000,1.096269
22.960000,954.480000,4.721442
34.768000,526.768000,5.023557
0.656000,1615.728000,2.072205
36.080000,591.056000,0.866296
13.776000,12.464000,1.440278
4.592000,2947.408000,1.157710
30.832000,1973.904000,2.213403
30.832000,1640.656000,4.264903
19.024000,507.088000,1.905110
1.968000,1882.064000,16.184296
11.152000,1883.376000,6.486185
11.152000,2249.424000,1.777762
24.272000,2985.456000,6.674464
22.960000,1678.704000,3.590093
29.520000,2242.864000,9.940784
22.960000,655.344000,11.246964
25.584000,165.968000,6.922189
24.272000,1816.464000,1.822864
28.208000,1480.592000,4.356324
29.520000,2111.664000,0.988629
29.520000,2959.216000,1.810064
5.904000,2362.256000,0.854274
13.776000,1813.840000,1.321839
19.024000,2276.976000,0.807925
1.968000,2595.792000,0.847916
21.648000,1951.600000,8.050708
5.904000,2254.672000,4.660936
3.280000,2530.192000,3.151238
8.528000,1690.512000,5.464009
21.648000,513.648000,3.490323
37.392000,2678.448000,2.551130
28.208000,2938.224000,5.245583
13.776000,3141.584000,3.955078
16.400000,2570.864000,6.244012
33.456000,1710.192000,6.126853
0.656000,1136.848000,4.805330
34.768000,2702.064000,3.023017
13.776000,967.600000,1.588464
19.024000,2632.528000,1.521173
5.904000,604.176000,4.337538
5.904000,382.448000,3.292854
20.336000,2082.800000,1.418519
28.208000,458.544000,0.859057
32.144000,1010.896000,2.566193
22.960000,1535.696000,1.506497
17.712000,2870.000000,0.758074
1.968000,1497.648000,1.009262
12.464000,714.384000,2.179832
29.520000,1669.520000,4.924623
21.648000,795.728000,8.464110
9.840000,455.920000,1.371320
7.216000,2645.648000,5.908694
36.080000,1653.776000,3.603297
3.280000,323.408000,2.633601
24.272000,678.960000,2.594513
16.400000,592.368000,1.124000
28.208000,1489.776000,10.493967
19.024000,2892.304000,2.761977
13.776000,1731.184000,0.751209
0.656000,2892.304000,6.174145
3.280000,1718.064000,2.053720
11.152000,406.064000,0.850767
28.208000,1268.048000,2.428108
1.968000,222.384000,1.052825
9.840000,1821.712000,4.121519
22.960000,2995.952000,1.863078
21.648000,2486.896000,9.569618
3.280000,2860.816000,13.980331
19.024000,2489.520000,2.955282
34.768000,1467.472000,0.859193
34.768000,1264.112000,3.692054
21.648000,152.848000,3.231573
38.704000,1527.824000,8.146851
20.336000,1107.984000,2.456741
11.152000,1216.880000,1.481781
9.840000,1745.616000,4.280762
1.968000,248.624000,2.875584
38.704000,1872.880000,10.029752
19.024000,2881.808000,1.387672
15.088000,933.488000,4.301715
17.712000,962.352000,1.062126
32.144000,1359.888000,2.541702
30.832000,3051.056000,1.505490
11.152000,563.504000,2.804948
19.024000,2540.688000,2.652772
22.960000,748.496000,6.700984
32.144000,840.336000,1.098247
29.520000,1659.024000,3.886536
21.648000,2427.856000,3.982026
15.088000,1426.800000,0.787928
34.768000,888.880000,6.207734
5.904000,1661.648000,1.971883
8.528000,1189.328000,3.070829
17.712000,2019.824000,6.113854
7.216000,587.120000,0.881100
22.960000,2217.936000,2.609125
33.456000,1685.264000,3.231088
16.400000,1420.240000,2.350445
38.704000,294.544000,2.894875
24.272000,354.896000,1.897417
36.080000,1927.984000,1.220776
38.704000,1063.376000,5.794304
21.648000,2953.968000,3.690728
20.336000,4.592000,2.926846
29.520000,1540.944000,7.157508
7.216000,936.112000,19.430988
32.144000,1782.352000,2.883175
12.464000,2250.736000,5.259733
17.712000,1960.784000,1.720683
28.208000,1016.144000,1.024621
22.960000,2997.264000,1.014379
26.896000,1046.320000,0.904369
8.528000,1130.288000,1.437901
16.400000,963.664000,1.895122
22.960000,2333.392000,2.637776
38.704000,291.920000,19.034958
30.832000,2456.720000,1.274168
17.712000,1249.680000,2.941232
38.704000,940.048000,1.719623
21.648000,564.816000,3.381122
19.024000,1732.496000,3.571755
11.152000,1479.280000,2.159109
24.272000,2531.504000,1.294174
3.280000,3073.360000,2.581413
26.896000,648.784000,0.750167
24.272000,2299.280000,2.328718
37.392000,526.768000,4.369074
13.776000,1662.960000,5.947143
15.088000,2255.984000,4.162359
11.152000,148.912000,2.391303
33.456000,1100.112000,12.225543
30.832000,1765.296000,5.253806
30.832000,509.712000,1.174905
26.896000,1024.016000,1.038386
22.960000,618.608000,4.517211
34.768000,2440.976000,7.215156
19.024000,1737.744000,3.150497
4.592000,2831.952000,4.849696
24.272000,2976.272000,4.438253
4.592000,651.408000,6.854184
30.832000,2485.584000,1.268719
7.216000,2825.392000,4.631454
24.272000,528.080000,1.709593
9.840000,926.928000,13.424006
9.840000,1624.912000,4.994603
37.392000,1342.832000,0.876635
1.968000,467.728000,2.362404
28.208000,1655.088000,7.408150
29.520000,2506.576000,4.445853
0.656000,333.904000,0.979147
28.208000,1531.760000,1.136594
24.272000,688.144000,24.499401
19.024000,3142.896000,6.989486
11.152000,660.592000,5.664940
11.152000,1640.656000,5.465278
13.776000,1649.840000,18.192725
20.336000,2295.344000,6.783971
32.144000,1912.240000,4.773348
16.400000,371.952000,1.107967
30.832000,1739.056000,4.321224
13.776000,2022.448000,1.578543
32.144000,131.856000,6.424022
19.024000,682.896000,1.978834
29.520000,142.352000,2.548966
15.088000,2612.848000,8.981442
20.336000,1379.568000,1.117891
21.648000,753.744000,5.859982
29.520000,3159.952000,3.204235
38.704000,1498.960000,1.004267
29.520000,3054.992000,2.623688
21.648000,2843.760000,2.646332
25.584000,2446.224000,3.376365
34.768000,2249.424000,3.690901
13.776000,2233.680000,0.938910
13.776000,1735.120000,7.479394
16.400000,390.320000,6.054349
20.336000,934.800000,0.741807
11.152000,688.144000,2.509250
26.896000,1265.424000,1.810265
26.896000,3112.720000,7.308690
13.776000,797.040000,0.896901
1.968000,1550.128000,8.762860
30.832000,2517.072000,1.417622
9.840000,2112.976000,3.657615
21.648000,2894.928000,3.923826
4.592000,19.024000,2.523387
7.216000,2101.168000,1.165688
8.528000,1319.216000,1.711737
8.528000,2412.112000,1.355625
22.960000,2696.816000,1.145042
26.896000,2189.072000,6.322537
11.152000,2178.576000,4.545325
38.704000,135.792000,1.932616
20.336000,1618.352000,3.679246
32.144000,1043.696000,14.413494
1.968000,836.400000,3.720592
22.960000,217.136000,6.167766
16.400000,1387.440000,3.951686
17.712000,152.848000,3.831964
11.152000,1083.056000,3.602342
12.464000,2643.024000,2.192315
11.152000,642.224000,1.632686
15.088000,610.736000,1.871826
0.656000,2346.512000,5.674918
32.144000,2141.840000,3.307671
16.400000,794.416000,0.954679
9.840000,1992.272000,2.732676
8.528000,2947.408000,0.931040
13.776000,2362.256000,8.020063
24.272000,846.896000,3.332019
5.904000,2915.920000,8.722830
36.080000,2494.768000,2.516502
0.656000,2338.640000,4.535975
32.144000,3090.416000,3.167366
3.280000,2974.960000,1.021137
5.904000,2523.632000,4.205763
33.456000,2090.672000,0.701163
29.520000,1236.560000,2.844110
37.392000,2140.528000,1.288681
21.648000,1845.328000,26.462032
16.400000,2076.240000,0.958258
1.968000,2896.240000,4.273987
30.832000,487.408000,4.312402
24.272000,2859.504000,4.482967
7.216000,800.976000,5.572190
4.592000,2497.392000,4.111290
28.208000,1401.872000,3.873349
33.456000,1926.672000,4.689793
22.960000,2540.688000,3.122867
37.392000,3128.464000,0.688877
25.584000,3159.952000,2.648760
20.336000,2565.616000,1.202346
21.648000,984.656000,0.962699
16.400000,432.304000,12.043102
28.208000,924.304000,3.402819
33.456000,2846.384000,3.024554
12.464000,2820.144000,15.456072
22.960000,1607.856000,1.943459
0.656000,2654.832000,1.019310
3.280000,1274.608000,5.611082
21.648000,2738.800000,2.006186
12.464000,2471.152000,0.787275
26.896000,971.536000,6.596580
1.968000,1345.456000,8.157057
12.464000,123.984000,6.514099
7.216000,366.704000,1.374415
8.528000,2922.480000,3.531081
25.584000,1149.968000,1.764547
20.336000,1383.504000,1.079661
5.904000,12.464000,1.067313
19.024000,2057.872000,1.621098
22.960000,420.496000,7.010540
36.080000,235.504000,1.732685
28.208000,490.032000,15.092986
5.904000,3022.192000,3.592852
24.272000,1346.768000,1.473802
38.704000,1597.360000,6.906193
16.400000,1973.904000,2.254476
36.080000,1592.112000,3.991257
16.400000,3207.184000,8.106186
37.392000,280.112000,2.662333
17.712000,2929.040000,1.565068
7.216000,1308.720000,2.083474
8.528000,28.208000,3.817721
13.776000,0.656000,2.183124
13.776000,347.024000,2.159922
21.648000,76.752000,1.313444
1.968000,3186.192000,2.857560
16.400000,1602.608000,3.897449
22.960000,1722.000000,2.322647
17.712000,1331.024000,1.855232
34.768000,1539.632000,12.780079
5.904000,1403.184000,4.248003
5.904000,858.704000,4.441172
34.768000,2112.976000,9.229690
9.840000,42.640000,0.723615
7.216000,566.128000,2.009652
20.336000,2824.080000,4.651625
11.152000,785.232000,11.191632
5.904000,2349.136000,1.078257
34.768000,2039.504000,1.797534
1.968000,896.752000,4.404638
3.280000,896.752000,1.995871
19.024000,2545.936000,2.951952
3.280000,93.808000,1.863414
16.400000,2254.672000,2.368689
13.776000,2426.544000,1.912903
32.144000,745.872000,1.765876
8.528000,1474.032000,1.703866
5.904000,368.016000,2.661806
17.712000,2237.616000,1.439223
8.528000,902.000000,6.172217
29.520000,1085.680000,1.623056
15.088000,1729.872000,4.619076
33.456000,2526.256000,2.074890
30.832000,463.792000,4.415667
32.144000,2257.296000,4.926654
34.768000,2014.576000,9.297457
29.520000,3058.928000,2.707949
29.520000,899.376000,1.198299
37.392000,117.424000,0.687511
20.336000,2890.992000,0.770173
26.896000,3030.064000,1.547162
5.904000,2339.952000,3.656561
4.592000,2738.800000,0.792518
30.832000,1704.944000,2.733354
30.832000,1917.488000,1.033734
34.768000,1896.496000,0.714050
25.584000,2137.904000,2.721882
9.840000,1665.584000,5.635465
17.712000,290.608000,0.808966
17.712000,1989.648000,0.674998
26.896000,40.016000,3.669009
15.088000,1813.840000,1.627458
36.080000,790.480000,2.978611
24.272000,1748.240000,5.532939
37.392000,1261.488000,4.691686
12.464000,1832.208000,4.239984
16.400000,1960.784000,8.948639
17.712000,2122.160000,2.264957
24.272000,2000.144000,3.593775
33.456000,2422.608000,1.180975
11.152000,2368.816000,1.262337
3.280000,744.560000,2.815073
21.648000,1876.816000,0.716559
36.080000,3171.760000,8.476830
26.896000,1117.168000,16.103109
20.336000,643.536000,0.932638
7.216000,2929.040000,4.325051
30.832000,1753.488000,12.296529
15.088000,232.880000,2.712932
21.648000,1895.184000,6.762333
5.904000,76.752000,4.612529
9.840000,2826.704000,1.595766
4.592000,1774.480000,2.349836
0.656000,2884.432000,0.889848
1.968000,2257.296000,1.599716
22.960000,2434.416000,1.294714
32.144000,2774.224000,1.901826
11.152000,968.912000,1.660912
0.656000,192.208000,3.262735
7.216000,1277.232000,0.980626
36.080000,2646.960000,0.858716
7.216000,1479.280000,2.854697
0.656000,2309.776000,1.274845
34.768000,390.320000,2.452570
32.144000,2639.088000,1.254133
16.400000,1997.520000,1.834473
17.712000,705.200000,1.676665
36.080000,2325.520000,3.506348
5.904000,25.584000,6.672557
34.768000,2300.592000,4.187555
32.144000,2527.568000,1.648851
13.776000,2530.192000,19.318356
37.392000,2849.008000,6.784315
9.840000,520.208000,4.825725
19.024000,900.688000,4.850513
37.392000,636.976000,0.819228
17.712000,1685.264000,4.209294
30.832000,2195.632000,3.653748
7.216000,2675.824000,3.383011
24.272000,370.640000,6.207883
24.272000,953.168000,6.952890
17.712000,1584.240000,4.018062
24.272000,21.648000,4.046729
37.392000,1262.800000,3.728918
15.088000,2165.456000,3.906494
28.208000,416.560000,2.233400
38.704000,937.424000,4.780089
17.712000,2372.752000,0.980154
32.144000,1409.744000,3.971808
25.584000,1744.304000,1.832139
3.280000,1047.632000,7.264944
1.968000,1571.120000,2.031503
28.208000,776.048000,0.812224
24.272000,1270.672000,1.107159
9.840000,386.384000,7.519320
25.584000,1681.328000,9.498244
4.592000,1033.200000,3.368174
7.216000,604.176000,2.380189
25.584000,2312.400000,8.447809
30.832000,284.048000,0.797297
20.336000,886.256000,7.142282
22.960000,2619.408000,1.477605
4.592000,1867.632000,5.011780
15.088000,2290.096000,12.178816
3.280000,879.696000,0.927698
37.392000,1778.416000,2.343284
28.208000,1437.296000,5.607376
34.768000,400.816000,1.174345
28.208000,602.864000,1.885273
8.528000,3163.888000,2.228885
17.712000,123.984000,7.011111
33.456000,2364.880000,5.106662
36.080000,500.528000,13.974619
7.216000,91.184000,2.757105
3.280000,2715.184000,5.730873
4.592000,836.400000,5.357467
4.592000,1480.592000,5.653820
25.584000,2488.208000,0.843811
7.216000,1172.272000,5.104573
11.152000,329.968000,3.048885
20.336000,2039.504000,1.881572
34.768000,3161.264000,2.117443
28.208000,2326.832000,18.497542
26.896000,1656.400000,5.168351
34.768000,766.864000,2.945592
26.896000,2956.592000,1.054431
24.272000,1353.328000,2.204402
8.528000,1707.568000,1.853558
22.960000,2691.568000,4.611909
21.648000,1153.904000,0.709507
3.280000,811.472000,1.775731
8.528000,1075.184000,1.311474
21.648000,3056.304000,6.624024
37.392000,402.128000,3.169353
3.280000,1763.984000,2.190649
16.400000,82.000000,1.126379
12.464000,445.424000,6.347965
8.528000,3128.464000,1.200579
13.776000,1177.520000,8.137425
3.280000,1005.648000,5.746309
15.088000,274.864000,1.755042
19.024000,1324.464000,4.438233
24.272000,835.088000,9.356551
15.088000,1206.384000,0.753375
16.400000,2026.384000,0.771315
11.152000,2493.456000,1.301632
34.768000,684.208000,1.963972
7.216000,2860.816000,3.599150
15.088000,957.104000,1.832027
12.464000,25.584000,3.677099
17.712000,1203.760000,5.337208
36.080000,1644.592000,0.727684
34.768000,155.472000,5.967951
28.208000,1189.328000,1.426975
24.272000,1513.392000,5.020550
36.080000,1756.112000,1.574949
21.648000,1346.768000,7.567653
15.088000,487.408000,5.629949
7.216000,406.064000,3.474091
34.768000,2961.840000,2.703322
16.400000,791.792000,8.000286
24.272000,934.800000,2.186615
12.464000,2729.616000,1.027263
11.152000,2191.696000,1.601459
22.960000,348.336000,1.373091
30.832000,106.928000,2.305364
19.024000,2408.176000,5.542845
13.776000,2726.992000,1.137656
22.960000,2471.152000,2.056008
29.520000,1955.536000,6.189145
5.904000,2854.256000,1.389727
33.456000,1543.568000,3.996760
9.840000,574.000000,1.144443
25.584000,749.808000,1.396699
28.208000,2786.032000,8.582245
25.584000,644.848000,4.203975
3.280000,368.016000,2.024715
25.584000,915.120000,7.551863
19.024000,1219.504000,4.554606
38.704000,1475.344000,1.013223
4.592000,2095.920000,4.900396
11.152000,651.408000,4.259905
7.216000,177.776000,6.638591
15.088000,752.432000,4.782947
17.712000,448.048000,7.576415
8.528000,2944.784000,9.486590
26.896000,1306.096000,2.028229
28.208000,2604.976000,3.114027
38.704000,246.000000,0.901743
9.840000,2258.608000,2.833055
1.968000,1396.624000,0.876878
1.968000,1004.336000,11.344283
9.840000,1792.848000,3.972129
1.968000,951.856000,5.998266
7.216000,1513.392000,1.104360
19.024000,1149.968000,11.477911
11.152000,3068.112000,8.290098
11.152000,58.384000,9.745555
1.968000,486.096000,9.267038
20.336000,2818.832000,4.025574
29.520000,3078.608000,0.850088
21.648000,2295.344000,2.447906
16.400000,3052.368000,3.213173
25.584000,3158.640000,2.780723
30.832000,2765.040000,2.956131
0.656000,2943.472000,0.795751
8.528000,479.536000,2.357281
30.832000,339.152000,1.104325
21.648000,1561.936000,1.541980
20.336000,2994.640000,3.510905
37.392000,1441.232000,1.919463
4.592000,350.960000,1.214560
3.280000,1577.680000,1.912496
34.768000,492.656000,2.959290
16.400000,1226.064000,1.221797
33.456000,1156.528000,0.793565
0.656000,1828.272000,8.534316
13.776000,1690.512000,13.151088
1.968000,120.048000,10.768341
1.968000,307.664000,4.757292
21.648000,142.352000,5.074737
25.584000,1546.192000,5.594530
0.656000,633.040000,1.032446
29.520000,852.144000,4.323631
9.840000,1231.312000,6.973990
38.704000,2632.528000,1.361206
33.456000,1767.920000,11.242117
12.464000,2572.176000,2.671280
19.024000,2467.216000,6.570086
36.080000,3041.872000,3.170146
12.464000,2543.312000,5.382222
9.840000,2963.152000,2.497981
28.208000,419.184000,3.836816
12.464000,1089.616000,2.590578
11.152000,535.952000,3.192537
0.656000,749.808000,1.628036
25.584000,1479.280000,2.399119
33.456000,2542.000000,1.250038
8.528000,789.168000,2.400656
28.208000,1922.736000,3.646112
1.968000,25.584000,2.116140
9.840000,3158.640000,1.749276
9.840000,1887.312000,15.846227
11.152000,928.240000,5.341463
1.968000,953.168000,0.739491
25.584000,1451.728000,8.687407
8.528000,2234.992000,1.572093
12.464000,844.272000,1.322837
17.712000,2300.592000,1.440584
30.832000,374.576000,1.627140
29.520000,1442.544000,3.398049
25.584000,12.464000,2.871737
12.464000,535.952000,0.853319
0.656000,1784.976000,0.697196
1.968000,167.280000,4.687263
34.768000,550.384000,3.547933
34.768000,2565.616000,1.042193
22.960000,837.712000,4.145083
16.400000,2433.104000,1.719086
36.080000,2780.784000,2.895610
3.280000,2409.488000,1.670074
30.832000,761.616000,12.825467
4.592000,1691.824000,3.362852
33.456000,95.120000,1.645226
37.392000,348.336000,3.630918
13.776000,2569.552000,2.242120
30.832000,2480.336000,1.147934
29.520000,1466.160000,9.566768
28.208000,2572.176000,5.606807
29.520000,1601.296000,2.596578
26.896000,1462.224000,1.298081
21.648000,141.040000,1.351613
37.392000,1336.272000,8.180928
32.144000,2402.928000,18.324388
26.896000,2413.424000,0.960819
9.840000,853.456000,8.000470
28.208000,392.944000,3.052560
33.456000,2981.520000,5.672794
38.704000,2014.576000,8.172168
30.832000,109.552000,0.680025
16.400000,324.720000,2.131953
15.088000,618.608000,6.497766
12.464000,525.456000,2.053799
30.832000,576.624000,0.915688
37.392000,1257.552000,1.529457
17.712000,1132.912000,8.653125
11.152000,171.216000,6.776172
19.024000,277.488000,2.788289
38.704000,68.880000,0.766020
16.400000,2493.456000,1.528695
36.080000,2473.776000,1.138261
19.024000,1111.920000,2.553552
7.216000,1635.408000,1.087866
21.648000,970.224000,4.961963
21.648000,1756.112000,2.236130
32.144000,516.272000,6.058984
38.704000,2548.560000,2.417253
37.392000,1988.336000,2.161591
16.400000,837.712000,0.905413
1.968000,368.016000,4.197253
19.024000,2219.248000,13.020843
34.768000,600.240000,1.242228
26.896000,1770.544000,4.017988
12.464000,2635.152000,7.151837
28.208000,511.024000,0.669646
26.896000,841.648000,2.018313
20.336000,1558.000000,10.247191
17.712000,665.840000,1.927702
7.216000,673.712000,2.031443
34.768000,1126.352000,2.813005
24.272000,2955.280000,2.365345
28.208000,137.104000,1.677462
20.336000,2296.656000,1.030822
8.528000,1479.280000,2.669605
1.968000,2838.512000,4.332997
16.400000,2738.800000,2.432810
0.656000,2624.656000,3.032558
20.336000,3138.960000,0.793296
29.520000,1987.024000,3.414664
9.840000,2846.384000,2.085195
7.216000,1640.656000,5.010915
22.960000,1836.144000,4.015668
13.776000,2993.328000,3.526308
33.456000,1551.440000,3.296921
4.592000,487.408000,3.158661
20.336000,1783.664000,1.646417
29.520000,542.512000,8.524698
8.528000,2514.448000,2.833582
12.464000,58.384000,5.659513
37.392000,1054.192000,7.308200
30.832000,2008.016000,3.447442
36.080000,1283.792000,0.812142
12.464000,2606.288000,3.774054
22.960000,1241.808000,4.003640
0.656000,2674.512000,3.144764
29.520000,78.064000,1.184585
12.464000,381.136000,2.265660
16.400000,1767.920000,4.946258
7.216000,2303.216000,3.746555
17.712000,2046.064000,0.894308
4.592000,2901.488000,2.457652
38.704000,1223.440000,5.271031
17.712000,1946.352000,0.858285
29.520000,3051.056000,6.648654
32.144000,585.808000,3.220412
8.528000,1996.208000,3.196831
12.464000,962.352000,5.412844
7.216000,3222.928000,6.237071
20.336000,308.976000,2.137553
13.776000,608.112000,5.534396
33.456000,1611.792000,2.828847
30.832000,1989.648000,0.931563
30.832000,677.648000,1.518663
3.280000,349.648000,2.063914
7.216000,1378.256000,4.751101
4.592000,1358.576000,3.422279
28.208000,1651.152000,5.585845
36.080000,467.728000,1.986125
3.280000,2286.160000,3.008898
9.840000,1842.704000,0.771211
36.080000,1202.448000,2.414118
11.152000,678.960000,1.061221
21.648000,3203.248000,3.428445
16.400000,449.360000,5.157703
38.704000,1578.992000,5.171516
16.400000,1504.208000,1.516564
25.584000,1773.168000,1.896556
26.896000,2531.504000,1.385810
38.704000,1317.904000,3.307463
16.400000,758.992000,1.795213
25.584000,1316.592000,6.466937
22.960000,1636.720000,1.220889
20.336000,1617.040000,1.684864
24.272000,2326.832000,5.336112
15.088000,2725.680000,3.012794
29.520000,1201.136000,12.427240
29.520000,1433.360000,3.148095
9.840000,766.864000,3.232240
15.088000,849.520000,1.674744
24.272000,1174.896000,6.509906
17.712000,1808.592000,1.106440
9.840000,1840.080000,3.377690
29.520000,1794.160000,1.360680
33.456000,1715.440000,1.806948
11.152000,209.264000,2.564551
22.960000,593.680000,3.367193
24.272000,2046.064000,6.662441
15.088000,2496.080000,4.139936
16.400000,1930.608000,3.864507
5.904000,3009.072000,1.120138
4.592000,2547.248000,1.416477
22.960000,42.640000,2.182400
37.392000,1555.376000,1.539006
5.904000,2535.440000,1.955801
22.960000,2148.400000,15.243987
32.144000,2231.056000,1.624885
15.088000,1656.400000,1.325113
28.208000,2688.944000,1.841943
9.840000,2643.024000,4.843413
26.896000,249.936000,12.544522
30.832000,2530.192000,0.788522
0.656000,100.368000,6.754992
9.840000,539.888000,1.096006
21.648000,2174.640000,0.699896
4.592000,3032.688000,6.673620
20.336000,1462.224000,0.656794
20.336000,1977.840000,1.303029
26.896000,1104.048000,2.705788
20.336000,1505.520000,10.138134
8.528000,2562.992000,3.819459
4.592000,1244.432000,4.946889
30.832000,520.208000,3.899005
29.520000,219.760000,2.883235
13.776000,2023.760000,1.087180
30.832000,255.184000,5.111601
32.144000,522.832000,2.143956
29.520000,598.928000,3.400674
29.520000,278.800000,1.325543
17.712000,3082.544000,2.496470
38.704000,2641.712000,3.067133
20.336000,2858.192000,2.949266
24.272000,521.520000,1.033360
1.968000,1031.888000,4.904247
16.400000,1414.992000,2.824813
36.080000,2622.032000,1.237756
8.528000,1874.192000,1.037409
13.776000,1519.952000,2.191578
25.584000,1933.232000,11.855203
12.464000,1422.864000,0.885364
28.208000,2943.472000,3.014985
30.832000,1606.544000,0.731693
8.528000,2813.584000,3.970479
13.776000,504.464000,1.010696
38.704000,1564.560000,6.064419
30.832000,1290.352000,2.285264
30.832000,1008.272000,2.093941
13.776000,1004.336000,1.688400
1.968000,508.400000,0.836580
25.584000,2122.160000,1.883738
32.144000,1003.024000,1.211709
19.024000,1340.208000,4.932440
7.216000,225.008000,5.604476
30.832000,1355.952000,2.266158
16.400000,684.208000,4.218169
5.904000,1706.256000,3.256326
13.776000,541.200000,4.201220
24.272000,524.144000,0.771507
26.896000,2788.656000,10.360550
7.216000,2831.952000,1.014696
30.832000,3034.000000,1.104248
3.280000,1199.824000,5.226919
36.080000,562.192000,1.191032
13.776000,2564.304000,6.843053
34.768000,1729.872000,6.194286
15.088000,959.728000,2.218160
36.080000,1346.768000,1.549117
38.704000,2343.888000,5.126753
17.712000,206.640000,0.723249
15.088000,1846.640000,3.801363
1.968000,3166.512000,4.980057
26.896000,2948.720000,8.508206
30.832000,2953.968000,6.256683
30.832000,2080.176000,1.792319
19.024000,2426.544000,2.513241
12.464000,766.864000,8.508519
19.024000,2729.616000,6.699200
20.336000,1252.304000,2.144794
21.648000,2325.520000,2.066110
29.520000,1395.312000,5.095165
28.208000,3095.664000,3.337022
30.832000,2831.952000,7.964270
20.336000,403.440000,1.540361
7.216000,1973.904000,4.582847
15.088000,962.352000,3.604879
19.024000,2412.112000,0.895778
16.400000,62.320000,7.391243
1.968000,2199.568000,7.580143
0.656000,1533.072000,1.300916
29.520000,1459.600000,1.034587
37.392000,2372.752000,4.374246
32.144000,2119.536000,10.100353
0.656000,3011.696000,1.814599
7.216000,2288.784000,2.245771
25.584000,3220.304000,2.421889
11.152000,654.032000,0.778044
38.704000,2952.656000,2.009725
13.776000,232.880000,5.334352
22.960000,2430.480000,2.514230
21.648000,2531.504000,2.895532
4.592000,1051.568000,1.264020
34.768000,503.152000,5.143156
4.592000,263.056000,1.193925
24.272000,1020.080000,9.141067
16.400000,1306.096000,1.379470
29.520000,1992.272000,8.186497
29.520000,1525.200000,2.648968
1.968000,2876.560000,1.689239
32.144000,2625.968000,1.520007
15.088000,3200.624000,6.841359
11.152000,1172.272000,1.462237
30.832000,2157.584000,4.279507
28.208000,87.248000,1.080692
21.648000,1746.928000,1.468468
15.088000,441.488000,0.985346
26.896000,3208.496000,3.666155
34.768000,202.704000,7.166422
38.704000,2568.240000,15.292926
22.960000,1222.128000,4.392053
0.656000,715.696000,17.486464
34.768000,2776.848000,4.228710
15.088000,1652.464000,6.941621
25.584000,1525.200000,1.140893
19.024000,860.016000,2.398649
13.776000,1518.640000,10.413623
37.392000,278.800000,8.154071
11.152000,756.368000,4.293164
24.272000,2206.128000,2.712791
0.656000,1641.968000,6.134394
19.024000,542.512000,9.426489
29.520000,2014.576000,1.843971
1.968000,919.056000,3.836284
4.592000,2202.192000,7.069225
20.336000,2051.312000,2.422357
25.584000,373.264000,2.067222
16.400000,2951.344000,0.927120
3.280000,299.792000,3.593370
38.704000,33.456000,8.486807
12.464000,2456.720000,2.905440
33.456000,2616.784000,4.001468
22.960000,1400.560000,2.759725
38.704000,2791.280000,2.734153
29.520000,1989.648000,2.496274
19.024000,50.512000,0.663585
11.152000,2580.048000,1.980367
38.704000,209.264000,1.103087
17.712000,3083.856000,0.727651
15.088000,2559.056000,1.979196
7.216000,444.112000,1.506753
13.776000,2265.168000,3.286484
19.024000,745.872000,4.736264
5.904000,2879.184000,4.045208
24.272000,1656.400000,1.438715
9.840000,951.856000,3.397934
21.648000,302.416000,4.011212
38.704000,3137.648000,2.234979
17.712000,1775.792000,1.121167
12.464000,318.160000,2.505192
15.088000,368.016000,6.551826
5.904000,2846.384000,4.183888
12.464000,858.704000,0.661727
26.896000,2165.456000,8.718041
16.400000,2917.232000,1.610393
12.464000,2898.864000,6.953659
26.896000,3019.568000,6.586647
21.648000,2452.784000,2.745716
1.968000,1388.752000,5.948278
0.656000,1551.440000,1.178446
13.776000,849.520000,13.656690
28.208000,410.000000,1.682251
25.584000,659.280000,3.997369
29.520000,3016.944000,2.293625
1.968000,1948.976000,1.931020
33.456000,2162.832000,10.437436
32.144000,2038.192000,15.738856
30.832000,2923.792000,1.495176
20.336000,2801.776000,3.340181
3.280000,1891.248000,4.188498
26.896000,2274.352000,1.721644
0.656000,1678.704000,7.787388
19.024000,1794.160000,3.495198
16.400000,2005.392000,8.099982
28.208000,404.752000,6.667363
38.704000,144.976000,2.176512
21.648000,2093.296000,1.467715
25.584000,2316.336000,6.166157
9.840000,2677.136000,1.063073
38.704000,2168.080000,2.993435
25.584000,2042.128000,5.223296
13.776000,522.832000,3.327011
26.896000,2753.232000,1.588644
11.152000,2157.584000,5.190215
30.832000,2984.144000,18.096359
5.904000,2833.264000,3.377958
17.712000,1833.520000,1.351541
11.152000,730.128000,0.860273
4.592000,1186.704000,8.482394
25.584000,2801.776000,4.227750
32.144000,3104.848000,5.930001
38.704000,2898.864000,9.669417
21.648000,164.656000,4.229140
38.704000,1369.072000,2.544467
32.144000,3026.128000,0.677614
22.960000,2999.888000,5.438182
13.776000,2708.624000,2.815576
38.704000,1756.112000,0.868706
8.528000,3149.456000,1.324862
36.080000,1578.992000,8.959758
30.832000,307.664000,4.604843
33.456000,122.672000,1.226598
30.832000,2873.936000,8.343911
20.336000,650.096000,2.829782
16.400000,676.336000,5.873473
34.768000,3054.992000,1.278129
32.144000,2850.320000,7.277061
4.592000,1779.728000,2.606405
5.904000,3056.304000,1.918509
17.712000,1257.552000,6.181293
13.776000,1442.544000,2.435030
4.592000,1300.848000,5.867538
36.080000,2595.792000,5.386607
15.088000,734.064000,9.447096
9.840000,938.736000,7.038765
3.280000,366.704000,4.620946
38.704000,3102.224000,2.847933
26.896000,1045.008000,6.742394
36.080000,134.480000,3.513059
36.080000,96.432000,1.438276
1.968000,1620.976000,1.806472
37.392000,993.840000,2.334783
34.768000,2925.104000,3.248259
7.216000,164.656000,1.522227
30.832000,794.416000,2.984875
15.088000,2074.928000,8.785588
38.704000,1073.872000,8.120913
7.216000,596.304000,0.815123
26.896000,2835.888000,1.442108
5.904000,2524.944000,2.735990
11.152000,1191.952000,3.046587
30.832000,3064.176000,6.008856
8.528000,3002.512000,2.172865
8.528000,2860.816000,7.832754
16.400000,246.000000,2.575958
26.896000,1279.856000,2.490084
37.392000,2926.416000,0.902813
30.832000,1245.744000,2.186445
32.144000,1674.768000,14.658612
24.272000,1224.752000,2.455188
13.776000,873.136000,2.561870
24.272000,1399.248000,3.680122
20.336000,378.512000,2.432433
25.584000,1254.928000,4.210887
17.712000,1160.464000,6.198848
30.832000,1306.096000,10.551518
22.960000,2682.384000,0.782539
34.768000,1089.616000,1.184598
30.832000,2440.976000,2.892040
30.832000,619.920000,2.350673
28.208000,975.472000,7.272962
0.656000,3.280000,3.495528
17.712000,1443.856000,1.437803
34.768000,1177.520000,1.449136
25.584000,2585.296000,1.340938
15.088000,1051.568000,0.814822
38.704000,12.464000,4.144628
36.080000,2879.184000,3.124217
7.216000,432.304000,1.227232
11.152000,1254.928000,3.102953
13.776000,2574.800000,1.520189
13.776000,1601.296000,7.742149
37.392000,25.584000,2.503370
15.088000,1006.960000,0.800450
30.832000,1512.080000,0.779000
9.840000,2724.368000,1.663681
9.840000,3146.832000,8.797497
7.216000,930.864000,1.020570
20.336000,276.176000,4.490940
37.392000,2866.064000,1.397636
21.648000,2422.608000,2.556902
1.968000,2594.480000,4.062297
34.768000,2389.808000,6.242063
20.336000,1125.040000,2.661999
38.704000,2353.072000,1.563405
13.776000,135.792000,4.265327
36.080000,823.280000,6.724205
28.208000,543.824000,2.361822
13.776000,1584.240000,2.449151
12.464000,1295.600000,2.006918
32.144000,2686.320000,0.962969
38.704000,2068.368000,1.920927
17.712000,3173.072000,7.782243
11.152000,188.272000,4.475713
38.704000,210.576000,2.268107
33.456000,49.200000,0.813648
34.768000,1634.096000,0.672856
33.456000,2454.096000,12.811006
0.656000,840.336000,1.926213
3.280000,2872.624000,1.436689
16.400000,2278.288000,4.879979
22.960000,1816.464000,0.851421
15.088000,1333.648000,3.604979
16.400000,1126.352000,2.500213
29.520000,865.264000,6.624919
17.712000,3144.208000,6.841185
38.704000,3217.680000,1.244842
30.832000,2741.424000,5.157409
17.712000,2021.136000,0.656672
5.904000,2724.368000,1.420571
7.216000,2719.120000,0.948215
12.464000,831.152000,2.814044
32.144000,2279.600000,4.253708
9.840000,1535.696000,1.168516
37.392000,2741.424000,4.115906
7.216000,92.496000,2.737842
29.520000,368.016000,2.113829
15.088000,2738.800000,0.956004
20.336000,2648.272000,7.603418
17.712000,2181.200000,2.584489
15.088000,1753.488000,2.406275
37.392000,144.976000,1.573075
34.768000,701.264000,7.162729
22.960000,2427.856000,3.167751
1.968000,3170.448000,6.380953
17.712000,2675.824000,11.880801
0.656000,1990.960000,9.423039
17.712000,159.408000,4.531449
1.968000,2898.864000,7.497243
15.088000,707.824000,2.339196
38.704000,908.560000,0.983022
32.144000,2374.064000,2.414674
20.336000,567.440000,1.860290
11.152000,3150.768000,4.861094
19.024000,2472.464000,3.079394
11.152000,1649.840000,1.514888
15.088000,1264.112000,1.085633
33.456000,1686.576000,4.978623
5.904000,904.624000,3.709687
33.456000,717.008000,2.960497
3.280000,596.304000,2.809263
9.840000,2738.800000,0.656561
37.392000,2685.008000,3.956903
30.832000,2825.392000,4.887077
1.968000,2249.424000,3.899105
15.088000,2094.608000,1.139815
19.024000,483.472000,4.342935
24.272000,672.400000,2.440227
13.776000,3148.144000,0.743452
12.464000,2147.088000,11.793043
29.520000,610.736000,1.257329
9.840000,696.016000,9.095143
19.024000,1586.864000,1.070852
7.216000,1222.128000,5.640940
37.392000,434.928000,8.239415
22.960000,1271.984000,3.041597
29.520000,2301.904000,0.959127
3.280000,318.160000,2.381713
37.392000,2786.032000,4.946193
13.776000,230.256000,7.510507
25.584000,176.464000,1.399412
38.704000,1908.304000,7.425970
11.152000,1783.664000,0.754240
8.528000,2750.608000,1.456094
21.648000,895.440000,1.617764
13.776000,1243.120000,2.326095
0.656000,396.880000,1.602328
12.464000,2085.424000,1.575264
19.024000,1093.552000,8.498537
24.272000,2149.712000,1.795385
22.960000,28.208000,4.579162
15.088000,1718.064000,12.285754
17.712000,30.832000,5.755913
8.528000,1849.264000,3.666903
11.152000,231.568000,2.940213
37.392000,270.928000,1.686267
37.392000,3174.384000,1.325068
36.080000,2215.312000,3.564476
28.208000,2833.264000,6.679052
26.896000,1214.256000,7.066591
7.216000,1523.888000,5.216838
5.904000,123.984000,3.152495
17.712000,1674.768000,12.063378
3.280000,176.464000,0.837572
11.152000,369.328000,9.187439
25.584000,41.328000,3.770547
12.464000,2333.392000,0.733865
22.960000,79.376000,0.929982
22.960000,1157.840000,4.500452
34.768000,362.768000,4.516159
19.024000,787.856000,13.322527
24.272000,1929.296000,4.051868
3.280000,1202.448000,5.773324
5.904000,518.896000,3.056163
7.216000,1543.568000,1.472395
12.464000,1661.648000,2.728132
5.904000,520.208000,2.613233
33.456000,518.896000,0.680561
26.896000,1441.232000,0.922549
16.400000,1845.328000,4.626092
22.960000,2825.392000,3.017596
36.080000,3052.368000,3.308517
8.528000,580.560000,0.708155
22.960000,1676.080000,0.740881
5.904000,932.176000,1.699905
15.088000,2855.568000,9.718684
5.904000,2871.312000,1.672723
5.904000,2938.224000,2.637208
15.088000,2800.464000,14.118534
25.584000,1607.856000,2.654933
29.520000,1449.104000,1.338790
13.776000,1820.400000,2.365008
3.280000,2395.056000,0.758970
15.088000,575.312000,4.410684
8.528000,726.192000,0.691725
16.400000,920.368000,2.606799
9.840000,818.032000,8.380389
25.584000,328.656000,3.428637
37.392000,3133.712000,1.480575
15.088000,1736.432000,4.065070
38.704000,1909.616000,6.564055
8.528000,1798.096000,2.020338
16.400000,2791.280000,11.011777
8.528000,2248.112000,5.187163
9.840000,1560.624000,0.671750
36.080000,941.360000,12.693500
26.896000,1079.120000,4.031433
5.904000,2479.024000,1.447479
29.520000,1114.544000,7.179398
16.400000,1883.376000,11.678532
38.704000,404.752000,5.782425
1.968000,2324.208000,3.098534
34.768000,2692.880000,2.598734
22.960000,1287.728000,5.014359
34.768000,2994.640000,9.581186
17.712000,2460.656000,2.489390
8.528000,2322.896000,2.528942
33.456000,2279.600000,7.669042
17.712000,1252.304000,3.167618
30.832000,1479.280000,4.177117
21.648000,95.120000,14.534879
22.960000,246.000000,1.028012
38.704000,2795.216000,3.591996
16.400000,2766.352000,4.093342
33.456000,1291.664000,2.691434
32.144000,661.904000,2.671737
26.896000,2573.488000,1.530203
21.648000,1013.520000,0.919581
9.840000,1079.120000,4.312685
29.520000,743.248000,0.815378
0.656000,2349.136000,1.231339
16.400000,2939.536000,3.121146
28.208000,1865.008000,5.036557
13.776000,2892.304000,5.374474
12.464000,886.256000,0.773553
30.832000,2524.944000,2.981185
30.832000,891.504000,1.929542
38.704000,308.976000,10.939681
13.776000,2888.368000,10.458436
19.024000,354.896000,1.889926
32.144000,3180.944000,3.199209
36.080000,1219.504000,1.762737
4.592000,1634.096000,2.494551
19.024000,421.808000,6.475372
19.024000,2814.896000,3.831000
16.400000,1258.864000,0.704079
12.464000,349.648000,5.286432
3.280000,2292.720000,1.266040
1.968000,2978.896000,2.138428
28.208000,888.880000,1.822932
20.336000,1100.112000,1.079314
36.080000,1012.208000,3.514398
29.520000,3121.904000,3.357179
4.592000,3006.448000,1.034053
38.704000,3162.576000,3.725691
29.520000,490.032000,0.754473
17.712000,1027.952000,8.869454
13.776000,698.640000,7.201831
29.520000,457.232000,1.397488
28.208000,3179.632000,4.038860
25.584000,1556.688000,1.190720
22.960000,2000.144000,2.182115
1.968000,3098.288000,1.439351
12.464000,572.688000,6.936881
21.648000,1493.712000,2.738307
16.400000,630.416000,3.897219
22.960000,997.776000,2.675916
13.776000,2918.544000,2.562925
24.272000,329.968000,1.969606
0.656000,1497.648000,8.713056
3.280000,534.640000,2.817411
30.832000,2799.152000,1.263221
24.272000,1189.328000,1.420629
22.960000,862.640000,1.549651
16.400000,2320.272000,1.676097
8.528000,559.568000,1.546407
36.080000,93.808000,1.846692
8.528000,2814.896000,4.436396
25.584000,3066.800000,1.616667
28.208000,348.336000,1.666151
7.216000,1241.808000,4.885840
29.520000,898.064000,1.892271
30.832000,21.648000,6.075576
11.152000,2595.792000,0.929198
22.960000,1680.016000,0.934202
5.904000,2141.840000,10.685549
12.464000,8.528000,8.108457
12.464000,726.192000,5.278894
1.968000,711.760000,2.012248
7.216000,1405.808000,7.431638
19.024000,326.032000,4.844282
4.592000,1976.528000,1.379103
13.776000,92.496000,1.864940
1.968000,924.304000,3.837241
38.704000,236.816000,4.401231
29.520000,1008.272000,3.678680
28.208000,1833.520000,1.069713
24.272000,501.840000,3.191930
33.456000,1101.424000,1.020303
26.896000,1340.208000,1.350000
4.592000,1168.336000,2.292101
38.704000,664.528000,1.423577
25.584000,2070.992000,4.998618
3.280000,1735.120000,1.545229
29.520000,360.144000,1.080382
34.768000,1163.088000,1.516676
25.584000,1809.904000,13.846329
25.584000,1050.256000,1.447996
13.776000,1383.504000,8.270944
37.392000,3163.888000,0.710130
12.464000,1265.424000,4.480200
11.152000,2817.520000,4.457634
33.456000,848.208000,1.310689
12.464000,2101.168000,5.542723
9.840000,2317.648000,8.777085
33.456000,2788.656000,4.767828
3.280000,1306.096000,5.527299
37.392000,1975.216000,1.707046
25.584000,2559.056000,4.035033
30.832000,1354.640000,0.781949
26.896000,2866.064000,1.325419
34.768000,3047.120000,3.967287
36.080000,2346.512000,1.686709
3.280000,2190.384000,1.460837
26.896000,1644.592000,11.348014
19.024000,1048.944000,0.793308
17.712000,1760.048000,1.197732
38.704000,2267.792000,2.669813
32.144000,619.920000,1.194290
7.216000,2782.096000,0.906942
24.272000,2454.096000,1.587368
24.272000,726.192000,13.739770
16.400000,1914.864000,5.325206
1.968000,1219.504000,7.547118
17.712000,2922.480000,1.496205
11.152000,3144.208000,2.957816
22.960000,1155.216000,16.807114
11.152000,1652.464000,13.825927
30.832000,3159.952000,2.065934
38.704000,1882.064000,7.748573
28.208000,1231.312000,10.523995
8.528000,814.096000,1.596541
37.392000,493.968000,0.658163
37.392000,723.568000,2.553119
0.656000,2043.440000,2.949469
3.280000,1811.216000,1.059120
34.768000,2211.376000,2.031516
11.152000,3116.656000,6.929187
29.520000,2831.952000,4.096136
25.584000,1304.784000,2.055526
19.024000,631.728000,2.157595
22.960000,2044.752000,0.696987
0.656000,1505.520000,4.752044
7.216000,368.016000,4.320341
34.768000,243.376000,2.370662
15.088000,1921.424000,2.083719
34.768000,1643.280000,0.924345
25.584000,1645.904000,2.268590
37.392000,707.824000,0.767311
9.840000,358.832000,2.926064
37.392000,824.592000,6.655707
22.960000,1366.448000,5.201651
8.528000,2884.432000,0.789311
0.656000,2112.976000,1.556010
26.896000,1111.920000,1.066570
34.768000,744.560000,9.438518
0.656000,1371.696000,0.913727
11.152000,3022.192000,13.593817
20.336000,335.216000,2.700378
15.088000,2009.328000,1.540076
32.144000,1904.368000,1.432619
36.080000,2698.128000,2.946186
19.024000,2476.400000,0.882088
5.904000,1278.544000,0.778473
13.776000,1716.752000,3.310249
7.216000,3154.704000,2.558741
4.592000,3044.496000,8.692862
16.400000,1376.944000,11.455940
16.400000,1219.504000,4.405464
34.768000,832.464000,3.312348
36.080000,1833.520000,1.669937
22.960000,933.488000,1.017788
26.896000,2383.248000,4.489245
24.272000,2421.296000,2.834317
32.144000,2359.632000,1.191176
11.152000,1379.568000,0.885194
13.776000,638.288000,6.285096
29.520000,919.056000,1.218644
25.584000,420.496000,1.922572
21.648000,2175.952000,6.381349
13.776000,2157.584000,4.545912
34.768000,827.216000,0.948687
13.776000,575.312000,5.207211
29.520000,1853.200000,2.679710
33.456000,1464.848000,2.904562
20.336000,3179.632000,3.563914
16.400000,34.768000,1.286076
29.520000,2120.848000,1.625038
4.592000,365.392000,5.516311
19.024000,2443.600000,1.176982
15.088000,881.008000,5.113369
20.336000,130.544000,3.513540
8.528000,2847.696000,12.416464
21.648000,80.688000,4.348555
13.776000,926.928000,2.054111
38.704000,2069.680000,2.304261
38.704000,2892.304000,7.340468
11.152000,1037.136000,2.454744
29.520000,755.056000,1.082544
11.152000,1651.152000,3.229361
17.712000,1311.344000,8.562137
34.768000,3133.712000,1.782858
17.712000,2350.448000,3.250293
0.656000,2116.912000,3.790721
25.584000,2043.440000,5.139010
15.088000,2737.488000,13.014208
29.520000,516.272000,1.398062
32.144000,382.448000,1.486053
38.704000,1266.736000,1.015909
32.144000,1537.008000,8.394538
1.968000,3217.680000,8.084282
3.280000,3137.648000,4.665595
13.776000,1933.232000,8.033830
22.960000,2119.536000,2.915449
22.960000,1170.960000,3.997897
37.392000,2646.960000,3.755298
4.592000,2594.480000,5.262075
24.272000,949.232000,4.621442
4.592000,274.864000,1.616008
28.208000,2540.688000,6.906913
34.768000,2038.192000,1.594814
22.960000,1763.984000,2.435289
37.392000,1017.456000,2.802240
5.904000,2873.936000,3.434153
15.088000,85.936000,2.600345
19.024000,2275.664000,1.153681
9.840000,3216.368000,4.264130
13.776000,2206.128000,5.660914
1.968000,1262.800000,2.476875
22.960000,2459.344000,4.832181
1.968000,718.320000,2.286171
28.208000,2494.768000,1.749894
4.592000,3104.848000,0.908523
8.528000,1643.280000,3.277639
19.024000,3086.480000,3.103625
33.456000,2765.040000,10.011457
22.960000,1548.816000,0.776181
30.832000,2199.568000,3.388753
24.272000,2288.784000,1.974531
5.904000,642.224000,13.364749
32.144000,3149.456000,4.793599
36.080000,1878.128000,1.271167
30.832000,3186.192000,1.720068
22.960000,776.048000,3.681281
33.456000,2467.216000,13.057082
34.768000,2350.448000,11.793667
5.904000,1659.024000,3.370681
22.960000,1315.280000,1.027647
21.648000,192.208000,4.054307
7.216000,1005.648000,0.855922
4.592000,2425.232000,3.187688
0.656000,1867.632000,7.493735
26.896000,1260.176000,3.398955
37.392000,663.216000,17.010491
12.464000,533.328000,6.907989
29.520000,1173.584000,3.603995
28.208000,2843.760000,3.890105
7.216000,1495.024000,10.015005
3.280000,2404.240000,7.769517
34.768000,1500.272000,0.820964
28.208000,2173.328000,13.682176
25.584000,2897.552000,4.887386
22.960000,7.216000,1.168671
13.776000,1346.768000,1.712449
19.024000,790.480000,12.503818
38.704000,331.280000,0.868925
11.152000,3086.480000,1.502129
15.088000,2787.344000,2.664579
25.584000,1997.520000,10.425782
37.392000,761.616000,1.265516
28.208000,2696.816000,7.184583
9.840000,2206.128000,1.407996
30.832000,2864.752000,12.945286
7.216000,32.144000,0.994568
12.464000,389.008000,3.111142
24.272000,1565.872000,5.220054
19.024000,2560.368000,3.139687
5.904000,1913.552000,6.249356
12.464000,3062.864000,1.390640
15.088000,728.816000,3.353961
32.144000,357.520000,1.707159
33.456000,2969.712000,5.846275
20.336000,2574.800000,1.429960
0.656000,1502.896000,0.832841
36.080000,1859.760000,4.334169
26.896000,1543.568000,2.887760
5.904000,1250.992000,1.733870
22.960000,2200.880000,1.595149
9.840000,2841.136000,4.768890
3.280000,1151.280000,2.430590
0.656000,114.800000,2.080116
21.648000,535.952000,8.319014
37.392000,2633.840000,1.056345
22.960000,2838.512000,6.571490
34.768000,831.152000,3.811868
11.152000,2144.464000,1.320890
30.832000,1030.576000,4.778464
16.400000,3131.088000,0.684300
9.840000,1045.008000,3.553114
9.840000,410.000000,8.429004
20.336000,1428.112000,8.937877
21.648000,1929.296000,1.741467
19.024000,814.096000,0.892231
12.464000,1100.112000,5.907013
24.272000,1059.440000,3.588428
29.520000,2307.152000,2.615766
20.336000,2482.960000,7.115902
16.400000,3110.096000,2.141600
37.392000,534.640000,6.321821
17.712000,508.400000,15.464615
19.024000,1197.200000,0.754084
30.832000,2102.480000,5.929177
1.968000,1662.960000,6.167138
17.712000,702.576000,0.907965
36.080000,1172.272000,9.484588
37.392000,1724.624000,3.709384
28.208000,344.400000,5.900915
7.216000,1665.584000,1.442492
30.832000,2548.560000,1.709688
21.648000,234.192000,2.623838
19.024000,3173.072000,7.661203
33.456000,295.856000,16.839804
16.400000,387.696000,0.709234
22.960000,753.744000,1.203571
38.704000,730.128000,2.308603
21.648000,412.624000,5.516614
15.088000,526.768000,6.172184
28.208000,3169.136000,2.072289
13.776000,93.808000,1.262531
17.712000,246.000000,1.549867
24.272000,3157.328000,0.727417
1.968000,1514.704000,3.588164
28.208000,2392.432000,3.168671
33.456000,2683.696000,1.393894
19.024000,1613.104000,3.721495
36.080000,91.184000,1.730517
28.208000,1050.256000,0.699296
25.584000,3001.200000,1.930848
11.152000,186.960000,5.158432
30.832000,971.536000,3.465733
21.648000,2594.480000,5.344637
5.904000,1470.096000,6.635492
30.832000,176.464000,1.845232
12.464000,1014.832000,3.295008
17.712000,701.264000,2.237184
17.712000,2056.560000,3.073957
11.152000,2880.496000,5.061338
38.704000,2838.512000,1.578152
28.208000,2932.976000,5.332423
24.272000,1295.600000,1.708446
38.704000,3062.864000,0.732238
26.896000,2479.024000,0.693710
38.704000,684.208000,5.822144
15.088000,243.376000,2.252773
9.840000,105.616000,7.148853
28.208000,1098.800000,2.669929
37.392000,188.272000,6.508305
37.392000,1470.096000,2.129356
30.832000,2997.264000,3.075204
34.768000,109.552000,1.151821
13.776000,1971.280000,2.956472
34.768000,1683.952000,4.844953
28.208000,2255.984000,4.014200
5.904000,1887.312000,6.027654
12.464000,2532.816000,1.962255
17.712000,2635.152000,24.938975
11.152000,382.448000,3.310674
19.024000,1763.984000,3.688434
20.336000,2931.664000,3.206210
21.648000,231.568000,21.640694
36.080000,1935.856000,2.152530
33.456000,2901.488000,2.211003
5.904000,3137.648000,5.594340
30.832000,2170.704000,4.945092
36.080000,3182.256000,2.356147
5.904000,781.296000,0.701384
32.144000,55.760000,9.469387
22.960000,3058.928000,5.319609
36.080000,1264.112000,6.225985
9.840000,430.992000,5.177341
8.528000,2591.856000,0.978672
12.464000,2000.144000,2.020106
37.392000,1268.048000,4.456683
13.776000,722.256000,2.607169
25.584000,1750.864000,1.705931
9.840000,2114.288000,6.048326
12.464000,1441.232000,1.251707
12.464000,3216.368000,0.698374
32.144000,2674.512000,3.159635
32.144000,1527.824000,3.423976
9.840000,954.480000,2.750390
21.648000,1704.944000,0.792793
37.392000,425.744000,7.901179
5.904000,680.272000,3.356438
32.144000,3121.904000,7.070698
28.208000,1172.272000,3.315875
32.144000,1992.272000,6.217653
34.768000,819.344000,1.250318
33.456000,2297.968000,4.967528
28.208000,1434.672000,15.903427
20.336000,1984.400000,6.106836
3.280000,332.592000,3.202769
32.144000,1126.352000,1.645534
21.648000,3129.776000,4.045047
19.024000,61.008000,0.924935
4.592000,1955.536000,0.880093
15.088000,2276.976000,12.034352
36.080000,958.416000,6.626347
4.592000,2061.808000,2.966236
37.392000,474.288000,6.423110
37.392000,2614.160000,8.365049
26.896000,1470.096000,1.959759
12.464000,1593.424000,1.839437
37.392000,1853.200000,5.696916
19.024000,196.144000,1.719926
32.144000,1138.160000,1.778644
5.904000,175.152000,1.265076
9.840000,2560.368000,1.428761
7.216000,263.056000,1.523335
12.464000,1963.408000,3.338098
29.520000,2133.968000,1.403423
25.584000,1454.352000,0.950169
20.336000,682.896000,21.304469
21.648000,1050.256000,1.119660
7.216000,680.272000,1.711688
28.208000,1731.184000,2.310078
1.968000,2093.296000,1.011316
3.280000,710.448000,6.185560
0.656000,458.544000,7.065287
16.400000,3081.232000,5.973105
25.584000,1895.184000,1.222322
28.208000,518.896000,1.138618
22.960000,1294.288000,12.479647
24.272000,703.888000,3.055493
7.216000,2940.848000,0.789266
22.960000,1828.272000,3.500937
38.704000,3065.488000,1.650458
33.456000,2699.440000,2.114250
33.456000,672.400000,1.997093
17.712000,1731.184000,6.362599
12.464000,2544.624000,2.217538
37.392000,1963.408000,1.158489
30.832000,1854.512000,5.530540
22.960000,13.776000,2.610344
38.704000,1887.312000,2.336069
26.896000,3005.136000,4.951638
17.712000,1123.728000,2.240034
22.960000,3218.992000,2.243822
37.392000,2643.024000,1.446471
15.088000,1018.768000,6.961070
0.656000,1547.504000,2.065653
20.336000,676.336000,1.874017
3.280000,2427.856000,7.109809
21.648000,3199.312000,20.946949
16.400000,913.808000,0.706636
25.584000,1191.952000,2.912699
32.144000,3191.440000,1.281112
9.840000,1412.368000,1.502839
25.584000,938.736000,0.719558
28.208000,1034.512000,0.762228
17.712000,2476.400000,3.656448
20.336000,2980.208000,5.957827
21.648000,811.472000,5.434139
38.704000,2333.392000,5.922258
33.456000,251.248000,7.104982
7.216000,1904.368000,0.933114
37.392000,1861.072000,1.519591
11.152000,2804.400000,4.396246
34.768000,507.088000,3.492004
38.704000,1408.432000,9.707952
32.144000,823.280000,0.703542
25.584000,1794.160000,5.174188
22.960000,1344.144000,3.353353
11.152000,867.888000,0.792019
16.400000,2997.264000,3.279190
4.592000,1386.128000,0.921211
9.840000,2990.704000,3.470780
9.840000,770.800000,3.997555
5.904000,2948.720000,1.097122
12.464000,2822.768000,7.768492
7.216000,95.120000,2.184093
28.208000,3175.696000,7.518376
8.528000,532.016000,3.464442
25.584000,308.976000,4.756945
9.840000,1771.856000,3.279616
32.144000,450.672000,1.819746
30.832000,2164.144000,0.694512
36.080000,2816.208000,6.912441
8.528000,3065.488000,9.015684
25.584000,1816.464000,6.375945
13.776000,2389.808000,2.629990
3.280000,1079.120000,7.923299
24.272000,2577.424000,6.935469
11.152000,1231.312000,9.045403
15.088000,622.544000,10.006276
7.216000,2976.272000,6.147229
30.832000,1746.928000,0.928223
0.656000,1757.424000,1.124800
34.768000,3135.024000,2.274311
1.968000,390.320000,10.134032
15.088000,53.136000,4.092710
11.152000,610.736000,5.838561
38.704000,1956.848000,1.216943
32.144000,1408.432000,1.957259
32.144000,336.528000,4.992533
36.080000,773.424000,2.004768
7.216000,2620.720000,5.704387
12.464000,639.600000,6.429020
17.712000,2599.728000,3.118650
16.400000,3013.008000,7.072788
12.464000,85.936000,4.760230
30.832000,2395.056000,3.188090
0.656000,2543.312000,4.310386
26.896000,3091.728000,1.007663
34.768000,1253.616000,5.588964
3.280000,2514.448000,1.099327
17.712000,1704.944000,1.949299
24.272000,54.448000,7.120810
34.768000,1546.192000,2.872568
17.712000,3053.680000,2.521181
33.456000,2177.264000,1.030150
32.144000,266.992000,4.461923
7.216000,2185.136000,5.634563
13.776000,2917.232000,5.381944
19.024000,17.712000,8.652646
38.704000,82.000000,3.256314
8.528000,823.280000,1.267351
7.216000,3079.920000,1.620955
11.152000,1119.792000,2.152105
1.968000,2619.408000,2.357294
15.088000,2967.088000,3.024825
34.768000,1972.592000,2.773147
26.896000,1379.568000,3.240862
1.968000,200.080000,1.642328
1.968000,888.880000,15.459945
1.968000,1707.568000,7.751489
21.648000,1003.024000,2.949851
32.144000,2423.920000,4.765110
15.088000,2687.632000,5.352076
26.896000,957.104000,7.420586
32.144000,1008.272000,4.330311
25.584000,2458.032000,4.750850
38.704000,2210.064000,16.125354
38.704000,3053.680000,3.753919
38.704000,2807.024000,4.314592
22.960000,20.336000,1.704956
4.592000,192.208000,1.923903
30.832000,2879.184000,1.303996
22.960000,1388.752000,17.188441
11.152000,2542.000000,4.287816
13.776000,2876.560000,3.765064
3.280000,690.768000,4.675664
38.704000,2789.968000,5.042959
26.896000,2501.328000,0.878576
0.656000,665.840000,6.306863
26.896000,190.896000,1.956917
1.968000,583.184000,4.033095
30.832000,1203.760000,1.614013
21.648000,1630.160000,3.262775
7.216000,1678.704000,3.072385
11.152000,857.392000,2.526769
7.216000,3112.720000,14.004243
5.904000,812.784000,3.976314
0.656000,1352.016000,9.491834
5.904000,2179.888000,10.076674
8.528000,1744.304000,2.425324
32.144000,3065.488000,1.204015
37.392000,1195.888000,5.939675
37.392000,693.392000,4.100014
13.776000,286.672000,4.879093
29.520000,135.792000,1.773620
26.896000,2698.128000,1.559295
37.392000,2889.680000,12.654781
19.024000,1522.576000,2.019236
38.704000,8.528000,4.282744
11.152000,109.552000,2.065150
21.648000,1397.936000,0.919231
30.832000,151.536000,0.928186
28.208000,2900.176000,5.657038
26.896000,677.648000,12.717664
34.768000,1639.344000,3.251913
9.840000,1867.632000,1.785340
26.896000,1581.616000,1.844908
7.216000,706.512000,8.068507
19.024000,2986.768000,1.418386
25.584000,2464.592000,7.058597
29.520000,2004.080000,4.214661
11.152000,1611.792000,1.169629
30.832000,135.792000,6.143785
26.896000,1132.912000,2.502152
28.208000,1509.456000,5.881330
5.904000,155.472000,2.018667
34.768000,601.552000,1.099232
8.528000,3204.560000,3.009984
29.520000,366.704000,6.471175
24.272000,2812.272000,6.873166
4.592000,2826.704000,2.351728
36.080000,2959.216000,4.826543
0.656000,3075.984000,1.392386
32.144000,1668.208000,1.477076
36.080000,2009.328000,1.658018
0.656000,2824.080000,7.876207
13.776000,211.888000,8.201487
9.840000,629.104000,6.838899
37.392000,2517.072000,6.062814
22.960000,1868.944000,10.158869
30.832000,1157.840000,5.936022
32.144000,954.480000,3.443596
36.080000,1379.568000,3.268463
15.088000,3044.496000,0.900064
28.208000,1823.024000,4.141488
30.832000,185.648000,0.923351
8.528000,2229.744000,1.547135
38.704000,1935.856000,3.811670
3.280000,2221.872000,1.611755
16.400000,3085.168000,1.575477
20.336000,1202.448000,3.733214
19.024000,1180.144000,0.844010
17.712000,92.496000,0.695136
13.776000,2199.568000,1.208936
17.712000,631.728000,19.763810
29.520000,412.624000,1.360175
24.272000,1967.344000,3.512482
17.712000,1329.712000,4.435851
15.088000,1868.944000,4.740381
36.080000,3216.368000,1.962086
25.584000,1886.000000,2.794955
21.648000,2902.800000,2.168597
22.960000,635.664000,4.804638
22.960000,1260.176000,2.206314
33.456000,2290.096000,1.741620
15.088000,2413.424000,4.649050
29.520000,2990.704000,0.914229
5.904000,1861.072000,2.708335
12.464000,2473.776000,0.747660
3.280000,2077.552000,0.736145
17.712000,2601.040000,1.865929
3.280000,96.432000,6.417198
28.208000,2124.784000,1.860735
30.832000,1867.632000,10.784353
13.776000,1955.536000,6.176247
37.392000,1841.392000,4.396758
8.528000,1593.424000,5.944794
0.656000,1959.472000,4.759366
33.456000,727.504000,2.760143
11.152000,1804.656000,6.565334
15.088000,1260.176000,2.892271
36.080000,2849.008000,2.576852
0.656000,694.704000,1.018566
21.648000,3087.792000,3.850129
38.704000,2465.904000,2.986044
32.144000,1258.864000,2.332855
13.776000,171.216000,1.370832
5.904000,249.936000,2.606670
30.832000,2084.112000,12.368366
22.960000,2713.872000,3.983596
32.144000,2751.920000,7.092835
29.520000,533.328000,2.395384
11.152000,127.920000,4.823446
28.208000,1690.512000,2.629045
19.024000,1777.104000,0.811512
19.024000,1265.424000,5.436376
15.088000,2459.344000,3.502555
34.768000,1921.424000,4.078585
25.584000,1959.472000,2.355785
21.648000,2048.688000,0.666408
24.272000,2807.024000,10.254314
3.280000,717.008000,1.977793
33.456000,1555.376000,5.135757
37.392000,1310.032000,1.273581
22.960000,110.864000,10.435292
11.152000,1348.080000,1.098637
33.456000,2244.176000,2.112587
16.400000,1804.656000,5.615225
32.144000,143.664000,2.042061
16.400000,1024.016000,0.899184
25.584000,298.480000,3.492306
21.648000,3200.624000,7.994312
9.840000,1514.704000,4.841790
8.528000,190.896000,4.964704
34.768000,1548.816000,2.025981
15.088000,2780.784000,4.178805
38.704000,1340.208000,5.507459
5.904000,1998.832000,0.781098
1.968000,2622.032000,12.560894
15.088000,2363.568000,1.761448
33.456000,2238.928000,3.139582
7.216000,3081.232000,2.555700
1.968000,3011.696000,4.815475
19.024000,630.416000,6.724891
11.152000,2977.584000,13.191371
28.208000,2950.032000,0.823121
30.832000,3045.808000,4.128666
7.216000,1020.080000,3.006851
32.144000,449.360000,2.220749
7.216000,1169.648000,7.611175
13.776000,761.616000,0.820903
37.392000,1588.176000,6.876473
17.712000,3093.040000,4.718202
8.528000,2803.088000,2.585017
34.768000,726.192000,11.627972
16.400000,83.312000,10.951894
28.208000,1352.016000,0.820514
4.592000,3120.592000,1.502197
30.832000,156.784000,1.764256
28.208000,2286.160000,7.302413
20.336000,631.728000,12.353935
7.216000,758.992000,2.009600
24.272000,1302.160000,4.246868
17.712000,1510.768000,2.044097
26.896000,2021.136000,2.665163
36.080000,2144.464000,1.407016
17.712000,912.496000,6.352784
37.392000,922.992000,1.669382
38.704000,1014.832000,4.575326
7.216000,1450.416000,1.398487
1.968000,1278.544000,6.327396
3.280000,476.912000,6.046840
21.648000,478.224000,3.542611
17.712000,247.312000,4.926617
3.280000,2417.360000,2.814277
5.904000,190.896000,3.391504
9.840000,1442.544000,2.961631
26.896000,2237.616000,1.757704
37.392000,2320.272000,1.607891
1.968000,678.960000,2.127915
13.776000,773.424000,2.916396
34.768000,1341.520000,4.882409
22.960000,2133.968000,10.027479
22.960000,2225.808000,3.894637
13.776000,2908.048000,5.677844
5.904000,1139.472000,3.411525
19.024000,2140.528000,1.807726
37.392000,1340.208000,5.913192
3.280000,272.240000,1.282836
3.280000,194.832000,1.173521
21.648000,1097.488000,1.632956
15.088000,2311.088000,7.508196
15.088000,1282.480000,3.448811
38.704000,2719.120000,2.506630
36.080000,2452.784000,3.734605
7.216000,1327.088000,3.837836
5.904000,749.808000,2.554077
25.584000,2262.544000,5.834108
33.456000,2791.280000,0.764595
9.840000,2455.408000,4.772380
11.152000,831.152000,2.288171
36.080000,1960.784000,4.126014
28.208000,3010.384000,3.087599
32.144000,1552.752000,1.242258
5.904000,154.160000,1.131417
32.144000,416.560000,16.366054
15.088000,958.416000,0.755635
11.152000,2904.112000,3.312643
25.584000,597.616000,28.512960
7.216000,2307.152000,3.429643
9.840000,274.864000,4.395873
37.392000,1220.816000,3.924363
17.712000,1680.016000,1.505273
11.152000,1506.832000,0.908711
0.656000,64.944000,0.741714
1.968000,8.528000,7.312872
38.704000,1728.560000,5.971616
21.648000,2984.144000,5.717349
9.840000,2288.784000,3.075413
8.528000,1315.280000,2.128955
30.832000,2870.000000,1.550778
33.456000,937.424000,5.389504
8.528000,3182.256000,0.852023
21.648000,618.608000,2.282525
17.712000,3.280000,9.238611
3.280000,2469.840000,3.853386
34.768000,841.648000,4.362497
26.896000,1748.240000,6.084806
33.456000,1496.336000,2.959684
22.960000,3174.384000,4.778787
16.400000,1855.824000,1.459302
36.080000,2702.064000,1.786491
0.656000,2999.888000,3.508051
22.960000,786.544000,22.005591
21.648000,591.056000,1.003731
38.704000,1042.384000,1.124248
33.456000,2333.392000,10.346101
32.144000,2168.080000,2.775886
34.768000,2938.224000,6.566646
11.152000,2199.568000,10.032039
21.648000,1121.104000,2.440938
1.968000,2955.280000,3.164709
33.456000,2900.176000,2.443178
30.832000,2800.464000,1.274639
15.088000,2202.192000,4.902348
12.464000,2305.840000,0.961260
15.088000,2898.864000,7.427830
7.216000,3199.312000,1.171400
17.712000,1620.976000,6.165706
9.840000,942.672000,1.254335
1.968000,1648.528000,0.693731
32.144000,1042.384000,6.789258
28.208000,1935.856000,1.862998
1.968000,1038.448000,1.780732
24.272000,1463.536000,2.518999
32.144000,757.680000,2.115197
33.456000,2338.640000,2.652984
12.464000,992.528000,6.158882
1.968000,1092.240000,0.857242
4.592000,2147.088000,17.439963
19.024000,133.168000,1.308428
12.464000,1194.576000,0.700723
33.456000,2741.424000,15.039825
30.832000,566.128000,4.762011
3.280000,1287.728000,0.870576
26.896000,2254.672000,2.904739
37.392000,2826.704000,4.250127
9.840000,884.944000,5.539930
36.080000,837.712000,7.201864
33.456000,2246.800000,4.210972
13.776000,2242.864000,6.672416
36.080000,53.136000,7.309067
21.648000,1790.224000,0.869597
21.648000,2658.768000,9.561039
37.392000,1662.960000,0.784138
24.272000,2162.832000,3.018076
33.456000,2189.072000,1.725937
17.712000,2719.120000,0.736279
38.704000,1005.648000,8.335021
34.768000,534.640000,2.432446
36.080000,2210.064000,1.995043
12.464000,2721.744000,3.541180
7.216000,866.576000,3.101503
9.840000,524.144000,2.079544
15.088000,2132.656000,5.570639
24.272000,945.296000,0.859482
3.280000,3022.192000,6.472056
36.080000,1564.560000,3.989480
26.896000,2472.464000,1.921484
8.528000,567.440000,4.995762
19.024000,2384.560000,2.072365
22.960000,234.192000,0.924659
29.520000,1905.680000,1.217200
9.840000,2792.592000,4.374888
21.648000,2952.656000,1.910365
5.904000,1418.928000,5.826671
9.840000,1106.672000,9.399497
19.024000,1538.320000,1.205085
1.968000,513.648000,9.749573
11.152000,434.928000,2.430225
7.216000,2712.560000,5.397508
11.152000,2452.784000,1.650921
3.280000,2026.384000,7.198940
22.960000,2321.584000,2.055301
29.520000,2652.208000,1.355986
8.528000,2967.088000,4.062565
0.656000,1601.296000,0.996097
9.840000,2242.864000,4.371723
33.456000,1042.384000,6.866046
5.904000,648.784000,6.591981
12.464000,2902.800000,3.146319
17.712000,1596.048000,2.658450
22.960000,719.632000,1.437476
25.584000,1731.184000,9.438974
4.592000,1277.232000,3.794670
30.832000,2998.576000,6.423326
4.592000,1917.488000,3.815499
33.456000,800.976000,0.856202
33.456000,389.008000,9.331407
19.024000,2631.216000,3.045099
9.840000,2702.064000,0.981712
9.840000,896.752000,1.988328
30.832000,1962.096000,5.223436
1.968000,1106.672000,5.125503
20.336000,2252.048000,2.750383
0.656000,2458.032000,1.854928
9.840000,1353.328000,12.008564
5.904000,2971.024000,0.929119
25.584000,2700.752000,2.931410
30.832000,1227.376000,1.810475
26.896000,1249.680000,2.369911
28.208000,324.720000,0.844636
5.904000,1497.648000,4.566679
13.776000,2378.000000,1.625394
1.968000,2098.544000,0.737236
12.464000,95.120000,10.623393
15.088000,1498.960000,4.666941
8.528000,2354.384000,4.090208
24.272000,954.480000,2.337600
36.080000,2198.256000,9.477866
12.464000,340.464000,1.615959
12.464000,3081.232000,4.624860
25.584000,2364.880000,8.760078
24.272000,2521.008000,3.109426
26.896000,1799.408000,1.637842
38.704000,1989.648000,9.273957
20.336000,3144.208000,3.931265
12.464000,1447.792000,17.107853
16.400000,89.872000,2.213478
24.272000,1135.536000,8.952817
8.528000,997.776000,1.687957
0.656000,2804.400000,15.445181
29.520000,1363.824000,4.414953
22.960000,2543.312000,2.720294
7.216000,909.872000,6.920011
24.272000,806.224000,0.771789
33.456000,2876.560000,3.266701
32.144000,871.824000,2.801569
9.840000,728.816000,6.398900
24.272000,2145.776000,4.294441
12.464000,243.376000,2.838817
33.456000,190.896000,1.817119
37.392000,2742.736000,2.902970
21.648000,2418.672000,2.055984
5.904000,3170.448000,1.446152
28.208000,68.880000,4.279029
33.456000,2771.600000,5.024188
20.336000,2956.592000,3.882868
32.144000,1859.760000,4.817898
12.464000,1417.616000,2.472949
21.648000,2493.456000,1.771033
7.216000,1819.088000,6.202896
16.400000,2703.376000,3.781058
4.592000,341.776000,4.598618
19.024000,795.728000,3.383038
32.144000,1260.176000,4.715163
29.520000,17.712000,2.352786
38.704000,2944.784000,8.083936
17.712000,2240.240000,3.171033
9.840000,144.976000,7.418067
25.584000,958.416000,2.098150
38.704000,2940.848000,6.520964
26.896000,1325.776000,2.049430
28.208000,2580.048000,8.382353
30.832000,2608.912000,1.614653
20.336000,2610.224000,2.423310
21.648000,730.128000,1.090568
1.968000,3099.600000,3.641888
7.216000,3149.456000,4.669530
22.960000,797.040000,1.751443
22.960000,1578.992000,10.655974
24.272000,2313.712000,1.913442
28.208000,484.784000,4.880425
36.080000,1955.536000,2.851828
26.896000,1655.088000,0.868211
21.648000,3039.248000,1.314601
21.648000,668.464000,1.198410
30.832000,2437.040000,1.448600
13.776000,1201.136000,0.865832
30.832000,947.920000,5.417365
7.216000,2894.928000,5.497814
4.592000,1218.192000,2.837399
26.896000,2325.520000,1.004911
4.592000,535.952000,0.763776
28.208000,2858.192000,1.933647
0.656000,1299.536000,2.438777
33.456000,2273.040000,6.517021
29.520000,520.208000,2.433670
26.896000,26.896000,1.634267
4.592000,676.336000,1.468386
34.768000,1968.656000,13.411810
9.840000,1914.864000,1.505442
9.840000,1122.416000,1.860052
15.088000,1358.576000,2.857229
29.520000,2085.424000,5.664941
25.584000,764.240000,13.913208
21.648000,1470.096000,2.799981
33.456000,2952.656000,7.482205
38.704000,713.072000,2.334264
19.024000,845.584000,5.998953
22.960000,417.872000,1.461094
33.456000,235.504000,7.771976
26.896000,2131.344000,0.670597
24.272000,1754.800000,0.874337
17.712000,2177.264000,3.923634
12.464000,926.928000,1.649241
15.088000,1184.080000,9.138262
36.080000,2615.472000,1.249682
17.712000,139.728000,2.915923
26.896000,2671.888000,2.205029
4.592000,1062.064000,3.298163
0.656000,2368.816000,5.462883
21.648000,2288.784000,5.684073
32.144000,1584.240000,3.507814
38.704000,1638.032000,1.604460
15.088000,1620.976000,3.065847
34.768000,1279.856000,0.752085
20.336000,2875.248000,2.941975
0.656000,1765.296000,1.103462
36.080000,3072.048000,1.308174
7.216000,2846.384000,4.117328
8.528000,2648.272000,8.782723
33.456000,1218.192000,2.098506
29.520000,1323.152000,3.494033
37.392000,2481.648000,5.888692
32.144000,2130.032000,2.814159
11.152000,2576.112000,3.810746
22.960000,2665.328000,4.989145
3.280000,1833.520000,3.134538
21.648000,499.216000,1.823201
20.336000,1425.488000,1.000284
9.840000,963.664000,22.538421
32.144000,2569.552000,4.451794
11.152000,2357.008000,1.613509
21.648000,188.272000,11.442689
26.896000,222.384000,0.974460
33.456000,1456.976000,6.347021
24.272000,2297.968000,10.488331
29.520000,1084.368000,1.427606
15.088000,1602.608000,1.440105
20.336000,564.816000,1.233605
3.280000,424.432000,9.387157
9.840000,633.040000,16.352324
13.776000,3002.512000,5.740385
33.456000,682.896000,1.005485
32.144000,1943.728000,4.543820
20.336000,807.536000,1.463609
29.520000,1857.136000,3.394988
21.648000,2770.288000,5.981136
3.280000,202.704000,3.696713
19.024000,295.856000,18.189616
5.904000,1304.784000,1.585816
38.704000,2914.608000,1.325500
4.592000,2120.848000,1.195269
36.080000,654.032000,5.616975
21.648000,949.232000,3.224299
20.336000,1048.944000,4.501108
5.904000,2939.536000,0.856422
29.520000,619.920000,13.020506
3.280000,1054.192000,2.006952
25.584000,440.176000,1.026824
37.392000,598.928000,3.193027
3.280000,331.280000,1.577333
15.088000,1514.704000,9.275605
21.648000,1707.568000,0.965000
17.712000,1723.312000,3.299901
15.088000,2732.240000,1.181382
36.080000,1732.496000,3.528678
7.216000,354.896000,1.549430
29.520000,2810.960000,2.294188
5.904000,1384.816000,2.801445
37.392000,1550.128000,1.127347
17.712000,1540.944000,1.911777
15.088000,1435.984000,4.619457
38.704000,1808.592000,0.774954
11.152000,2111.664000,4.909425
25.584000,1812.528000,2.861673
22.960000,1375.632000,2.167872
11.152000,378.512000,5.485630
32.144000,2317.648000,15.498148
4.592000,211.888000,3.548400
20.336000,2074.928000,1.438321
25.584000,1209.008000,3.537906
8.528000,688.144000,2.967876
9.840000,630.416000,3.944974
12.464000,1059.440000,4.570655
29.520000,1533.072000,2.967501
33.456000,2234.992000,1.970552
22.960000,1428.112000,3.023297
13.776000,3006.448000,0.944859
0.656000,320.784000,1.152974
32.144000,921.680000,3.239165
33.456000,2098.544000,1.136594
28.208000,483.472000,2.670939
29.520000,1169.648000,3.451062
24.272000,1767.920000,1.865086
38.704000,2105.104000,4.384923
33.456000,150.224000,2.075985
3.280000,753.744000,7.255053
29.520000,3137.648000,0.681553
4.592000,2822.768000,1.536223
9.840000,773.424000,1.686042
5.904000,819.344000,5.591705
28.208000,689.456000,4.620515
29.520000,314.224000,1.321513
19.024000,2126.096000,3.380593
19.024000,152.848000,2.720224
32.144000,327.344000,3.654084
25.584000,1584.240000,2.535572
30.832000,819.344000,0.693153
36.080000,2896.240000,5.572061
13.776000,1153.904000,12.769430
7.216000,396.880000,6.558644
20.336000,2831.952000,6.391504
9.840000,953.168000,2.916313
36.080000,1212.944000,5.798720
17.712000,664.528000,4.022729
11.152000,43.952000,1.325914
3.280000,2339.952000,0.804892
25.584000,1202.448000,1.582739
36.080000,1270.672000,2.502653
4.592000,3068.112000,2.309521
9.840000,2149.712000,5.742317
24.272000,1971.280000,2.487634
5.904000,1505.520000,1.097666
24.272000,394.256000,12.421682
28.208000,2855.568000,9.014865
9.840000,1614.416000,10.248127
5.904000,2821.456000,4.770621
7.216000,448.048000,3.513084
25.584000,2789.968000,3.468119
34.768000,197.456000,9.156698
33.456000,2628.592000,3.238697
32.144000,1068.624000,5.331401
34.768000,509.712000,1.428451
30.832000,125.296000,5.936682
24.272000,2366.192000,2.915799
34.768000,200.080000,4.922118
19.024000,1418.928000,3.201156
15.088000,2050.000000,13.495332
12.464000,2976.272000,1.506638
13.776000,2560.368000,4.521919
1.968000,310.288000,2.070850
15.088000,3009.072000,3.420560
15.088000,2073.616000,7.658410
28.208000,1292.976000,4.887425
21.648000,2431.792000,7.047953
37.392000,2032.944000,11.419781
15.088000,2430.480000,1.533285
17.712000,2835.888000,1.118167
17.712000,982.032000,0.822900
30.832000,1134.224000,4.049066
3.280000,2290.096000,2.258185
34.768000,3159.952000,7.319260
11.152000,1909.616000,8.110542
25.584000,146.288000,3.861912
36.080000,2894.928000,1.356440
34.768000,429.680000,1.627082
20.336000,1951.600000,13.959802
20.336000,1463.536000,3.569582
22.960000,1745.616000,6.548251
38.704000,2957.904000,4.908829
5.904000,2384.560000,5.889344
11.152000,2175.952000,1.621978
1.968000,1425.488000,2.727898
7.216000,1912.240000,1.872998
9.840000,692.080000,2.357705
20.336000,93.808000,5.290097
38.704000,2758.480000,0.730136
37.392000,2371.440000,2.164431
12.464000,2339.952000,1.123255
9.840000,2082.800000,5.350575
20.336000,3060.240000,3.162405
19.024000,962.352000,1.662975
33.456000,2346.512000,1.247508
21.648000,2249.424000,2.617323
5.904000,2884.432000,1.747103
15.088000,1122.416000,2.322403
9.840000,252.560000,4.558510
9.840000,1501.584000,7.263857
4.592000,740.624000,5.356410
16.400000,323.408000,2.008913
0.656000,808.848000,5.123511
11.152000,2211.376000,0.734439
26.896000,919.056000,1.455719
33.456000,2544.624000,3.860499
33.456000,644.848000,2.128164
20.336000,3066.800000,2.672182
9.840000,558.256000,1.905532
37.392000,2143.152000,3.261685
16.400000,2398.992000,14.841025
22.960000,2780.784000,0.964736
29.520000,2030.320000,2.809991
29.520000,1475.344000,4.877008
28.208000,636.976000,9.900014
30.832000,2822.768000,0.746128
19.024000,1148.656000,2.987160
5.904000,3048.432000,2.351017
13.776000,193.520000,9.578347
20.336000,812.784000,10.321434
24.272000,1118.480000,4.170081
25.584000,1307.408000,0.917397
7.216000,3039.248000,5.109129
7.216000,2193.008000,7.530740
13.776000,323.408000,1.448542
33.456000,1589.488000,0.707672
4.592000,2093.296000,2.375598
25.584000,2227.120000,3.442233
11.152000,310.288000,5.547237
24.272000,2287.472000,7.484771
13.776000,2283.536000,4.759042
3.280000,1698.384000,4.948394
5.904000,1685.264000,2.991383
13.776000,1934.544000,6.078775
25.584000,2489.520000,7.335742
25.584000,3104.848000,1.091265
37.392000,1855.824000,11.159846
12.464000,167.280000,3.289087
34.768000,1908.304000,3.668286
1.968000,147.600000,1.880788
30.832000,1434.672000,2.167118
28.208000,1841.392000,2.437281
0.656000,1976.528000,8.656926
1.968000,1163.088000,0.684906
4.592000,1578.992000,0.696956
5.904000,2326.832000,3.502931
30.832000,1811.216000,0.916819
33.456000,2914.608000,2.368768
33.456000,205.328000,1.374748
4.592000,255.184000,4.838431
3.280000,3142.896000,9.812861
21.648000,987.280000,5.128992
19.024000,343.088000,4.526918
32.144000,2350.448000,3.623052
17.712000,2275.664000,4.719819
22.960000,1620.976000,6.677392
11.152000,2433.104000,12.612982
22.960000,3072.048000,1.970552
16.400000,1519.952000,6.340472
8.528000,496.592000,3.722837
20.336000,1815.152000,1.453623
34.768000,755.056000,0.881651
5.904000,2577.424000,1.474680
0.656000,1477.968000,10.704071
19.024000,2351.760000,6.770460
1.968000,2897.552000,1.194952
17.712000,922.992000,4.114332
0.656000,875.760000,9.543029
30.832000,1425.488000,6.811880
9.840000,3128.464000,1.526911
37.392000,943.984000,19.983881
8.528000,25.584000,3.436950
37.392000,1079.120000,3.934316
1.968000,2050.000000,8.086175
17.712000,3094.352000,0.963584
37.392000,223.696000,4.346401
1.968000,2328.144000,3.546152
12.464000,236.816000,1.686510
7.216000,47.888000,4.587304
16.400000,2397.680000,0.703239
25.584000,694.704000,1.405857
25.584000,3135.024000,2.739846
21.648000,2978.896000,1.765671
30.832000,1004.336000,2.644318
32.144000,1414.992000,1.506337
32.144000,277.488000,1.650255
28.208000,1918.800000,7.347503
21.648000,1617.040000,4.657390
22.960000,3169.136000,4.584061
5.904000,2713.872000,5.623775
28.208000,2726.992000,2.936684
7.216000,3184.880000,9.525117
1.968000,2821.456000,5.865039
36.080000,425.744000,5.476496
19.024000,2031.632000,1.353605
8.528000,1841.392000,4.941118
28.208000,3171.760000,11.346313
4.592000,1799.408000,4.922049
19.024000,789.168000,1.632496
30.832000,332.592000,2.083154
16.400000,1106.672000,5.262634
4.592000,2507.888000,2.198150
0.656000,748.496000,0.742976
0.656000,974.160000,1.130167
4.592000,677.648000,0.894588
37.392000,53.136000,0.784970
7.216000,1597.360000,1.335958
1.968000,2200.880000,0.844422
11.152000,1193.264000,6.159407
25.584000,2118.224000,0.688622
7.216000,1769.232000,7.166407
0.656000,1596.048000,9.296843
26.896000,154.160000,3.495456
3.280000,1090.928000,2.356890
32.144000,1024.016000,3.482440
24.272000,2666.640000,3.793986
4.592000,159.408000,4.942382
34.768000,4.592000,2.817230
12.464000,2442.288000,4.680408
33.456000,1114.544000,0.961357
1.968000,337.840000,3.822453
15.088000,442.800000,7.578382
33.456000,1929.296000,0.788619
13.776000,2109.040000,3.197312
26.896000,2641.712000,1.266320
30.832000,516.272000,2.126816
11.152000,1819.088000,11.751813
20.336000,1880.752000,2.083675
26.896000,76.752000,2.480030
0.656000,2109.040000,1.181526
1.968000,2022.448000,11.096869
34.768000,757.680000,2.937810
17.712000,2322.896000,5.489470
38.704000,2339.952000,2.394036
22.960000,2393.744000,4.076651
22.960000,429.680000,1.432604
22.960000,290.608000,6.922096
28.208000,929.552000,3.735852
15.088000,1578.992000,2.240105
5.904000,1118.480000,2.205281
24.272000,1695.760000,2.115637
9.840000,2183.824000,9.194769
36.080000,2800.464000,1.281701
21.648000,1184.080000,5.109807
29.520000,3061.552000,7.326817
0.656000,1121.104000,2.930358
9.840000,1426.800000,7.420951
25.584000,3128.464000,21.181300
24.272000,882.320000,4.058225
12.464000,583.184000,1.162401
15.088000,3054.992000,1.594442
15.088000,71.504000,8.686915
38.704000,470.352000,4.726894
19.024000,2917.232000,0.784269
17.712000,1777.104000,1.383087
5.904000,2730.928000,2.088860
21.648000,840.336000,2.476744
20.336000,2708.624000,9.718131
5.904000,671.088000,1.512027
13.776000,2707.312000,12.434333
34.768000,2544.624000,4.893400
38.704000,2749.296000,2.063403
19.024000,1819.088000,2.000810
11.152000,1021.392000,4.154296
8.528000,2674.512000,3.027721
5.904000,2276.976000,2.040081
28.208000,482.160000,0.851058
19.024000,444.112000,0.953593
33.456000,1248.368000,7.020001
9.840000,2774.224000,5.071582
4.592000,3048.432000,3.779357
11.152000,2219.248000,1.096451
29.520000,1823.024000,1.318570
0.656000,2015.888000,1.060355
3.280000,1491.088000,3.250783
17.712000,2126.096000,1.790316
5.904000,205.328000,3.862294
0.656000,760.304000,9.041477
24.272000,100.368000,1.129114
13.776000,3215.056000,3.656170
4.592000,2307.152000,8.239912
4.592000,68.880000,3.232039
28.208000,2956.592000,2.359060
12.464000,1954.224000,10.109099
37.392000,1493.712000,1.654940
11.152000,1104.048000,7.932231
32.144000,491.344000,1.044344
26.896000,626.480000,1.252543
34.768000,2494.768000,2.368295
22.960000,678.960000,1.825992
15.088000,2173.328000,1.837225
24.272000,2274.352000,11.503742
28.208000,2988.080000,2.170969
11.152000,2231.056000,5.429120
22.960000,2681.072000,1.094617
9.840000,987.280000,5.153808
38.704000,842.960000,3.986496
21.648000,534.640000,2.570266
28.208000,818.032000,3.021164
4.592000,2726.992000,1.797350
11.152000,2667.952000,2.241377
34.768000,3211.120000,1.146150
25.584000,686.832000,2.519831
36.080000,2813.584000,1.649754
28.208000,1512.080000,2.906638
8.528000,2599.728000,4.508302
26.896000,522.832000,0.808380
8.528000,1041.072000,4.380452
16.400000,1027.952000,4.865684
37.392000,1450.416000,3.685106
0.656000,1110.608000,10.447245
11.152000,1328.400000,4.357588
11.152000,1285.104000,4.418871
34.768000,2455.408000,5.806425
7.216000,878.384000,1.233675
26.896000,2130.032000,1.111650
22.960000,974.160000,0.840715
37.392000,2686.320000,5.192547
17.712000,776.048000,1.781286
34.768000,1149.968000,4.798017
17.712000,928.240000,2.989680
34.768000,1417.616000,2.910093
34.768000,2652.208000,1.473272
5.904000,2091.984000,1.994121
11.152000,1952.912000,1.769174
32.144000,2711.248000,2.459653
8.528000,1155.216000,4.806921
1.968000,463.792000,6.988896
0.656000,146.288000,7.218452
3.280000,2391.120000,1.044220
37.392000,2480.336000,1.960867
19.024000,293.232000,1.983857
20.336000,303.728000,1.887329
37.392000,1577.680000,4.697491
8.528000,841.648000,1.049772
30.832000,1937.168000,2.813017
3.280000,2389.808000,18.132943
13.776000,1281.168000,2.065484
30.832000,883.632000,3.538291
1.968000,2349.136000,2.901999
37.392000,33.456000,2.537918
34.768000,1564.560000,12.173152
26.896000,1819.088000,1.447613
17.712000,2816.208000,3.444291
9.840000,1138.160000,4.093758
24.272000,1300.848000,0.816088
22.960000,3145.520000,4.941815
38.704000,881.008000,1.243002
26.896000,2099.856000,8.611165
12.464000,2463.280000,0.670965
15.088000,2353.072000,4.558058
1.968000,1224.752000,24.830796
17.712000,1165.712000,7.480525
29.520000,2376.688000,3.118998
4.592000,1973.904000,3.525092
11.152000,294.544000,1.194141
4.592000,711.760000,2.779328
32.144000,1463.536000,3.299118
8.528000,1703.632000,1.879660
15.088000,8.528000,5.203151
33.456000,1948.976000,7.627131
20.336000,2532.816000,1.618167
26.896000,884.944000,4.057997
5.904000,1954.224000,3.625646
9.840000,2890.992000,5.442229
28.208000,2014.576000,4.204169
19.024000,783.920000,4.192224
7.216000,2450.160000,0.678976
19.024000,2898.864000,8.746479
15.088000,1858.448000,2.093869
5.904000,2955.280000,1.210196
7.216000,501.840000,0.770249
20.336000,281.424000,8.885034
13.776000,854.768000,5.517089
19.024000,1041.072000,4.534860
13.776000,2270.416000,1.056346
13.776000,185.648000,2.632141
1.968000,2890.992000,0.777836
19.024000,138.416000,0.872149
36.080000,2131.344000,2.198653
5.904000,1432.048000,13.349519
11.152000,1161.776000,2.516650
0.656000,1687.888000,8.624456
16.400000,2448.848000,2.418619
12.464000,521.520000,1.169298
9.840000,1315.280000,2.644642
32.144000,1677.392000,2.256274
13.776000,2906.736000,2.689298
4.592000,2191.696000,15.858142
30.832000,276.176000,1.679725
4.592000,2744.048000,3.554725
30.832000,3089.104000,2.444581
36.080000,2101.168000,5.191961
19.024000,2194.320000,12.570753
29.520000,2419.984000,1.913068
1.968000,2442.288000,8.789890
20.336000,406.064000,2.478748
4.592000,63.632000,1.276475
26.896000,120.048000,3.509006
9.840000,2068.368000,7.411672
9.840000,2679.760000,3.192157
36.080000,883.632000,5.593210
17.712000,1411.056000,2.038403
3.280000,162.032000,5.687652
29.520000,844.272000,4.847046
5.904000,972.848000,8.150807
13.776000,2025.072000,7.881736
7.216000,806.224000,3.475288
11.152000,2081.488000,2.606872
29.520000,3146.832000,0.801599
11.152000,240.752000,5.466349
37.392000,532.016000,8.329600
3.280000,870.512000,3.138355
21.648000,1462.224000,3.440651
36.080000,692.080000,1.016358
25.584000,2820.144000,7.263222
13.776000,1739.056000,2.569010
25.584000,1020.080000,6.694265
25.584000,1597.360000,0.696157
32.144000,3196.688000,1.271160
37.392000,2056.560000,2.712889
17.712000,486.096000,7.964847
21.648000,1485.840000,8.484564
26.896000,728.816000,5.792435
13.776000,905.936000,6.303341
33.456000,62.320000,6.412489
15.088000,1497.648000,4.224844
13.776000,2267.792000,4.088782
15.088000,2795.216000,1.066154
0.656000,200.080000,5.747784
7.216000,1610.480000,0.932310
28.208000,2258.608000,2.519067
13.776000,1379.568000,6.519187
24.272000,1805.968000,4.005240
28.208000,2998.576000,1.237064
5.904000,2085.424000,1.052437
20.336000,520.208000,0.833668
16.400000,264.368000,4.663215
13.776000,1672.144000,6.941746
1.968000,1601.296000,3.505241
33.456000,2435.728000,2.982569
26.896000,2587.920000,3.856964
4.592000,3075.984000,1.997754
11.152000,1475.344000,14.480174
5.904000,1487.152000,9.325733
29.520000,487.408000,3.364505
38.704000,3039.248000,12.615427
1.968000,783.920000,2.096769
32.144000,70.192000,0.868094
4.592000,1226.064000,2.634174
21.648000,425.744000,5.807993
12.464000,753.744000,2.581438
30.832000,1467.472000,0.701437
12.464000,1341.520000,3.355799
26.896000,710.448000,3.979728
11.152000,2208.752000,3.574522
8.528000,1313.968000,1.290513
29.520000,2800.464000,1.179346
20.336000,2723.056000,0.827003
29.520000,2202.192000,1.742893
29.520000,1148.656000,6.324972
0.656000,1142.096000,7.240511
3.280000,2577.424000,2.815096
26.896000,1041.072000,5.898922
16.400000,766.864000,1.007323
7.216000,1661.648000,1.245380
21.648000,1143.408000,9.298872
29.520000,1736.432000,2.512964
34.768000,2690.256000,10.978550
4.592000,395.568000,3.395427
24.272000,1033.200000,4.042273
34.768000,1875.504000,6.737020
30.832000,3020.880000,14.895392
8.528000,2620.720000,2.286331
19.024000,2765.040000,4.331479
4.592000,556.944000,1.156033
17.712000,2057.872000,6.436567
11.152000,676.336000,0.764567
25.584000,2986.768000,7.244187
11.152000,961.040000,1.147985
5.904000,2372.752000,4.231838
25.584000,976.784000,4.029346
33.456000,1930.608000,8.933009
33.456000,734.064000,1.391326
25.584000,835.088000,16.349151
8.528000,446.736000,11.685945
36.080000,1837.456000,3.095911
22.960000,1817.776000,9.208136
13.776000,3074.672000,1.445974
11.152000,2072.304000,2.262476
15.088000,2536.752000,17.403748
12.464000,720.944000,1.695388
37.392000,3045.808000,1.255527
7.216000,1744.304000,11.906514
11.152000,2922.480000,1.886737
30.832000,1156.528000,4.066173
1.968000,2921.168000,1.701753
36.080000,538.576000,2.697839
9.840000,326.032000,1.961101
37.392000,2050.000000,2.425536
17.712000,642.224000,12.295262
3.280000,2141.840000,1.140632
25.584000,2387.184000,2.266065
20.336000,2254.672000,0.830715
22.960000,2808.336000,5.214806
16.400000,1924.048000,2.514942
4.592000,652.720000,2.426686
5.904000,926.928000,3.461494
8.528000,2999.888000,7.564421
37.392000,2307.152000,4.719727
34.768000,1323.152000,0.846669
30.832000,522.832000,1.407648
25.584000,1943.728000,4.845732
3.280000,1013.520000,1.759373
25.584000,2248.112000,1.446846
1.968000,2939.536000,4.922725
12.464000,2065.744000,5.161381
15.088000,2136.592000,0.810851
1.968000,1998.832000,2.497056
8.528000,1128.976000,0.912759
1.968000,1741.680000,5.598529
36.080000,1404.496000,9.679264
21.648000,900.688000,1.035742
21.648000,1417.616000,4.194598
29.520000,1614.416000,1.832247
37.392000,2586.608000,3.521245
0.656000,2519.696000,5.665376
11.152000,2035.568000,6.232037
8.528000,22.960000,3.290327
9.840000,1169.648000,2.594334
30.832000,2056.560000,1.315989
7.216000,1756.112000,4.692923
1.968000,1237.872000,3.263051
19.024000,739.312000,5.088596
30.832000,804.912000,1.074176
19.024000,1884.688000,11.479680
25.584000,888.880000,5.652168
15.088000,1327.088000,1.723232
7.216000,2641.712000,1.340727
1.968000,1951.600000,11.129688
29.520000,399.504000,2.218760
33.456000,1003.024000,9.268521
22.960000,1081.744000,1.350217
12.464000,757.680000,8.346120
12.464000,2368.816000,1.711997
26.896000,3204.560000,6.622454
8.528000,2227.120000,2.566545
4.592000,600.240000,4.690159
20.336000,2288.784000,7.270512
3.280000,1552.752000,2.562648
24.272000,2776.848000,6.055470
15.088000,2682.384000,0.812295
38.704000,2160.208000,3.835894
24.272000,1498.960000,2.635311
21.648000,2650.896000,3.839773
7.216000,3142.896000,1.210139
38.704000,1990.960000,2.473038
9.840000,323.408000,3.383438
20.336000,2947.408000,3.466657
8.528000,2032.944000,2.081641
37.392000,2291.408000,1.614817
37.392000,2419.984000,1.157535
5.904000,2152.336000,1.318894
36.080000,2561.680000,3.232384
16.400000,2102.480000,0.821738
8.528000,961.040000,1.472087
0.656000,688.144000,4.786173
32.144000,3010.384000,13.123845
34.768000,2151.024000,4.075301
29.520000,387.696000,0.914907
28.208000,1594.736000,0.718292
20.336000,333.904000,1.111955
7.216000,1784.976000,2.446609
30.832000,962.352000,10.039611
16.400000,2267.792000,0.724042
32.144000,428.368000,4.541667
34.768000,3217.680000,1.015882
8.528000,2328.144000,4.409330
15.088000,2997.264000,4.970670
17.712000,2515.760000,0.732823
1.968000,1470.096000,1.052863
25.584000,2786.032000,0.765995
0.656000,400.816000,1.026186
37.392000,1380.880000,3.839037
28.208000,1223.440000,6.103295
9.840000,156.784000,1.774105
25.584000,1559.312000,1.053906
12.464000,429.680000,6.362162
38.704000,991.216000,5.735463
20.336000,1624.912000,7.012742
38.704000,290.608000,1.040005
28.208000,2980.208000,1.866027
9.840000,240.752000,2.240095
8.528000,852.144000,4.105379
15.088000,2788.656000,2.384374
4.592000,412.624000,7.026507
19.024000,2776.848000,1.519806
29.520000,2131.344000,8.210330
24.272000,2215.312000,1.745584
9.840000,2583.984000,3.904035
21.648000,163.344000,4.316324
13.776000,2858.192000,2.966274
32.144000,2514.448000,1.377063
29.520000,202.704000,4.199835
17.712000,1951.600000,9.457304
33.456000,173.840000,2.808134
29.520000,2459.344000,2.659543
24.272000,2837.200000,4.813526
4.592000,798.352000,2.557870
24.272000,3121.904000,4.183901
7.216000,2315.024000,4.426578
17.712000,295.856000,1.069200
13.776000,2035.568000,10.184761
37.392000,613.360000,0.737924
3.280000,1727.248000,3.770292
1.968000,1417.616000,2.567581
21.648000,765.552000,0.740805
13.776000,1285.104000,3.841149
9.840000,2297.968000,2.726253
33.456000,3195.376000,4.400258
32.144000,260.432000,1.689995
12.464000,1703.632000,8.157777
16.400000,2989.392000,0.960635
19.024000,2527.568000,10.631023
29.520000,1551.440000,2.954981
3.280000,2294.032000,7.713874
5.904000,1275.920000,3.561862
8.528000,1513.392000,6.396347
1.968000,2476.400000,1.714295
29.520000,694.704000,4.373238
12.464000,537.264000,1.164422
20.336000,1707.568000,4.129334
38.704000,3145.520000,9.159420
19.024000,1349.392000,1.913008
1.968000,2754.544000,6.623250
9.840000,636.976000,4.244047
9.840000,925.616000,1.386219
29.520000,2032.944000,1.515872
4.592000,3011.696000,4.351660
37.392000,2103.792000,0.831798
9.840000,362.768000,3.265774
4.592000,1165.712000,1.959299
29.520000,1628.848000,9.129829
8.528000,34.768000,6.033775
33.456000,2398.992000,0.867575
9.840000,916.432000,5.029371
17.712000,469.040000,4.540116
28.208000,2723.056000,1.306003
28.208000,1708.880000,1.321358
36.080000,3220.304000,2.967692
13.776000,1195.888000,6.550912
34.768000,1101.424000,1.179393
0.656000,22.960000,0.781150
17.712000,1153.904000,7.319643
8.528000,104.304000,1.035785
36.080000,1068.624000,1.022823
13.776000,1411.056000,3.179192
30.832000,955.792000,2.811049
3.280000,1514.704000,3.393596
9.840000,1763.984000,8.044422
11.152000,3177.008000,2.280700
28.208000,1210.320000,1.962769
24.272000,308.976000,4.077243
1.968000,1811.216000,0.821464
25.584000,129.232000,6.979672
21.648000,1533.072000,4.562407
4.592000,1304.784000,8.351584
33.456000,257.808000,7.266760
37.392000,3016.944000,6.131575
24.272000,102.992000,1.025694
32.144000,2572.176000,7.892325
17.712000,134.480000,1.270381
24.272000,131.856000,11.514257
30.832000,2375.376000,2.713484
21.648000,2004.080000,7.756805
5.904000,2221.872000,8.290224
33.456000,247.312000,1.646668
7.216000,627.792000,13.764918
17.712000,2536.752000,5.192470
36.080000,441.488000,1.037247
30.832000,2044.752000,2.364818
13.776000,2287.472000,3.202625
28.208000,1598.672000,4.689835
12.464000,2145.776000,1.249989
20.336000,2266.480000,5.486404
0.656000,1899.120000,2.274998
37.392000,2909.360000,9.869467
38.704000,1476.656000,0.899153
24.272000,1897.808000,6.707829
25.584000,663.216000,4.000677
29.520000,993.840000,9.465869
5.904000,2728.304000,2.787338
28.208000,828.528000,2.197356
38.704000,1533.072000,1.217370
0.656000,1205.072000,5.523156
13.776000,2030.320000,1.731428
4.592000,528.080000,2.857631
17.712000,2328.144000,12.150987
36.080000,1812.528000,1.388339
5.904000,717.008000,12.291933
4.592000,302.416000,2.513775
1.968000,2597.104000,0.883525
28.208000,2351.760000,1.902736
17.712000,870.512000,1.565978
21.648000,3005.136000,8.029968
30.832000,2763.728000,5.030081
11.152000,2799.152000,2.044716
24.272000,1998.832000,2.157174
33.456000,1501.584000,8.665833
34.768000,575.312000,4.943265
16.400000,180.400000,12.639481
37.392000,2947.408000,3.571824
21.648000,920.368000,3.109812
19.024000,3222.928000,6.295839
15.088000,2013.264000,3.147750
22.960000,1245.744000,1.158181
9.840000,2670.576000,2.355407
33.456000,3152.080000,0.879299
24.272000,3035.312000,1.339405
33.456000,2484.272000,3.567515
7.216000,718.320000,2.579871
26.896000,339.152000,2.553599
34.768000,1558.000000,1.320888
36.080000,2524.944000,1.611009
13.776000,2695.504000,2.608168
9.840000,3127.152000,6.823665
4.592000,287.984000,5.614932
32.144000,644.848000,1.909808
0.656000,1294.288000,2.516164
24.272000,1157.840000,6.995673
32.144000,2783.408000,3.643711
30.832000,1334.960000,1.067310
5.904000,1676.080000,1.562043
7.216000,1732.496000,8.412157
26.896000,3154.704000,1.197823
24.272000,615.984000,10.463430
34.768000,1769.232000,2.042887
38.704000,1395.312000,16.445544
38.704000,1051.568000,4.947906
11.152000,141.040000,5.961664
22.960000,2709.936000,3.095354
3.280000,644.848000,2.161708
8.528000,1823.024000,8.829575
8.528000,1367.760000,3.521748
16.400000,1962.096000,3.926506
3.280000,3066.800000,2.562043
4.592000,2119.536000,1.259180
7.216000,1670.832000,5.772748
0.656000,137.104000,7.993171
37.392000,568.752000,2.308226
16.400000,2297.968000,3.093306
22.960000,1397.936000,3.384627
4.592000,222.384000,4.371286
20.336000,1315.280000,0.981202
36.080000,757.680000,1.780564
5.904000,3186.192000,1.106902
37.392000,3112.720000,6.164207
7.216000,1216.880000,2.444698
36.080000,1220.816000,6.291686
0.656000,902.000000,2.726367
9.840000,2362.256000,2.378218
12.464000,2946.096000,1.658402
21.648000,3152.080000,3.471074
12.464000,1740.368000,2.833389
1.968000,2097.232000,1.712719
5.904000,709.136000,8.201332
36.080000,587.120000,4.732340
9.840000,350.960000,1.896664
9.840000,2834.576000,3.625737
17.712000,1758.736000,6.403426
21.648000,2910.672000,2.449612
32.144000,30.832000,1.207469
24.272000,1101.424000,0.844805
8.528000,284.048000,4.098055
34.768000,1662.960000,6.241381
8.528000,3175.696000,6.137699
22.960000,2944.784000,1.407007
0.656000,1105.360000,12.353657
25.584000,2967.088000,0.695405
22.960000,2692.880000,2.132990
38.704000,3138.960000,2.526014
25.584000,769.488000,1.358457
5.904000,1634.096000,1.863471
16.400000,1038.448000,4.973967
0.656000,2808.336000,2.935200
13.776000,1005.648000,2.295185
21.648000,2542.000000,1.471862
0.656000,2084.112000,3.124270
11.152000,1279.856000,1.120532
26.896000,1296.912000,0.992859
7.216000,657.968000,2.613407
9.840000,508.400000,3.410509
38.704000,450.672000,5.462070
29.520000,592.368000,4.133493
20.336000,1630.160000,6.349422
1.968000,2784.720000,1.955162
0.656000,3094.352000,1.987762
19.024000,1450.416000,6.488787
9.840000,3136.336000,3.513588
15.088000,541.200000,3.783923
38.704000,2746.672000,1.271555
16.400000,924.304000,2.022258
36.080000,343.088000,2.928908
0.656000,370.640000,6.135039
15.088000,524.144000,1.681498
28.208000,538.576000,0.741622
0.656000,3158.640000,3.047128
25.584000,1994.896000,1.904271
26.896000,525.456000,2.509554
1.968000,2809.648000,2.432261
7.216000,556.944000,1.834398
20.336000,1912.240000,1.321450
32.144000,2425.232000,16.015098
32.144000,2009.328000,0.754806
11.152000,2497.392000,1.145255
38.704000,696.016000,3.103566
21.648000,1888.624000,8.204104
21.648000,247.312000,1.027950
28.208000,833.776000,13.507836
3.280000,1453.040000,16.150085
0.656000,3005.136000,2.747670
4.592000,942.672000,4.416804
7.216000,522.832000,6.948385
16.400000,1666.896000,4.573325
5.904000,2305.840000,0.736686
30.832000,1324.464000,2.292035
28.208000,2320.272000,6.329998
7.216000,671.088000,2.719961
13.776000,95.120000,1.406323
19.024000,741.936000,1.835134
20.336000,2044.752000,2.388993
38.704000,2322.896000,1.219309
0.656000,413.936000,3.521600
11.152000,877.072000,11.733034
1.968000,579.248000,3.744666
9.840000,1509.456000,1.368847
19.024000,2051.312000,1.209542
20.336000,1328.400000,0.905338
8.528000,2636.464000,2.590629
3.280000,591.056000,0.711104
36.080000,671.088000,3.089465
20.336000,773.424000,1.497463
24.272000,3030.064000,8.560902
3.280000,1767.920000,4.255764
4.592000,1564.560000,7.631740
0.656000,860.016000,4.160715
19.024000,556.944000,5.577361
20.336000,3196.688000,1.209043
24.272000,2112.976000,3.986334
37.392000,1670.832000,2.153776
9.840000,2681.072000,2.116048
24.272000,1243.120000,3.748247
0.656000,765.552000,3.269750
3.280000,1126.352000,1.340972
26.896000,781.296000,2.082465
33.456000,2719.120000,4.576101
20.336000,2905.424000,11.815814
19.024000,2513.136000,5.849922
29.520000,2074.928000,4.312109
24.272000,1462.224000,3.199893
0.656000,1027.952000,2.964655
0.656000,3081.232000,2.473502
34.768000,2656.144000,2.557442
21.648000,2370.128000,1.057314
20.336000,1194.576000,2.430545
21.648000,2828.016000,4.055565
17.712000,2569.552000,1.224985
17.712000,1602.608000,1.692715
34.768000,189.584000,0.899372
20.336000,3015.632000,3.307545
4.592000,2494.768000,6.348762
22.960000,2851.632000,0.852122
28.208000,2275.664000,1.655895
32.144000,3154.704000,3.597808
3.280000,2685.008000,13.666259
37.392000,1731.184000,7.769328
26.896000,1937.168000,0.700467
34.768000,2641.712000,6.093718
22.960000,1039.760000,7.585222
20.336000,1954.224000,4.630558
36.080000,2422.608000,8.575404
0.656000,1535.696000,1.050508
0.656000,2944.784000,0.680080
1.968000,1139.472000,5.683419
28.208000,1274.608000,8.288343
32.144000,2010.640000,3.763055
26.896000,234.192000,1.737203
1.968000,2316.336000,7.758081
8.528000,668.464000,2.410746
8.528000,1045.008000,1.852674
0.656000,15.088000,1.631501
11.152000,59.696000,2.357428
16.400000,2524.944000,3.741545
37.392000,1357.264000,1.587408
25.584000,285.360000,2.907181
33.456000,896.752000,2.982556
12.464000,1531.760000,2.001434
15.088000,32.144000,1.820582
26.896000,302.416000,4.212650
20.336000,2416.048000,5.349565
9.840000,398.192000,1.402798
5.904000,2455.408000,1.011858
21.648000,1355.952000,4.837356
8.528000,2721.744000,2.061700
26.896000,2877.872000,1.378649
3.280000,2160.208000,3.003906
12.464000,1847.952000,3.813598
38.704000,2855.568000,1.688027
29.520000,2671.888000,4.363084
3.280000,2164.144000,2.011850
15.088000,669.776000,1.760879
7.216000,24.272000,1.869655
24.272000,1980.464000,13.396871
28.208000,804.912000,0.809391
7.216000,3024.816000,2.832318
17.712000,2721.744000,0.956037
1.968000,2061.808000,3.222747
34.768000,2616.784000,13.171310
33.456000,2632.528000,1.655971
30.832000,1127.664000,6.831063
11.152000,808.848000,12.560753
37.392000,715.696000,6.197090
16.400000,2792.592000,9.911797
34.768000,693.392000,3.503131
36.080000,2183.824000,1.563468
15.088000,2291.408000,2.098001
28.208000,734.064000,2.112745
0.656000,743.248000,1.452505
22.960000,1113.232000,2.598002
33.456000,2202.192000,1.270545
26.896000,1889.936000,3.318014
21.648000,1472.720000,5.721035
22.960000,2725.680000,2.242365
19.024000,1901.744000,4.434871
38.704000,1699.696000,3.771381
15.088000,1504.208000,2.585540
5.904000,884.944000,4.304519
16.400000,2098.544000,3.216163
32.144000,1518.640000,1.569970
37.392000,2925.104000,0.947940
8.528000,2544.624000,12.644661
13.776000,390.320000,3.100026
22.960000,2757.168000,8.624133
17.712000,529.392000,3.069748
17.712000,3204.560000,1.582843
21.648000,1623.600000,2.093379
17.712000,2342.576000,3.644303
11.152000,2960.528000,0.704818
29.520000,836.400000,2.240121
0.656000,2968.400000,0.690314
19.024000,1514.704000,1.517857
16.400000,2776.848000,8.987259
28.208000,1197.200000,1.672290
5.904000,860.016000,3.868153
30.832000,1388.752000,2.108694
15.088000,1079.120000,6.048461
3.280000,2555.120000,2.621214
13.776000,374.576000,6.846374
21.648000,1403.184000,11.171860
32.144000,2468.528000,2.326678
8.528000,2515.760000,6.638122
0.656000,648.784000,1.657689
20.336000,2170.704000,1.812016
8.528000,2900.176000,4.625247
34.768000,1018.768000,6.000880
30.832000,2677.136000,5.887239
34.768000,572.688000,1.293071
0.656000,987.280000,2.974000
22.960000,500.528000,1.415544
17.712000,3030.064000,5.339427
22.960000,2963.152000,2.706700
36.080000,2565.616000,5.301067
37.392000,2618.096000,4.937179
25.584000,242.064000,0.842270
22.960000,488.720000,1.768229
7.216000,3209.808000,0.794786
8.528000,2262.544000,2.674851
30.832000,2190.384000,4.635515
8.528000,102.992000,5.276838
12.464000,1299.536000,2.360896
16.400000,2444.912000,9.773440
4.592000,1866.320000,6.343424
26.896000,631.728000,1.208972
34.768000,1069.936000,3.537425
32.144000,308.976000,2.568596
12.464000,2119.536000,8.542103
11.152000,2253.360000,3.606171
26.896000,2650.896000,0.800926
28.208000,2595.792000,5.786919
26.896000,1016.144000,0.729981
26.896000,585.808000,0.720200
36.080000,2358.320000,8.954048
20.336000,354.896000,0.869447
0.656000,1567.184000,9.027023
11.152000,2950.032000,5.962822
30.832000,1046.320000,3.164335
32.144000,2565.616000,1.436247
1.968000,2423.920000,3.613052
25.584000,1657.712000,2.916295
30.832000,2090.672000,1.294231
13.776000,1462.224000,1.710760
9.840000,3065.488000,5.422562
37.392000,293.232000,2.566116
34.768000,584.496000,2.086004
20.336000,2214.000000,7.171817
17.712000,878.384000,17.036147
0.656000,598.928000,6.757955
1.968000,1886.000000,1.315489
26.896000,1502.896000,1.033282
34.768000,1837.456000,11.404059
11.152000,2018.512000,5.956869
8.528000,1382.192000,1.033736
25.584000,32.144000,12.204960
13.776000,2780.784000,1.066348
16.400000,1643.280000,9.068995
33.456000,2259.920000,0.851198
25.584000,2951.344000,5.955456
28.208000,995.152000,4.816539
8.528000,917.744000,5.218214
32.144000,1807.280000,2.043366
32.144000,890.192000,1.720399
19.024000,705.200000,3.123447
26.896000,1062.064000,0.687090
29.520000,3218.992000,2.099203
36.080000,1209.008000,5.371219
8.528000,1012.208000,1.540706
32.144000,167.280000,8.916443
25.584000,781.296000,2.924662
25.584000,1808.592000,7.756425
5.904000,2923.792000,6.389419
36.080000,1758.736000,2.313083
36.080000,2837.200000,2.113733
13.776000,1068.624000,4.212187
8.528000,1426.800000,2.369365
30.832000,2114.288000,5.412363
0.656000,3153.392000,2.240476
13.776000,640.912000,1.927715
37.392000,2139.216000,11.500049
34.768000,1174.896000,2.519849
28.208000,1106.672000,3.329020
33.456000,2455.408000,2.009126
11.152000,2830.640000,1.077858
15.088000,34.768000,1.566700
16.400000,1243.120000,2.100582
7.216000,768.176000,3.230199
28.208000,385.072000,0.929459
1.968000,339.152000,6.175125
33.456000,2803.088000,2.360369
36.080000,2342.576000,4.115446
0.656000,1144.720000,7.718994
13.776000,335.216000,9.314957
30.832000,505.776000,0.982352
1.968000,135.792000,1.785571
4.592000,162.032000,1.194537
3.280000,3020.880000,4.215282
0.656000,836.400000,1.714113
7.216000,1467.472000,3.472375
5.904000,16.400000,2.112884
22.960000,1432.048000,4.673100
24.272000,779.984000,1.203567
9.840000,2148.400000,1.212397
21.648000,572.688000,4.618758
38.704000,1609.168000,9.402137
5.904000,1914.864000,3.016618
34.768000,2804.400000,6.321202
24.272000,3141.584000,8.874109
17.712000,3163.888000,1.730532
19.024000,2253.360000,6.669754
24.272000,1538.320000,1.269580
19.024000,1846.640000,2.250911
3.280000,881.008000,0.836656
38.704000,454.608000,2.595111
9.840000,1722.000000,3.393496
28.208000,2354.384000,0.699631
28.208000,3057.616000,2.921583
4.592000,3018.256000,1.435516
29.520000,2282.224000,7.232562
19.024000,833.776000,11.543399
24.272000,781.296000,3.036578
24.272000,756.368000,4.435327
26.896000,2077.552000,3.224802
34.768000,1917.488000,6.865371
9.840000,2316.336000,0.915982
4.592000,2486.896000,3.541626
5.904000,244.688000,1.177814
22.960000,2406.864000,1.578672
15.088000,2858.192000,1.520029
3.280000,1429.424000,3.034835
29.520000,2985.456000,4.347531
25.584000,2522.320000,3.344775
21.648000,1509.456000,6.516503
25.584000,2775.536000,4.242993
0.656000,2776.848000,8.776955
29.520000,1097.488000,5.134506
3.280000,416.560000,2.447542
22.960000,2906.736000,5.698182
32.144000,2338.640000,2.582032
28.208000,848.208000,1.818858
11.152000,2008.016000,1.665267
38.704000,1959.472000,1.627737
8.528000,1462.224000,2.500951
34.768000,2902.800000,5.371834
1.968000,823.280000,1.997262
28.208000,474.288000,4.337238
7.216000,1209.008000,4.156897
22.960000,2820.144000,5.265057
15.088000,1610.480000,1.373834
33.456000,1206.384000,7.561084
32.144000,2538.064000,0.718900
25.584000,831.152000,11.523898
15.088000,673.712000,9.108243
17.712000,3218.992000,5.621102
15.088000,694.704000,8.757044
33.456000,2183.824000,3.424584
37.392000,2775.536000,2.603689
7.216000,1135.536000,8.106037
0.656000,2560.368000,1.443160
4.592000,1809.904000,3.554508
22.960000,1395.312000,12.049682
21.648000,2068.368000,2.495245
29.520000,1748.240000,5.766636
17.712000,726.192000,1.300371
13.776000,1342.832000,5.734688
12.464000,1216.880000,1.678432
12.464000,3221.616000,1.690343
11.152000,2378.000000,10.416666
21.648000,2143.152000,3.143735
25.584000,2831.952000,4.095562
0.656000,732.752000,6.847282
37.392000,2102.480000,4.456568
28.208000,1076.496000,0.810446
34.768000,862.640000,5.556775
17.712000,2772.912000,1.156220
5.904000,740.624000,1.162106
9.840000,1547.504000,8.236871
4.592000,2646.960000,1.238293
22.960000,921.680000,5.001612
38.704000,1181.456000,2.920738
25.584000,2993.328000,2.159259
22.960000,2581.360000,8.065182
13.776000,769.488000,2.491697
7.216000,2994.640000,5.112981
32.144000,1178.832000,1.006513
8.528000,2688.944000,1.554416
24.272000,2851.632000,2.195706
37.392000,2203.504000,1.895289
11.152000,1155.216000,3.050455
1.968000,2496.080000,2.272308
34.768000,2426.544000,10.795346
24.272000,1548.816000,3.684839
5.904000,558.256000,2.096604
33.456000,385.072000,7.706031
3.280000,1529.136000,1.786341
22.960000,2968.400000,1.100028
0.656000,2127.408000,5.641518
11.152000,146.288000,2.874257
29.520000,1716.752000,1.461274
21.648000,863.952000,3.444166
30.832000,2448.848000,5.846034
9.840000,3217.680000,2.242167
17.712000,1075.184000,2.311148
22.960000,311.600000,3.640093
4.592000,1373.008000,5.868078
36.080000,1127.664000,3.407513
15.088000,1009.584000,10.571982
37.392000,2069.680000,2.940581
11.152000,3138.960000,0.948120
21.648000,2623.344000,2.828621
33.456000,899.376000,7.413432
11.152000,2464.592000,4.838805
24.272000,263.056000,2.813469
5.904000,3094.352000,5.619368
30.832000,2549.872000,3.453985
13.776000,955.792000,2.168829
26.896000,2602.352000,2.486876
38.704000,2922.480000,4.150970
8.528000,2793.904000,10.679587
29.520000,236.816000,1.626528
29.520000,761.616000,2.348928
4.592000,2172.016000,0.863698
19.024000,1802.032000,12.731122
16.400000,1509.456000,0.913307
9.840000,1966.032000,2.849564
29.520000,2964.464000,6.879388
24.272000,1022.704000,1.092142
24.272000,118.736000,3.258835
4.592000,230.256000,1.907644
34.768000,205.328000,9.310542
19.024000,441.488000,2.132517
9.840000,2611.536000,1.396398
16.400000,3069.424000,5.198278
19.024000,1071.248000,1.267148
7.216000,528.080000,2.362725
37.392000,1529.136000,3.110365
36.080000,789.168000,1.488940
37.392000,383.760000,2.589586
26.896000,2782.096000,2.113355
20.336000,3006.448000,1.207568
19.024000,2826.704000,2.339400
29.520000,1581.616000,4.760401
29.520000,845.584000,5.412167
32.144000,3089.104000,5.617683
11.152000,3110.096000,16.574457
24.272000,555.632000,1.301136
28.208000,1193.264000,5.566028
5.904000,1005.648000,1.158315
32.144000,180.400000,4.955368
22.960000,520.208000,4.721688
7.216000,2489.520000,1.331302
34.768000,1446.480000,4.427891
25.584000,3177.008000,2.618737
32.144000,1735.120000,2.392450
24.272000,1060.752000,3.650950
25.584000,2346.512000,0.794891
8.528000,2017.200000,5.190460
33.456000,1882.064000,0.892276
36.080000,522.832000,1.378527
12.464000,954.480000,2.078485
8.528000,3212.432000,3.667902
5.904000,461.168000,0.909556
8.528000,2782.096000,4.483027
17.712000,303.728000,3.325435
13.776000,2183.824000,1.399130
32.144000,774.736000,2.871160
24.272000,2120.848000,4.159470
28.208000,2437.040000,0.957993
8.528000,2761.104000,16.195277
25.584000,1268.048000,0.974031
19.024000,2833.264000,2.813435
22.960000,2817.520000,2.778894
5.904000,1397.936000,2.661368
28.208000,681.584000,1.402755
9.840000,104.304000,11.990569
12.464000,3077.296000,2.091690
13.776000,349.648000,3.741568
26.896000,1121.104000,1.781921
4.592000,783.920000,16.168569
4.592000,555.632000,1.688464
1.968000,3010.384000,4.478195
20.336000,3022.192000,2.081581
36.080000,2151.024000,3.456859
12.464000,2717.808000,18.362898
3.280000,1896.496000,3.095974
9.840000,2750.608000,2.580894
26.896000,2032.944000,1.118913
0.656000,1737.744000,1.866161
20.336000,3150.768000,7.015696
37.392000,2051.312000,13.953920
5.904000,1976.528000,5.945007
30.832000,97.744000,6.815818
30.832000,2019.824000,0.840644
29.520000,1462.224000,2.389583
30.832000,1357.264000,15.256031
16.400000,2877.872000,13.514539
22.960000,2652.208000,3.063992
22.960000,992.528000,2.713945
24.272000,1546.192000,7.513014
13.776000,1258.864000,0.957197
19.024000,3201.936000,15.657412
19.024000,509.712000,1.372389
4.592000,2742.736000,1.354042
15.088000,1310.032000,0.787247
17.712000,2287.472000,6.182124
13.776000,1075.184000,1.571254
21.648000,222.384000,3.251846
9.840000,1749.552000,4.235524
34.768000,1690.512000,2.033755
29.520000,3077.296000,2.332489
33.456000,234.192000,4.909155
11.152000,3157.328000,1.242605
12.464000,2139.216000,0.763198
16.400000,1850.576000,14.182430
20.336000,1626.224000,4.180995
3.280000,100.368000,5.546999
1.968000,962.352000,2.524750
33.456000,2471.152000,1.818030
4.592000,1313.968000,2.603536
38.704000,239.440000,5.513290
0.656000,1805.968000,2.898065
5.904000,2095.920000,6.314021
24.272000,1960.784000,0.918804
33.456000,1489.776000,2.410783
13.776000,1102.736000,0.851214
5.904000,219.760000,3.227638
3.280000,555.632000,1.566728
8.528000,445.424000,3.263646
32.144000,1380.880000,5.192700
13.776000,978.096000,1.843885
25.584000,404.752000,1.211890
9.840000,535.952000,1.882000
13.776000,2826.704000,3.128293
5.904000,953.168000,9.640593
3.280000,2240.240000,0.994699
13.776000,1366.448000,0.972781
5.904000,2000.144000,0.876362
5.904000,2234.992000,2.602225
20.336000,2258.608000,2.231034
29.520000,2772.912000,1.651738
28.208000,2245.488000,2.200406
26.896000,786.544000,6.992257
5.904000,1920.112000,0.898859
7.216000,2694.192000,4.752651
11.152000,1273.296000,2.139263
16.400000,3208.496000,3.348795
19.024000,2089.360000,3.690207
32.144000,1514.704000,4.095968
12.464000,1076.496000,0.846968
33.456000,329.968000,5.215595
13.776000,2194.320000,0.723190
16.400000,3199.312000,1.176776
7.216000,755.056000,0.867078
26.896000,1703.632000,3.521330
8.528000,466.416000,0.964954
5.904000,1821.712000,9.903281
13.776000,2032.944000,1.083999
12.464000,3177.008000,3.979928
16.400000,1373.008000,3.438621
24.272000,689.456000,3.934261
28.208000,867.888000,2.500018
24.272000,2412.112000,4.060238
34.768000,1397.936000,1.422043
16.400000,2502.640000,2.448143
20.336000,974.160000,3.865728
24.272000,1130.288000,1.165515
11.152000,459.856000,10.195944
34.768000,2109.040000,0.840990
21.648000,2438.352000,9.967388
5.904000,2061.808000,2.528325
8.528000,141.040000,3.896459
0.656000,72.816000,4.505861
17.712000,415.248000,5.148896
15.088000,2982.832000,1.320966
3.280000,779.984000,2.381615
29.520000,1833.520000,2.665155
19.024000,1543.568000,3.079692
9.840000,863.952000,4.664732
29.520000,1990.960000,2.373997
22.960000,937.424000,7.433526
30.832000,2227.120000,0.815702
28.208000,3177.008000,5.092655
30.832000,2383.248000,1.469196
0.656000,2262.544000,0.895984
38.704000,717.008000,0.728811
12.464000,214.512000,1.500288
3.280000,1975.216000,4.074698
15.088000,1454.352000,10.703691
0.656000,1354.640000,1.253322
36.080000,2845.072000,4.078529
37.392000,441.488000,2.297416
21.648000,2130.032000,6.463748
15.088000,413.936000,5.985264
32.144000,612.048000,3.860112
8.528000,719.632000,4.063676
28.208000,2896.240000,8.347349
22.960000,11.152000,1.692287
24.272000,2357.008000,1.782256
15.088000,3161.264000,7.663616
25.584000,2266.480000,4.513232
25.584000,2214.000000,12.132379
16.400000,1815.152000,4.464731
7.216000,2060.496000,1.415100
20.336000,553.008000,7.830189
15.088000,2301.904000,9.969000
5.904000,1169.648000,2.628701
38.704000,2477.712000,6.370265
0.656000,398.192000,1.873965
33.456000,2019.824000,1.058255
37.392000,1993.584000,2.301079
36.080000,650.096000,1.745691
1.968000,2059.184000,8.776171
19.024000,1748.240000,1.500534
15.088000,1329.712000,2.488688
19.024000,3204.560000,1.212781
32.144000,2014.576000,4.136037
17.712000,1017.456000,2.611769
28.208000,2107.728000,0.878233
34.768000,266.992000,2.306962
8.528000,1988.336000,11.744783
13.776000,434.928000,2.817549
20.336000,3047.120000,1.086131
3.280000,2300.592000,10.278051
16.400000,2569.552000,3.777687
32.144000,555.632000,4.698820
7.216000,1429.424000,3.252328
0.656000,930.864000,1.083219
17.712000,617.296000,9.753253
37.392000,308.976000,0.956144
29.520000,2866.064000,5.310805
5.904000,1538.320000,1.111113
0.656000,322.096000,9.079863
7.216000,221.072000,8.130444
15.088000,1211.632000,1.610827
13.776000,257.808000,4.211122
12.464000,150.224000,3.934857
26.896000,2367.504000,1.309534
4.592000,2650.896000,5.092481
24.272000,1106.672000,8.912497
3.280000,3163.888000,5.130042
29.520000,555.632000,3.893769
19.024000,2174.640000,1.275462
28.208000,2477.712000,3.511073
34.768000,2887.056000,11.574844
36.080000,2972.336000,11.624842
13.776000,496.592000,4.380645
17.712000,1357.264000,1.152894
3.280000,677.648000,1.159165
11.152000,710.448000,5.090076
15.088000,651.408000,1.008263
28.208000,900.688000,1.765945
36.080000,1176.208000,1.704279
8.528000,3108.784000,10.239128
9.840000,1844.016000,2.685020
34.768000,1459.600000,7.245822
25.584000,2639.088000,3.661039
26.896000,1636.720000,6.857563
12.464000,2413.424000,4.831236
9.840000,2633.840000,0.802019
12.464000,1815.152000,0.825542
16.400000,2664.016000,3.114622
32.144000,1101.424000,2.312173
28.208000,3032.688000,6.042736
34.768000,1611.792000,8.555888
11.152000,705.200000,1.843104
34.768000,1914.864000,1.926326
0.656000,113.488000,3.730228
1.968000,1285.104000,0.702831
5.904000,3182.256000,10.277489
0.656000,2313.712000,11.002933
8.528000,1649.840000,7.903490
16.400000,3124.528000,2.986131
12.464000,1310.032000,0.865310
15.088000,1163.088000,0.791215
26.896000,2196.944000,1.123947
20.336000,389.008000,4.499963
13.776000,1479.280000,0.676236
20.336000,1316.592000,0.974703
32.144000,3128.464000,5.478983
33.456000,2225.808000,3.078326
25.584000,779.984000,1.385560
15.088000,2046.064000,3.590879
8.528000,2992.016000,0.843108
0.656000,2275.664000,1.184151
26.896000,1458.288000,0.855110
38.704000,2615.472000,3.106865
29.520000,1437.296000,4.383664
38.704000,1505.520000,2.113585
9.840000,57.072000,4.385502
26.896000,2392.432000,1.233585
0.656000,1698.384000,1.089461
7.216000,1096.176000,2.305765
26.896000,3216.368000,3.196908
26.896000,147.600000,3.010905
26.896000,2670.576000,0.787433
0.656000,1628.848000,16.083185
0.656000,2788.656000,1.420634
33.456000,2191.696000,1.054164
4.592000,1910.928000,2.002167
29.520000,1481.904000,1.972610
19.024000,3205.872000,1.932778
37.392000,782.608000,1.514893
32.144000,1270.672000,1.014164
7.216000,2767.664000,2.184497
16.400000,3204.560000,0.835570
7.216000,1031.888000,17.204279
17.712000,2416.048000,5.584373
25.584000,2034.256000,1.092552
1.968000,697.328000,13.959275
7.216000,238.128000,6.727307
37.392000,975.472000,3.764870
19.024000,105.616000,6.538103
29.520000,3120.592000,12.366123
16.400000,3178.320000,6.106424
30.832000,1211.632000,3.863631
20.336000,731.440000,2.984440
17.712000,252.560000,2.923841
15.088000,2244.176000,2.939931
29.520000,1589.488000,5.094384
3.280000,684.208000,8.439796
38.704000,295.856000,2.532982
38.704000,1657.712000,2.084253
29.520000,2088.048000,1.205735
13.776000,1896.496000,3.713915
0.656000,2559.056000,4.339204
36.080000,3110.096000,1.674277
26.896000,1500.272000,0.964475
33.456000,597.616000,2.375993
28.208000,316.848000,0.733553
25.584000,3115.344000,5.106489
4.592000,164.656000,7.294369
17.712000,825.904000,1.953743
19.024000,2099.856000,2.570344
4.592000,1792.848000,4.508415
34.768000,184.336000,4.053862
20.336000,1034.512000,7.308628
8.528000,2091.984000,7.181962
30.832000,1174.896000,4.742569
25.584000,1742.992000,1.220127
32.144000,958.416000,12.545172
36.080000,1861.072000,6.288950
16.400000,1989.648000,4.431454
26.896000,395.568000,3.018254
5.904000,1767.920000,6.902554
9.840000,504.464000,1.757148
25.584000,631.728000,2.448628
36.080000,1302.160000,5.147266
3.280000,2434.416000,3.063744
1.968000,381.136000,2.186625
21.648000,950.544000,2.457563
5.904000,2480.336000,4.006134
13.776000,318.160000,1.073061
30.832000,126.608000,7.468304
30.832000,1636.720000,5.483190
25.584000,281.424000,3.434870
19.024000,1975.216000,3.618245
30.832000,2551.184000,4.538865
21.648000,101.680000,0.943571
0.656000,450.672000,4.919769
12.464000,2414.736000,1.400419
16.400000,2186.448000,4.303516
7.216000,2568.240000,5.042138
21.648000,1123.728000,2.889771
8.528000,800.976000,2.823688
29.520000,1871.568000,2.532138
22.960000,828.528000,0.907409
1.968000,3034.000000,1.832423
32.144000,2444.912000,2.401385
36.080000,1704.944000,1.786738
12.464000,1380.880000,5.434440
24.272000,12.464000,4.927481
25.584000,112.176000,8.862992
37.392000,907.248000,2.542180
11.152000,1769.232000,5.526698
8.528000,219.760000,3.876482
30.832000,1161.776000,2.174313
4.592000,181.712000,3.938673
16.400000,1996.208000,8.887319
38.704000,2140.528000,1.584050
21.648000,85.936000,0.980106
5.904000,2065.744000,13.171081
5.904000,1400.560000,7.315745
21.648000,242.064000,0.860274
33.456000,1327.088000,1.513404
22.960000,303.728000,3.649943
12.464000,644.848000,3.112973
9.840000,2451.472000,4.521601
21.648000,320.784000,2.902029
17.712000,2805.712000,6.369709
26.896000,891.504000,6.107630
20.336000,1306.096000,17.314669
24.272000,766.864000,2.671126
5.904000,2374.064000,1.764113
29.520000,3166.512000,1.521307
7.216000,1316.592000,3.730672
13.776000,3182.256000,1.461004
22.960000,2417.360000,4.922739
1.968000,1052.880000,12.361238
21.648000,1729.872000,4.390321
34.768000,2586.608000,3.100420
20.336000,3108.784000,2.384771
5.904000,1950.288000,1.273192
38.704000,840.336000,9.452151
36.080000,1539.632000,8.275431
3.280000,1359.888000,2.582547
38.704000,2515.760000,0.773014
21.648000,1710.192000,3.685953
3.280000,963.664000,8.399890
20.336000,2355.696000,3.081902
4.592000,2488.208000,1.124979
0.656000,1623.600000,2.717472
19.024000,106.928000,2.078328
19.024000,1489.776000,1.790311
1.968000,1076.496000,2.475176
13.776000,2116.912000,4.711459
38.704000,625.168000,2.098694
32.144000,2628.592000,3.118953
13.776000,989.904000,4.340835
7.216000,1798.096000,1.186925
37.392000,1710.192000,7.797186
1.968000,1170.960000,2.648798
3.280000,1777.104000,1.503586
34.768000,1630.160000,11.997092
8.528000,425.744000,7.170195
11.152000,291.920000,3.334478
38.704000,2274.352000,4.573376
32.144000,305.040000,8.529929
3.280000,3178.320000,4.927276
8.528000,176.464000,2.016000
16.400000,1958.160000,5.758041
0.656000,1963.408000,3.035753
7.216000,215.824000,5.931318
19.024000,3098.288000,2.723404
11.152000,2413.424000,2.531124
0.656000,2759.792000,6.693638
9.840000,1294.288000,1.826113
13.776000,2014.576000,8.933970
20.336000,326.032000,0.965301
25.584000,945.296000,2.019423
34.768000,696.016000,2.965833
19.024000,1643.280000,3.107016
8.528000,863.952000,3.792148
11.152000,123.984000,3.460552
16.400000,165.968000,4.307555
25.584000,1942.416000,6.132574
37.392000,3195.376000,1.257236
22.960000,172.528000,1.042446
36.080000,665.840000,3.874648
0.656000,1306.096000,5.453168
9.840000,1042.384000,1.760285
9.840000,483.472000,4.127311
33.456000,2586.608000,3.842336
11.152000,1643.280000,6.237500
33.456000,5.904000,1.973749
37.392000,1455.664000,0.790529
4.592000,433.616000,7.252074
22.960000,1060.752000,10.251341
12.464000,1211.632000,2.275122
1.968000,946.608000,1.476674
1.968000,2572.176000,6.816830
4.592000,1938.480000,4.342475
1.968000,932.176000,1.056815
17.712000,234.192000,5.690712
21.648000,2022.448000,6.357336
17.712000,966.288000,7.589425
12.464000,1648.528000,1.225606
16.400000,85.936000,2.279807
17.712000,2604.976000,2.119823
20.336000,968.912000,1.813217
25.584000,1445.168000,0.657405
26.896000,71.504000,1.893461
36.080000,1107.984000,15.621506
34.768000,3034.000000,4.721701
8.528000,732.752000,3.582604
9.840000,2429.168000,0.972373
26.896000,593.680000,0.804795
33.456000,453.296000,6.104869
9.840000,2265.168000,4.040972
5.904000,2787.344000,1.601198
5.904000,2046.064000,2.398548
1.968000,1188.016000,6.330897
30.832000,3039.248000,9.269353
38.704000,225.008000,2.164392
28.208000,2545.936000,3.429232
12.464000,299.792000,0.962319
34.768000,1513.392000,6.321070
3.280000,3044.496000,7.411420
17.712000,2095.920000,8.243585
32.144000,783.920000,4.851397
28.208000,1184.080000,2.799333
25.584000,1615.728000,0.987318
13.776000,2473.776000,9.653968
24.272000,1945.040000,2.637338
21.648000,1917.488000,5.242453
17.712000,1358.576000,3.039858
17.712000,1741.680000,0.742048
8.528000,1749.552000,3.052325
5.904000,133.168000,3.002727
19.024000,1993.584000,5.035097
37.392000,74.128000,6.055890
22.960000,2067.056000,3.953826
15.088000,169.904000,3.384131
19.024000,3216.368000,8.694929
19.024000,172.528000,1.085853
17.712000,299.792000,3.736582
12.464000,2122.160000,2.046351
26.896000,265.680000,9.149673
19.024000,2469.840000,3.472119
11.152000,1723.312000,0.979850
11.152000,3099.600000,2.459343
15.088000,207.952000,4.887632
37.392000,3087.792000,3.260900
24.272000,1257.552000,0.968494
13.776000,2518.384000,1.398929
20.336000,1531.760000,1.794424
1.968000,1981.776000,2.699180
8.528000,247.312000,17.129772
12.464000,1853.200000,1.432994
37.392000,2797.840000,2.860689
38.704000,462.480000,1.515497
33.456000,2556.432000,14.178873
38.704000,172.528000,3.126300
20.336000,3057.616000,1.450511
29.520000,2423.920000,11.220123
29.520000,3194.064000,1.033203
4.592000,2586.608000,1.919056
11.152000,2334.704000,8.725187
16.400000,333.904000,5.531933
1.968000,3066.800000,11.397488
3.280000,2312.400000,2.135737
21.648000,1508.144000,8.062023
29.520000,1506.832000,3.294248
25.584000,900.688000,0.689552
8.528000,3027.440000,0.963970
20.336000,70.192000,3.697143
30.832000,1998.832000,2.812127
29.520000,747.184000,0.914286
12.464000,1232.624000,10.316828
5.904000,555.632000,2.508940
29.520000,894.128000,0.921366
20.336000,2645.648000,1.509067
5.904000,761.616000,2.404267
25.584000,1433.360000,3.722688
29.520000,2460.656000,6.689734
3.280000,1086.992000,10.888126
30.832000,823.280000,2.141294
24.272000,2990.704000,13.757655
28.208000,2370.128000,2.678875
7.216000,1830.896000,0.709171
34.768000,329.968000,4.811801
19.024000,2887.056000,2.250296
19.024000,312.912000,3.027682
4.592000,581.872000,2.082339
17.712000,2258.608000,3.262161
13.776000,43.952000,1.694430
22.960000,747.184000,2.282003
3.280000,1851.888000,1.834198
0.656000,2791.280000,1.484248
38.704000,410.000000,3.159428
29.520000,2870.000000,1.312489
11.152000,274.864000,2.717237
11.152000,1530.448000,3.224103
37.392000,1620.976000,5.505610
37.392000,1702.320000,2.391117
28.208000,774.736000,0.933821
9.840000,3093.040000,6.466718
28.208000,1156.528000,3.569849
24.272000,29.520000,1.187480
30.832000,1432.048000,8.673635
13.776000,2580.048000,7.316355
34.768000,1407.120000,3.667490
15.088000,2765.040000,0.832498
12.464000,2009.328000,1.993209
30.832000,3136.336000,3.024995
38.704000,1287.728000,2.395362
16.400000,2099.856000,5.940621
29.520000,1808.592000,6.428608
5.904000,748.496000,5.637758
15.088000,2502.640000,1.658850
33.456000,2755.856000,1.748025
9.840000,1016.144000,1.616876
7.216000,972.848000,4.296723
21.648000,2158.896000,1.812321
34.768000,1850.576000,3.897422
12.464000,345.712000,2.137844
1.968000,947.920000,3.324484
32.144000,3207.184000,1.882543
22.960000,1973.904000,2.724859
29.520000,2438.352000,4.360406
16.400000,2555.120000,1.002828
38.704000,1938.480000,2.204742
4.592000,1084.368000,1.913155
32.144000,980.720000,4.182289
12.464000,181.712000,1.225189
11.152000,532.016000,2.842899
4.592000,2729.616000,3.500500
26.896000,441.488000,1.725778
5.904000,2050.000000,4.259843
21.648000,1879.440000,2.589608
20.336000,1969.968000,6.752083
11.152000,2656.144000,4.353213
20.336000,623.856000,1.214955
12.464000,3027.440000,8.348156
22.960000,2618.096000,2.125480
15.088000,1924.048000,1.994969
28.208000,49.200000,9.349530
21.648000,1387.440000,3.411564
13.776000,1194.576000,8.176122
38.704000,85.936000,0.936731
0.656000,2124.784000,0.830503
0.656000,1525.200000,1.409089
37.392000,2788.656000,1.623156
34.768000,2581.360000,1.912631
7.216000,2711.248000,2.593258
4.592000,2397.680000,2.959078
28.208000,800.976000,3.777842
29.520000,339.152000,1.682349
3.280000,2412.112000,13.354645
36.080000,693.392000,0.841116
32.144000,1744.304000,2.118789
1.968000,1114.544000,4.702731
26.896000,2312.400000,1.264257
7.216000,3175.696000,1.241723
26.896000,2821.456000,7.291744
34.768000,1055.504000,2.396259
20.336000,530.704000,4.902790
34.768000,2974.960000,0.753356
1.968000,87.248000,8.190022
30.832000,1271.984000,1.114539
9.840000,678.960000,17.872593
11.152000,1450.416000,1.163149
34.768000,3163.888000,8.183082
0.656000,26.896000,4.854003
25.584000,2822.768000,0.687990
16.400000,2328.144000,3.038432
28.208000,1143.408000,0.991414
11.152000,1778.416000,1.699248
20.336000,2896.240000,1.956583
36.080000,1866.320000,0.759889
8.528000,907.248000,1.161600
4.592000,1104.048000,1.101819
25.584000,3011.696000,1.930623
15.088000,2143.152000,0.912193
20.336000,2786.032000,16.511022
33.456000,3034.000000,0.691725
8.528000,42.640000,4.833893
21.648000,1248.368000,2.758172
3.280000,2115.600000,4.336900
0.656000,985.968000,0.681970
7.216000,1753.488000,2.152008
19.024000,675.024000,3.312772
5.904000,765.552000,0.684637
19.024000,701.264000,1.028323
21.648000,1135.536000,9.494829
11.152000,139.728000,5.864029
7.216000,1400.560000,7.948321
16.400000,2149.712000,0.815779
32.144000,2195.632000,11.114835
26.896000,78.064000,6.374406
32.144000,318.160000,10.503125
24.272000,1904.368000,1.456868
12.464000,916.432000,3.493554
1.968000,383.760000,10.119775
17.712000,2368.816000,4.002694
26.896000,629.104000,3.133245
36.080000,1230.000000,5.096381
29.520000,2126.096000,5.079467
29.520000,1159.152000,3.023248
17.712000,3142.896000,8.773069
34.768000,1396.624000,6.683355
16.400000,2700.752000,1.971505
30.832000,2665.328000,3.573533
33.456000,1340.208000,9.949088
25.584000,2461.968000,2.315680
5.904000,2447.536000,3.305064
1.968000,2215.312000,1.082023
9.840000,1708.880000,5.867825
26.896000,1858.448000,1.946052
13.776000,1031.888000,0.898597
22.960000,1064.688000,1.267375
5.904000,2073.616000,3.558839
33.456000,2190.384000,5.249736
13.776000,697.328000,4.247791
17.712000,528.080000,3.305748
36.080000,1603.920000,3.715211
4.592000,709.136000,2.720103
33.456000,2995.952000,3.402715
17.712000,1500.272000,1.941537
9.840000,1253.616000,0.731574
20.336000,2953.968000,0.841148
1.968000,1328.400000,5.461307
34.768000,8.528000,1.682169
20.336000,1096.176000,4.332281
37.392000,70.192000,13.144874
8.528000,1321.840000,2.188205
8.528000,126.608000,7.465883
33.456000,2404.240000,2.708529
29.520000,1862.384000,3.474702
33.456000,1262.800000,1.025819
22.960000,1812.528000,10.287963
30.832000,2688.944000,3.565582
24.272000,269.616000,1.929801
32.144000,1012.208000,0.664271
26.896000,2800.464000,3.554593
25.584000,2423.920000,0.701778
29.520000,3013.008000,7.290055
19.024000,807.536000,2.264645
0.656000,1462.224000,3.395283
11.152000,2670.576000,1.211886
26.896000,945.296000,5.885664
36.080000,1411.056000,0.835857
0.656000,1167.024000,2.863116
38.704000,222.384000,12.289983
32.144000,1227.376000,11.435406
16.400000,1546.192000,3.986666
1.968000,899.376000,1.653068
15.088000,2078.864000,6.140999
26.896000,1491.088000,2.093554
38.704000,1367.760000,1.802540
30.832000,1170.960000,6.157336
17.712000,1672.144000,2.089734
19.024000,1958.160000,4.955915
13.776000,214.512000,1.525886
28.208000,3213.744000,1.791120
36.080000,3196.688000,0.849550
17.712000,1327.088000,1.413709
26.896000,2074.928000,4.653756
28.208000,2181.200000,6.055244
17.712000,1798.096000,13.633985
8.528000,1576.368000,2.241319
15.088000,139.728000,1.041178
25.584000,524.144000,9.697991
26.896000,2595.792000,5.783856
13.776000,2060.496000,2.633005
9.840000,1882.064000,0.662639
7.216000,3083.856000,6.123459
30.832000,2421.296000,8.391894
9.840000,2207.440000,1.400737
15.088000,1638.032000,10.214745
8.528000,227.632000,1.602403
19.024000,1594.736000,6.379017
26.896000,2166.768000,11.119754
1.968000,1790.224000,8.625172
37.392000,3220.304000,0.865713
26.896000,2460.656000,4.634565
4.592000,1509.456000,2.873812
17.712000,2774.224000,2.325673
1.968000,1257.552000,4.887110
38.704000,2459.344000,2.501512
29.520000,786.544000,3.498124
1.968000,1422.864000,2.396670
24.272000,1117.168000,3.453857
11.152000,453.296000,4.368181
3.280000,2572.176000,4.234803
19.024000,1828.272000,4.007167
24.272000,2884.432000,15.342246
4.592000,776.048000,4.463808
3.280000,350.960000,3.902442
25.584000,2856.880000,5.614025
20.336000,867.888000,2.654726
25.584000,2500.016000,3.289656
30.832000,1698.384000,2.540162
16.400000,503.152000,1.267222
17.712000,1718.064000,8.429352
33.456000,1021.392000,5.400153
15.088000,1391.376000,0.657635
12.464000,2284.848000,2.056124
19.024000,1677.392000,6.286475
5.904000,2527.568000,2.921427
34.768000,1842.704000,5.149536
34.768000,1125.040000,4.032360
22.960000,1711.504000,5.174492
5.904000,2704.688000,2.086326
22.960000,152.848000,3.787338
38.704000,2678.448000,1.187312
12.464000,120.048000,13.600235
12.464000,2804.400000,0.805020
17.712000,568.752000,3.050193
20.336000,689.456000,3.895038
33.456000,171.216000,4.249034
11.152000,2741.424000,10.981033
37.392000,802.288000,5.720100
9.840000,1674.768000,2.028691
19.024000,903.312000,2.745864
36.080000,2868.688000,1.513608
28.208000,141.040000,9.563106
1.968000,197.456000,1.372437
33.456000,1950.288000,2.188583
21.648000,2266.480000,1.287373
3.280000,1424.176000,2.347819
17.712000,823.280000,4.431811
15.088000,126.608000,1.007166
8.528000,2149.712000,0.701072
8.528000,908.560000,4.768570
17.712000,3212.432000,8.005896
21.648000,1718.064000,3.788552
4.592000,1781.040000,7.000566
12.464000,727.504000,2.517369
24.272000,1308.720000,4.378110
5.904000,1062.064000,4.265993
22.960000,1165.712000,8.081488
25.584000,1467.472000,3.754442
37.392000,253.872000,2.486672
30.832000,2961.840000,3.977986
9.840000,3212.432000,3.811545
32.144000,2480.336000,1.005790
34.768000,1680.016000,3.008120
20.336000,2556.432000,2.275086
0.656000,3057.616000,2.512527
21.648000,650.096000,0.836169
1.968000,2709.936000,8.565991
13.776000,1463.536000,6.148715
9.840000,1648.528000,8.666292
17.712000,989.904000,1.430332
7.216000,259.120000,0.833046
4.592000,655.344000,4.400864
7.216000,1746.928000,2.353814
36.080000,1336.272000,1.657865
34.768000,2695.504000,0.963533
1.968000,954.480000,5.671407
25.584000,392.944000,6.721055
22.960000,2982.832000,2.434437
16.400000,860.016000,1.865180
24.272000,1829.584000,3.372174
15.088000,408.688000,7.968817
0.656000,294.544000,4.573775
17.712000,3208.496000,1.459975
37.392000,2977.584000,0.812269
26.896000,3098.288000,0.963532
33.456000,121.360000,4.314043
19.024000,2681.072000,0.918094
32.144000,2418.672000,5.501775
3.280000,2820.144000,2.123680
4.592000,307.664000,1.045908
20.336000,497.904000,4.772935
17.712000,2753.232000,3.091792
24.272000,373.264000,2.766061
26.896000,1206.384000,5.686307
22.960000,2562.992000,2.271325
17.712000,2366.192000,5.781800
4.592000,1762.672000,1.960792
16.400000,2677.136000,3.535071
24.272000,2615.472000,9.189029
37.392000,1769.232000,2.333995
32.144000,40.016000,2.158280
33.456000,1432.048000,11.195223
22.960000,1463.536000,4.045498
21.648000,248.624000,5.386648
17.712000,1972.592000,0.903705
5.904000,1504.208000,2.169088
37.392000,2446.224000,2.756190
4.592000,3036.624000,4.414680
28.208000,533.328000,4.242357
3.280000,125.296000,2.585417
16.400000,961.040000,5.873372
19.024000,2792.592000,8.098114
17.712000,1073.872000,0.856525
22.960000,33.456000,3.226875
34.768000,1223.440000,4.265704
11.152000,849.520000,3.384747
4.592000,2414.736000,3.337655
15.088000,2850.320000,1.099621
13.776000,535.952000,5.395967
21.648000,537.264000,3.424673
11.152000,25.584000,1.922243
36.080000,1403.184000,2.327298
19.024000,2030.320000,2.271368
1.968000,1365.136000,11.036424
36.080000,1195.888000,2.256148
28.208000,2203.504000,1.256105
26.896000,1825.648000,4.944856
7.216000,2658.768000,2.619629
36.080000,252.560000,2.186504
19.024000,508.400000,8.664268
24.272000,181.712000,1.180291
12.464000,1135.536000,12.773564
8.528000,2890.992000,1.356815
20.336000,2446.224000,6.009704
34.768000,970.224000,4.818447
38.704000,979.408000,3.042373
30.832000,2789.968000,1.138285
21.648000,472.976000,0.697023
26.896000,2982.832000,4.933866
13.776000,3218.992000,3.461933
30.832000,2228.432000,0.955969
19.024000,1128.976000,2.217194
28.208000,155.472000,1.947977
36.080000,1729.872000,5.757606
36.080000,3218.992000,1.544134
13.776000,2421.296000,3.180946
21.648000,3009.072000,8.559428
38.704000,204.016000,0.677688
37.392000,1994.896000,1.474916
3.280000,1159.152000,4.668586
25.584000,2875.248000,7.254988
21.648000,1673.456000,3.625422
37.392000,961.040000,1.769337
28.208000,1420.240000,9.739038
20.336000,2237.616000,2.464803
8.528000,1222.128000,18.359553
9.840000,1467.472000,3.372243
5.904000,1362.512000,3.332601
22.960000,1698.384000,5.209708
26.896000,2761.104000,5.211747
5.904000,562.192000,3.037085
36.080000,1459.600000,2.173965
30.832000,532.016000,6.892784
38.704000,2321.584000,7.170815
0.656000,36.080000,2.943938
30.832000,1943.728000,1.435368
20.336000,1886.000000,5.187217
37.392000,535.952000,4.925558
0.656000,2725.680000,1.651889
32.144000,2061.808000,1.829705
26.896000,1412.368000,4.352513
16.400000,38.704000,10.030076
8.528000,2385.872000,1.884018
34.768000,602.864000,2.906995
8.528000,1824.336000,5.363346
26.896000,1052.880000,10.994575
36.080000,2296.656000,5.380512
0.656000,1908.304000,5.201295
37.392000,3024.816000,2.259623
33.456000,1047.632000,2.778597
33.456000,70.192000,2.901990
20.336000,500.528000,2.588043
24.272000,310.288000,4.801523
4.592000,465.104000,3.028463
21.648000,2267.792000,2.358318
0.656000,444.112000,3.984434
9.840000,427.056000,5.440970
4.592000,1348.080000,16.322193
11.152000,2660.080000,1.655726
24.272000,517.584000,2.692357
11.152000,336.528000,0.913682
12.464000,1792.848000,2.472459
20.336000,2444.912000,1.490302
20.336000,1947.664000,2.812803
29.520000,2175.952000,12.069534
21.648000,389.008000,2.793238
30.832000,2854.256000,1.268149
16.400000,466.416000,2.945400
20.336000,1134.224000,5.094607
20.336000,2168.080000,3.640983
19.024000,2196.944000,2.770724
0.656000,2768.976000,1.286785
36.080000,1199.824000,4.688162
7.216000,308.976000,4.036879
4.592000,2786.032000,2.667909
25.584000,2414.736000,9.555464
19.024000,480.848000,3.331174
21.648000,1737.744000,9.534504
12.464000,201.392000,0.798142
33.456000,2011.952000,1.360709
20.336000,399.504000,9.100841
8.528000,2738.800000,3.415956
21.648000,316.848000,1.367341
5.904000,619.920000,3.528892
30.832000,1525.200000,0.815402
33.456000,3039.248000,5.697546
16.400000,2681.072000,1.548038
4.592000,1459.600000,0.661800
22.960000,3135.024000,4.654292
20.336000,2270.416000,8.093532
13.776000,1014.832000,0.728057
34.768000,3204.560000,0.839888
5.904000,2894.928000,2.905839
28.208000,2105.104000,3.732563
30.832000,1220.816000,1.384480
24.272000,3051.056000,1.577228
5.904000,3026.128000,0.878418
13.776000,2345.200000,1.137687
1.968000,795.728000,6.041023
25.584000,463.792000,1.111933
13.776000,962.352000,6.066781
7.216000,1291.664000,12.424479
7.216000,1763.984000,0.791408
15.088000,883.632000,3.655364
30.832000,246.000000,5.051824
22.960000,2635.152000,1.870688
21.648000,613.360000,17.005255
29.520000,3178.320000,1.471868
7.216000,2070.992000,1.907578
38.704000,1997.520000,3.484418
26.896000,1712.816000,1.348053
33.456000,2527.568000,3.475328
13.776000,1844.016000,6.287562
3.280000,2345.200000,0.790412
30.832000,1447.792000,3.117347
34.768000,1704.944000,0.895241
28.208000,2378.000000,1.589569
24.272000,1672.144000,2.786219
0.656000,210.576000,1.139857
29.520000,1230.000000,1.474510
34.768000,881.008000,4.271174
33.456000,3182.256000,1.145445
32.144000,2696.816000,3.403756
15.088000,2056.560000,6.840095
13.776000,200.080000,3.407014
29.520000,2288.784000,0.914699
19.024000,1711.504000,8.650341
4.592000,2601.040000,3.878557
11.152000,2981.520000,4.235378
30.832000,1501.584000,3.807633
19.024000,1980.464000,9.891060
25.584000,2981.520000,11.034544
28.208000,2667.952000,5.272275
33.456000,2660.080000,2.499314
36.080000,797.040000,1.466600
3.280000,1460.912000,3.488127
36.080000,795.728000,4.666802
5.904000,1172.272000,5.585371
21.648000,545.136000,2.657455
22.960000,2366.192000,0.930036
9.840000,1001.712000,6.813364
15.088000,2590.544000,3.445275
4.592000,850.832000,4.113164
24.272000,2133.968000,0.716759
36.080000,2505.264000,1.765417
1.968000,223.696000,7.517456
38.704000,2231.056000,0.724611
32.144000,1998.832000,2.047296
15.088000,1975.216000,10.972141
28.208000,2278.288000,1.108374
21.648000,1367.760000,0.892817
17.712000,2490.832000,0.940054
33.456000,1392.688000,2.182175
30.832000,324.720000,3.231092
34.768000,1924.048000,10.037340
21.648000,2951.344000,1.034825
34.768000,2015.888000,1.747799
34.768000,2590.544000,4.532634
5.904000,2539.376000,2.465137
36.080000,2312.400000,1.367297
32.144000,256.496000,4.999994
33.456000,1669.520000,4.214887
19.024000,3136.336000,9.728842
28.208000,2001.456000,18.193851
34.768000,1063.376000,1.605739
0.656000,1695.760000,0.728692
21.648000,2162.832000,1.276716
30.832000,335.216000,0.716147
1.968000,213.200000,4.149040
30.832000,699.952000,1.748228
38.704000,1241.808000,10.305838
33.456000,1712.816000,1.631225
4.592000,743.248000,2.532508
16.400000,135.792000,0.857978
4.592000,980.720000,1.043370
21.648000,1266.736000,1.737394
37.392000,123.984000,3.368989
15.088000,2867.376000,1.630983
21.648000,1687.888000,4.707288
37.392000,41.328000,0.931190
17.712000,2961.840000,1.090981
4.592000,1850.576000,1.960233
17.712000,2364.880000,2.613702
34.768000,730.128000,2.120348
37.392000,2994.640000,4.982468
28.208000,2482.960000,0.676561
20.336000,2527.568000,1.497435
7.216000,294.544000,1.554892
1.968000,1472.720000,3.402868
36.080000,836.400000,9.616493
19.024000,2223.184000,1.112963
12.464000,654.032000,2.996663
25.584000,1862.384000,5.419379
29.520000,2653.520000,5.852832
34.768000,1996.208000,0.967510
26.896000,487.408000,2.844026
26.896000,1635.408000,4.497567
21.648000,2240.240000,2.795499
13.776000,490.032000,1.409351
16.400000,1707.568000,1.588675
24.272000,677.648000,2.552850
26.896000,1321.840000,13.214370
20.336000,1409.744000,4.076532
24.272000,1066.000000,1.420807
37.392000,1477.968000,2.142137
4.592000,2978.896000,5.676778
22.960000,1798.096000,10.604129
16.400000,1033.200000,1.184120
1.968000,36.080000,6.423686
26.896000,2660.080000,3.350649
19.024000,2732.240000,2.524046
11.152000,1927.984000,10.544716
0.656000,1993.584000,2.711285
8.528000,2964.464000,6.447543
36.080000,1081.744000,11.758776
24.272000,1426.800000,8.006072
4.592000,249.936000,2.871125
8.528000,1927.984000,1.761390
37.392000,168.592000,13.327605
16.400000,474.288000,2.455496
17.712000,2273.040000,1.747774
38.704000,2942.160000,1.498316
37.392000,1672.144000,2.634611
5.904000,340.464000,11.509143
15.088000,2545.936000,5.092183
22.960000,2572.176000,2.035767
32.144000,1045.008000,5.173122
26.896000,1428.112000,0.998281
28.208000,2342.576000,5.327947
36.080000,2590.544000,3.376569
1.968000,575.312000,9.094724
36.080000,3213.744000,2.913359
34.768000,133.168000,5.282222
33.456000,778.672000,1.411456
33.456000,1502.896000,2.453516
17.712000,2250.736000,2.131638
37.392000,2384.560000,1.909051
32.144000,545.136000,1.472848
25.584000,699.952000,0.799029
17.712000,3179.632000,1.198195
34.768000,3072.048000,1.387480
3.280000,1758.736000,10.042972
34.768000,264.368000,0.763429
33.456000,550.384000,1.784247
25.584000,646.160000,4.996241
33.456000,2133.968000,1.838056
38.704000,434.928000,1.237848
16.400000,877.072000,2.464414
19.024000,1290.352000,13.731937
8.528000,495.280000,5.775624
7.216000,1481.904000,0.728528
30.832000,2473.776000,10.560630
29.520000,2995.952000,1.860442
4.592000,2640.400000,4.110042
8.528000,3145.520000,1.396463
32.144000,596.304000,5.680066
36.080000,878.384000,5.984091
38.704000,1373.008000,8.255679
16.400000,185.648000,1.134185
33.456000,1153.904000,6.597218
30.832000,1.968000,5.968297
8.528000,896.752000,1.152402
22.960000,647.472000,8.229264
34.768000,1523.888000,1.595632
26.896000,168.592000,6.408233
22.960000,129.232000,1.011616
32.144000,2336.016000,4.433322
16.400000,1454.352000,3.805783
36.080000,2585.296000,2.355259
28.208000,1378.256000,6.861986
17.712000,1521.264000,3.281891
33.456000,1459.600000,1.728136
3.280000,1315.280000,2.874562
15.088000,665.840000,3.299498
7.216000,583.184000,4.616374
13.776000,2767.664000,0.957446
7.216000,1184.080000,1.079692
28.208000,2931.664000,1.110605
17.712000,340.464000,4.812611
12.464000,277.488000,9.881672
38.704000,1653.776000,1.729871
11.152000,2333.392000,3.639803
36.080000,2107.728000,4.226007
7.216000,1338.896000,3.972306
12.464000,2559.056000,0.959959
11.152000,1821.712000,3.777867
4.592000,492.656000,3.878881
25.584000,374.576000,6.275718
24.272000,2084.112000,3.346127
32.144000,2824.080000,1.832967
21.648000,621.232000,12.193769
1.968000,2494.768000,0.791324
34.768000,769.488000,12.237736
29.520000,151.536000,1.776707
5.904000,1731.184000,4.401733
26.896000,1056.816000,5.294603
25.584000,2804.400000,4.945386
25.584000,3060.240000,1.709655
29.520000,2521.008000,0.841125
15.088000,1754.800000,0.734039
34.768000,890.192000,1.638413
26.896000,580.560000,4.521488
33.456000,829.840000,1.797581
22.960000,61.008000,2.703032
24.272000,3222.928000,6.467814
3.280000,3199.312000,0.960463
13.776000,2875.248000,1.385286
21.648000,482.160000,1.772427
17.712000,72.816000,3.321334
34.768000,2826.704000,3.834339
11.152000,1519.952000,4.737643
37.392000,2986.768000,1.678772
3.280000,2156.272000,4.798435
21.648000,1300.848000,3.608281
3.280000,278.800000,4.008626
24.272000,3114.032000,1.194195
38.704000,1737.744000,7.943406
7.216000,1477.968000,6.223166
12.464000,290.608000,2.334723
16.400000,1228.688000,7.075043
30.832000,2349.136000,3.559459
24.272000,2625.968000,5.938041
3.280000,949.232000,1.701721
25.584000,358.832000,5.437930
0.656000,117.424000,1.055525
5.904000,2534.128000,1.731817
20.336000,2362.256000,2.985681
28.208000,2468.528000,5.298626
30.832000,2885.744000,2.013699
38.704000,1412.368000,5.685612
25.584000,1722.000000,3.144397
15.088000,109.552000,4.833517
7.216000,1703.632000,0.794417
26.896000,2665.328000,5.378647
11.152000,1346.768000,1.404250
11.152000,1245.744000,3.213995
29.520000,228.944000,0.728708
17.712000,172.528000,3.740026
36.080000,1933.232000,21.012035
1.968000,1026.640000,6.997117
1.968000,1366.448000,0.753633
11.152000,2677.136000,6.442928
17.712000,1796.784000,6.019664
11.152000,1886.000000,6.566425
9.840000,1805.968000,1.922265
1.968000,2884.432000,1.882320
29.520000,1580.304000,5.576991
5.904000,2682.384000,0.829047
3.280000,3018.256000,2.967145
21.648000,1467.472000,2.904753
17.712000,2796.528000,0.908739
22.960000,75.440000,3.797222
12.464000,102.992000,0.832175
21.648000,2060.496000,2.997918
22.960000,2111.664000,4.132506
16.400000,1195.888000,1.838944
29.520000,1144.720000,6.715709
4.592000,1430.736000,2.178970
29.520000,3110.096000,0.950748
8.528000,919.056000,1.069065
25.584000,1130.288000,1.010192
28.208000,459.856000,1.319528
28.208000,2446.224000,1.623423
7.216000,1701.008000,3.421932
25.584000,1093.552000,2.000652
32.144000,29.520000,1.408014
16.400000,2644.336000,2.231646
37.392000,720.944000,3.893862
19.024000,2204.816000,1.771270
24.272000,1156.528000,1.448833
8.528000,1152.592000,3.295991
25.584000,2762.416000,18.748455
11.152000,635.664000,4.125110
37.392000,804.912000,3.181487
26.896000,1862.384000,1.267324
16.400000,2972.336000,6.514101
24.272000,2816.208000,1.188659
22.960000,2656.144000,5.548282
3.280000,1470.096000,5.158572
28.208000,183.024000,4.792857
22.960000,769.488000,4.127873
36.080000,230.256000,2.763561
38.704000,1773.168000,2.396412
34.768000,1454.352000,0.664904
1.968000,408.688000,8.879247
3.280000,1034.512000,1.846366
36.080000,2324.208000,1.255607
17.712000,2443.600000,1.283417
20.336000,1500.272000,1.710646
32.144000,1906.992000,5.338104
28.208000,1484.528000,1.068137
37.392000,740.624000,1.323825
9.840000,3112.720000,1.824067
38.704000,772.112000,5.516092
16.400000,2463.280000,3.200705
1.968000,1055.504000,1.098327
13.776000,2112.976000,1.873945
4.592000,2144.464000,9.936643
12.464000,940.048000,2.635284
32.144000,1342.832000,0.962244
26.896000,432.304000,3.270205
1.968000,3020.880000,9.629103
3.280000,246.000000,1.098943
32.144000,1538.320000,1.155189
0.656000,1199.824000,1.247483
20.336000,3040.560000,3.804892
12.464000,1670.832000,0.884955
37.392000,979.408000,14.374504
24.272000,2894.928000,5.028739
21.648000,176.464000,1.792830
15.088000,181.712000,1.456351
12.464000,2107.728000,2.045447
12.464000,2330.768000,2.736723
16.400000,137.104000,8.216894
3.280000,413.936000,4.066259
19.024000,2282.224000,4.099381
33.456000,2082.800000,1.863695
9.840000,1960.784000,9.039933
34.768000,736.688000,1.582793
20.336000,1304.784000,2.445210
13.776000,3140.272000,2.630164
33.456000,483.472000,11.193477
9.840000,2124.784000,1.246704
0.656000,547.760000,1.847578
7.216000,2164.144000,3.960462
37.392000,236.816000,9.206988
1.968000,2801.776000,1.763398
5.904000,968.912000,0.808946
12.464000,2580.048000,2.008324
37.392000,2427.856000,1.818468
38.704000,312.912000,2.106459
26.896000,2102.480000,4.976878
11.152000,1942.416000,1.994749
32.144000,3077.296000,0.821177
4.592000,17.712000,2.731009
36.080000,978.096000,3.762295
13.776000,341.776000,4.407669
16.400000,2435.728000,8.659497
19.024000,535.952000,4.560067
3.280000,1260.176000,3.968751
0.656000,1355.952000,2.300506
13.776000,1492.400000,5.178762
24.272000,2183.824000,2.035821
9.840000,1912.240000,6.422716
21.648000,3115.344000,3.051354
20.336000,738.000000,0.785019
29.520000,1753.488000,3.295542
36.080000,553.008000,2.854814
21.648000,88.560000,7.001534
15.088000,2161.520000,2.249450
24.272000,2910.672000,3.995132
0.656000,2270.416000,3.186577
12.464000,686.832000,8.076633
8.528000,1879.440000,5.035890
0.656000,266.992000,0.756014
24.272000,1876.816000,2.334129
37.392000,3108.784000,2.990552
5.904000,2300.592000,3.915965
32.144000,2635.152000,14.995124
8.528000,1870.256000,0.721567
13.776000,21.648000,1.727890
11.152000,2021.136000,5.638330
33.456000,1127.664000,2.625184
5.904000,1008.272000,0.898922
29.520000,2064.432000,1.660067
1.968000,2565.616000,8.824550
29.520000,772.112000,9.338436
5.904000,2967.088000,5.325846
24.272000,2709.936000,2.278863
34.768000,1638.032000,2.208939
11.152000,1954.224000,14.149236
0.656000,2438.352000,2.780624
15.088000,949.232000,1.338665
25.584000,114.800000,6.458379
8.528000,472.976000,1.709717
8.528000,2102.480000,3.241991
20.336000,1792.848000,2.989187
33.456000,513.648000,0.806624
5.904000,395.568000,3.020177
19.024000,518.896000,4.031391
25.584000,36.080000,2.193246
4.592000,2828.016000,3.748234
32.144000,1384.816000,2.536557
7.216000,1069.936000,1.604914
19.024000,2694.192000,0.785384
34.768000,1025.328000,3.049607
38.704000,1449.104000,1.189747
36.080000,2795.216000,1.139537
36.080000,1563.248000,3.467377
3.280000,1375.632000,10.493400
9.840000,3187.504000,3.504594
1.968000,2746.672000,4.760707
8.528000,2939.536000,4.008505
22.960000,2320.272000,0.949126
20.336000,664.528000,1.646053
8.528000,3047.120000,15.319306
3.280000,186.960000,1.995246
22.960000,2694.192000,2.300131
3.280000,1441.232000,1.309343
12.464000,2556.432000,1.235567
34.768000,483.472000,6.220613
0.656000,884.944000,1.963370
15.088000,329.968000,4.177129
20.336000,2513.136000,4.645672
28.208000,2093.296000,4.503782
34.768000,1956.848000,1.707123
25.584000,377.200000,1.281580
26.896000,532.016000,5.063842
20.336000,2817.520000,2.026450
29.520000,291.920000,3.726736
3.280000,348.336000,2.077981
32.144000,320.784000,2.802213
4.592000,2149.712000,3.257679
38.704000,1375.632000,0.903273
37.392000,1560.624000,1.753456
26.896000,1997.520000,8.911192
21.648000,533.328000,0.724265
24.272000,3149.456000,10.709114
21.648000,410.000000,3.857689
38.704000,917.744000,3.959306
30.832000,696.016000,0.724180
0.656000,1631.472000,0.671180
15.088000,3157.328000,0.799901
26.896000,2422.608000,2.556482
1.968000,1361.200000,0.730850
9.840000,364.080000,0.685816
3.280000,2089.360000,4.422038
4.592000,1718.064000,1.390499
29.520000,2589.232000,0.757399
4.592000,1761.360000,22.051418
16.400000,159.408000,8.476717
12.464000,269.616000,3.666120
34.768000,1031.888000,2.900333
26.896000,551.696000,1.872435
25.584000,1333.648000,7.036416
28.208000,2070.992000,1.469536
5.904000,1283.792000,0.739862
30.832000,236.816000,6.138767
22.960000,1892.560000,3.707448
32.144000,2914.608000,0.713501
25.584000,3040.560000,7.669706
29.520000,1895.184000,0.964916
28.208000,423.120000,1.949795
1.968000,688.144000,1.387462
36.080000,2280.912000,1.137932
36.080000,2297.968000,5.858097
38.704000,2578.736000,2.308566
25.584000,2389.808000,1.673682
36.080000,1664.272000,2.486672
36.080000,646.160000,0.918324
25.584000,282.736000,1.518558
36.080000,713.072000,5.845982
34.768000,1701.008000,3.221148
26.896000,1516.016000,1.824516
4.592000,2320.272000,3.345448
26.896000,1485.840000,4.559409
38.704000,1546.192000,2.579944
4.592000,453.296000,2.489748
26.896000,1683.952000,3.736559
34.768000,820.656000,0.836304
19.024000,1779.728000,5.088963
9.840000,1131.600000,2.151547
25.584000,80.688000,1.335754
19.024000,226.320000,3.893166
16.400000,829.840000,1.783797
24.272000,2082.800000,1.220423
26.896000,810.160000,1.477101
17.712000,1447.792000,2.454526
22.960000,926.928000,1.547200
9.840000,3116.656000,4.173860
0.656000,852.144000,5.363658
8.528000,328.656000,4.014766
9.840000,1594.736000,6.117745
15.088000,2774.224000,6.872098
28.208000,1825.648000,0.845235
22.960000,715.696000,4.127010
21.648000,1652.464000,1.697463
1.968000,2984.144000,6.065726
16.400000,711.760000,6.499371
30.832000,1243.120000,0.744196
11.152000,2154.960000,2.029449
8.528000,2135.280000,7.691506
3.280000,353.584000,3.467548
22.960000,1804.656000,1.433441
38.704000,538.576000,5.349686
13.776000,677.648000,2.130390
4.592000,2932.976000,1.171518
15.088000,1945.040000,7.599421
25.584000,24.272000,3.413499
17.712000,168.592000,4.793817
32.144000,2849.008000,4.367753
37.392000,1912.240000,1.001528
17.712000,467.728000,5.607885
11.152000,284.048000,0.911796
4.592000,2921.168000,14.577832
38.704000,824.592000,1.436509
29.520000,1287.728000,2.025293
32.144000,2658.768000,2.302028
3.280000,1417.616000,1.165454
30.832000,2378.000000,1.009069
5.904000,62.320000,1.227932
5.904000,2164.144000,1.858587
9.840000,162.032000,4.273596
24.272000,1838.768000,1.601793
22.960000,2481.648000,2.847663
3.280000,2829.328000,1.420899
9.840000,2943.472000,0.922899
11.152000,1893.872000,4.583225
25.584000,78.064000,3.458544
30.832000,2042.128000,5.386105
8.528000,1230.000000,0.926847
8.528000,2472.464000,3.448063
9.840000,1107.984000,3.267499
1.968000,1934.544000,8.637611
33.456000,781.296000,4.591112
7.216000,390.320000,0.842992
29.520000,1324.464000,4.930785
28.208000,2082.800000,1.913658
11.152000,2757.168000,1.058389
16.400000,1413.680000,5.935894
16.400000,1969.968000,9.101301
3.280000,2976.272000,7.523651
36.080000,2973.648000,3.490298
34.768000,2807.024000,4.473568
0.656000,1096.176000,2.355577
12.464000,3015.632000,7.042541
32.144000,604.176000,2.682973
13.776000,331.280000,0.803609
38.704000,2388.496000,1.932657
30.832000,1160.464000,0.833090
20.336000,2876.560000,2.115457
36.080000,1237.872000,3.394456
33.456000,798.352000,3.205665
20.336000,2473.776000,2.529987
0.656000,1085.680000,3.258415
34.768000,717.008000,0.910091
28.208000,1554.064000,6.349475
34.768000,3142.896000,4.333530
19.024000,583.184000,1.594702
9.840000,327.344000,1.918975
4.592000,1160.464000,2.825120
12.464000,921.680000,9.517667
21.648000,25.584000,4.873620
13.776000,1151.280000,2.591768
11.152000,2678.448000,6.522499
11.152000,600.240000,2.168400
11.152000,3114.032000,2.321101
28.208000,1008.272000,2.024980
8.528000,2332.080000,3.359121
20.336000,1493.712000,6.551017
28.208000,2810.960000,2.111427
29.520000,3163.888000,7.022748
3.280000,222.384000,0.880116
26.896000,1975.216000,12.858477
3.280000,3211.120000,1.254500
20.336000,2178.576000,1.076467
1.968000,72.816000,2.231451
22.960000,3173.072000,10.894692
34.768000,2540.688000,3.228463
16.400000,315.536000,1.299221
8.528000,211.888000,1.536621
29.520000,99.056000,9.727921
32.144000,1942.416000,11.328173
37.392000,101.680000,1.489739
21.648000,180.400000,0.990803
12.464000,2303.216000,1.665132
1.968000,2149.712000,5.674359
34.768000,587.120000,6.107994
19.024000,1891.248000,6.189197
7.216000,2997.264000,4.442241
13.776000,2688.944000,2.234352
33.456000,2249.424000,18.037042
16.400000,8.528000,14.982500
16.400000,1690.512000,1.020080
24.272000,3098.288000,1.675848
26.896000,3171.760000,2.535307
33.456000,3115.344000,3.437379
12.464000,1556.688000,5.909358
33.456000,404.752000,2.705391
26.896000,1623.600000,1.238549
9.840000,332.592000,2.110821
16.400000,2437.040000,4.214022
34.768000,3103.536000,3.754328
33.456000,806.224000,0.993234
1.968000,3173.072000,9.883935
20.336000,1791.536000,1.547527
15.088000,1938.480000,2.926194
11.152000,1594.736000,1.295244
20.336000,2336.016000,9.182470
34.768000,2821.456000,1.772280
38.704000,2112.976000,3.575409
5.904000,863.952000,0.782409
4.592000,398.192000,6.576023
4.592000,2597.104000,3.471784
4.592000,2817.520000,2.559983
20.336000,2034.256000,1.272088
26.896000,2539.376000,4.789986
8.528000,2164.144000,4.763345
24.272000,957.104000,2.687644
20.336000,1068.624000,2.626237
21.648000,1577.680000,8.892201
21.648000,2290.096000,16.865200
34.768000,175.152000,2.780235
33.456000,1247.056000,1.267575
8.528000,564.816000,0.805016
26.896000,110.864000,1.152026
3.280000,207.952000,0.858457
11.152000,1139.472000,0.684944
16.400000,1676.080000,7.925536
15.088000,2911.984000,2.671003
37.392000,940.048000,20.262710
8.528000,2044.752000,5.704433
36.080000,1912.240000,2.023884
19.024000,194.832000,2.037562
25.584000,591.056000,6.513905
21.648000,1925.360000,0.660657
28.208000,530.704000,1.284100
15.088000,364.080000,2.722383
11.152000,762.928000,5.665801
24.272000,2351.760000,2.476969
30.832000,2561.680000,4.060507
4.592000,3175.696000,0.752960
19.024000,2300.592000,4.130532
30.832000,1708.880000,1.498620
3.280000,2989.392000,4.284721
24.272000,1455.664000,5.161639
25.584000,1271.984000,6.142517
13.776000,2618.096000,2.031351
12.464000,1790.224000,1.204911
34.768000,2681.072000,4.592971
9.840000,1214.256000,4.683928
5.904000,2404.240000,3.650912
0.656000,2301.904000,2.536652
5.904000,1277.232000,5.724045
22.960000,2060.496000,2.663935
9.840000,711.760000,2.492382
36.080000,2186.448000,4.257964
13.776000,2237.616000,5.059603
19.024000,2503.952000,0.969171
16.400000,154.160000,10.735535
15.088000,2194.320000,3.814156
17.712000,1024.016000,4.298236
19.024000,3089.104000,4.309049
30.832000,84.624000,1.706838
12.464000,2053.936000,4.174442
16.400000,825.904000,1.493585
8.528000,1550.128000,3.441728
13.776000,2275.664000,4.202862
29.520000,549.072000,2.071593
9.840000,1399.248000,1.377039
3.280000,1635.408000,4.216407
38.704000,2359.632000,2.277165
12.464000,453.296000,6.944236
8.528000,1188.016000,4.655720
4.592000,571.376000,1.242165
16.400000,1560.624000,1.525768
1.968000,3207.184000,4.225178
16.400000,1732.496000,4.994428
13.776000,3007.760000,6.633944
5.904000,438.864000,5.580457
3.280000,1644.592000,6.575212
17.712000,1708.880000,1.777746
33.456000,827.216000,4.152480
12.464000,3171.760000,6.432171
5.904000,2395.056000,3.451746
8.528000,1270.672000,5.086230
8.528000,49.200000,2.172986
28.208000,1777.104000,1.729335
22.960000,2202.192000,1.633434
25.584000,2911.984000,2.785968
22.960000,2402.928000,3.475251
9.840000,1125.040000,18.008873
5.904000,2706.000000,3.601742
28.208000,1395.312000,8.474467
30.832000,1655.088000,1.316135
7.216000,2611.536000,4.405366
4.592000,1909.616000,8.409579
37.392000,196.144000,2.725446
28.208000,891.504000,11.873204
4.592000,2467.216000,4.502621
32.144000,2521.008000,2.705990
22.960000,1908.304000,0.914022
7.216000,2182.512000,4.731072
4.592000,1975.216000,2.067144
25.584000,3156.016000,0.976413
22.960000,1882.064000,3.007663
30.832000,945.296000,0.961515
17.712000,1222.128000,6.710371
24.272000,894.128000,2.929231
13.776000,539.888000,8.303094
4.592000,1592.112000,0.914182
15.088000,1538.320000,2.869425
3.280000,1487.152000,16.449477
9.840000,2517.072000,1.617843
5.904000,1382.192000,3.308541
19.024000,54.448000,4.854153
37.392000,1352.016000,2.210197
36.080000,120.048000,1.555703
26.896000,38.704000,3.937625
30.832000,1292.976000,1.718410
24.272000,2398.992000,2.182721
29.520000,1447.792000,0.700830
19.024000,2749.296000,0.912194
0.656000,1868.944000,5.259956
37.392000,1596.048000,2.536946
4.592000,1841.392000,1.437385
36.080000,289.296000,9.460578
29.520000,2877.872000,0.847684
33.456000,639.600000,0.890478
0.656000,315.536000,6.907066
7.216000,2569.552000,1.925441
37.392000,854.768000,2.966217
9.840000,1573.744000,4.379248
4.592000,723.568000,13.062296
11.152000,202.704000,2.039897
4.592000,1876.816000,2.065386
24.272000,315.536000,2.816896
37.392000,1333.648000,2.225790
0.656000,357.520000,1.523105
4.592000,2105.104000,5.561246
17.712000,985.968000,5.370505
33.456000,629.104000,2.518462
5.904000,281.424000,4.268026
38.704000,1264.112000,7.780622
37.392000,2611.536000,6.427928
34.768000,1678.704000,1.895667
13.776000,2538.064000,3.479243
36.080000,427.056000,1.119308
16.400000,175.152000,1.567001
11.152000,349.648000,3.431493
1.968000,541.200000,3.080633
32.144000,2288.784000,3.172101
17.712000,483.472000,3.269179
1.968000,2454.096000,5.750965
1.968000,1855.824000,1.526115
17.712000,844.272000,10.589183
17.712000,1483.216000,18.925208
20.336000,1086.992000,10.774014
36.080000,2242.864000,2.771972
36.080000,1298.224000,5.145232
37.392000,735.376000,3.964279
7.216000,2709.936000,7.262012
11.152000,1889.936000,8.160687
15.088000,310.288000,14.510956
8.528000,3020.880000,4.148834
0.656000,1997.520000,3.967811
36.080000,1871.568000,3.284578
16.400000,853.456000,1.474625
28.208000,2337.328000,0.917162
25.584000,2355.696000,1.767162
1.968000,3003.824000,1.811934
30.832000,2320.272000,4.685579
28.208000,1748.240000,1.703079
5.904000,1977.840000,1.790971
36.080000,399.504000,0.880403
28.208000,2619.408000,9.494354
12.464000,2238.928000,2.980853
29.520000,2025.072000,7.325872
36.080000,802.288000,0.680905
20.336000,900.688000,10.954581
33.456000,1362.512000,5.438281
13.776000,1239.184000,2.344917
21.648000,1076.496000,2.977232
8.528000,2067.056000,5.742033
26.896000,1283.792000,0.958024
36.080000,1300.848000,2.337252
8.528000,1378.256000,0.915417
11.152000,89.872000,7.778468
30.832000,2240.240000,2.603720
7.216000,2657.456000,1.020833
19.024000,1529.136000,1.884386
25.584000,836.400000,1.624435
25.584000,2051.312000,6.437837
32.144000,2919.856000,0.896010
7.216000,3119.280000,7.685121
37.392000,2284.848000,3.132425
9.840000,4.592000,2.679872
3.280000,425.744000,5.258387
29.520000,612.048000,0.788718
38.704000,1537.008000,9.803053
36.080000,362.768000,2.324494
3.280000,2792.592000,1.852438
9.840000,1512.080000,1.370432
8.528000,118.736000,3.634229
17.712000,88.560000,7.275147
15.088000,2402.928000,0.719781
29.520000,1706.256000,8.231578
38.704000,400.816000,7.433967
22.960000,852.144000,10.352854
9.840000,1714.128000,1.992880
17.712000,1958.160000,8.038530
21.648000,1844.016000,10.762037
7.216000,2535.440000,16.149708
37.392000,2208.752000,5.213477
36.080000,453.296000,4.556684
34.768000,1418.928000,0.712687
5.904000,1084.368000,1.530123
8.528000,412.624000,4.697409
25.584000,1119.792000,5.492997
29.520000,732.752000,7.144188
16.400000,335.216000,2.732147
9.840000,1134.224000,1.567152
13.776000,3153.392000,8.604930
4.592000,2967.088000,2.781526
12.464000,66.256000,2.064533
16.400000,2770.288000,1.993696
13.776000,2040.816000,2.694190
22.960000,807.536000,13.460761
33.456000,2076.240000,2.515898
20.336000,1144.720000,4.926201
7.216000,1871.568000,4.216279
19.024000,2641.712000,1.381951
34.768000,3201.936000,1.755081
15.088000,365.392000,4.300285
9.840000,909.872000,1.327229
11.152000,2956.592000,1.200221
25.584000,2717.808000,12.733998
29.520000,1635.408000,1.362046
33.456000,630.416000,2.369768
26.896000,936.112000,4.452630
32.144000,1512.080000,3.583680
16.400000,1820.400000,3.164422
12.464000,2914.608000,1.191945
15.088000,2772.912000,2.573978
17.712000,812.784000,2.370380
19.024000,2691.568000,3.198262
38.704000,1893.872000,0.974137
25.584000,3003.824000,8.591522
30.832000,550.384000,1.576251
38.704000,3149.456000,5.944471
7.216000,3040.560000,1.386377
29.520000,2590.544000,1.138798
12.464000,1104.048000,2.756201
37.392000,1872.880000,4.287651
21.648000,462.480000,1.561004
7.216000,898.064000,1.751179
0.656000,1769.232000,1.033677
9.840000,1401.872000,3.327981
21.648000,1624.912000,0.686723
26.896000,543.824000,1.291746
9.840000,118.736000,4.426285
38.704000,728.816000,1.913562
34.768000,764.240000,0.911287
0.656000,421.808000,3.759229
25.584000,1845.328000,1.684854
30.832000,1080.432000,1.472671
19.024000,34.768000,4.617427
17.712000,286.672000,0.731306
36.080000,861.328000,2.327313
8.528000,2711.248000,0.917052
1.968000,758.992000,6.164179
34.768000,2228.432000,2.581625
1.968000,2736.176000,2.928817
38.704000,2661.392000,1.428221
33.456000,2973.648000,3.617946
21.648000,1874.192000,1.985192
20.336000,929.552000,2.770258
25.584000,2001.456000,2.042100
30.832000,2472.464000,1.413950
3.280000,3218.992000,1.313579
20.336000,2305.840000,1.462946
8.528000,3095.664000,2.609134
19.024000,2052.624000,5.812474
37.392000,929.552000,1.388497
15.088000,2334.704000,0.915553
12.464000,1677.392000,1.986847
0.656000,634.352000,4.262751
24.272000,572.688000,5.464693
22.960000,1038.448000,4.528729
24.272000,3200.624000,12.069952
32.144000,1396.624000,6.242352
25.584000,1966.032000,1.230983
19.024000,1741.680000,3.869790
3.280000,2770.288000,6.481809
29.520000,1933.232000,4.727909
11.152000,2287.472000,2.226625
34.768000,802.288000,2.726741
13.776000,898.064000,2.523777
3.280000,2284.848000,3.100997
11.152000,2358.320000,1.028283
37.392000,2404.240000,2.071039
36.080000,873.136000,0.971355
24.272000,1102.736000,3.097048
24.272000,1017.456000,2.357422
5.904000,2376.688000,1.676902
28.208000,2475.088000,1.917352
29.520000,1371.696000,1.093520
20.336000,1941.104000,3.441770
25.584000,1323.152000,10.549040
1.968000,987.280000,1.410585
33.456000,2522.320000,4.937498
19.024000,835.088000,3.047319
29.520000,36.080000,1.235827
28.208000,3180.944000,6.002590
4.592000,3173.072000,4.528718
9.840000,1324.464000,6.670600
38.704000,260.432000,1.482721
25.584000,793.104000,3.977076
19.024000,1896.496000,1.700522
37.392000,1977.840000,2.790288
33.456000,2666.640000,6.261252
22.960000,389.008000,0.684673
34.768000,67.568000,2.361690
1.968000,2292.720000,1.000134
15.088000,667.152000,5.293492
16.400000,724.880000,1.360036
0.656000,1904.368000,4.257599
15.088000,871.824000,3.533204
9.840000,2723.056000,5.512548
16.400000,277.488000,5.069981
25.584000,2030.320000,1.063838
16.400000,1913.552000,4.215605
19.024000,690.768000,0.830482
37.392000,350.960000,0.772066
25.584000,622.544000,2.909365
20.336000,1111.920000,20.706066
20.336000,2341.264000,13.811103
33.456000,2355.696000,1.749174
25.584000,2849.008000,4.262142
28.208000,2974.960000,3.952183
37.392000,2791.280000,8.639485
3.280000,936.112000,1.591485
30.832000,1686.576000,3.078480
8.528000,646.160000,0.661613
12.464000,2817.520000,2.568399
28.208000,2140.528000,1.929608
37.392000,1404.496000,1.503513
3.280000,1256.240000,2.430062
12.464000,2174.640000,2.510352
1.968000,555.632000,4.798390
4.592000,1334.960000,5.784746
9.840000,2986.768000,2.849683
5.904000,1987.024000,1.538095
36.080000,908.560000,1.885372
29.520000,1012.208000,11.461969
16.400000,730.128000,3.246640
15.088000,2703.376000,1.052564
1.968000,403.440000,1.608082
0.656000,255.184000,6.828179
13.776000,2717.808000,2.334361
29.520000,356.208000,5.866434
24.272000,458.544000,3.405757
9.840000,1237.872000,8.590004
1.968000,1781.040000,2.405555
25.584000,1266.736000,5.270964
34.768000,3074.672000,1.443597
7.216000,2175.952000,6.104152
3.280000,1628.848000,1.052488
0.656000,1066.000000,5.198496
38.704000,1762.672000,2.870537
0.656000,1454.352000,5.186046
36.080000,2257.296000,7.896586
12.464000,2829.328000,2.989899
24.272000,2706.000000,1.389129
28.208000,230.256000,0.766271
30.832000,2914.608000,4.544054
33.456000,900.688000,4.169888
24.272000,472.976000,0.879516
36.080000,2376.688000,5.569045
16.400000,251.248000,2.311863
28.208000,2236.304000,5.574819
16.400000,905.936000,1.407045
8.528000,2660.080000,6.431476
4.592000,2212.688000,0.961530
1.968000,559.568000,0.686123
21.648000,532.016000,5.167839
37.392000,1287.728000,2.051689
38.704000,1824.336000,3.007297
20.336000,3121.904000,4.535387
16.400000,850.832000,13.405248
4.592000,2477.712000,2.091880
4.592000,33.456000,10.556139
15.088000,2215.312000,5.031631
36.080000,1327.088000,4.339196
28.208000,3031.376000,4.147311
38.704000,1551.440000,1.359275
32.144000,633.040000,4.912311
37.392000,3182.256000,1.008595
37.392000,597.616000,2.194661
26.896000,1310.032000,3.760607
13.776000,2225.808000,1.635604
9.840000,2109.040000,2.515039
33.456000,2750.608000,9.723406
21.648000,1240.496000,7.016221
7.216000,438.864000,11.045993
29.520000,2253.360000,1.038014
15.088000,331.280000,4.128826
13.776000,1586.864000,2.292942
26.896000,2682.384000,5.449437
28.208000,2616.784000,2.992459
19.024000,2497.392000,7.987335
25.584000,1397.936000,3.955438
4.592000,2952.656000,4.004569
38.704000,671.088000,1.780536
16.400000,2497.392000,4.129732
22.960000,411.312000,5.386280
9.840000,3148.144000,7.214552
3.280000,2565.616000,2.952557
17.712000,1386.128000,2.281227
29.520000,1281.168000,1.426323
26.896000,804.912000,12.144351
26.896000,7.216000,1.173454
8.528000,1434.672000,0.756332
33.456000,319.472000,1.349095
30.832000,2855.568000,3.286971
26.896000,690.768000,8.936131
20.336000,516.272000,8.990755
15.088000,3066.800000,1.738529
17.712000,80.688000,0.803958
25.584000,2774.224000,2.910891
24.272000,827.216000,2.835301
11.152000,2014.576000,3.758024
8.528000,2699.440000,1.589138
1.968000,1022.704000,4.097195
13.776000,87.248000,4.059046
30.832000,675.024000,4.283350
21.648000,2897.552000,1.153018
28.208000,1438.608000,1.065422
17.712000,2766.352000,1.080654
24.272000,2858.192000,3.672123
34.768000,1420.240000,1.906098
37.392000,900.688000,1.244062
21.648000,892.816000,7.201047
32.144000,1937.168000,2.183005
5.904000,186.960000,0.851545
4.592000,3180.944000,1.869754
1.968000,423.120000,2.677420
36.080000,2204.816000,6.972472
30.832000,1366.448000,13.089036
26.896000,274.864000,2.027393
13.776000,1203.760000,3.004078
25.584000,1189.328000,4.769511
29.520000,1189.328000,7.398352
33.456000,179.088000,5.119864
21.648000,22.960000,1.754890
19.024000,1194.576000,2.122400
22.960000,3204.560000,0.811343
15.088000,848.208000,1.303946
21.648000,671.088000,0.952573
12.464000,2446.224000,4.718247
0.656000,2851.632000,0.894298
9.840000,1115.856000,4.585633
30.832000,724.880000,7.861790
1.968000,471.664000,0.887837
0.656000,2786.032000,2.285407
28.208000,264.368000,1.988341
20.336000,2008.016000,2.704384
1.968000,2378.000000,7.212976
12.464000,1551.440000,3.477117
30.832000,2507.888000,1.823075
11.152000,907.248000,1.110626
7.216000,2737.488000,2.130708
28.208000,1304.784000,3.282354
21.648000,2148.400000,2.694990
4.592000,2993.328000,2.838243
22.960000,2074.928000,3.257363
9.840000,1800.720000,2.108472
8.528000,2463.280000,5.966192
17.712000,1867.632000,2.060380
17.712000,385.072000,4.677194
20.336000,1913.552000,3.911227
24.272000,1601.296000,8.258890
13.776000,782.608000,3.074147
9.840000,420.496000,10.312766
24.272000,1290.352000,7.053580
20.336000,1960.784000,4.946156
30.832000,779.984000,1.052828
28.208000,936.112000,0.852833
13.776000,976.784000,1.132371
26.896000,2118.224000,7.802045
28.208000,503.152000,4.286748
20.336000,463.792000,2.783217
1.968000,789.168000,2.708873
11.152000,2367.504000,5.811300
17.712000,3085.168000,1.602660
34.768000,1084.368000,2.028061
15.088000,2644.336000,1.085772
25.584000,602.864000,2.030033
3.280000,209.264000,3.134341
19.024000,1506.832000,0.972696
12.464000,802.288000,1.787869
0.656000,1373.008000,0.670524
7.216000,350.960000,0.895703
28.208000,554.320000,9.717441
13.776000,598.928000,3.818736
25.584000,533.328000,1.614271
13.776000,1929.296000,2.893118
34.768000,1935.856000,2.243713
5.904000,3060.240000,2.766025
30.832000,1020.080000,2.580343
38.704000,1963.408000,2.692904
9.840000,61.008000,3.474187
38.704000,1648.528000,2.184361
17.712000,127.920000,5.361288
7.216000,2778.160000,0.760600
24.272000,213.200000,1.565999
21.648000,2841.136000,3.476849
28.208000,2004.080000,2.510047
28.208000,1942.416000,4.612559
29.520000,3027.440000,0.943416
4.592000,1485.840000,1.930056
12.464000,1218.192000,3.531962
1.968000,2153.648000,2.547141
26.896000,2837.200000,0.715400
21.648000,1136.848000,2.696086
25.584000,2509.200000,3.982772
24.272000,1648.528000,0.776820
28.208000,1362.512000,6.435499
0.656000,343.088000,1.030280
0.656000,2152.336000,4.096128
37.392000,924.304000,2.223837
4.592000,896.752000,1.817705
0.656000,2800.464000,1.768749
21.648000,2591.856000,3.680409
3.280000,2271.728000,1.784621
25.584000,2618.096000,2.749137
17.712000,779.984000,0.696793
16.400000,2039.504000,1.206618
5.904000,2245.488000,5.159108
9.840000,2371.440000,0.999283
36.080000,657.968000,4.908811
7.216000,1024.016000,3.737213
26.896000,1870.256000,0.705289
4.592000,382.448000,1.878123
7.216000,1008.272000,3.887709
9.840000,197.456000,0.792944
0.656000,1575.056000,4.236365
19.024000,2212.688000,3.144472
24.272000,1447.792000,3.413258
37.392000,741.936000,0.744121
29.520000,2944.784000,1.679831
16.400000,629.104000,3.350488
25.584000,2190.384000,2.632315
9.840000,261.744000,14.837045
29.520000,369.328000,8.336829
26.896000,238.128000,1.804601
9.840000,1378.256000,0.906864
12.464000,2076.240000,19.272642
36.080000,1248.368000,1.341906
28.208000,588.432000,1.613733
1.968000,2360.944000,2.245856
4.592000,2413.424000,3.843416
0.656000,3052.368000,3.429738
9.840000,1943.728000,2.792905
20.336000,509.712000,7.387112
1.968000,2196.944000,11.757346
37.392000,1289.040000,3.265980
12.464000,610.736000,3.804267
25.584000,1257.552000,11.212327
1.968000,1555.376000,3.268417
19.024000,514.960000,0.743563
9.840000,982.032000,3.263440
20.336000,374.576000,2.728448
3.280000,2625.968000,1.330950
11.152000,1615.728000,3.363781
33.456000,412.624000,0.915249
29.520000,2249.424000,1.383969
24.272000,1480.592000,2.417514
15.088000,764.240000,2.798152
21.648000,1943.728000,12.980659
11.152000,1334.960000,0.994116
20.336000,1596.048000,1.547923
5.904000,2055.248000,3.443988
12.464000,185.648000,6.955326
11.152000,1317.904000,3.226727
20.336000,1118.480000,9.951769
28.208000,2297.968000,1.513106
26.896000,790.480000,2.395622
3.280000,2699.440000,8.391023
12.464000,1248.368000,12.113637
30.832000,2875.248000,5.503391
25.584000,2872.624000,5.679833
25.584000,1384.816000,8.800703
37.392000,38.704000,7.092112
15.088000,3069.424000,5.881485
8.528000,1413.680000,1.635505
32.144000,2845.072000,4.067557
8.528000,201.392000,2.555627
9.840000,3075.984000,3.969023
12.464000,849.520000,2.412247
21.648000,1605.232000,1.246432
36.080000,2955.280000,3.634420
7.216000,2035.568000,0.992104
3.280000,3091.728000,1.157849
25.584000,253.872000,4.061548
1.968000,1107.984000,0.798970
16.400000,1101.424000,2.411731
30.832000,2151.024000,1.059584
21.648000,3045.808000,0.671688
37.392000,1327.088000,6.510637
37.392000,1122.416000,13.083397
5.904000,67.568000,1.949875
3.280000,3188.816000,8.088008
36.080000,1418.928000,5.389693
12.464000,2427.856000,3.644094
33.456000,2376.688000,3.064402
16.400000,1237.872000,2.533543
1.968000,972.848000,1.378280
17.712000,1534.384000,0.851629
33.456000,2506.576000,3.999901
0.656000,2703.376000,3.759005
38.704000,315.536000,1.239882
1.968000,1346.768000,5.969032
38.704000,352.272000,1.269791
37.392000,668.464000,5.148683
28.208000,2463.280000,1.435909
15.088000,2278.288000,4.400369
22.960000,1593.424000,9.069354
1.968000,728.816000,10.087095
33.456000,1850.576000,2.064068
9.840000,2423.920000,5.069217
34.768000,2950.032000,4.001376
17.712000,2745.360000,3.593895
8.528000,748.496000,3.750703
24.272000,2169.392000,1.437892
19.024000,853.456000,1.321498
11.152000,3005.136000,7.084671
21.648000,741.936000,2.294281
34.768000,1119.792000,1.479784
19.024000,2585.296000,3.556120
37.392000,1794.160000,8.524092
7.216000,1132.912000,1.069003
32.144000,1215.568000,1.316095
28.208000,1052.880000,1.911695
29.520000,2311.088000,1.599485
30.832000,50.512000,1.762624
11.152000,2291.408000,7.144307
24.272000,2291.408000,3.824779
30.832000,959.728000,2.850370
13.776000,1845.328000,3.775851
37.392000,263.056000,1.619100
4.592000,1697.072000,2.341840
13.776000,2700.752000,6.236914
29.520000,1849.264000,8.400165
1.968000,1307.408000,7.817742
19.024000,867.888000,7.150632
0.656000,2889.680000,1.554605
37.392000,2334.704000,1.063454
15.088000,542.512000,2.461446
8.528000,1022.704000,5.967246
19.024000,57.072000,10.831132
24.272000,2846.384000,11.560966
28.208000,2178.576000,5.292856
22.960000,390.320000,3.052002
36.080000,1303.472000,1.721470
21.648000,2078.864000,5.697320
37.392000,433.616000,3.792912
4.592000,1668.208000,1.747772
22.960000,30.832000,1.153993
5.904000,2434.416000,19.401868
17.712000,1652.464000,10.195846
24.272000,378.512000,1.191641
30.832000,407.376000,2.054020
4.592000,2675.824000,2.854625
3.280000,172.528000,6.720655
4.592000,2511.824000,5.588151
38.704000,2090.672000,6.557938
34.768000,870.512000,2.297573
17.712000,1895.184000,9.769723
7.216000,436.240000,1.441778
3.280000,2381.936000,4.067316
9.840000,1185.392000,2.001685
26.896000,1163.088000,1.658002
37.392000,404.752000,1.467428
36.080000,1656.400000,1.354160
16.400000,2957.904000,1.154735
7.216000,319.472000,1.755703
30.832000,1659.024000,7.393062
9.840000,2930.352000,6.246287
12.464000,503.152000,10.271888
29.520000,1813.840000,2.387007
0.656000,2564.304000,0.924936
37.392000,302.416000,2.028625
25.584000,1352.016000,3.209390
32.144000,2204.816000,1.998319
5.904000,2427.856000,13.080679
36.080000,2555.120000,2.736121
28.208000,1470.096000,3.231514
32.144000,1142.096000,0.719961
11.152000,2530.192000,0.746579
26.896000,1519.952000,2.129630
17.712000,2002.768000,3.750451
0.656000,207.952000,3.789227
32.144000,2406.864000,3.561254
12.464000,1027.952000,2.264789
30.832000,2250.736000,5.750567
28.208000,1132.912000,2.217452
21.648000,3211.120000,0.792917
30.832000,404.752000,0.657462
28.208000,1348.080000,2.878820
20.336000,1239.184000,5.345534
28.208000,59.696000,2.087421
34.768000,3174.384000,4.209803
12.464000,919.056000,1.837897
22.960000,848.208000,2.153260
12.464000,215.824000,0.867629
11.152000,3043.184000,3.614176
28.208000,1786.288000,1.295750
9.840000,2782.096000,0.749053
21.648000,2055.248000,1.051932
28.208000,2115.600000,1.884265
29.520000,2730.928000,1.201197
8.528000,150.224000,1.447741
30.832000,2959.216000,1.151230
37.392000,2077.552000,2.546997
33.456000,3061.552000,3.418767
22.960000,2766.352000,6.743549
13.776000,554.320000,10.105398
3.280000,1808.592000,1.914911
26.896000,3136.336000,1.241614
29.520000,427.056000,5.555212
12.464000,2185.136000,9.710005
25.584000,2282.224000,2.697689
0.656000,3102.224000,4.285100
26.896000,1228.688000,1.258621
3.280000,1836.144000,3.017785
30.832000,589.744000,3.329368
11.152000,1704.944000,1.402001
22.960000,1875.504000,8.757860
19.024000,1325.776000,3.812191
28.208000,1342.832000,2.373782
3.280000,188.272000,2.680256
22.960000,3128.464000,5.370879
8.528000,490.032000,6.141165
7.216000,667.152000,2.450791
26.896000,2069.680000,0.689238
32.144000,713.072000,8.916490
4.592000,3039.248000,2.599262
34.768000,2070.992000,7.481193
20.336000,2965.776000,1.672739
24.272000,2468.528000,1.120501
0.656000,66.256000,4.795688
17.712000,1069.936000,1.889850
32.144000,857.392000,4.543332
15.088000,967.600000,1.328916
9.840000,538.576000,10.124311
32.144000,2166.768000,0.703591
5.904000,2944.784000,3.174250
16.400000,2257.296000,1.884688
20.336000,2726.992000,3.058142
24.272000,1195.888000,1.244540
9.840000,2240.240000,4.454310
19.024000,2127.408000,0.700426
0.656000,323.408000,7.010158
16.400000,2359.632000,4.733674
7.216000,1439.920000,6.598297
32.144000,3060.240000,2.435423
20.336000,2406.864000,2.525583
8.528000,2691.568000,2.118556
0.656000,2074.928000,4.993213
9.840000,164.656000,5.909768
33.456000,1981.776000,9.428787
20.336000,2212.688000,1.863399
29.520000,1058.128000,3.103611
36.080000,2442.288000,2.168249
9.840000,1355.952000,8.353979
7.216000,1290.352000,3.177726
25.584000,3039.248000,4.531999
13.776000,3204.560000,0.784819
37.392000,1156.528000,6.094067
33.456000,2643.024000,15.947942
30.832000,903.312000,1.687377
19.024000,286.672000,0.732292
5.904000,2576.112000,4.778846
3.280000,1222.128000,3.098511
1.968000,2557.744000,3.352345
25.584000,1274.608000,7.315157
30.832000,1069.936000,5.382517
7.216000,1350.704000,2.100583
13.776000,1456.976000,2.188409
8.528000,214.512000,6.336058
29.520000,177.776000,7.669950
22.960000,1009.584000,5.393253
16.400000,2008.016000,3.319650
3.280000,1812.528000,0.900280
21.648000,3024.816000,0.952339
9.840000,1945.040000,1.730492
38.704000,2994.640000,1.847577
17.712000,1820.400000,2.778890
13.776000,2737.488000,7.268718
0.656000,934.800000,2.610152
32.144000,2031.632000,1.413677
19.024000,91.184000,0.997195
22.960000,118.736000,16.937086
9.840000,1820.400000,0.941422
33.456000,698.640000,1.839565
37.392000,633.040000,4.727818
34.768000,1741.680000,0.984984
16.400000,3034.000000,0.851562
13.776000,3111.408000,4.047774
17.712000,1067.312000,3.363402
25.584000,1685.264000,1.487696
30.832000,1947.664000,2.267144
9.840000,1146.032000,2.576028
22.960000,2616.784000,1.935156
20.336000,1739.056000,0.729009
12.464000,343.088000,1.549547
24.272000,2094.608000,0.721710
38.704000,148.912000,5.240392
37.392000,657.968000,4.154100
21.648000,1342.832000,2.621289
9.840000,2784.720000,6.080761
32.144000,1100.112000,1.597733
21.648000,2303.216000,3.998491
33.456000,3167.824000,2.199193
15.088000,141.040000,4.301805
24.272000,1506.832000,2.151685
30.832000,2993.328000,3.362308
32.144000,916.432000,6.166083
24.272000,1733.808000,1.425739
29.520000,160.720000,1.897878
11.152000,370.640000,4.123255
19.024000,2683.696000,1.185956
24.272000,2623.344000,5.319907
33.456000,2943.472000,2.932934
37.392000,831.152000,2.131292
15.088000,2674.512000,1.392546
20.336000,392.944000,3.671013
7.216000,2751.920000,4.128828
5.904000,1643.280000,4.127045
29.520000,2801.776000,10.071954
16.400000,2868.688000,2.750026
11.152000,1029.264000,4.296639
19.024000,1510.768000,1.972975
20.336000,3019.568000,2.895670
7.216000,2594.480000,2.593136
5.904000,2147.088000,7.602160
8.528000,2715.184000,3.209813
12.464000,618.608000,1.776937
16.400000,682.896000,3.525312
26.896000,711.760000,7.655453
16.400000,1271.984000,5.082697
19.024000,2098.544000,0.728666
29.520000,2569.552000,1.148546
16.400000,1762.672000,12.748104
33.456000,3064.176000,1.171534
7.216000,1615.728000,1.493643
22.960000,1152.592000,9.490383
38.704000,1513.392000,9.674732
7.216000,530.704000,6.006386
24.272000,1578.992000,7.244557
33.456000,1281.168000,2.607413
19.024000,3117.968000,6.141550
11.152000,1045.008000,3.468146
7.216000,1072.560000,1.994372
0.656000,252.560000,16.705639
13.776000,2367.504000,2.474264
34.768000,1243.120000,14.537965
9.840000,2467.216000,2.931409
24.272000,461.168000,1.409339
1.968000,1802.032000,3.855745
28.208000,1354.640000,1.999418
37.392000,2870.000000,5.398112
22.960000,1270.672000,3.058401
33.456000,528.080000,13.321707
0.656000,2765.040000,5.245193
25.584000,3082.544000,1.212338
11.152000,2569.552000,0.923525
5.904000,1050.256000,4.435449
15.088000,2818.832000,2.285432
24.272000,1031.888000,6.993199
16.400000,2828.016000,2.831183
38.704000,112.176000,7.050937
0.656000,1442.544000,4.166291
13.776000,1779.728000,6.668014
7.216000,842.960000,1.939484
11.152000,1788.912000,4.473765
9.840000,116.112000,3.699107
17.712000,1715.440000,2.047081
11.152000,2982.832000,2.472886
34.768000,2253.360000,3.391394
16.400000,1014.832000,3.723190
12.464000,2742.736000,0.969252
4.592000,1113.232000,4.678716
3.280000,256.496000,0.799685
0.656000,248.624000,3.382784
12.464000,1113.232000,10.999128
16.400000,535.952000,8.727122
29.520000,104.304000,2.440959
36.080000,2507.888000,4.269083
30.832000,1226.064000,9.194281
36.080000,186.960000,0.847734
29.520000,999.088000,3.377254
15.088000,512.336000,1.842259
17.712000,144.976000,2.610598
13.776000,38.704000,1.068693
5.904000,2622.032000,1.895489
25.584000,3165.200000,5.932815
24.272000,634.352000,3.724008
25.584000,260.432000,3.693522
8.528000,1740.368000,1.370901
13.776000,787.856000,1.443014
30.832000,1119.792000,5.070939
11.152000,1659.024000,0.758023
8.528000,1670.832000,2.834857
3.280000,996.464000,5.028282
25.584000,2842.448000,0.737865
12.464000,3024.816000,13.294505
32.144000,2656.144000,3.578383
32.144000,950.544000,1.917249
28.208000,3173.072000,3.687562
26.896000,3175.696000,3.894597
22.960000,2816.208000,2.774605
37.392000,2438.352000,2.357580
16.400000,505.776000,5.574252
13.776000,678.960000,2.435287
16.400000,2145.776000,2.061945
11.152000,3023.504000,0.672024
0.656000,545.136000,1.628347
22.960000,2919.856000,6.071604
13.776000,1186.704000,0.855257
19.024000,1694.448000,0.736328
4.592000,2435.728000,4.636080
15.088000,3074.672000,1.862157
29.520000,2236.304000,1.285903
15.088000,2405.552000,1.392435
26.896000,151.536000,4.847417
38.704000,282.736000,3.115597
12.464000,825.904000,3.680237
5.904000,534.640000,1.070172
38.704000,953.168000,4.190333
11.152000,1645.904000,3.170663
17.712000,2999.888000,7.299572
1.968000,2662.704000,1.888382
21.648000,2703.376000,0.957865
26.896000,1853.200000,4.596992
4.592000,15.088000,6.271410
36.080000,1735.120000,2.523573
0.656000,566.128000,4.238896
32.144000,352.272000,3.730813
7.216000,1064.688000,3.207647
11.152000,915.120000,2.204346
33.456000,1662.960000,5.726032
38.704000,1987.024000,5.100776
20.336000,2019.824000,9.016888
3.280000,3039.248000,2.379110
12.464000,2745.360000,3.744656
17.712000,1635.408000,2.568161
19.024000,886.256000,2.120894
5.904000,1003.024000,0.850430
30.832000,2594.480000,1.370183
28.208000,1024.016000,5.167978
29.520000,1131.600000,8.042084
34.768000,879.696000,6.992722
12.464000,676.336000,5.016279
0.656000,1838.768000,1.898751
16.400000,1817.776000,2.474145
22.960000,1328.400000,9.889992
3.280000,1198.512000,3.492431
25.584000,2503.952000,3.163048
11.152000,1993.584000,1.315759
7.216000,959.728000,3.206781
32.144000,1475.344000,2.851581
28.208000,175.152000,5.987352
24.272000,2017.200000,1.846784
19.024000,781.296000,4.441903
1.968000,2644.336000,0.873480
11.152000,3094.352000,5.966018
13.776000,2286.160000,5.404252
1.968000,3198.000000,1.083756
8.528000,1484.528000,4.137885
19.024000,968.912000,1.503591
37.392000,78.064000,3.199186
7.216000,1125.040000,2.241770
0.656000,38.704000,5.546529
17.712000,2573.488000,2.949883
38.704000,1197.200000,11.687877
34.768000,3215.056000,5.639899
17.712000,676.336000,2.454496
29.520000,2841.136000,3.706286
32.144000,795.728000,5.869349
20.336000,2182.512000,4.267265
34.768000,3015.632000,3.403312
24.272000,2503.952000,3.994786
24.272000,3218.992000,0.790594
25.584000,1855.824000,4.550692
17.712000,3049.744000,4.790314
8.528000,1779.728000,1.689803
34.768000,930.864000,7.928039
8.528000,38.704000,3.125658
34.768000,2325.520000,4.348391
8.528000,1443.856000,2.503602
24.272000,1808.592000,3.058107
0.656000,1834.832000,4.793005
19.024000,1039.760000,4.353791
7.216000,2333.392000,2.059949
8.528000,2938.224000,4.807659
22.960000,3115.344000,1.561674
5.904000,724.880000,1.013654
22.960000,248.624000,3.454044
1.968000,3183.568000,2.708284
8.528000,423.120000,1.116741
22.960000,1985.712000,2.186016
13.776000,3102.224000,1.409102
20.336000,2560.368000,1.417580
9.840000,126.608000,3.565543
3.280000,564.816000,1.705996
32.144000,3124.528000,1.346556
24.272000,1979.152000,2.211887
7.216000,2656.144000,6.325436
3.280000,940.048000,2.832192
33.456000,1194.576000,0.940835
1.968000,171.216000,2.210433
19.024000,2500.016000,1.639116
24.272000,2069.680000,4.063667
34.768000,1846.640000,4.673045
34.768000,102.992000,5.732117
22.960000,511.024000,2.976351
25.584000,709.136000,6.058255
0.656000,2211.376000,1.232859
20.336000,1782.352000,0.686152
28.208000,1212.944000,12.837596
3.280000,609.424000,4.948316
9.840000,3028.752000,5.865058
36.080000,2290.096000,2.786174
25.584000,932.176000,0.843491
22.960000,1735.120000,2.978638
5.904000,509.712000,4.029934
34.768000,1016.144000,5.210197
24.272000,2038.192000,2.489360
8.528000,581.872000,5.166066
26.896000,308.976000,1.761512
38.704000,419.184000,4.054863
16.400000,164.656000,1.987321
29.520000,2246.800000,5.729898
20.336000,252.560000,3.089766
36.080000,3099.600000,2.097047
11.152000,1900.432000,14.332899
32.144000,1993.584000,0.695818
34.768000,652.720000,3.412929
26.896000,1533.072000,8.443844
20.336000,3079.920000,8.535045
22.960000,588.432000,2.080328
36.080000,163.344000,9.651989
33.456000,2425.232000,8.183498
1.968000,539.888000,1.989870
32.144000,2364.880000,0.985351
25.584000,3150.768000,3.775308
7.216000,1578.992000,7.302604
21.648000,2657.456000,11.436544
0.656000,1811.216000,4.219501
24.272000,1951.600000,1.711115
36.080000,1807.280000,1.051995
29.520000,3045.808000,7.062594
22.960000,3019.568000,9.083969
28.208000,1859.760000,10.856168
9.840000,429.680000,2.057296
7.216000,1155.216000,17.548912
22.960000,1299.536000,2.047396
25.584000,290.608000,4.908858
38.704000,1766.608000,2.302862
38.704000,514.960000,12.791399
9.840000,2733.552000,0.997626
21.648000,1420.240000,2.907731
37.392000,2179.888000,4.301142
37.392000,3125.840000,1.551331
19.024000,2782.096000,3.802370
19.024000,1454.352000,6.038217
17.712000,480.848000,3.187425
19.024000,2662.704000,1.070909
28.208000,2078.864000,2.186988
17.712000,807.536000,3.102052
36.080000,1167.024000,1.412926
33.456000,1250.992000,2.473504
7.216000,353.584000,1.244955
1.968000,1647.216000,9.747640
1.968000,1391.376000,4.193315
24.272000,727.504000,2.536640
24.272000,71.504000,1.188983
12.464000,1077.808000,1.713000
21.648000,110.864000,1.679417
1.968000,226.320000,12.595641
5.904000,1056.816000,1.340440
38.704000,2813.584000,1.359365
8.528000,2534.128000,2.311265
9.840000,1455.664000,12.558200
3.280000,2658.768000,6.062090
12.464000,1774.480000,8.578301
4.592000,1723.312000,9.021113
21.648000,1990.960000,0.694505
11.152000,967.600000,4.350199
24.272000,295.856000,3.395298
15.088000,2632.528000,1.332803
7.216000,2927.728000,3.269214
22.960000,517.584000,6.198522
26.896000,2360.944000,1.581189
0.656000,1786.288000,6.090938
33.456000,570.064000,4.159892
0.656000,2908.048000,4.330437
8.528000,2170.704000,3.535789
13.776000,2097.232000,3.038846
22.960000,1765.296000,1.757107
25.584000,2740.112000,0.829341
37.392000,609.424000,1.113957
28.208000,2005.392000,11.730125
21.648000,2643.024000,0.747812
22.960000,291.920000,1.052041
30.832000,537.264000,3.130230
8.528000,2807.024000,0.720486
0.656000,243.376000,1.582751
30.832000,2002.768000,7.752848
16.400000,661.904000,4.359469
37.392000,985.968000,4.133950
37.392000,2229.744000,1.364442
8.528000,537.264000,2.751281
33.456000,500.528000,4.469998
0.656000,692.080000,3.329909
11.152000,2619.408000,9.166952
37.392000,1718.064000,1.384394
30.832000,2560.368000,6.879132
7.216000,1855.824000,2.412743
25.584000,2948.720000,2.597417
38.704000,1254.928000,4.112061
29.520000,1845.328000,4.179168
22.960000,2872.624000,3.466162
11.152000,2535.440000,3.870704
30.832000,1870.256000,6.579156
9.840000,1475.344000,4.706699
13.776000,2476.400000,3.668252
5.904000,298.480000,1.127626
30.832000,310.288000,1.378431
15.088000,1584.240000,0.763997
8.528000,2224.496000,6.715953
36.080000,2623.344000,15.986194
33.456000,1159.152000,1.267997
32.144000,246.000000,1.503195
16.400000,580.560000,2.632771
21.648000,1973.904000,1.739167
34.768000,650.096000,2.230244
17.712000,2927.728000,5.949125
28.208000,1813.840000,8.593463
26.896000,2691.568000,5.059365
19.024000,2047.376000,1.321531
1.968000,375.888000,1.928503
19.024000,1850.576000,3.833090
17.712000,329.968000,7.738566
12.464000,2212.688000,4.676044
36.080000,2429.168000,0.849883
13.776000,975.472000,0.756099
36.080000,1491.088000,0.899176
7.216000,1613.104000,5.476064
26.896000,3006.448000,1.192067
1.968000,2347.824000,2.412694
4.592000,1996.208000,10.836603
24.272000,1581.616000,7.618250
15.088000,417.872000,1.085820
28.208000,1626.224000,1.639962
26.896000,516.272000,5.127017
30.832000,1188.016000,6.374044
8.528000,184.336000,14.142699
3.280000,297.168000,2.108641
3.280000,2818.832000,4.400807
5.904000,2702.064000,0.864962
30.832000,1014.832000,1.356511
25.584000,592.368000,13.281719
20.336000,1506.832000,0.997263
8.528000,260.432000,2.389294
8.528000,2855.568000,0.812228
3.280000,991.216000,3.136420
36.080000,1509.456000,0.763809
1.968000,24.272000,2.615332
8.528000,2259.920000,7.632734
33.456000,1690.512000,3.939641
8.528000,1197.200000,4.484489
38.704000,1463.536000,1.521716
36.080000,214.512000,2.486988
34.768000,3131.088000,2.910834
17.712000,1361.200000,2.255419
28.208000,2215.312000,0.680312
9.840000,361.456000,0.797119
17.712000,1278.544000,2.728285
25.584000,448.048000,2.364475
17.712000,1649.840000,6.880991
26.896000,2976.272000,2.393843
15.088000,1035.824000,4.540007
12.464000,287.984000,8.580464
12.464000,1627.536000,1.288532
20.336000,1089.616000,1.751400
17.712000,1230.000000,3.738380
37.392000,3119.280000,1.592810
5.904000,2526.256000,6.775716
9.840000,411.312000,1.345250
15.088000,529.392000,2.991932
22.960000,983.344000,2.628584
19.024000,239.440000,1.788430
1.968000,1669.520000,4.779899
21.648000,1543.568000,3.192376
17.712000,1765.296000,1.478616
11.152000,2717.808000,11.248869
38.704000,2135.280000,8.898791
30.832000,921.680000,5.065706
28.208000,2800.464000,10.685917
28.208000,1325.776000,2.739627
3.280000,772.112000,2.387080
0.656000,1519.952000,4.992959
13.776000,3145.520000,3.746098
9.840000,454.608000,6.405681
19.024000,594.992000,3.146046
24.272000,105.616000,0.913825
34.768000,1779.728000,1.730501
3.280000,2591.856000,6.856668
3.280000,2828.016000,2.520322
7.216000,722.256000,1.791817
36.080000,2461.968000,1.574840
38.704000,2911.984000,5.723317
5.904000,2645.648000,2.388914
16.400000,1159.152000,2.656786
3.280000,2358.320000,5.899084
22.960000,1020.080000,10.160148
34.768000,1593.424000,2.632070
36.080000,167.280000,5.431889
33.456000,1798.096000,3.779508
15.088000,350.960000,1.080177
38.704000,1334.960000,1.773001
28.208000,1602.608000,4.006208
0.656000,1605.232000,5.230657
36.080000,2292.720000,0.701097
4.592000,2387.184000,1.185475
32.144000,2200.880000,0.887751
19.024000,3114.032000,1.590696
19.024000,269.616000,0.719265
22.960000,2426.544000,1.076777
12.464000,2481.648000,5.282996
15.088000,2978.896000,1.670193
1.968000,558.256000,2.791708
22.960000,606.800000,1.830653
30.832000,547.760000,3.181680
12.464000,1045.008000,0.671365
0.656000,2814.896000,1.786423
13.776000,3205.872000,2.933403
25.584000,1795.472000,4.026436
4.592000,3137.648000,2.989386
29.520000,11.152000,0.849961
38.704000,1346.768000,3.968100
3.280000,2120.848000,2.984203
17.712000,1782.352000,1.086864
7.216000,2040.816000,2.753938
21.648000,2482.960000,2.370554
11.152000,2312.400000,0.951655
22.960000,785.232000,5.023810
3.280000,1829.584000,2.524125
34.768000,113.488000,2.561446
4.592000,997.776000,0.981009
7.216000,2808.336000,3.953469
3.280000,791.792000,0.737148
20.336000,1181.456000,3.793843
22.960000,413.936000,3.038506
4.592000,1105.360000,4.336826
33.456000,920.368000,3.707598
24.272000,366.704000,6.293426
22.960000,2381.936000,2.124918
20.336000,1170.960000,8.722712
16.400000,1201.136000,4.648178
15.088000,1560.624000,1.747413
15.088000,3104.848000,7.040782
19.024000,1990.960000,1.587635
32.144000,1058.128000,3.585429
24.272000,1264.112000,2.707124
30.832000,454.608000,7.361390
36.080000,3135.024000,4.775312
19.024000,392.944000,3.151997
34.768000,493.968000,2.880165
16.400000,442.800000,1.083185
34.768000,2699.440000,3.806091
3.280000,1794.160000,5.926511
1.968000,752.432000,1.391967
26.896000,2799.152000,1.668859
1.968000,2332.080000,1.723151
24.272000,189.584000,7.193668
8.528000,2590.544000,4.700605
26.896000,1618.352000,2.719037
8.528000,3064.176000,3.841188
32.144000,3194.064000,1.448269
4.592000,1992.272000,5.845270
38.704000,2093.296000,2.140150
32.144000,2887.056000,3.898787
32.144000,1572.432000,6.300799
5.904000,2822.768000,2.253134
16.400000,2923.792000,4.672407
9.840000,745.872000,4.454646
19.024000,1266.736000,2.372446
22.960000,2051.312000,1.353917
16.400000,369.328000,3.174828
28.208000,3075.984000,0.820458
17.712000,824.592000,4.804214
15.088000,2451.472000,1.324932
29.520000,955.792000,1.723799
36.080000,2034.256000,2.762703
33.456000,1521.264000,1.597907
17.712000,2828.016000,6.800220
1.968000,909.872000,1.759333
1.968000,2839.824000,3.831272
26.896000,1925.360000,3.531091
28.208000,785.232000,4.550995
17.712000,1753.488000,4.938094
29.520000,947.920000,6.044823
16.400000,1025.328000,3.732898
20.336000,398.192000,7.741446
33.456000,1182.768000,6.274266
7.216000,2078.864000,2.438493
19.024000,1844.016000,3.173250
30.832000,933.488000,1.542456
32.144000,2095.920000,3.487395
9.840000,2971.024000,3.572431
17.712000,1862.384000,3.240000
15.088000,2561.680000,1.239885
5.904000,450.672000,1.773974
36.080000,2463.280000,0.775700
5.904000,2329.456000,4.983028
17.712000,842.960000,4.656510
17.712000,2454.096000,29.521987
36.080000,1060.752000,0.869374
19.024000,2569.552000,3.712074
33.456000,2947.408000,2.512125
16.400000,1899.120000,0.772869
19.024000,1715.440000,3.626998
0.656000,1194.576000,2.035484
12.464000,1117.168000,1.275415
15.088000,2837.200000,6.166004
5.904000,2799.152000,3.183259
15.088000,3035.312000,1.449117
34.768000,1184.080000,3.975733
19.024000,1430.736000,11.343737
36.080000,2378.000000,5.262889
15.088000,2263.856000,4.391269
13.776000,1371.696000,7.760762
9.840000,1693.136000,6.471920
16.400000,1149.968000,6.671751
25.584000,1882.064000,2.443365
17.712000,621.232000,8.426110
11.152000,1282.480000,7.906787
7.216000,256.496000,6.806052
17.712000,1064.688000,11.266773
5.904000,757.680000,19.481576
12.464000,894.128000,9.142141
19.024000,1411.056000,0.918650
28.208000,1047.632000,5.025469
20.336000,349.648000,0.811261
24.272000,613.360000,0.921892
37.392000,2168.080000,1.945155
36.080000,1548.816000,2.406199
15.088000,294.544000,5.345135
0.656000,3177.008000,1.948814
26.896000,1724.624000,1.935662
26.896000,344.400000,2.432451
26.896000,1450.416000,3.338563
8.528000,146.288000,2.598452
12.464000,1887.312000,1.706912
12.464000,2711.248000,1.576958
19.024000,810.160000,9.531657
38.704000,1123.728000,3.255377
7.216000,3019.568000,4.684054
30.832000,1925.360000,1.687841
26.896000,2112.976000,2.057001
0.656000,1564.560000,13.082273
15.088000,1403.184000,2.103157
16.400000,1198.512000,8.776124
17.712000,1350.704000,8.933701
12.464000,896.752000,10.047145
11.152000,1164.400000,0.767119
8.528000,2022.448000,2.287426
25.584000,1227.376000,5.286020
5.904000,1718.064000,14.108717
4.592000,1337.584000,2.802743
7.216000,2336.016000,0.755064
7.216000,1698.384000,2.897858
19.024000,2091.984000,5.699551
7.216000,28.208000,2.839935
28.208000,1753.488000,7.919787
4.592000,1080.432000,10.306512
17.712000,2384.560000,6.710851
29.520000,2179.888000,1.480665
38.704000,942.672000,4.448410
17.712000,1218.192000,3.021993
15.088000,2203.504000,3.413860
3.280000,1677.392000,1.500064
22.960000,1581.616000,3.632432
32.144000,1578.992000,1.080806
38.704000,2250.736000,1.210169
0.656000,672.400000,1.481546
32.144000,1417.616000,5.549994
28.208000,3027.440000,2.434862
13.776000,3028.752000,4.370408
34.768000,3162.576000,8.070929
33.456000,3209.808000,10.237784
26.896000,2974.960000,1.623335
37.392000,252.560000,1.898384
8.528000,400.816000,0.977939
36.080000,1215.568000,0.713022
21.648000,352.272000,4.118434
29.520000,1233.936000,1.456441
7.216000,1.968000,4.845752
36.080000,2500.016000,9.743429
17.712000,319.472000,2.488111
24.272000,1681.328000,6.993081
4.592000,379.824000,0.798869
7.216000,3032.688000,10.174394
16.400000,1346.768000,16.172532
30.832000,2252.048000,0.737151
30.832000,3095.664000,1.743936
37.392000,2266.480000,1.890662
22.960000,2102.480000,5.306593
5.904000,264.368000,2.323699
9.840000,2357.008000,6.877612
1.968000,2123.472000,0.796787
3.280000,2583.984000,2.219300
3.280000,2151.024000,4.704691
30.832000,2095.920000,7.866523
7.216000,1792.848000,3.113283
19.024000,1382.192000,6.714421
17.712000,1548.816000,6.266473
0.656000,950.544000,1.265589
21.648000,97.744000,7.842388
4.592000,1181.456000,0.899598
36.080000,564.816000,6.692369
29.520000,2852.944000,8.129008
32.144000,209.264000,0.866639
26.896000,2751.920000,3.759636
15.088000,727.504000,2.801736
20.336000,2902.800000,1.334651
5.904000,110.864000,6.345379
11.152000,1375.632000,2.339844
22.960000,907.248000,4.608669
13.776000,2946.096000,0.885687
0.656000,894.128000,9.824773
11.152000,2337.328000,25.117890
24.272000,371.952000,1.590118
13.776000,2835.888000,3.515476
5.904000,2591.856000,2.737129
9.840000,63.632000,4.071202
3.280000,1868.944000,5.976006
5.904000,68.880000,2.907955
29.520000,2401.616000,10.793856
15.088000,2080.176000,2.399454
33.456000,1151.280000,1.458751
16.400000,2065.744000,2.769028
20.336000,2011.952000,2.976060
24.272000,1281.168000,1.585456
9.840000,1703.632000,1.522902
36.080000,1997.520000,1.480967
17.712000,1121.104000,1.447725
5.904000,2324.208000,1.413394
28.208000,1941.104000,1.536796
3.280000,636.976000,4.555943
33.456000,2194.320000,4.840908
21.648000,2524.944000,13.886405
7.216000,2953.968000,2.977708
3.280000,2665.328000,6.334751
19.024000,1652.464000,0.701404
3.280000,357.520000,1.726988
29.520000,294.544000,3.198225
11.152000,2263.856000,1.303101
16.400000,2711.248000,3.503278
24.272000,866.576000,3.114804
3.280000,2506.576000,4.280075
15.088000,997.776000,6.496435
38.704000,1603.920000,4.270476
26.896000,2493.456000,17.067781
24.272000,3040.560000,2.284804
8.528000,394.256000,3.157264
19.024000,3053.680000,1.987675
37.392000,1348.080000,3.556729
4.592000,1683.952000,10.282401
33.456000,326.032000,7.969748
32.144000,1056.816000,12.047467
38.704000,1022.704000,0.731210
17.712000,368.016000,1.543596
0.656000,1030.576000,4.457163
5.904000,529.392000,9.757410
19.024000,1172.272000,9.319186
4.592000,1340.208000,3.396263
29.520000,789.168000,1.345881
32.144000,3056.304000,2.981891
30.832000,580.560000,6.017586
36.080000,2801.776000,0.732470
5.904000,773.424000,10.067092
32.144000,2698.128000,8.006024
33.456000,1014.832000,2.620956
36.080000,782.608000,2.815031
30.832000,2631.216000,1.907913
26.896000,324.720000,1.842358
7.216000,1682.640000,3.952252
16.400000,2034.256000,1.939764
5.904000,887.568000,1.014148
15.088000,1222.128000,11.313320
13.776000,1045.008000,2.092175
32.144000,2749.296000,4.793809
17.712000,650.096000,5.336238
12.464000,2788.656000,2.157484
21.648000,883.632000,3.743516
21.648000,2702.064000,9.026011
26.896000,609.424000,2.766162
29.520000,375.888000,3.475872
12.464000,1367.760000,0.927949
21.648000,278.800000,1.522796
33.456000,332.592000,3.396160
29.520000,2683.696000,11.748755
22.960000,555.632000,6.230703
28.208000,2304.528000,1.464956
7.216000,1050.256000,4.420908
33.456000,825.904000,1.467922
28.208000,1640.656000,2.680543
4.592000,1219.504000,5.767478
29.520000,2898.864000,0.739781
13.776000,2712.560000,2.058137
5.904000,2290.096000,4.204349
38.704000,2986.768000,4.135186
29.520000,1778.416000,0.707007
37.392000,311.600000,0.991391
28.208000,20.336000,1.678573
36.080000,1043.696000,1.275438
28.208000,2770.288000,5.439366
34.768000,3022.192000,1.518953
28.208000,1631.472000,0.826275
32.144000,904.624000,4.599898
28.208000,542.512000,1.365230
16.400000,1745.616000,4.168271
11.152000,2889.680000,2.839726
1.968000,1467.472000,6.279270
26.896000,1138.160000,1.180300
25.584000,755.056000,1.715327
29.520000,408.688000,4.440720
11.152000,2555.120000,1.007021
21.648000,1051.568000,2.850028
13.776000,1294.288000,10.558787
16.400000,793.104000,1.206745
7.216000,2418.672000,1.011642
22.960000,1685.264000,2.425670
38.704000,2732.240000,1.055491
34.768000,942.672000,2.837901
7.216000,482.160000,0.725376
9.840000,2229.744000,2.657432
28.208000,1985.712000,4.883608
3.280000,2324.208000,6.629161
25.584000,1487.152000,6.266262
24.272000,1086.992000,2.283325
9.840000,1220.816000,2.512656
5.904000,1168.336000,2.411706
9.840000,848.208000,4.555497
7.216000,2004.080000,1.662307
30.832000,398.192000,1.298815
13.776000,333.904000,2.459140
9.840000,961.040000,3.389162
38.704000,976.784000,8.810345
16.400000,1269.360000,0.695021
28.208000,305.040000,1.359120
9.840000,919.056000,6.252910
3.280000,1523.888000,9.262154
4.592000,2257.296000,7.112534
19.024000,2190.384000,3.788145
36.080000,3211.120000,0.722042
32.144000,1181.456000,5.590249
8.528000,2911.984000,0.660848
0.656000,1585.552000,1.697358
21.648000,1989.648000,1.898188
30.832000,642.224000,2.052466
3.280000,774.736000,11.466306
4.592000,2052.624000,1.044911
30.832000,1075.184000,8.519667
25.584000,1035.824000,4.467891
5.904000,2816.208000,1.455079
0.656000,1931.920000,5.010494
19.024000,925.616000,2.866698
15.088000,345.712000,1.258443
34.768000,343.088000,11.137171
29.520000,896.752000,1.755286
37.392000,2953.968000,2.116979
5.904000,2157.584000,9.961801
32.144000,412.624000,6.188949
34.768000,1765.296000,1.251025
21.648000,675.024000,11.053463
24.272000,816.720000,4.487722
3.280000,673.712000,1.139877
37.392000,3009.072000,3.360539
38.704000,812.784000,7.061646
26.896000,2338.640000,0.743079
25.584000,184.336000,3.650618
24.272000,2801.776000,0.707678
0.656000,1362.512000,2.709361
9.840000,1707.568000,7.181384
12.464000,109.552000,7.374503
22.960000,2191.696000,1.112866
19.024000,829.840000,15.776802
15.088000,802.288000,11.430103
9.840000,2187.760000,4.749765
0.656000,2130.032000,10.772614
22.960000,950.544000,5.278092
0.656000,2597.104000,3.538975
1.968000,1605.232000,0.688949
11.152000,2664.016000,11.022966
21.648000,1027.952000,2.928229
5.904000,3106.160000,2.353512
1.968000,2518.384000,4.353657
0.656000,318.160000,13.248060
28.208000,1291.664000,6.135612
36.080000,59.696000,2.280530
1.968000,2489.520000,0.933677
8.528000,2766.352000,1.828757
34.768000,1666.896000,3.166673
21.648000,1409.744000,8.506985
29.520000,1483.216000,3.423827
33.456000,361.456000,2.103967
24.272000,1395.312000,1.541473
16.400000,75.440000,0.783375
8.528000,391.632000,12.581697
15.088000,2479.024000,1.518460
8.528000,1037.136000,8.456425
34.768000,117.424000,12.349810
37.392000,1114.544000,2.681642
25.584000,3036.624000,6.416023
38.704000,2077.552000,5.573340
21.648000,172.528000,1.226428
5.904000,1144.720000,0.883248
28.208000,2395.056000,4.964886
26.896000,1676.080000,0.777582
33.456000,1924.048000,4.583797
9.840000,1338.896000,6.751242
1.968000,1559.312000,3.559022
34.768000,408.688000,4.378483
4.592000,2405.552000,0.865010
34.768000,1460.912000,5.944515
21.648000,2762.416000,4.832808
11.152000,2894.928000,6.571876
16.400000,1889.936000,6.353275
1.968000,1580.304000,4.848371
9.840000,2214.000000,1.536664
29.520000,1851.888000,1.512788
16.400000,2702.064000,9.794358
26.896000,2583.984000,2.743229
25.584000,1963.408000,1.746751
21.648000,903.312000,7.589384
0.656000,854.768000,5.305766
21.648000,597.616000,1.182877
12.464000,1241.808000,1.982574
20.336000,2128.720000,7.764883
20.336000,1640.656000,3.007337
13.776000,1292.976000,8.816233
24.272000,2056.560000,1.997094
15.088000,1875.504000,0.869867
28.208000,2349.136000,2.699493
3.280000,823.280000,1.502491
17.712000,1414.992000,1.890896
29.520000,2623.344000,7.212118
29.520000,227.632000,2.829951
32.144000,1066.000000,1.027729
21.648000,2088.048000,6.050999
26.896000,1719.376000,4.865711
33.456000,1626.224000,2.467542
33.456000,299.792000,2.049198
20.336000,1247.056000,3.499980
1.968000,2641.712000,3.551722
8.528000,112.176000,1.799797
34.768000,1799.408000,3.249631
9.840000,3157.328000,0.772812
7.216000,433.616000,1.141316
25.584000,343.088000,6.085023
15.088000,1151.280000,4.989332
38.704000,3112.720000,13.898630
16.400000,1576.368000,3.467886
28.208000,2534.128000,2.199782
36.080000,190.896000,2.374610
9.840000,2950.032000,1.483973
29.520000,446.736000,0.799646
28.208000,1089.616000,1.473464
28.208000,1375.632000,8.872241
32.144000,3170.448000,0.968294
3.280000,2326.832000,2.589180
24.272000,274.864000,12.569980
29.520000,1762.672000,1.731980
5.904000,1296.912000,4.783628
13.776000,2126.096000,0.991669
13.776000,1299.536000,1.738369
1.968000,894.128000,2.676280
38.704000,218.448000,3.846247
21.648000,1828.272000,5.180155
34.768000,13.776000,2.305859
1.968000,96.432000,1.464056
25.584000,529.392000,11.046072
15.088000,896.752000,4.745381
37.392000,2846.384000,6.990433
25.584000,2286.160000,1.179426
7.216000,324.720000,1.514201
25.584000,1258.864000,2.812794
3.280000,1618.352000,3.911446
32.144000,678.960000,1.489403
13.776000,532.016000,9.319476
24.272000,635.664000,1.874902
7.216000,703.888000,0.997161
15.088000,190.896000,6.903613
30.832000,3195.376000,8.207328
13.776000,3103.536000,0.911403
1.968000,232.880000,3.922206
22.960000,2973.648000,3.699416
19.024000,3064.176000,3.770675
15.088000,3005.136000,2.585497
22.960000,113.488000,0.878643
7.216000,2349.136000,6.211385
12.464000,175.152000,2.075237
19.024000,66.256000,1.653053
34.768000,2120.848000,1.933372
19.024000,1903.056000,2.604281
30.832000,3119.280000,3.570775
0.656000,791.792000,3.116835
9.840000,1066.000000,1.748774
30.832000,1652.464000,3.015806
22.960000,57.072000,1.051347
13.776000,652.720000,0.742295
26.896000,2787.344000,1.339176
15.088000,1505.520000,3.885250
12.464000,357.520000,2.624150
8.528000,1770.544000,0.743614
9.840000,875.760000,3.170637
19.024000,2950.032000,3.264189
36.080000,1370.384000,5.736069
37.392000,29.520000,1.750977
36.080000,1782.352000,3.586432
11.152000,985.968000,1.812762
26.896000,1077.808000,2.598689
15.088000,89.872000,0.672318
36.080000,955.792000,0.919571
19.024000,3007.760000,2.440164
8.528000,1921.424000,1.638857
15.088000,2455.408000,3.364424
29.520000,1386.128000,0.931595
8.528000,281.424000,6.333603
30.832000,1387.440000,1.752514
20.336000,1033.200000,1.000660
21.648000,1067.312000,3.020590
12.464000,441.488000,6.357764
25.584000,818.032000,1.496562
30.832000,1468.784000,4.125148
5.904000,587.120000,5.242981
17.712000,274.864000,4.609401
17.712000,1191.952000,6.569515
13.776000,2010.640000,1.332606
19.024000,417.872000,1.709528
20.336000,1858.448000,5.584755
3.280000,2702.064000,11.654068
21.648000,2625.968000,1.928853
28.208000,1041.072000,10.376204
8.528000,1388.752000,9.448802
7.216000,1931.920000,8.311086
5.904000,442.800000,5.302502
37.392000,2534.128000,5.253459
38.704000,273.552000,13.766175
22.960000,1956.848000,4.653616
24.272000,3136.336000,6.308847
38.704000,374.576000,4.469631
3.280000,1107.984000,0.840134
11.152000,1180.144000,1.979593
32.144000,2413.424000,2.442856
36.080000,472.976000,1.197012
32.144000,1464.848000,1.411300
3.280000,2025.072000,3.187078
29.520000,232.880000,1.439424
7.216000,2416.048000,6.630930
26.896000,2746.672000,1.554615
12.464000,3007.760000,3.251059
11.152000,2509.200000,0.937199
28.208000,151.536000,0.723137
12.464000,491.344000,4.984135
16.400000,2371.440000,5.166135
4.592000,1462.224000,5.066632
38.704000,764.240000,5.661641
26.896000,1909.616000,1.469777
37.392000,2971.024000,1.438517
9.840000,2762.416000,1.799488
9.840000,3192.752000,1.025119
1.968000,206.640000,0.989698
1.968000,1943.728000,0.821113
9.840000,2526.256000,6.720797
24.272000,1956.848000,1.715731
8.528000,2202.192000,8.566755
5.904000,1094.864000,4.144198
3.280000,1338.896000,8.656795
36.080000,524.144000,0.783134
16.400000,1403.184000,2.479252
20.336000,287.984000,6.059021
25.584000,919.056000,3.220516
15.088000,1862.384000,2.440860
29.520000,1855.824000,0.985887
17.712000,615.984000,4.333564
36.080000,2165.456000,2.419215
19.024000,491.344000,2.673402
5.904000,4.592000,1.940044
30.832000,2612.848000,3.025606
16.400000,488.720000,5.382660
24.272000,49.200000,1.356063
28.208000,829.840000,2.623553
28.208000,1850.576000,3.040440
12.464000,1268.048000,1.569934
26.896000,2523.632000,1.209242
29.520000,3036.624000,3.912378
1.968000,2692.880000,7.493720
34.768000,3081.232000,3.405867
9.840000,2409.488000,3.519802
11.152000,2309.776000,3.335687
1.968000,329.968000,2.949633
34.768000,190.896000,1.809923
17.712000,860.016000,3.042057
37.392000,1387.440000,2.155893
33.456000,2231.056000,6.431781
13.776000,1850.576000,4.609567
16.400000,1895.184000,4.540258
25.584000,2715.184000,1.187106
29.520000,2141.840000,1.247042
36.080000,2897.552000,5.413333
4.592000,2463.280000,2.993599
17.712000,1214.256000,27.154046
30.832000,902.000000,3.710952
36.080000,371.952000,2.903678
19.024000,2229.744000,5.642286
21.648000,2688.944000,2.481046
11.152000,3096.976000,5.409563
7.216000,883.632000,5.408207
11.152000,1782.352000,1.005212
21.648000,1159.152000,1.222952
28.208000,2615.472000,2.684222
0.656000,337.840000,2.058230
24.272000,2160.208000,0.986373
25.584000,1908.304000,4.356204
13.776000,253.872000,2.495919
30.832000,2412.112000,1.041477
38.704000,345.712000,0.771352
37.392000,591.056000,0.737159
1.968000,398.192000,6.016258
22.960000,1657.712000,7.672730
3.280000,2871.312000,6.243626
19.024000,849.520000,4.573047
13.776000,2223.184000,7.950126
17.712000,2787.344000,4.255830
32.144000,2228.432000,7.763198
22.960000,604.176000,3.945207
24.272000,2826.704000,3.576700
3.280000,259.120000,4.980769
13.776000,993.840000,1.323737
16.400000,1796.784000,3.731181
22.960000,2035.568000,2.526448
4.592000,188.272000,0.741801
12.464000,1008.272000,1.289832
8.528000,2094.608000,5.719402
29.520000,423.120000,2.230559
1.968000,2808.336000,16.105063
22.960000,3162.576000,7.025120
26.896000,606.800000,1.407291
7.216000,1088.304000,1.076402
13.776000,2666.640000,1.239015
3.280000,928.240000,2.787919
33.456000,290.608000,2.594444
29.520000,358.832000,4.454916
0.656000,1657.712000,1.384523
38.704000,2742.736000,5.872233
26.896000,1582.928000,3.982822
29.520000,1140.784000,1.384078
3.280000,301.104000,2.131708
16.400000,2990.704000,0.963456
29.520000,2552.496000,4.430022
33.456000,101.680000,2.060819
28.208000,2165.456000,2.392916
16.400000,1488.464000,5.767388
11.152000,652.720000,6.531506
11.152000,1302.160000,2.493756
24.272000,823.280000,22.004879
38.704000,2143.152000,13.509293
37.392000,152.848000,2.262800
22.960000,2902.800000,1.707567
20.336000,2734.864000,6.842425
24.272000,1741.680000,6.867575
38.704000,1399.248000,6.286108
34.768000,1518.640000,8.580670
22.960000,743.248000,2.332830
37.392000,1655.088000,1.758843
25.584000,2761.104000,3.234455
15.088000,251.248000,7.768607
26.896000,1212.944000,2.339639
3.280000,1235.248000,4.364152
29.520000,646.160000,4.439326
37.392000,758.992000,1.539151
13.776000,2981.520000,1.395259
26.896000,3052.368000,0.926511
20.336000,2523.632000,3.984569
15.088000,2471.152000,0.938211
4.592000,566.128000,2.949836
32.144000,3217.680000,3.191705
12.464000,2208.752000,0.755298
1.968000,1935.856000,1.838151
32.144000,1556.688000,2.629090
32.144000,682.896000,1.914345
28.208000,1449.104000,1.748441
28.208000,29.520000,6.803274
20.336000,1816.464000,5.599928
24.272000,896.752000,3.810006
38.704000,1222.128000,1.296138
1.968000,2216.624000,4.710602
12.464000,1821.712000,5.241081
21.648000,1887.312000,4.291383
3.280000,1484.528000,1.991642
13.776000,3129.776000,5.913619
17.712000,2032.944000,1.764461
36.080000,2439.664000,7.087871
37.392000,2173.328000,8.218518
7.216000,1287.728000,3.073736
33.456000,1887.312000,12.199692
32.144000,2322.896000,4.633918
24.272000,1866.320000,2.661966
33.456000,1523.888000,5.387706
22.960000,1823.024000,10.752820
19.024000,2565.616000,0.968522
19.024000,505.776000,4.140041
4.592000,2653.520000,1.190374
26.896000,210.576000,10.611139
20.336000,3184.880000,1.690595
29.520000,2778.160000,4.264989
22.960000,1352.016000,2.037410
34.768000,566.128000,1.989663
12.464000,2337.328000,3.148971
9.840000,2918.544000,5.636784
30.832000,1745.616000,1.451964
36.080000,2805.712000,5.114353
38.704000,2102.480000,2.087444
1.968000,1538.320000,4.016816
28.208000,3096.976000,2.591112
26.896000,2615.472000,13.586369
20.336000,364.080000,1.165094
0.656000,287.984000,7.808986
25.584000,1387.440000,2.144730
12.464000,1097.488000,1.423308
28.208000,1693.136000,2.457227
7.216000,2036.880000,6.012750
0.656000,831.152000,1.850732
8.528000,1446.480000,1.712943
28.208000,79.376000,3.515470
13.776000,2782.096000,2.471072
0.656000,1480.592000,11.477015
24.272000,1662.960000,8.373023
11.152000,1299.536000,0.709047
36.080000,2036.880000,7.726900
28.208000,1160.464000,0.986378
15.088000,1606.544000,2.465299
15.088000,2395.056000,4.147249
17.712000,589.744000,2.294623
37.392000,1948.976000,1.321203
34.768000,2265.168000,3.221359
20.336000,211.888000,2.614213
32.144000,184.336000,4.291630
16.400000,2821.456000,1.117930
3.280000,3045.808000,4.364554
7.216000,943.984000,1.125611
11.152000,917.744000,8.885513
33.456000,2695.504000,4.833398
24.272000,2458.032000,2.577545
33.456000,3117.968000,14.017280
24.272000,113.488000,0.779001
15.088000,3065.488000,6.769909
21.648000,877.072000,2.033392
25.584000,1072.560000,1.198805
1.968000,2771.600000,1.665305
11.152000,1891.248000,16.240974
16.400000,1561.936000,10.319883
33.456000,2120.848000,2.165416
3.280000,1227.376000,1.021898
38.704000,305.040000,0.692027
33.456000,2875.248000,2.829266
28.208000,1821.712000,2.058853
8.528000,1506.832000,4.351024
15.088000,1047.632000,7.073787
11.152000,950.544000,5.362415
32.144000,1888.624000,3.749630
3.280000,2342.576000,1.393811
4.592000,3064.176000,0.779780
8.528000,984.656000,1.947540
8.528000,305.040000,9.948965
7.216000,1891.248000,9.534020
15.088000,360.144000,0.794444
33.456000,753.744000,4.535088
37.392000,2753.232000,5.867718
1.968000,1804.656000,11.068042
1.968000,1021.392000,1.110992
21.648000,47.888000,4.168172
13.776000,995.152000,1.494981
33.456000,1613.104000,4.754484
16.400000,1533.072000,5.648175
7.216000,726.192000,8.330533
11.152000,1344.144000,2.942253
17.712000,167.280000,1.480732
13.776000,190.896000,9.201515
30.832000,2061.808000,1.691535
37.392000,154.160000,1.418250
20.336000,2880.496000,1.916480
4.592000,357.520000,1.475371
3.280000,3183.568000,5.666522
32.144000,2244.176000,1.431411
36.080000,2990.704000,0.688923
30.832000,1930.608000,8.253065
16.400000,1380.880000,9.590970
26.896000,509.712000,5.571024
37.392000,1240.496000,6.448306
7.216000,9.840000,0.696200
36.080000,62.320000,3.216115
21.648000,1464.848000,8.528549
34.768000,214.512000,2.690815
16.400000,3167.824000,3.296293
38.704000,2936.912000,3.732016
16.400000,2866.064000,11.954334
32.144000,1803.344000,4.412774
32.144000,1098.800000,1.407149
32.144000,25.584000,1.030913
34.768000,1462.224000,1.341383
25.584000,2707.312000,2.442070
22.960000,2345.200000,1.316498
15.088000,470.352000,5.360935
7.216000,3095.664000,6.499637
12.464000,1460.912000,3.946670
11.152000,1808.592000,3.855129
29.520000,1062.064000,15.030444
30.832000,2808.336000,1.133455
17.712000,2269.104000,1.643758
24.272000,3204.560000,3.739162
7.216000,3034.000000,2.084431
7.216000,341.776000,3.986015
8.528000,2723.056000,4.242885
15.088000,2336.016000,2.313597
22.960000,1554.064000,3.259894
12.464000,2660.080000,4.548557
33.456000,1652.464000,7.842316
8.528000,619.920000,1.238880
16.400000,407.376000,1.264305
9.840000,2728.304000,0.891039
38.704000,2492.144000,0.846439
0.656000,2287.472000,3.375318
0.656000,779.984000,6.930059
36.080000,1441.232000,7.097038
30.832000,2312.400000,24.481635
13.776000,1474.032000,2.315101
4.592000,215.824000,4.550371
20.336000,1441.232000,2.079910
3.280000,1167.024000,1.489990
30.832000,3179.632000,1.543225
22.960000,2835.888000,5.542259
1.968000,2566.928000,5.532929
5.904000,121.360000,3.373892
4.592000,1418.928000,2.709777
0.656000,1390.064000,2.091448
11.152000,3032.688000,0.849623
0.656000,2542.000000,0.830993
20.336000,108.240000,5.743179
7.216000,2842.448000,3.212863
0.656000,717.008000,2.838163
21.648000,638.288000,3.174825
15.088000,2699.440000,1.941823
22.960000,2915.920000,11.061539
32.144000,2755.856000,3.355675
17.712000,3222.928000,4.381230
3.280000,2518.384000,4.218165
12.464000,2712.560000,9.264914
30.832000,1071.248000,0.685383
17.712000,1800.720000,1.837193
29.520000,285.360000,0.911425
7.216000,1230.000000,4.779267
4.592000,675.024000,3.485888
4.592000,1887.312000,1.102279
7.216000,109.552000,12.157539
3.280000,512.336000,7.932950
34.768000,2334.704000,6.661291
11.152000,690.768000,1.599483
5.904000,222.384000,2.549871
26.896000,672.400000,2.989157
17.712000,610.736000,11.129601
13.776000,1189.328000,5.888958
3.280000,430.992000,2.275174
21.648000,46.576000,5.868249
19.024000,3001.200000,1.253599
12.464000,1910.928000,8.285776
24.272000,416.560000,1.311408
1.968000,1474.032000,3.663862
9.840000,12.464000,5.835203
28.208000,2265.168000,1.735902
26.896000,59.696000,3.884569
34.768000,289.296000,6.995846
0.656000,1384.816000,1.563002
37.392000,240.752000,4.073131
30.832000,1754.800000,2.281947
30.832000,2336.016000,3.204916
5.904000,701.264000,6.622494
16.400000,3115.344000,2.559992
17.712000,2995.952000,2.711004
29.520000,1837.456000,14.742412
26.896000,3040.560000,14.501076
22.960000,2974.960000,2.677993
32.144000,570.064000,3.519511
29.520000,2240.240000,2.718033
32.144000,1659.024000,4.517401
21.648000,2963.152000,2.210904
38.704000,3045.808000,10.887394
30.832000,1038.448000,1.845102
34.768000,2313.712000,4.709609
21.648000,993.840000,1.916251
8.528000,2526.256000,6.898435
0.656000,2006.704000,1.084944
19.024000,1413.680000,3.679094
1.968000,1184.080000,2.392611
15.088000,1294.288000,5.971720
28.208000,2929.040000,1.089142
26.896000,3157.328000,5.612580
11.152000,185.648000,11.163484
21.648000,2006.704000,1.660697
21.648000,2590.544000,10.255580
25.584000,378.512000,2.087672
4.592000,1127.664000,5.463885
29.520000,2704.688000,2.546132
34.768000,3013.008000,3.634795
29.520000,1952.912000,1.327766
29.520000,2265.168000,3.687186
15.088000,3196.688000,2.295445
9.840000,2143.152000,0.755637
13.776000,2144.464000,3.299969
9.840000,537.264000,4.531314
37.392000,2290.096000,4.387874
8.528000,633.040000,4.005174
19.024000,681.584000,1.631498
26.896000,1551.440000,1.354420
1.968000,2321.584000,0.948322
19.024000,555.632000,3.004996
16.400000,207.952000,9.430889
11.152000,1934.544000,0.849448
0.656000,1155.216000,1.785692
19.024000,2010.640000,1.761979
15.088000,2307.152000,6.139791
36.080000,3096.976000,3.830349
36.080000,1458.288000,2.317831
15.088000,2342.576000,5.776724
30.832000,1092.240000,1.157283
16.400000,1555.376000,4.055654
20.336000,916.432000,2.704608
19.024000,1084.368000,3.361120
38.704000,2397.680000,12.560291
38.704000,2270.416000,5.120071
9.840000,1571.120000,1.056187
13.776000,808.848000,2.260168
19.024000,369.328000,5.713367
22.960000,594.992000,4.268587
17.712000,173.840000,4.131838
30.832000,340.464000,10.207780
1.968000,391.632000,7.367133
24.272000,1870.256000,1.166439
24.272000,1834.832000,0.997286
3.280000,1168.336000,3.117778
15.088000,2589.232000,3.004690
21.648000,2114.288000,0.938465
5.904000,3218.992000,6.038603
30.832000,3023.504000,0.749696
20.336000,1084.368000,4.548887
24.272000,389.008000,3.265944
25.584000,1367.760000,1.220110
16.400000,3.280000,5.164150
29.520000,2177.264000,2.909308
13.776000,386.384000,6.466294
13.776000,983.344000,1.803699
25.584000,1173.584000,2.882002
7.216000,1824.336000,2.354069
9.840000,2091.984000,9.928888
30.832000,302.416000,2.813332
16.400000,1496.336000,0.973615
7.216000,774.736000,1.811311
34.768000,3127.152000,5.018959
5.904000,995.152000,1.579536
8.528000,1554.064000,1.693747
32.144000,1379.568000,6.748670
11.152000,753.744000,2.218619
17.712000,745.872000,1.163574
37.392000,266.992000,0.881631
15.088000,2922.480000,2.052230
29.520000,162.032000,14.415606
22.960000,1408.432000,8.205487
36.080000,1378.256000,0.753168
5.904000,22.960000,1.922406
13.776000,1543.568000,2.247575
5.904000,2992.016000,3.094838
36.080000,2174.640000,2.875815
21.648000,913.808000,0.813155
32.144000,1899.120000,13.114133
8.528000,1.968000,3.172314
8.528000,1672.144000,0.903207
1.968000,717.008000,1.267632
21.648000,634.352000,0.845433
38.704000,2715.184000,21.664047
38.704000,3170.448000,1.260519
8.528000,1325.776000,1.014298
28.208000,1973.904000,2.664567
38.704000,314.224000,2.524361
0.656000,427.056000,1.061714
4.592000,2082.800000,0.888721
3.280000,1525.200000,3.148350
16.400000,2198.256000,5.058363
13.776000,1193.264000,3.117939
29.520000,861.328000,4.198863
4.592000,1041.072000,10.517045
30.832000,1711.504000,0.926921
36.080000,1958.160000,7.876673
28.208000,2131.344000,7.443075
1.968000,664.528000,0.921354
17.712000,1031.888000,1.697747
28.208000,3047.120000,3.745131
3.280000,75.440000,4.832932
13.776000,1447.792000,5.547664
7.216000,137.104000,4.334486
13.776000,1168.336000,4.792860
13.776000,2967.088000,3.746951
5.904000,1610.480000,13.063887
19.024000,773.424000,3.228751
8.528000,2547.248000,1.527301
32.144000,1838.768000,0.893090
21.648000,314.224000,0.675937
32.144000,3179.632000,5.892270
1.968000,2105.104000,1.567367
36.080000,2683.696000,1.131398
24.272000,326.032000,2.351801
24.272000,286.672000,4.652176
29.520000,138.416000,6.206961
20.336000,772.112000,8.149836
7.216000,2207.440000,0.904493
36.080000,1540.944000,13.264247
9.840000,2875.248000,2.850524
38.704000,2997.264000,18.898146
24.272000,3146.832000,3.510239
3.280000,2602.352000,1.022888
1.968000,2904.112000,12.878243
9.840000,84.624000,1.336963
25.584000,2902.800000,4.892165
37.392000,3127.152000,2.661458
33.456000,2055.248000,4.886697
21.648000,1967.344000,4.798607
38.704000,2005.392000,2.546603
36.080000,2922.480000,3.409370
7.216000,1206.384000,1.902403
37.392000,2737.488000,6.829009
22.960000,1539.632000,3.117598
11.152000,2528.880000,12.206111
36.080000,1198.512000,3.595374
33.456000,2493.456000,4.623772
7.216000,1271.984000,6.939769
13.776000,3173.072000,3.796834
3.280000,68.880000,7.374013
7.216000,3010.384000,3.441705
33.456000,1147.344000,9.987567
12.464000,432.304000,0.971123
25.584000,3195.376000,10.265763
9.840000,1100.112000,2.818842
15.088000,1261.488000,4.649243
24.272000,403.440000,5.484759
30.832000,707.824000,2.417537
16.400000,2317.648000,0.801604
1.968000,710.448000,2.150076
16.400000,1370.384000,2.956027
5.904000,1878.128000,2.423444
12.464000,1521.264000,3.667269
34.768000,1035.824000,4.010538
19.024000,530.704000,10.281897
37.392000,694.704000,1.716607
0.656000,2724.368000,1.001921
22.960000,2297.968000,0.715164
30.832000,2231.056000,0.732943
30.832000,1851.888000,4.587300
32.144000,63.632000,1.290337
26.896000,2604.976000,3.413408
11.152000,1106.672000,0.903945
34.768000,913.808000,4.468686
38.704000,310.288000,2.024917
22.960000,2660.080000,1.309560
3.280000,130.544000,1.536990
15.088000,57.072000,4.719691
26.896000,2871.312000,10.557093
22.960000,2896.240000,2.730288
22.960000,2971.024000,4.114433
29.520000,2362.256000,3.177432
11.152000,534.640000,7.339726
0.656000,2898.864000,6.026967
37.392000,3035.312000,1.302390
25.584000,572.688000,4.030644
24.272000,362.768000,1.541328
3.280000,2925.104000,3.484283
21.648000,2915.920000,3.140387
15.088000,2551.184000,1.568154
20.336000,1290.352000,3.362729
15.088000,1962.096000,4.441144
37.392000,3136.336000,2.812984
16.400000,2518.384000,1.374299
34.768000,1338.896000,1.295110
16.400000,1774.480000,2.551094
16.400000,2469.840000,7.616309
17.712000,253.872000,5.440353
30.832000,416.560000,1.877698
12.464000,555.632000,1.586774
22.960000,2173.328000,4.774580
8.528000,781.296000,2.785635
7.216000,1505.520000,3.148578
19.024000,2178.576000,0.954237
24.272000,1306.096000,4.832772
34.768000,240.752000,2.781971
12.464000,13.776000,5.983911
15.088000,2653.520000,5.577015
0.656000,1787.600000,3.626391
30.832000,358.832000,4.562449
0.656000,1914.864000,1.885418
13.776000,2968.400000,1.854726
5.904000,2843.760000,3.817685
1.968000,2822.768000,2.887752
19.024000,2389.808000,4.355120
32.144000,2963.152000,2.166483
28.208000,2927.728000,6.097749
16.400000,2484.272000,0.829819
19.024000,778.672000,0.920179
4.592000,3141.584000,2.539831
4.592000,2026.384000,3.421574
11.152000,1763.984000,1.830025
30.832000,479.536000,2.998364
33.456000,1989.648000,7.121864
0.656000,1459.600000,6.472506
16.400000,2665.328000,1.034672
29.520000,1513.392000,3.788285
29.520000,2317.648000,3.767228
12.464000,419.184000,3.451603
3.280000,909.872000,2.932292
20.336000,2147.088000,8.615272
9.840000,1488.464000,7.237342
1.968000,2267.792000,1.505434
5.904000,877.072000,9.057839
8.528000,1004.336000,1.957604
7.216000,2593.168000,5.494511
3.280000,1548.816000,3.878273
9.840000,2387.184000,3.777542
13.776000,2196.944000,6.201645
24.272000,507.088000,2.161002
1.968000,2841.136000,11.997675
5.904000,480.848000,9.362528
19.024000,1665.584000,2.283331
4.592000,2543.312000,2.074898
4.592000,3198.000000,4.693303
22.960000,534.640000,4.721795
21.648000,1636.720000,0.733843
0.656000,774.736000,1.107846
24.272000,2132.656000,0.904229
9.840000,1321.840000,0.747364
33.456000,3108.784000,3.922872
15.088000,2521.008000,6.879022
37.392000,2316.336000,4.238568
33.456000,1803.344000,3.320955
7.216000,2757.168000,1.890039
3.280000,1757.424000,3.627846
5.904000,1080.432000,0.848488
20.336000,286.672000,3.235305
33.456000,356.208000,1.485016
4.592000,1653.776000,1.274330
26.896000,720.944000,11.206867
22.960000,2095.920000,1.369288
0.656000,42.640000,2.168520
24.272000,650.096000,5.385056
36.080000,415.248000,4.840352
5.904000,2175.952000,0.768537
36.080000,1135.536000,1.465242
29.520000,197.456000,5.253584
22.960000,2011.952000,1.065005
26.896000,3007.760000,2.308358
24.272000,1489.776000,5.760998
25.584000,3138.960000,1.886623
12.464000,2511.824000,1.134592
38.704000,2494.768000,2.547515
32.144000,1207.696000,0.949855
24.272000,227.632000,1.080620
24.272000,2713.872000,3.127714
33.456000,2388.496000,2.434214
32.144000,402.128000,2.827353
34.768000,2870.000000,17.678615
1.968000,2064.432000,6.542687
32.144000,2431.792000,1.630835
17.712000,1614.416000,3.884683
25.584000,316.848000,4.140913
19.024000,2959.216000,1.297073
13.776000,3073.360000,6.191769
1.968000,1702.320000,4.196163
37.392000,1005.648000,1.448776
25.584000,1560.624000,3.568882
32.144000,1144.720000,2.469944
30.832000,1762.672000,2.145728
24.272000,1298.224000,1.219456
26.896000,2387.184000,4.462473
1.968000,3002.512000,9.033994
8.528000,366.704000,2.363679
34.768000,1105.360000,1.059843
25.584000,2401.616000,4.393393
17.712000,99.056000,13.328821
16.400000,1871.568000,1.768515
9.840000,1791.536000,1.624273
20.336000,3094.352000,1.646189
30.832000,2894.928000,5.484697
38.704000,2484.272000,1.396397
28.208000,1456.976000,8.281594
38.704000,1151.280000,8.641557
22.960000,955.792000,5.105320
1.968000,2095.920000,2.425185
32.144000,2253.360000,2.992442
26.896000,207.952000,1.464513
30.832000,2721.744000,2.402865
19.024000,1371.696000,4.541292
15.088000,2935.600000,10.696766
12.464000,1980.464000,9.706136
3.280000,2960.528000,2.977693
21.648000,625.168000,5.958913
13.776000,3196.688000,4.748844
5.904000,2792.592000,1.270288
20.336000,2930.352000,4.644466
29.520000,2072.304000,4.099963
38.704000,286.672000,0.745281
25.584000,521.520000,0.878880
36.080000,2737.488000,1.720011
16.400000,2835.888000,1.190739
11.152000,2947.408000,3.557179
28.208000,343.088000,2.396942
3.280000,740.624000,1.059632
34.768000,2677.136000,6.632667
15.088000,943.984000,7.029464
15.088000,785.232000,1.036445
21.648000,2035.568000,0.795398
21.648000,3023.504000,2.110582
7.216000,2704.688000,3.709211
22.960000,2072.304000,1.481803
11.152000,1310.032000,5.282705
12.464000,2252.048000,1.322780
17.712000,2902.800000,3.750852
9.840000,2870.000000,8.977659
15.088000,507.088000,0.823348
7.216000,991.216000,2.426511
16.400000,728.816000,0.721571
26.896000,1659.024000,11.442585
13.776000,2856.880000,3.975789
21.648000,375.888000,4.131145
4.592000,2977.584000,4.379475
13.776000,2376.688000,4.671172
12.464000,3102.224000,1.635723
30.832000,676.336000,1.596771
34.768000,336.528000,12.491648
24.272000,251.248000,3.102387
15.088000,2615.472000,1.308192
29.520000,1847.952000,2.897213
3.280000,491.344000,2.765322
1.968000,3125.840000,9.084094
29.520000,1715.440000,2.217909
5.904000,1075.184000,1.925175
29.520000,1634.096000,18.555310
20.336000,1964.720000,6.257652
28.208000,794.416000,7.942197
16.400000,1588.176000,2.966708
0.656000,1344.144000,6.584633
5.904000,1009.584000,1.175005
25.584000,306.352000,10.684029
24.272000,2938.224000,3.434937
34.768000,1762.672000,5.613768
15.088000,49.200000,1.259493
1.968000,993.840000,4.081587
11.152000,1202.448000,1.244238
34.768000,1589.488000,3.190423
5.904000,3.280000,12.799786
25.584000,1003.024000,6.649461
30.832000,46.576000,2.496655
4.592000,147.600000,1.803080
34.768000,2127.408000,1.308748
25.584000,3183.568000,6.266467
21.648000,1480.592000,2.218637
37.392000,1639.344000,8.191773
26.896000,102.992000,2.887830
17.712000,3112.720000,0.728091
15.088000,738.000000,3.990633
3.280000,436.240000,3.302924
7.216000,1157.840000,1.497453
24.272000,1690.512000,1.786209
4.592000,2797.840000,2.190797
24.272000,991.216000,2.784261
22.960000,1194.576000,1.447124
38.704000,165.968000,6.231202
8.528000,2965.776000,7.397627
24.272000,974.160000,8.405187
22.960000,651.408000,7.380757
36.080000,1723.312000,1.941819
8.528000,1833.520000,11.334140
1.968000,91.184000,3.517664
4.592000,1935.856000,1.597223
21.648000,1085.680000,0.940782
34.768000,291.920000,7.260364
32.144000,3073.360000,1.537963
22.960000,1214.256000,2.741110
1.968000,1273.296000,18.801474
7.216000,1509.456000,4.624450
1.968000,3057.616000,12.553228
20.336000,3187.504000,6.517270
32.144000,1533.072000,0.895834
29.520000,281.424000,8.089517
0.656000,1496.336000,3.398644
8.528000,2653.520000,5.129077
5.904000,1167.024000,2.821008
38.704000,2490.832000,0.985503
1.968000,2186.448000,1.438471
22.960000,251.248000,16.173734
9.840000,657.968000,3.738708
20.336000,2812.272000,2.361632
37.392000,2856.880000,2.894936
29.520000,349.648000,4.484693
24.272000,2860.816000,0.904468
13.776000,1165.712000,0.827888
33.456000,1043.696000,2.523388
3.280000,1055.504000,1.199522
38.704000,2444.912000,11.654149
9.840000,1533.072000,2.557901
17.712000,1754.800000,1.437713
11.152000,2316.336000,1.467688
8.528000,2751.920000,2.415953
0.656000,3047.120000,1.770127
19.024000,297.168000,3.097870
16.400000,513.648000,1.566858
38.704000,2574.800000,4.460563
15.088000,2047.376000,2.382966
7.216000,602.864000,2.843673
1.968000,32.144000,3.073074
22.960000,1669.520000,3.679381
5.904000,2737.488000,6.195283
25.584000,2271.728000,5.314972
5.904000,816.720000,1.701677
3.280000,2859.504000,9.069734
25.584000,238.128000,3.363826
22.960000,938.736000,11.115988
3.280000,3054.992000,4.982868
13.776000,2250.736000,4.268612
12.464000,902.000000,4.743008
28.208000,597.616000,0.723324
32.144000,3061.552000,1.575542
5.904000,835.088000,1.176762
1.968000,1975.216000,3.145547
33.456000,1039.760000,3.230866
1.968000,3136.336000,10.682762
20.336000,832.464000,1.194252
16.400000,2724.368000,0.940287
1.968000,303.728000,2.174425
22.960000,913.808000,6.600933
33.456000,2615.472000,1.524954
28.208000,1788.912000,5.339671
19.024000,3079.920000,2.641879
36.080000,1253.616000,5.424351
36.080000,577.936000,3.940837
28.208000,709.136000,4.057647
19.024000,1062.064000,12.696872
9.840000,3022.192000,7.176083
38.704000,2050.000000,3.043919
38.704000,1931.920000,15.956183
7.216000,1009.584000,3.126795
36.080000,2288.784000,5.737213
21.648000,503.152000,4.853533
24.272000,511.024000,0.701861
28.208000,2702.064000,5.149068
3.280000,1795.472000,0.898520
8.528000,198.768000,6.962047
32.144000,1613.104000,1.232549
19.024000,99.056000,3.336838
36.080000,1508.144000,5.703944
32.144000,1165.712000,1.398629
32.144000,874.448000,8.319944
12.464000,1206.384000,7.105402
36.080000,480.848000,3.430004
28.208000,277.488000,3.220201
28.208000,1800.720000,1.768087
28.208000,795.728000,1.079124
9.840000,2528.880000,1.564874
30.832000,909.872000,4.975585
33.456000,1277.232000,1.412762
29.520000,1252.304000,1.098251
34.768000,392.944000,1.319416
24.272000,2318.960000,9.209840
38.704000,1045.008000,8.732834
1.968000,1029.264000,2.812295
30.832000,1475.344000,4.824729
12.464000,152.848000,1.620702
30.832000,1370.384000,3.307145
26.896000,1716.752000,3.388883
29.520000,558.256000,3.143315
22.960000,1253.616000,2.007208
17.712000,301.104000,1.053758
25.584000,2338.640000,4.162244
13.776000,1043.696000,1.198082
33.456000,1861.072000,1.812196
32.144000,475.600000,3.740712
15.088000,937.424000,1.762992
30.832000,3040.560000,8.697557
24.272000,1165.712000,7.504857
15.088000,1563.248000,3.572060
17.712000,1736.432000,7.892501
3.280000,2509.200000,1.353913
29.520000,1535.696000,1.246260
24.272000,1678.704000,1.262612
33.456000,2216.624000,3.014171
29.520000,2897.552000,7.477342
29.520000,2992.016000,4.344504
1.968000,2598.416000,1.354755
25.584000,280.112000,1.027255
25.584000,2574.800000,1.905965
21.648000,1077.808000,1.888559
5.904000,593.680000,1.053842
16.400000,1359.888000,3.095233
13.776000,2165.456000,1.741305
29.520000,1939.792000,4.539103
32.144000,3173.072000,1.675655
25.584000,738.000000,2.016037
19.024000,3066.800000,2.855611
16.400000,1518.640000,3.929610
19.024000,1722.000000,2.498757
4.592000,1325.776000,0.989286
24.272000,2198.256000,4.084593
0.656000,134.480000,1.337335
16.400000,1605.232000,1.128918
34.768000,1674.768000,1.495157
12.464000,1107.984000,8.731437
5.904000,2868.688000,2.908431
12.464000,3212.432000,7.840765
12.464000,1863.696000,4.824163
24.272000,156.784000,1.745856
24.272000,1908.304000,4.525019
0.656000,1291.664000,1.092431
17.712000,1676.080000,2.304301
37.392000,2531.504000,4.073087
1.968000,957.104000,3.603427
12.464000,1689.200000,1.033289
37.392000,1622.288000,1.186386
21.648000,1176.208000,4.751305
13.776000,2679.760000,1.817989
8.528000,957.104000,2.432352
12.464000,3032.688000,0.882489
30.832000,2598.416000,0.962427
8.528000,2492.144000,1.512956
8.528000,1048.944000,5.211143
24.272000,2804.400000,6.852580
15.088000,1142.096000,0.680753
26.896000,2574.800000,2.180863
24.272000,1010.896000,2.592411
16.400000,2360.944000,5.159212
16.400000,102.992000,5.340685
5.904000,1071.248000,10.781879
3.280000,2371.440000,5.499811
20.336000,1737.744000,4.382949
4.592000,1020.080000,13.331638
17.712000,2763.728000,5.264049
24.272000,455.920000,7.510099
19.024000,2018.512000,0.748491
25.584000,1190.640000,1.901643
21.648000,2067.056000,7.649156
7.216000,1144.720000,1.776264
30.832000,3068.112000,1.913216
7.216000,139.728000,9.051560
26.896000,1215.568000,5.259815
34.768000,2923.792000,1.043422
20.336000,1038.448000,5.667722
17.712000,730.128000,2.352443
12.464000,2001.456000,6.127380
30.832000,2587.920000,4.385972
29.520000,340.464000,3.053610
30.832000,386.384000,13.378241
17.712000,344.400000,1.927054
7.216000,1540.944000,8.353672
28.208000,1899.120000,0.951795
0.656000,1130.288000,2.171032
29.520000,3098.288000,16.372265
25.584000,501.840000,1.353072
17.712000,1737.744000,2.163921
21.648000,2042.128000,1.102999
30.832000,1821.712000,5.913255
21.648000,2216.624000,3.696624
0.656000,2220.560000,0.976751
0.656000,1509.456000,4.781757
9.840000,612.048000,5.366663
3.280000,1805.968000,0.691421
16.400000,1075.184000,2.942297
36.080000,2696.816000,3.212073
12.464000,2178.576000,5.963939
38.704000,1391.376000,0.985952
32.144000,1582.928000,3.371825
12.464000,1289.040000,1.408800
30.832000,1413.680000,4.694611
20.336000,2119.536000,2.700639
33.456000,1779.728000,1.489064
33.456000,137.104000,7.100851
12.464000,100.368000,3.906671
17.712000,2064.432000,3.667834
30.832000,3129.776000,0.761941
26.896000,1760.048000,2.867087
26.896000,1386.128000,2.105496
32.144000,197.456000,5.119079
16.400000,97.744000,1.860292
20.336000,1060.752000,2.228201
8.528000,887.568000,8.420895
30.832000,1118.480000,4.700348
13.776000,410.000000,0.778480
29.520000,1307.408000,0.907090
1.968000,1191.952000,2.443891
32.144000,424.432000,2.512606
25.584000,2429.168000,2.672882
20.336000,2185.136000,0.802263
13.776000,2514.448000,2.149158
37.392000,135.792000,2.515057
15.088000,566.128000,14.793122
33.456000,480.848000,1.390126
5.904000,315.536000,3.171621
30.832000,2422.608000,4.588561
7.216000,301.104000,5.745278
30.832000,2435.728000,1.714820
26.896000,1976.528000,1.247191
13.776000,3221.616000,4.337621
20.336000,345.712000,4.423487
36.080000,2286.160000,2.521072
5.904000,1176.208000,0.850964
7.216000,242.064000,2.447424
9.840000,913.808000,3.627722
36.080000,3010.384000,1.179547
13.776000,1396.624000,1.370827
20.336000,2652.208000,7.745689
21.648000,2339.952000,0.825031
21.648000,3123.216000,0.929064
15.088000,280.112000,1.757952
29.520000,2262.544000,1.727270
33.456000,1433.360000,4.211546
17.712000,1865.008000,7.029887
3.280000,2614.160000,1.908443
11.152000,2366.192000,2.446409
15.088000,987.280000,2.424892
33.456000,2536.752000,1.741412
32.144000,879.696000,4.609170
0.656000,3148.144000,6.029606
8.528000,2671.888000,3.504559
32.144000,3171.760000,9.138516
3.280000,2433.104000,4.607831
24.272000,2749.296000,4.299700
16.400000,1262.800000,1.600903
30.832000,2006.704000,8.370525
25.584000,2833.264000,1.560112
38.704000,2594.480000,4.802549
25.584000,1884.688000,2.961034
5.904000,420.496000,6.692058
0.656000,1855.824000,0.961482
15.088000,2976.272000,6.284185
29.520000,2636.464000,9.733365
24.272000,594.992000,5.990198
19.024000,2982.832000,3.189432
3.280000,724.880000,11.918776
1.968000,845.584000,4.388482
30.832000,1543.568000,10.830425
25.584000,1456.976000,2.205902
26.896000,676.336000,1.202004
11.152000,922.992000,8.148215
17.712000,2572.176000,8.565389
5.904000,601.552000,4.852037
30.832000,2780.784000,4.509573
30.832000,1846.640000,6.242153
12.464000,3041.872000,1.120515
37.392000,1652.464000,4.063846
21.648000,1114.544000,11.604123
33.456000,2614.160000,1.096635
17.712000,133.168000,0.865954
22.960000,2018.512000,1.046417
34.768000,357.520000,4.706271
5.904000,3044.496000,3.929374
15.088000,2923.792000,7.724434
16.400000,2122.160000,2.351488
33.456000,2860.816000,1.064758
24.272000,3106.160000,0.968563
24.272000,282.736000,0.713501
38.704000,417.872000,5.531887
21.648000,968.912000,0.807863
26.896000,148.912000,0.990134
12.464000,2850.320000,4.541997
30.832000,1443.856000,3.197179
36.080000,631.728000,1.664294
15.088000,133.168000,3.967265
26.896000,1387.440000,0.664227
13.776000,66.256000,1.990940
16.400000,781.296000,0.807976
33.456000,1329.712000,0.846316
12.464000,1762.672000,2.701873
26.896000,2157.584000,0.684042
29.520000,1795.472000,3.017424
26.896000,1727.248000,1.658766
4.592000,78.064000,3.510186
3.280000,2231.056000,2.669300
32.144000,2787.344000,1.468858
4.592000,390.320000,0.724692
29.520000,1867.632000,6.227185
5.904000,3145.520000,0.759850
16.400000,1080.432000,2.741012
7.216000,1917.488000,0.977087
26.896000,407.376000,1.564022
8.528000,1846.640000,2.050968
19.024000,1253.616000,0.701311
4.592000,837.712000,3.476131
9.840000,501.840000,1.353628
4.592000,2341.264000,6.269401
20.336000,33.456000,1.578496
11.152000,734.064000,9.636128
26.896000,2132.656000,6.250018
9.840000,1934.544000,1.722565
33.456000,1286.416000,6.709076
21.648000,529.392000,4.477459
25.584000,1243.120000,2.739280
24.272000,2583.984000,2.342175
25.584000,1870.256000,3.384360
26.896000,1534.384000,1.458615
9.840000,1798.096000,3.019531
37.392000,845.584000,1.332831
30.832000,995.152000,5.182882
7.216000,1146.032000,3.208501
3.280000,1665.584000,3.142626
33.456000,3119.280000,2.324123
8.528000,930.864000,5.110273
3.280000,410.000000,1.721965
20.336000,1748.240000,2.520781
19.024000,2583.984000,5.842340
29.520000,2677.136000,0.679571
24.272000,680.272000,3.095359
29.520000,2414.736000,2.805154
17.712000,2736.176000,5.698809
21.648000,899.376000,5.763038
8.528000,1472.720000,1.693891
22.960000,2993.328000,1.972003
37.392000,3023.504000,2.158509
1.968000,461.168000,6.681610
7.216000,2789.968000,5.064353
3.280000,461.168000,6.086503
17.712000,887.568000,1.125599
38.704000,54.448000,3.140519
3.280000,2586.608000,1.833664
9.840000,2625.968000,10.951047
4.592000,694.704000,2.146526
36.080000,2119.536000,4.981539
16.400000,2069.680000,4.624648
9.840000,1026.640000,2.370988
38.704000,2056.560000,2.617070
4.592000,2940.848000,1.482073
17.712000,1445.168000,1.723360
30.832000,1132.912000,4.448909
16.400000,2347.824000,2.195846
29.520000,337.840000,1.158506
12.464000,2043.440000,3.808027
7.216000,253.872000,2.354597
19.024000,263.056000,4.852921
22.960000,934.800000,9.174057
1.968000,2286.160000,5.396614
19.024000,896.752000,3.371572
17.712000,3183.568000,3.804908
36.080000,2438.352000,2.326855
5.904000,768.176000,1.551294
34.768000,1661.648000,6.790038
13.776000,2585.296000,0.933279
12.464000,2114.288000,0.735487
9.840000,55.760000,2.679140
19.024000,3119.280000,2.535542
37.392000,264.368000,1.541621
34.768000,3171.760000,7.539968
38.704000,84.624000,0.943323
1.968000,2586.608000,5.595658
3.280000,865.264000,4.717934
36.080000,1543.568000,0.789283
38.704000,912.496000,12.658657
0.656000,1051.568000,2.802816
24.272000,2775.536000,1.648295
9.840000,2238.928000,13.108251
20.336000,2162.832000,1.097918
4.592000,1568.496000,2.181358
37.392000,1437.296000,1.153146
25.584000,3222.928000,1.593969
26.896000,1597.360000,1.537038
30.832000,490.032000,3.653682
9.840000,99.056000,5.614233
37.392000,3196.688000,3.705219
13.776000,625.168000,5.137475
34.768000,1760.048000,0.965715
12.464000,75.440000,2.519053
17.712000,575.312000,3.455414
4.592000,404.752000,2.659269
33.456000,2985.456000,3.663912
11.152000,1676.080000,2.508682
5.904000,231.568000,1.611081
36.080000,284.048000,1.426391
26.896000,1903.056000,7.296738
33.456000,2930.352000,1.763578
7.216000,2107.728000,3.686135
32.144000,1090.928000,4.623483
19.024000,2536.752000,5.189305
29.520000,503.152000,3.424446
16.400000,1081.744000,12.290733
20.336000,1468.784000,3.395514
30.832000,2620.720000,4.439513
3.280000,1241.808000,1.798742
4.592000,1664.272000,18.657766
17.712000,1195.888000,5.405675
33.456000,2671.888000,1.842565
0.656000,2002.768000,1.957154
20.336000,909.872000,0.879261
37.392000,2287.472000,4.831262
3.280000,1792.848000,1.145965
33.456000,2473.776000,7.795685
30.832000,3167.824000,4.923235
0.656000,2826.704000,3.149668
34.768000,2808.336000,1.104245
11.152000,374.576000,1.922618
24.272000,630.416000,2.423682
30.832000,2259.920000,4.935097
24.272000,2370.128000,2.528304
25.584000,820.656000,4.577041
28.208000,2018.512000,5.905596
25.584000,2279.600000,1.481136
9.840000,571.376000,0.907045
22.960000,1697.072000,12.156785
5.904000,2131.344000,2.800352
26.896000,1927.984000,3.544452
28.208000,3053.680000,14.545890
1.968000,980.720000,7.952412
22.960000,2378.000000,2.694177
15.088000,66.256000,3.903208
0.656000,2711.248000,4.892878
28.208000,1211.632000,9.058611
4.592000,2208.752000,1.416632
37.392000,2581.360000,1.590625
38.704000,3085.168000,4.071466
12.464000,865.264000,3.675860
1.968000,949.232000,3.242432
21.648000,301.104000,0.739688
1.968000,2502.640000,3.599937
1.968000,251.248000,3.611678
33.456000,1275.920000,6.795810
19.024000,1875.504000,0.893557
13.776000,1286.416000,0.992862
1.968000,150.224000,3.854051
22.960000,1148.656000,3.569343
38.704000,2215.312000,1.339697
17.712000,827.216000,5.514547
21.648000,1489.776000,2.436832
13.776000,1857.136000,6.519721
32.144000,2549.872000,2.384246
0.656000,2779.472000,3.265315
37.392000,3070.736000,11.640845
32.144000,142.352000,1.710899
26.896000,2064.432000,6.541189
34.768000,1370.384000,4.128759
16.400000,2761.104000,2.006279
20.336000,3104.848000,6.834262
20.336000,748.496000,3.354651
33.456000,2507.888000,0.950524
12.464000,1622.288000,1.795103
15.088000,932.176000,5.380390
36.080000,2248.112000,6.341295
7.216000,2633.840000,1.900191
7.216000,1689.200000,2.318511
15.088000,3208.496000,3.909631
25.584000,2228.432000,1.846511
5.904000,2110.352000,3.006754
13.776000,84.624000,4.451844
26.896000,106.928000,5.472221
3.280000,871.824000,2.793552
26.896000,583.184000,0.754500
36.080000,976.784000,14.071019
9.840000,1551.440000,0.945021
30.832000,466.416000,17.594270
37.392000,1774.480000,1.800534
38.704000,382.448000,6.823998
26.896000,2337.328000,5.307330
22.960000,3199.312000,2.587355
13.776000,2864.752000,3.073566
28.208000,1388.752000,1.173724
28.208000,1205.072000,5.694073
17.712000,614.672000,9.056703
38.704000,2528.880000,10.922135
37.392000,2093.296000,5.455606
38.704000,3166.512000,1.716989
3.280000,757.680000,2.921984
9.840000,1917.488000,3.866935
8.528000,3190.128000,2.188826
20.336000,2408.176000,1.804826
8.528000,2098.544000,3.012026
38.704000,1300.848000,2.755873
29.520000,2542.000000,2.068200
8.528000,993.840000,5.494753
0.656000,537.264000,0.844572
15.088000,2843.760000,3.421977
15.088000,2008.016000,8.183119
13.776000,1079.120000,2.025030
20.336000,1749.552000,22.246670
11.152000,612.048000,1.617977
28.208000,1130.288000,1.160110
4.592000,2496.080000,4.030437
30.832000,1605.232000,4.013257
11.152000,491.344000,2.557344
12.464000,2602.352000,7.057043
9.840000,917.744000,0.708580
17.712000,1026.640000,2.660752
1.968000,659.280000,1.551769
36.080000,2102.480000,3.837720
12.464000,3094.352000,5.357360
7.216000,365.392000,1.740483
28.208000,2103.792000,1.691619
0.656000,714.384000,1.757841
37.392000,1706.256000,6.508064
3.280000,1561.936000,6.521173
11.152000,1582.928000,3.445077
29.520000,3062.864000,3.567391
9.840000,217.136000,3.795794
3.280000,748.496000,1.352570
8.528000,147.600000,8.797709
9.840000,2249.424000,3.106504
12.464000,2707.312000,5.329839
8.528000,314.224000,15.584060
3.280000,1223.440000,0.838654
37.392000,2164.144000,3.961615
13.776000,867.888000,2.894071
13.776000,1522.576000,1.016304
1.968000,2419.984000,6.579574
37.392000,198.768000,14.365238
37.392000,1384.816000,6.145303
17.712000,1304.784000,5.510411
15.088000,2671.888000,8.227852
37.392000,1565.872000,0.973417
17.712000,866.576000,6.890409
29.520000,1816.464000,3.254253
12.464000,1846.640000,0.714622
16.400000,1829.584000,7.225855
30.832000,2898.864000,3.429182
7.216000,1331.024000,1.991576
5.904000,1993.584000,7.356263
37.392000,3047.120000,3.422618
13.776000,2145.776000,1.041442
26.896000,1277.232000,1.940212
15.088000,301.104000,1.356461
7.216000,2679.760000,6.339003
37.392000,2064.432000,2.280317
37.392000,3208.496000,4.302939
17.712000,1569.808000,4.972996
36.080000,2583.984000,3.178082
16.400000,2757.168000,5.426593
22.960000,3208.496000,3.588703
17.712000,1518.640000,2.124295
13.776000,1127.664000,3.260240
5.904000,1037.136000,4.356601
3.280000,3152.080000,3.149694
11.152000,1199.824000,9.383045
22.960000,526.768000,1.393181
30.832000,2304.528000,1.309431
17.712000,547.760000,1.991462
20.336000,2381.936000,1.966730
28.208000,696.016000,1.666807
22.960000,427.056000,2.763412
5.904000,1952.912000,4.996491
16.400000,365.392000,1.152909
34.768000,659.280000,1.479574
37.392000,1413.680000,1.172362
12.464000,989.904000,3.661538
17.712000,2640.400000,2.081388
1.968000,2211.376000,0.667175
11.152000,3141.584000,0.685004
22.960000,2708.624000,3.039943
7.216000,2018.512000,1.395717
24.272000,2427.856000,8.009926
28.208000,1868.944000,1.342792
12.464000,1144.720000,14.468230
5.904000,1876.816000,3.327883
20.336000,848.208000,3.485030
17.712000,2455.408000,3.188447
17.712000,131.856000,9.124892
38.704000,1327.088000,0.995141
28.208000,1636.720000,0.723761
22.960000,365.392000,2.341018
29.520000,954.480000,3.572235
7.216000,1550.128000,0.795976
15.088000,184.336000,7.793426
25.584000,1586.864000,2.282204
8.528000,693.392000,12.134759
7.216000,613.360000,15.230288
7.216000,2221.872000,15.312239
26.896000,903.312000,6.946623
12.464000,3201.936000,13.901714
22.960000,568.752000,3.556188
37.392000,2030.320000,2.697224
0.656000,667.152000,3.618128
22.960000,2723.056000,7.819987
37.392000,2128.720000,9.410142
25.584000,1403.184000,1.009637
26.896000,1332.336000,0.752649
0.656000,1021.392000,3.251957
4.592000,594.992000,2.717559
1.968000,1735.120000,0.892909
20.336000,1142.096000,1.951452
36.080000,2216.624000,7.066932
11.152000,1367.760000,3.980830
28.208000,863.952000,3.863295
8.528000,2702.064000,0.870327
37.392000,629.104000,6.061560
20.336000,688.144000,2.646526
34.768000,1550.128000,1.094993
21.648000,1244.432000,1.391376
21.648000,2835.888000,3.738653
22.960000,659.280000,2.637696
34.768000,993.840000,1.288259
5.904000,1279.856000,4.528667
19.024000,248.624000,3.335626
29.520000,3127.152000,1.430015
20.336000,856.080000,0.674004
28.208000,3011.696000,4.782271
17.712000,2069.680000,1.537990
37.392000,2350.448000,10.978654
1.968000,144.976000,4.363085
26.896000,862.640000,0.725865
8.528000,497.904000,2.055302
9.840000,1718.064000,1.603553
8.528000,2787.344000,1.784877
25.584000,997.776000,4.380738
32.144000,979.408000,9.350440
5.904000,543.824000,5.425869
38.704000,1033.200000,4.342092
15.088000,2670.576000,4.233866
37.392000,2990.704000,1.729018
24.272000,2568.240000,5.429997
34.768000,281.424000,0.748178
17.712000,28.208000,7.713100
8.528000,3146.832000,2.415387
4.592000,2963.152000,4.878605
5.904000,1906.992000,4.643927
25.584000,2074.928000,1.253726
28.208000,3039.248000,14.848841
8.528000,861.328000,3.479378
17.712000,627.792000,1.899951
17.712000,260.432000,0.680752
21.648000,2454.096000,4.613449
17.712000,2666.640000,0.720487
21.648000,941.360000,2.412257
16.400000,1394.000000,10.616777
19.024000,1761.360000,29.922508
33.456000,976.784000,3.921886
24.272000,1411.056000,2.081562
26.896000,1945.040000,6.856708
15.088000,2828.016000,8.603695
29.520000,371.952000,5.861374
32.144000,74.128000,10.914075
38.704000,848.208000,0.873354
17.712000,1359.888000,1.241110
28.208000,1365.136000,0.919357
32.144000,302.416000,3.271733
3.280000,1456.976000,0.802137
3.280000,2566.928000,1.017370
30.832000,1361.200000,3.043348
0.656000,772.112000,2.746237
36.080000,1052.880000,5.476356
30.832000,636.976000,7.158049
28.208000,1836.144000,10.567604
19.024000,2893.616000,2.134879
11.152000,2532.816000,4.995895
34.768000,186.960000,2.033169
5.904000,1809.904000,5.365154
4.592000,2538.064000,1.961384
33.456000,2443.600000,1.810642
21.648000,3121.904000,2.935253
19.024000,377.200000,1.032454
21.648000,2709.936000,1.652197
19.024000,1567.184000,3.190912
38.704000,1050.256000,8.907646
30.832000,1509.456000,5.200942
29.520000,2486.896000,6.270630
1.968000,1025.328000,1.679786
22.960000,3035.312000,4.607388
28.208000,1260.176000,1.565933
13.776000,2506.576000,1.274401
11.152000,2732.240000,3.657419
28.208000,2873.936000,5.236176
3.280000,2489.520000,24.667371
30.832000,2418.672000,3.473389
30.832000,1618.352000,1.708288
15.088000,194.832000,0.684644
4.592000,1042.384000,2.127844
28.208000,1450.416000,9.214365
19.024000,1829.584000,0.867082
4.592000,841.648000,1.397822
3.280000,887.568000,1.095593
22.960000,1218.192000,1.851841
16.400000,434.928000,1.731103
25.584000,2374.064000,2.513693
30.832000,581.872000,4.280239
15.088000,3102.224000,1.192081
36.080000,765.552000,4.438313
4.592000,336.528000,8.667637
13.776000,646.160000,1.134274
16.400000,234.192000,3.839883
25.584000,1796.784000,3.162277
26.896000,1026.640000,1.130335
28.208000,615.984000,3.200388
5.904000,114.800000,3.612890
3.280000,1737.744000,1.999082
32.144000,1063.376000,9.289228
21.648000,2834.576000,0.844927
28.208000,3132.400000,1.368160
36.080000,1211.632000,1.712236
17.712000,2067.056000,6.227434
0.656000,617.296000,5.152488
12.464000,1378.256000,1.615991
37.392000,2635.152000,2.283879
22.960000,12.464000,1.276984
28.208000,1811.216000,4.429298
1.968000,1917.488000,0.798586
30.832000,2528.880000,7.031997
38.704000,2358.320000,8.219042
30.832000,1681.328000,3.194744
19.024000,866.576000,3.847936
30.832000,513.648000,5.489023
1.968000,173.840000,2.003876
16.400000,2984.144000,4.048585
12.464000,3016.944000,8.985349
17.712000,244.688000,13.659623
5.904000,1484.528000,3.216232
20.336000,2564.304000,6.218633
38.704000,38.704000,3.575424
7.216000,769.488000,1.619808
17.712000,1643.280000,2.979120
3.280000,2488.208000,2.085185
30.832000,1054.192000,8.921346
13.776000,127.920000,1.103440
38.704000,1787.600000,1.206581
26.896000,445.424000,2.902940
21.648000,3132.400000,1.044471
30.832000,1102.736000,14.217372
11.152000,1080.432000,0.671960
9.840000,2440.976000,0.722331
24.272000,554.320000,3.270969
13.776000,1630.160000,1.452237
38.704000,1072.560000,2.697053
0.656000,127.920000,1.918382
7.216000,2582.672000,3.925482
22.960000,2989.392000,2.802191
34.768000,1260.176000,1.792555
3.280000,412.624000,2.307712
17.712000,1394.000000,10.288897
11.152000,703.888000,2.026563
17.712000,1484.528000,3.272212
36.080000,451.984000,3.087274
30.832000,2628.592000,6.069534
16.400000,270.928000,1.856746
36.080000,581.872000,11.615303
5.904000,726.192000,3.987446
13.776000,1916.176000,2.455492
38.704000,1651.152000,1.644069
15.088000,671.088000,2.153923
8.528000,1157.840000,2.517279
16.400000,382.448000,5.657733
25.584000,516.272000,7.601513
24.272000,1291.664000,3.478204
33.456000,461.168000,2.122993
5.904000,352.272000,1.935139
28.208000,1538.320000,1.168723
33.456000,2434.416000,1.066077
8.528000,361.456000,1.774710
9.840000,2545.936000,7.930351
8.528000,2749.296000,3.481259
21.648000,3007.760000,4.516120
20.336000,1193.264000,2.447536
21.648000,3054.992000,14.651048
25.584000,2750.608000,1.278234
24.272000,1445.168000,4.416507
20.336000,89.872000,1.959704
29.520000,639.600000,2.163612
19.024000,123.984000,3.387082
4.592000,3060.240000,1.018762
16.400000,1005.648000,3.122525
37.392000,479.536000,3.729986
8.528000,72.816000,2.227833
1.968000,861.328000,3.970039
7.216000,1325.776000,2.811007
30.832000,213.200000,5.157543
37.392000,403.440000,0.736042
4.592000,2396.368000,1.470922
12.464000,2468.528000,7.804509
13.776000,589.744000,2.249684
29.520000,3030.064000,1.303610
5.904000,1766.608000,2.411151
29.520000,1380.880000,1.646821
38.704000,1220.816000,1.956305
12.464000,2034.256000,0.687087
20.336000,1042.384000,2.763606
28.208000,2219.248000,1.004528
37.392000,2418.672000,1.752906
9.840000,2608.912000,1.355133
38.704000,373.264000,1.076090
9.840000,66.256000,1.170481
12.464000,1047.632000,1.489794
28.208000,2032.944000,3.678441
36.080000,51.824000,2.720534
28.208000,244.688000,3.763047
25.584000,482.160000,5.709480
21.648000,474.288000,5.039444
36.080000,862.640000,3.492315
24.272000,2863.440000,1.171663
36.080000,2469.840000,0.692785
22.960000,88.560000,1.380523
22.960000,1729.872000,3.411014
11.152000,480.848000,12.688035
22.960000,3212.432000,2.484627
20.336000,1384.816000,5.302811
25.584000,2545.936000,2.141162
37.392000,1521.264000,6.110455
20.336000,1265.424000,1.213974
16.400000,2379.312000,1.117401
3.280000,2458.032000,4.469242
34.768000,2091.984000,7.357728
11.152000,1292.976000,1.205097
22.960000,1460.912000,5.455925
26.896000,350.960000,8.378833
19.024000,2131.344000,3.543566
5.904000,2421.296000,10.554550
12.464000,1363.824000,2.567647
16.400000,1900.432000,4.669708
16.400000,2532.816000,2.976863
25.584000,2402.928000,1.552911
21.648000,1332.336000,2.008199
38.704000,3107.472000,4.912662
0.656000,1146.032000,2.223702
26.896000,996.464000,6.277583
29.520000,1428.112000,2.071742
29.520000,53.136000,0.946805
5.904000,1544.880000,10.667572
17.712000,2778.160000,8.921057
37.392000,2210.064000,1.748666
21.648000,3086.480000,1.659438
4.592000,972.848000,4.471364
17.712000,2353.072000,3.411231
13.776000,406.064000,5.448212
29.520000,1172.272000,2.186948
30.832000,3108.784000,2.801485
5.904000,1327.088000,3.352069
29.520000,1719.376000,6.613766
25.584000,886.256000,0.671397
20.336000,214.512000,4.804580
21.648000,580.560000,8.524200
34.768000,1270.672000,6.331343
36.080000,1439.920000,1.781436
21.648000,762.928000,3.460405
25.584000,550.384000,6.732579
8.528000,1310.032000,5.518286
0.656000,131.856000,9.075408
1.968000,129.232000,1.277652
16.400000,1384.816000,0.770708
12.464000,1742.992000,5.155001
0.656000,2029.008000,4.062287
11.152000,2736.176000,2.163735
30.832000,403.440000,3.585487
1.968000,1174.896000,11.255774
20.336000,284.048000,4.088653
37.392000,1390.064000,5.491288
25.584000,198.768000,9.480576
20.336000,238.128000,12.096631
22.960000,2770.288000,4.910869
34.768000,615.984000,2.026157
15.088000,926.928000,3.063349
1.968000,3187.504000,4.019698
20.336000,1648.528000,1.325531
16.400000,1016.144000,0.965423
25.584000,159.408000,1.681188
13.776000,1599.984000,0.796465
20.336000,3220.304000,2.068553
29.520000,2040.816000,1.904289
5.904000,588.432000,1.515462
12.464000,2195.632000,4.043808
21.648000,747.184000,0.657497
34.768000,1817.776000,4.705075
28.208000,2772.912000,2.622924
0.656000,2852.944000,6.848514
5.904000,711.760000,5.284272
22.960000,385.072000,7.469109
21.648000,978.096000,0.943417
1.968000,1223.440000,5.550230
33.456000,701.264000,1.433810
22.960000,253.872000,2.413380
16.400000,2902.800000,1.322606
20.336000,2224.496000,3.899649
11.152000,2860.816000,3.163101
7.216000,2665.328000,5.640022
5.904000,2715.184000,2.826982
32.144000,587.120000,2.216669
11.152000,2913.296000,1.189667
8.528000,2951.344000,1.594359
17.712000,832.464000,6.216101
4.592000,2328.144000,5.149155
22.960000,529.392000,2.173399
22.960000,2500.016000,6.990106
36.080000,159.408000,2.055616
25.584000,347.024000,7.203450
21.648000,1048.944000,1.939860
16.400000,1336.272000,0.697342
24.272000,1451.728000,3.482960
16.400000,2585.296000,1.628957
17.712000,1599.984000,5.987076
33.456000,1788.912000,3.668499
4.592000,2974.960000,4.432190
11.152000,1027.952000,2.611855
19.024000,497.904000,1.023640
5.904000,1474.032000,2.984484
4.592000,462.480000,3.436441
20.336000,316.848000,4.119078
22.960000,1655.088000,6.723321
36.080000,2982.832000,1.831020
34.768000,2929.040000,1.313762
15.088000,887.568000,1.508387
20.336000,2503.952000,17.490052
15.088000,2884.432000,3.049884
32.144000,3102.224000,9.375353
33.456000,429.680000,12.160453
26.896000,705.200000,2.968199
26.896000,2543.312000,4.853741
24.272000,2252.048000,17.927089
28.208000,320.784000,1.415725
15.088000,2704.688000,11.139342
29.520000,3158.640000,2.517304
12.464000,1506.832000,6.737646
33.456000,427.056000,6.059033
12.464000,856.080000,3.977332
29.520000,71.504000,4.775822
1.968000,1921.424000,2.273572
32.144000,264.368000,4.800271
15.088000,1209.008000,1.985219
20.336000,2864.752000,3.426053
1.968000,1371.696000,4.639873
25.584000,2957.904000,1.074999
3.280000,800.976000,0.697794
38.704000,2479.024000,0.792238
8.528000,2908.048000,1.412890
13.776000,1495.024000,5.827800
11.152000,1844.016000,3.371205
22.960000,189.584000,3.435183
28.208000,660.592000,2.549658
19.024000,673.712000,12.434192
19.024000,1951.600000,1.716452
37.392000,1585.552000,26.440112
1.968000,2964.464000,0.714906
12.464000,731.440000,5.430718
26.896000,600.240000,2.867188
37.392000,1479.280000,1.952694
8.528000,1438.608000,0.736703
33.456000,1172.272000,2.124501
9.840000,1635.408000,10.513792
37.392000,2225.808000,3.677029
19.024000,1488.464000,2.699521
11.152000,162.032000,4.801380
21.648000,3170.448000,2.790759
13.776000,251.248000,2.540223
16.400000,261.744000,7.667261
30.832000,2904.112000,8.111982
38.704000,1380.880000,3.955666
26.896000,2124.784000,1.825192
16.400000,2078.864000,1.230096
33.456000,2152.336000,3.926976
16.400000,1682.640000,0.926605
17.712000,2703.376000,0.948100
21.648000,70.192000,5.638109
22.960000,176.464000,3.302345
3.280000,2308.464000,5.753106
32.144000,1975.216000,3.903689
17.712000,2625.968000,4.281217
24.272000,2109.040000,1.998173
8.528000,2023.760000,1.076665
3.280000,837.712000,6.549452
15.088000,2437.040000,1.910717
1.968000,770.800000,5.606158
17.712000,324.720000,8.635664
37.392000,1644.592000,1.556376
24.272000,2825.392000,0.680065
3.280000,1230.000000,5.275659
1.968000,1424.176000,5.688531
0.656000,419.184000,6.153912
9.840000,1980.464000,5.637133
37.392000,1316.592000,3.223233
8.528000,1089.616000,3.426898
24.272000,2341.264000,13.591949
17.712000,2450.160000,5.929813
20.336000,54.448000,9.848635
24.272000,34.768000,3.821439
37.392000,1249.680000,5.871518
17.712000,1216.880000,5.282136
17.712000,1966.032000,6.733974
33.456000,945.296000,2.763085
19.024000,2231.056000,6.192535
28.208000,1778.416000,1.618054
36.080000,400.816000,3.291608
32.144000,1352.016000,2.393982
17.712000,606.800000,10.711483
28.208000,3048.432000,7.869304
26.896000,2115.600000,11.460748
8.528000,2160.208000,2.951648
0.656000,3157.328000,17.609898
12.464000,941.360000,15.335536
32.144000,1550.128000,5.356969
34.768000,951.856000,0.983985
25.584000,1723.312000,0.974028
16.400000,2662.704000,8.196743
36.080000,42.640000,0.680002
16.400000,2182.512000,6.303905
24.272000,541.200000,1.269438
1.968000,2091.984000,4.658515
20.336000,669.776000,1.764091
25.584000,2305.840000,9.403816
12.464000,1226.064000,3.174488
15.088000,2980.208000,1.869215
29.520000,2829.328000,2.631694
4.592000,93.808000,1.869712
11.152000,1518.640000,4.773220
21.648000,1602.608000,0.939784
22.960000,1018.768000,1.064884
1.968000,1819.088000,9.610626
36.080000,1142.096000,1.658213
9.840000,85.936000,2.211502
7.216000,2115.600000,3.317104
37.392000,2594.480000,19.501658
20.336000,2149.712000,1.132100
22.960000,1090.928000,4.318933
0.656000,2393.744000,1.419973
5.904000,2165.456000,1.848684
28.208000,2539.376000,1.026233
16.400000,3148.144000,0.978449
0.656000,2601.040000,4.511868
38.704000,2704.688000,1.412546
12.464000,391.632000,2.142810
7.216000,2977.584000,3.171434
12.464000,545.136000,6.419525
38.704000,1125.040000,4.217511
4.592000,2408.176000,1.088754
15.088000,62.320000,5.913456
19.024000,79.376000,0.695352
20.336000,1233.936000,14.517484
15.088000,2854.256000,1.467053
21.648000,1900.432000,2.880894
17.712000,2437.040000,13.086574
13.776000,2939.536000,4.474801
11.152000,1060.752000,1.945632
36.080000,37.392000,5.688694
29.520000,1474.032000,4.600239
3.280000,533.328000,10.192369
22.960000,2038.192000,2.361928
20.336000,2737.488000,3.076851
16.400000,2064.432000,2.916526
20.336000,1666.896000,2.271231
15.088000,756.368000,5.494729
17.712000,2219.248000,1.566874
26.896000,2569.552000,7.617206
33.456000,1391.376000,2.400687
21.648000,856.080000,2.421766
33.456000,1387.440000,7.547552
4.592000,2042.128000,0.780324
3.280000,487.408000,2.192351
1.968000,445.424000,2.041963
28.208000,1586.864000,8.234416
11.152000,1997.520000,9.175213
15.088000,1802.032000,11.460660
37.392000,3077.296000,0.970626
3.280000,761.616000,4.064832
34.768000,2713.872000,2.593946
5.904000,2367.504000,7.249986
13.776000,70.192000,0.712817
30.832000,1922.736000,3.355465
22.960000,2110.352000,1.285360
8.528000,3174.384000,2.303753
17.712000,326.032000,8.560692
20.336000,13.776000,3.495561
38.704000,100.368000,1.049083
30.832000,1148.656000,1.729141
1.968000,3116.656000,8.555388
4.592000,2784.720000,1.438324
28.208000,1380.880000,2.416543
4.592000,2265.168000,2.876581
3.280000,696.016000,1.989412
38.704000,1798.096000,1.926535
22.960000,410.000000,4.400101
8.528000,2527.568000,2.901074
33.456000,1306.096000,1.446533
32.144000,1875.504000,9.853963
9.840000,1683.952000,1.509409
22.960000,1223.440000,2.576546
33.456000,466.416000,6.331462
33.456000,1408.432000,6.491806
17.712000,1879.440000,9.324935
1.968000,1428.112000,3.492342
37.392000,938.736000,3.114029
15.088000,150.224000,3.922963
4.592000,1661.648000,0.789648
5.904000,899.376000,3.615833
22.960000,134.480000,6.417399
32.144000,2679.760000,1.506702
4.592000,878.384000,0.964000
33.456000,761.616000,1.916443
13.776000,1892.560000,7.536109
7.216000,509.712000,4.027074
25.584000,2818.832000,0.706973
12.464000,2935.600000,2.243597
7.216000,184.336000,4.137099
30.832000,72.816000,10.860228
38.704000,1075.184000,2.283810
13.776000,915.120000,1.893042
3.280000,67.568000,6.978892
7.216000,2889.680000,2.396432
0.656000,1148.656000,1.531328
7.216000,1645.904000,1.264149
0.656000,3136.336000,5.583621
11.152000,1264.112000,2.163658
36.080000,3053.680000,11.189647
16.400000,2288.784000,1.411482
38.704000,2257.296000,4.993739
33.456000,726.192000,0.914947
9.840000,1834.832000,1.856798
3.280000,2482.960000,2.450326
0.656000,1376.944000,1.031577
11.152000,1948.976000,5.358891
37.392000,753.744000,1.157573
3.280000,1252.304000,3.237110
4.592000,2371.440000,5.966636
5.904000,2224.496000,1.382538
7.216000,408.688000,1.579648
16.400000,2427.856000,1.336097
21.648000,2632.528000,1.534643
20.336000,865.264000,2.899668
21.648000,1787.600000,1.796658
11.152000,664.528000,5.033214
38.704000,398.192000,3.890474
8.528000,2001.456000,0.767682
37.392000,49.200000,8.097818
3.280000,466.416000,1.794989
13.776000,2753.232000,12.905755
8.528000,677.648000,4.372504
5.904000,598.928000,0.838373
21.648000,449.360000,2.603166
19.024000,26.896000,1.588325
30.832000,1474.032000,7.592706
4.592000,5.904000,6.472323
21.648000,446.736000,3.192891
8.528000,2257.296000,1.084631
32.144000,462.480000,5.269710
25.584000,2919.856000,16.983079
22.960000,3117.968000,0.678122
32.144000,1687.888000,23.294986
32.144000,1976.528000,1.185033
1.968000,2603.664000,7.800368
19.024000,2459.344000,4.340216
37.392000,2761.104000,1.156747
24.272000,2263.856000,9.527596
20.336000,919.056000,4.137964
17.712000,2193.008000,2.369164
1.968000,605.488000,3.985558
25.584000,1413.680000,3.864889
19.024000,2048.688000,3.473614
30.832000,940.048000,6.648717
19.024000,728.816000,0.863619
1.968000,1979.152000,5.231128
12.464000,1222.128000,1.575387
37.392000,1527.824000,4.160179
3.280000,1512.080000,3.396021
13.776000,3166.512000,1.844074
30.832000,2867.376000,1.513500
19.024000,1765.296000,5.870830
34.768000,2645.648000,5.058394
25.584000,2342.576000,11.357765
34.768000,2141.840000,1.459698
20.336000,1985.712000,0.804718
9.840000,0.656000,12.504521
38.704000,1303.472000,1.330774
20.336000,440.176000,3.891837
37.392000,1748.240000,4.241249
16.400000,3103.536000,1.747729
19.024000,1107.984000,0.668786
24.272000,1412.368000,0.829563
4.592000,2960.528000,11.672438
4.592000,1803.344000,6.691776
0.656000,1512.080000,8.185802
22.960000,1506.832000,2.995437
28.208000,291.920000,6.385034
33.456000,596.304000,1.565262
25.584000,390.320000,3.584728
1.968000,3201.936000,1.003405
7.216000,2493.456000,3.432617
34.768000,634.352000,1.085511
33.456000,568.752000,3.126757
32.144000,1135.536000,4.579927
20.336000,120.048000,1.056485
20.336000,1796.784000,9.632505
11.152000,3203.248000,16.391727
3.280000,2552.496000,0.662834
16.400000,3169.136000,4.529128
15.088000,1110.608000,1.708953
19.024000,2981.520000,2.025970
4.592000,1934.544000,1.656163
12.464000,1659.024000,15.504402
32.144000,3148.144000,7.257334
8.528000,821.968000,0.680576
5.904000,49.200000,0.971088
29.520000,2431.792000,5.779498
3.280000,2052.624000,4.651494
15.088000,1066.000000,3.764625
11.152000,2414.736000,15.012217
20.336000,1399.248000,1.387002
16.400000,1611.792000,17.154427
36.080000,112.176000,7.862581
12.464000,1073.872000,2.772281
3.280000,1874.192000,0.689666
15.088000,755.056000,2.103015
22.960000,305.040000,0.674459
17.712000,819.344000,4.715015
13.776000,3079.920000,1.712938
5.904000,1043.696000,1.032815
34.768000,2486.896000,2.119413
28.208000,2413.424000,6.188792
1.968000,2434.416000,1.217503
36.080000,1048.944000,4.391101
26.896000,2627.280000,5.206269
13.776000,684.208000,3.350374
19.024000,1976.528000,1.442894
17.712000,630.416000,2.287546
16.400000,608.112000,29.279846
15.088000,598.928000,5.053151
24.272000,1332.336000,0.878230
8.528000,1956.848000,3.387179
19.024000,449.360000,1.443230
9.840000,1329.712000,0.957839
13.776000,3138.960000,4.051245
12.464000,2288.784000,8.765681
33.456000,2576.112000,0.752934
7.216000,61.008000,0.992465
36.080000,1062.064000,2.266955
8.528000,723.568000,1.580841
32.144000,753.744000,0.801410
16.400000,1193.264000,5.702918
24.272000,1479.280000,2.886280
0.656000,2623.344000,0.704194
33.456000,1332.336000,7.109651
4.592000,2349.136000,4.677217
21.648000,100.368000,9.087922
25.584000,689.456000,1.044305
24.272000,1912.240000,2.646595
29.520000,129.232000,11.677256
21.648000,1670.832000,1.245324
17.712000,2603.664000,0.856891
24.272000,2498.704000,0.952021
12.464000,3203.248000,3.604176
29.520000,2986.768000,2.008920
19.024000,1408.432000,4.046288
32.144000,1442.544000,0.737135
25.584000,1643.280000,4.573405
12.464000,2995.952000,11.431038
36.080000,749.808000,2.446873
8.528000,2935.600000,4.828697
4.592000,1805.968000,3.946224
9.840000,175.152000,4.096296
19.024000,2534.128000,3.624265
38.704000,1378.256000,2.761316
19.024000,2337.328000,2.560583
33.456000,1594.736000,2.862671
8.528000,2105.104000,1.634187
29.520000,211.888000,5.519101
21.648000,774.736000,1.127362
11.152000,407.376000,2.023562
21.648000,609.424000,2.542490
33.456000,587.120000,2.452902
7.216000,1724.624000,2.646173
25.584000,2767.664000,2.117920
7.216000,605.488000,3.686272
38.704000,2414.736000,6.416586
30.832000,574.000000,1.267854
13.776000,1817.776000,0.730025
3.280000,3135.024000,2.725801
5.904000,791.792000,1.213078
12.464000,1035.824000,5.221943
22.960000,1513.392000,4.982367
19.024000,461.168000,4.407355
16.400000,1854.512000,1.154022
33.456000,26.896000,3.999533
37.392000,411.312000,1.264493
32.144000,533.328000,1.944201
29.520000,2193.008000,9.802378
36.080000,1308.720000,5.392618
22.960000,1533.072000,4.230523
11.152000,772.112000,3.889212
19.024000,3161.264000,1.606113
38.704000,503.152000,1.005360
11.152000,328.656000,1.075158
29.520000,3183.568000,2.237099
26.896000,1708.880000,1.387723
1.968000,1281.168000,7.595770
0.656000,2296.656000,8.310397
15.088000,1786.288000,6.977725
29.520000,2471.152000,1.533728
36.080000,1098.800000,8.008984
28.208000,336.528000,3.667773
1.968000,2687.632000,0.956509
32.144000,2072.304000,7.039612
25.584000,3045.808000,6.494464
24.272000,1781.040000,1.209367
25.584000,734.064000,12.922926
32.144000,91.184000,2.495465
13.776000,933.488000,4.004440
21.648000,1935.856000,6.293632
0.656000,1140.784000,1.693640
24.272000,1138.160000,3.619466
24.272000,2796.528000,6.938440
34.768000,1647.216000,2.522372
21.648000,702.576000,2.823286
16.400000,533.328000,3.289858
38.704000,1786.288000,1.231238
13.776000,2455.408000,5.166229
15.088000,617.296000,4.330139
37.392000,2322.896000,2.440726
1.968000,2019.824000,0.757891
7.216000,1741.680000,5.610949
29.520000,493.968000,3.182773
20.336000,1349.392000,1.109080
28.208000,2273.040000,6.404946
21.648000,2908.048000,1.350314
9.840000,158.096000,3.175922
7.216000,2498.704000,7.256803
24.272000,804.912000,2.662345
33.456000,2353.072000,5.200130
19.024000,451.984000,3.595912
29.520000,953.168000,4.279838
33.456000,370.640000,3.643378
0.656000,1009.584000,2.246043
20.336000,125.296000,0.983177
38.704000,1479.280000,2.188312
7.216000,1568.496000,0.947281
13.776000,1412.368000,2.687303
3.280000,1540.944000,2.144791
12.464000,877.072000,3.051231
28.208000,988.592000,9.458151
33.456000,1826.960000,1.668729
15.088000,2901.488000,3.050667
22.960000,1291.664000,5.622735
12.464000,2986.768000,1.209256
11.152000,2031.632000,5.788750
34.768000,1024.016000,1.748703
8.528000,2181.200000,2.526131
13.776000,1816.464000,2.543649
33.456000,2624.656000,4.821907
28.208000,2409.488000,1.742248
36.080000,3144.208000,5.938449
32.144000,1851.888000,6.344318
25.584000,2169.392000,2.143589
19.024000,2107.728000,1.959058
7.216000,2570.864000,6.129425
29.520000,2345.200000,3.471680
5.904000,2540.688000,2.102971
22.960000,681.584000,2.329659
21.648000,2416.048000,10.377834
32.144000,3074.672000,4.214975
25.584000,40.016000,3.835455
32.144000,2064.432000,0.860499
20.336000,3016.944000,5.472739
34.768000,1782.352000,1.407420
15.088000,2877.872000,1.998198
8.528000,660.592000,1.404599
11.152000,2507.888000,0.777604
7.216000,2759.792000,3.589714
9.840000,2433.104000,1.501578
25.584000,794.416000,1.249266
15.088000,2834.576000,1.309079
37.392000,3049.744000,2.719256
9.840000,1639.344000,1.293597
3.280000,2426.544000,1.997932
0.656000,3110.096000,8.498965
1.968000,878.384000,3.514486
8.528000,2601.040000,1.783183
25.584000,2330.768000,5.473732
21.648000,1723.312000,5.589487
16.400000,1165.712000,13.350575
34.768000,703.888000,5.966682
28.208000,2581.360000,1.790517
4.592000,1369.072000,2.596014
32.144000,1428.112000,2.455969
7.216000,82.000000,15.941208
22.960000,869.200000,0.957475
7.216000,3140.272000,0.801024
21.648000,1395.312000,14.109608
24.272000,1374.320000,3.358598
30.832000,1702.320000,4.566921
37.392000,2389.808000,18.461956
5.904000,1269.360000,7.227236
20.336000,783.920000,2.367863
33.456000,1205.072000,2.904834
24.272000,1115.856000,7.425197
11.152000,2097.232000,4.295075
1.968000,1682.640000,6.233889
1.968000,1118.480000,1.623951
26.896000,1258.864000,0.858165
19.024000,2573.488000,2.454571
1.968000,3171.760000,6.476509
8.528000,162.032000,3.375873
12.464000,1281.168000,0.912270
24.272000,2275.664000,2.564706
32.144000,1291.664000,5.341331
7.216000,3177.008000,7.124540
19.024000,574.000000,0.775357
25.584000,125.296000,1.069351
24.272000,1811.216000,1.301422
21.648000,2039.504000,5.085986
3.280000,2573.488000,2.795268
7.216000,618.608000,12.833391
17.712000,2627.280000,1.885513
22.960000,2653.520000,2.178319
0.656000,583.184000,1.871591
21.648000,1009.584000,5.366090
4.592000,1026.640000,2.583330
21.648000,1378.256000,4.751295
1.968000,319.472000,8.525077
5.904000,568.752000,2.361054
15.088000,2939.536000,2.866272
5.904000,2336.016000,3.691836
3.280000,3.280000,10.105179
13.776000,2521.008000,0.871385
36.080000,2542.000000,3.336624
20.336000,517.584000,0.778406
24.272000,343.088000,5.309773
5.904000,3093.040000,1.081641
28.208000,1644.592000,0.697082
13.776000,2011.952000,3.640625
16.400000,2004.080000,0.764781
7.216000,1959.472000,6.988225
24.272000,350.960000,1.447220
1.968000,1354.640000,1.289600
4.592000,3148.144000,4.929316
3.280000,2931.664000,2.452577
29.520000,1202.448000,1.916563
16.400000,2130.032000,9.463708
17.712000,3108.784000,4.480290
17.712000,3051.056000,6.754398
34.768000,1781.040000,7.232187
7.216000,2072.304000,1.085307
13.776000,1148.656000,2.821704
0.656000,2719.120000,0.890294
4.592000,34.768000,0.698155
7.216000,67.568000,1.898535
0.656000,495.280000,0.756882
24.272000,1046.320000,3.551110
26.896000,1027.952000,1.152095
32.144000,2273.040000,1.791316
4.592000,2780.784000,1.197161
38.704000,1024.016000,3.302968
11.152000,1567.184000,1.336908
0.656000,196.144000,0.918461
12.464000,2778.160000,5.915239
24.272000,2240.240000,5.017599
38.704000,2413.424000,10.197932
8.528000,1190.640000,1.737226
17.712000,959.728000,6.648584
30.832000,2154.960000,3.808374
9.840000,814.096000,0.702945
33.456000,1746.928000,4.645682
15.088000,1337.584000,6.881639
28.208000,1216.880000,1.227634
32.144000,997.776000,3.025687
13.776000,1287.728000,18.615539
19.024000,2589.232000,18.232703
26.896000,2249.424000,5.236684
19.024000,1094.864000,4.203082
20.336000,2006.704000,1.431407
37.392000,1886.000000,2.178129
15.088000,2359.632000,6.543420
15.088000,2875.248000,2.472420
7.216000,320.784000,6.972782
33.456000,779.984000,2.689485
29.520000,2939.536000,3.207573
9.840000,1048.944000,6.581195
9.840000,2077.552000,0.820340
9.840000,1760.048000,4.168458
21.648000,1442.544000,1.897464
32.144000,1686.576000,7.921631
17.712000,1979.152000,4.656569
15.088000,525.456000,1.325585
19.024000,1620.976000,2.050823
5.904000,2322.896000,4.588786
5.904000,1307.408000,2.695333
17.712000,496.592000,1.489148
11.152000,303.728000,2.906723
26.896000,429.680000,3.771145
29.520000,1958.160000,3.652142
25.584000,295.856000,1.371085
24.272000,1630.160000,3.814450
37.392000,878.384000,1.947390
26.896000,1167.024000,2.269942
19.024000,1395.312000,3.199123
4.592000,3158.640000,2.528498
22.960000,790.480000,1.282677
33.456000,2670.576000,5.994482
19.024000,1008.272000,4.153446
7.216000,1607.856000,0.673509
5.904000,3010.384000,2.665074
1.968000,2068.368000,0.752278
0.656000,2175.952000,3.332988
16.400000,1670.832000,4.875317
29.520000,2824.080000,4.034702
38.704000,3111.408000,0.711416
7.216000,441.488000,3.081676
0.656000,2011.952000,1.443052
30.832000,1285.104000,4.101155
12.464000,1912.240000,2.576167
34.768000,2951.344000,1.823721
36.080000,2468.528000,2.300707
17.712000,1239.184000,3.978578
38.704000,2500.016000,0.668225
11.152000,741.936000,5.956400
12.464000,3166.512000,1.675213
9.840000,3034.000000,4.231144
19.024000,3024.816000,4.621352
15.088000,162.032000,0.993579
22.960000,2826.704000,1.665012
8.528000,516.272000,4.632130
3.280000,783.920000,1.754864
7.216000,1412.368000,12.826643
38.704000,3070.736000,3.339781
38.704000,1976.528000,4.890425
15.088000,911.184000,0.745804
29.520000,2162.832000,4.818386
16.400000,2169.392000,3.647735
32.144000,2602.352000,2.097869
26.896000,1859.760000,1.839743
38.704000,253.872000,9.209105
24.272000,1292.976000,7.848646
13.776000,1794.160000,3.332444
34.768000,1463.536000,1.517290
29.520000,1050.256000,7.233885
7.216000,2051.312000,3.879504
25.584000,2521.008000,0.942122
4.592000,1321.840000,5.316764
33.456000,1188.016000,4.108780
29.520000,697.328000,4.002732
1.968000,638.288000,4.093340
5.904000,1467.472000,4.994004
8.528000,1607.856000,1.470006
12.464000,15.088000,10.437855
8.528000,2923.792000,2.482442
1.968000,2354.384000,13.727652
33.456000,1548.816000,1.061952
32.144000,2855.568000,1.167499
12.464000,2051.312000,8.027605
13.776000,2629.904000,8.852858
15.088000,3003.824000,13.548261
19.024000,895.440000,4.820382
4.592000,2057.872000,5.871979
13.776000,1626.224000,6.525273
29.520000,3112.720000,0.725148
9.840000,54.448000,0.660050
1.968000,2221.872000,3.746833
26.896000,2366.192000,19.988484
0.656000,1750.864000,9.539116
4.592000,1964.720000,8.161082
24.272000,526.768000,9.692872
12.464000,3073.360000,0.761072
37.392000,24.272000,0.925381
8.528000,2409.488000,13.011260
37.392000,2648.272000,1.734827
15.088000,1784.976000,5.740572
37.392000,2902.800000,1.884218
3.280000,1308.720000,6.393176
38.704000,160.720000,3.386550
16.400000,964.976000,6.297347
1.968000,1792.848000,1.440454
17.712000,2324.208000,5.668214
20.336000,2010.640000,0.771682
28.208000,1971.280000,2.390157
19.024000,1533.072000,3.756055
34.768000,711.760000,2.256076
38.704000,1980.464000,0.898491
38.704000,396.880000,5.375224
15.088000,1872.880000,2.266554
7.216000,1512.080000,1.385042
28.208000,451.984000,0.743570
9.840000,3066.800000,4.373263
17.712000,2439.664000,8.831346
25.584000,467.728000,1.738778
36.080000,1876.816000,1.803499
19.024000,932.176000,2.033730
32.144000,1468.784000,4.467755
19.024000,1274.608000,2.864619
21.648000,2961.840000,3.360111
13.776000,1446.480000,2.206139
33.456000,1668.208000,16.136310
8.528000,3018.256000,11.733305
28.208000,1017.456000,1.794440
32.144000,200.080000,2.087929
4.592000,415.248000,0.953551
9.840000,2203.504000,0.981695
17.712000,2051.312000,1.181409
12.464000,370.640000,5.267901
29.520000,1190.640000,5.397593
34.768000,2715.184000,0.728065
7.216000,1589.488000,3.083767
22.960000,929.552000,2.287187
30.832000,1270.672000,3.693138
11.152000,362.768000,1.081905
36.080000,2742.736000,2.163424
38.704000,1589.488000,1.326995
33.456000,1090.928000,1.070626
7.216000,1606.544000,4.220674
17.712000,841.648000,1.684800
30.832000,184.336000,3.270359
24.272000,1355.952000,2.473138
4.592000,420.496000,1.423719
1.968000,797.040000,2.425280
9.840000,2839.824000,1.572840
21.648000,2464.592000,2.046487
28.208000,25.584000,5.576236
37.392000,1924.048000,0.822589
37.392000,106.928000,0.840738
4.592000,797.040000,4.850571
8.528000,974.160000,3.349682
17.712000,2278.288000,5.559705
3.280000,1111.920000,2.887635
26.896000,3073.360000,5.700239
34.768000,1598.672000,1.566033
34.768000,488.720000,2.216949
34.768000,3024.816000,5.242511
33.456000,59.696000,2.099040
37.392000,2199.568000,4.239098
0.656000,2359.632000,2.315358
26.896000,2538.064000,1.006416
21.648000,2726.992000,8.705567
22.960000,2569.552000,6.080004
20.336000,1420.240000,10.423432
1.968000,2549.872000,2.715760
5.904000,1333.648000,1.187832
7.216000,831.152000,1.162369
38.704000,1917.488000,9.637264
37.392000,1669.520000,2.961337
9.840000,992.528000,3.165061
17.712000,3099.600000,3.167438
12.464000,1725.936000,2.507562
16.400000,846.896000,1.255744
1.968000,3028.752000,13.346348
26.896000,732.752000,4.243823
13.776000,458.544000,3.404229
11.152000,2341.264000,1.475983
0.656000,955.792000,8.428118
4.592000,1054.192000,1.400785
5.904000,521.520000,2.515504
33.456000,2402.928000,4.031805
22.960000,1884.688000,3.132451
29.520000,1685.264000,9.298068
32.144000,2039.504000,2.688543
0.656000,3196.688000,12.259305
11.152000,2671.888000,3.194563
20.336000,1062.064000,3.402045
1.968000,2027.696000,1.073312
9.840000,343.088000,4.023617
22.960000,266.992000,11.934032
17.712000,2894.928000,11.231171
4.592000,984.656000,2.916822
36.080000,2240.240000,4.739104
37.392000,2514.448000,0.980811
12.464000,1739.056000,9.995337
33.456000,743.248000,4.651592
36.080000,2047.376000,8.890463
5.904000,1796.784000,2.532322
21.648000,2980.208000,0.936095
33.456000,710.448000,2.108413
34.768000,786.544000,2.695614
1.968000,3077.296000,0.961348
11.152000,2484.272000,6.175982
4.592000,100.368000,0.731639
7.216000,387.696000,4.335198
4.592000,1454.352000,14.363068
29.520000,1977.840000,0.733675
32.144000,504.464000,2.030713
13.776000,696.016000,5.640078
15.088000,17.712000,4.824541
13.776000,3222.928000,6.614428
9.840000,894.128000,1.611183
33.456000,2934.288000,12.049502
17.712000,1241.808000,1.922732
32.144000,3044.496000,3.145139
0.656000,1038.448000,1.560428
7.216000,1152.592000,2.014479
29.520000,797.040000,1.066801
15.088000,1128.976000,0.828148
11.152000,1771.856000,2.915355
11.152000,2439.664000,6.576948
25.584000,181.712000,4.324301
13.776000,1439.920000,3.844773
13.776000,2202.192000,1.076044
9.840000,2000.144000,4.926824
21.648000,53.136000,0.976462
11.152000,2074.928000,1.564617
30.832000,1596.048000,5.350020
17.712000,217.136000,1.156898
7.216000,2598.416000,1.008660
28.208000,619.920000,1.917981
36.080000,1687.888000,1.976900
29.520000,1870.256000,2.606259
26.896000,762.928000,5.487600
26.896000,643.536000,4.040752
34.768000,1258.864000,3.154725
26.896000,937.424000,5.462897
1.968000,3022.192000,2.575479
24.272000,206.640000,0.728537
24.272000,176.464000,3.372962
13.776000,1687.888000,0.734694
13.776000,1240.496000,4.534023
1.968000,698.640000,1.949244
25.584000,1766.608000,0.877598
37.392000,415.248000,2.067890
33.456000,1564.560000,8.160867
29.520000,2036.880000,0.719343
11.152000,474.288000,1.499085
17.712000,2648.272000,8.410782
3.280000,675.024000,2.295188
33.456000,2674.512000,2.996969
0.656000,345.712000,0.976880
7.216000,1585.552000,9.184481
37.392000,925.616000,3.542099
32.144000,1370.384000,1.657400
16.400000,1594.736000,2.704342
32.144000,2409.488000,1.414747
37.392000,584.496000,1.086087
3.280000,2048.688000,3.124053
15.088000,518.896000,2.753283
24.272000,169.904000,3.588802
37.392000,1914.864000,0.687670
25.584000,2669.264000,5.976068
36.080000,925.616000,2.468685
7.216000,1212.944000,1.082291
12.464000,1464.848000,11.424159
8.528000,2805.712000,6.067897
22.960000,2639.088000,2.154376
22.960000,1624.912000,2.320007
33.456000,410.000000,0.922718
25.584000,568.752000,1.717325
37.392000,2034.256000,1.017482
8.528000,1955.536000,5.049740
17.712000,110.864000,2.163492
38.704000,1434.672000,1.691372
20.336000,1670.832000,1.814213
20.336000,1510.768000,1.038295
20.336000,547.760000,0.943379
13.776000,3020.880000,1.339836
17.712000,2207.440000,2.821678
24.272000,2866.064000,8.975999
20.336000,1390.064000,3.818786
33.456000,335.216000,4.778035
36.080000,223.696000,3.879036
9.840000,1257.552000,2.019889
12.464000,908.560000,4.637927
7.216000,762.928000,1.699811
25.584000,832.464000,2.976374
17.712000,1745.616000,3.875695
3.280000,329.968000,1.075417
30.832000,2144.464000,4.444432
30.832000,158.096000,0.791680
34.768000,484.784000,4.038354
29.520000,172.528000,3.477870
8.528000,820.656000,0.759620
29.520000,1188.016000,1.667023
9.840000,1472.720000,0.749562
26.896000,962.352000,2.170619
0.656000,1987.024000,2.143817
20.336000,2027.696000,0.820725
37.392000,1376.944000,8.667997
15.088000,1888.624000,9.604307
16.400000,1247.056000,7.945876
30.832000,76.752000,5.666732
25.584000,2165.456000,1.582569
4.592000,214.512000,1.670126
22.960000,441.488000,5.661287
17.712000,537.264000,2.153567
5.904000,3141.584000,1.614869
16.400000,290.608000,7.936815
3.280000,929.552000,2.463095
34.768000,1068.624000,0.748699
29.520000,3085.168000,3.791233
28.208000,2944.784000,4.253252
1.968000,761.616000,1.328927
28.208000,171.216000,3.403775
7.216000,2370.128000,0.848437
37.392000,1666.896000,4.359252
11.152000,3036.624000,1.305482
34.768000,3106.160000,1.586900
8.528000,2009.328000,4.618474
26.896000,1274.608000,2.073139
20.336000,985.968000,9.379668
16.400000,852.144000,1.725280
33.456000,286.672000,2.601567
37.392000,1879.440000,5.024989
24.272000,1128.976000,2.587630
1.968000,2276.976000,3.221784
15.088000,602.864000,1.826535
11.152000,1979.152000,2.252021
26.896000,352.272000,2.488579
12.464000,2632.528000,1.354106
33.456000,3009.072000,1.416117
19.024000,554.320000,0.921155
38.704000,2674.512000,10.583328
34.768000,962.352000,4.519307
24.272000,2830.640000,6.460076
24.272000,2943.472000,1.572915
37.392000,1172.272000,1.172396
19.024000,2284.848000,1.093124
15.088000,2169.392000,1.770402
38.704000,1588.176000,6.945363
32.144000,234.192000,5.684188
3.280000,1641.968000,1.970261
34.768000,1506.832000,2.317313
28.208000,1733.808000,1.849021
33.456000,1437.296000,0.718561
8.528000,80.688000,1.488183
16.400000,1569.808000,5.369580
32.144000,508.400000,1.995896
4.592000,938.736000,2.798591
12.464000,3213.744000,0.924201
32.144000,559.568000,3.738105
1.968000,3152.080000,2.138837
4.592000,1817.776000,6.506707
16.400000,2507.888000,1.240329
25.584000,744.560000,2.113738
9.840000,2366.192000,2.578875
11.152000,793.104000,0.734518
21.648000,1548.816000,10.212539
25.584000,2367.504000,0.752117
8.528000,1615.728000,3.802654
15.088000,2570.864000,4.004328
16.400000,1954.224000,8.973771
1.968000,3023.504000,2.101916
21.648000,2446.224000,3.073794
19.024000,2791.280000,3.730488
26.896000,449.360000,4.600267
24.272000,2758.480000,18.204716
15.088000,1193.264000,12.590671
34.768000,1651.152000,4.584402
32.144000,1634.096000,3.064060
8.528000,85.936000,3.565298
24.272000,1844.016000,2.939969
37.392000,2972.336000,5.323444
29.520000,38.704000,2.863984
21.648000,2842.448000,5.301162
25.584000,2997.264000,3.206533
0.656000,1379.568000,0.868782
12.464000,200.080000,2.275600
30.832000,472.976000,2.471764
13.776000,1976.528000,2.641620
29.520000,1493.712000,2.978370
29.520000,1142.096000,10.736802
36.080000,2236.304000,6.019549
8.528000,1068.624000,0.988877
29.520000,1210.320000,2.211421
11.152000,2618.096000,5.183008
16.400000,917.744000,2.127841
36.080000,1299.536000,3.510364
22.960000,3014.320000,3.977053
34.768000,1365.136000,4.601972
37.392000,1250.992000,0.686680
34.768000,2489.520000,0.912670
15.088000,2887.056000,6.492402
8.528000,2681.072000,3.185511
25.584000,2164.144000,0.717459
0.656000,1656.400000,5.296439
12.464000,2671.888000,0.672588
28.208000,2837.200000,9.921173
34.768000,2229.744000,1.065148
16.400000,2767.664000,4.258830
7.216000,3116.656000,1.592168
11.152000,845.584000,1.170389
19.024000,1500.272000,2.813025
8.528000,3180.944000,7.456122
24.272000,1564.560000,5.617426
0.656000,2687.632000,2.395958
20.336000,1669.520000,2.172168
0.656000,3048.432000,3.316630
1.968000,2464.592000,3.722779
32.144000,911.184000,6.840665
9.840000,1543.568000,0.926475
28.208000,480.848000,3.977844
9.840000,1458.288000,0.659285
5.904000,2742.736000,0.898324
29.520000,2867.376000,4.368191
28.208000,2565.616000,2.933342
8.528000,1529.136000,1.183982
20.336000,390.320000,2.045409
28.208000,3087.792000,4.173441
16.400000,1390.064000,7.175043
30.832000,1913.552000,3.467644
5.904000,580.560000,4.545191
29.520000,3116.656000,3.025296
34.768000,1937.168000,1.637318
38.704000,1294.288000,0.757704
25.584000,299.792000,1.141149
21.648000,2300.592000,1.210726
13.776000,950.544000,3.589355
0.656000,997.776000,14.127913
19.024000,980.720000,2.307719
13.776000,2808.336000,1.986229
22.960000,1111.920000,0.704750
30.832000,1972.592000,1.751176
1.968000,2195.632000,6.146436
26.896000,894.128000,4.157402
21.648000,1749.552000,3.469684
1.968000,926.928000,0.909420
13.776000,2350.448000,6.503757
19.024000,1821.712000,2.510085
5.904000,1704.944000,6.170352
11.152000,2948.720000,8.535373
38.704000,432.304000,4.805370
21.648000,1126.352000,6.061727
9.840000,2422.608000,2.316919
34.768000,2384.560000,3.184156
5.904000,2123.472000,6.330529
36.080000,1317.904000,3.736111
15.088000,1968.656000,2.401743
5.904000,2009.328000,3.668812
36.080000,2775.536000,1.336204
19.024000,1239.184000,1.926710
29.520000,2875.248000,0.952564
16.400000,1824.336000,3.966876
1.968000,1597.360000,0.827509
24.272000,1958.160000,5.835906
22.960000,3086.480000,4.969837
9.840000,556.944000,2.393309
9.840000,2833.264000,3.441539
0.656000,964.976000,6.519717
1.968000,478.224000,1.915009
1.968000,1387.440000,1.554994
26.896000,559.568000,1.094628
25.584000,1338.896000,2.349412
20.336000,2998.576000,1.625848
25.584000,2828.016000,1.765043
24.272000,417.872000,2.012914
12.464000,626.480000,1.183961
11.152000,3142.896000,5.929863
32.144000,3157.328000,1.079345
9.840000,833.776000,5.979343
9.840000,509.712000,4.873339
13.776000,1946.352000,4.432534
8.528000,1514.704000,1.397966
21.648000,1336.272000,16.177941
38.704000,3036.624000,0.714205
12.464000,1205.072000,0.932426
30.832000,1441.232000,2.647023
21.648000,2187.760000,9.275477
8.528000,1950.288000,5.026377
34.768000,902.000000,2.575282
26.896000,2084.112000,4.532953
8.528000,2191.696000,4.072628
21.648000,2378.000000,1.202790
38.704000,1964.720000,0.979387
34.768000,3216.368000,1.529771
12.464000,1456.976000,0.774098
4.592000,503.152000,3.763286
3.280000,2812.272000,6.234344
17.712000,2997.264000,0.821565
5.904000,2573.488000,1.590036
38.704000,205.328000,6.394286
28.208000,1588.176000,8.513503
17.712000,2385.872000,2.924138
3.280000,206.640000,0.769674
37.392000,2101.168000,2.635391
33.456000,764.240000,1.830485
38.704000,2729.616000,4.812603
29.520000,249.936000,2.725674
26.896000,2082.800000,2.970183
20.336000,1606.544000,2.538257
13.776000,550.384000,0.922330
9.840000,370.640000,0.902549
33.456000,2808.336000,1.142794
33.456000,1038.448000,1.223529
9.840000,1548.816000,5.883134
32.144000,1017.456000,1.578685
32.144000,2303.216000,2.634997
25.584000,2539.376000,3.141798
21.648000,2315.024000,2.335780
11.152000,398.192000,5.370632
11.152000,3018.256000,1.924983
19.024000,120.048000,6.705894
9.840000,399.504000,2.486827
28.208000,2694.192000,1.271249
5.904000,2425.232000,1.627267
28.208000,814.096000,11.889525
25.584000,3100.912000,1.306470
34.768000,3064.176000,4.489810
11.152000,2774.224000,2.241925
3.280000,1399.248000,2.246488
11.152000,743.248000,2.413683
33.456000,2911.984000,5.221231
15.088000,2101.168000,1.661708
11.152000,2458.032000,11.572089
33.456000,1323.152000,3.135799
37.392000,1899.120000,2.302653
32.144000,1931.920000,1.606383
16.400000,2855.568000,6.894107
16.400000,2454.096000,6.055396
37.392000,3036.624000,3.924011
20.336000,2326.832000,0.727890
15.088000,2736.176000,7.748441
29.520000,2650.896000,1.014124
15.088000,1121.104000,5.608708
11.152000,190.896000,1.276034
15.088000,1069.936000,8.396068
33.456000,1585.552000,2.578993
16.400000,3186.192000,2.257103
12.464000,1388.752000,6.442688
9.840000,1819.088000,1.134338
8.528000,2896.240000,6.135228
20.336000,1357.264000,2.408602
20.336000,305.040000,5.720736
37.392000,1865.008000,1.512373
1.968000,2951.344000,3.509547
20.336000,2627.280000,8.160471
19.024000,501.840000,5.809164
38.704000,643.536000,5.590050
4.592000,2434.416000,3.237235
29.520000,684.208000,3.494042
26.896000,1929.296000,0.768555
33.456000,811.472000,5.348843
30.832000,1097.488000,3.010517
26.896000,980.720000,0.667555
1.968000,979.408000,5.995941
32.144000,2149.712000,1.150091
36.080000,1027.952000,0.858905
1.968000,2136.592000,0.899642
30.832000,2999.888000,3.792212
32.144000,2157.584000,1.924719
5.904000,1516.016000,0.977850
16.400000,774.736000,1.873112
21.648000,2501.328000,2.816735
34.768000,2649.584000,1.018402
0.656000,1122.416000,1.683660
37.392000,142.352000,5.205380
5.904000,495.280000,4.583435
24.272000,1114.544000,0.692424
16.400000,1067.312000,4.655026
17.712000,804.912000,3.778472
22.960000,2153.648000,3.281421
13.776000,671.088000,10.540954
1.968000,585.808000,0.970549
13.776000,196.144000,1.621164
0.656000,1350.704000,1.710581
37.392000,1983.088000,1.672283
1.968000,849.520000,10.377469
34.768000,2569.552000,8.816392
11.152000,747.184000,0.954724
36.080000,761.616000,3.315219
8.528000,971.536000,8.005644
32.144000,711.760000,6.669685
3.280000,3007.760000,5.690091
12.464000,3068.112000,0.846064
30.832000,3137.648000,1.614521
30.832000,2410.800000,3.456877
8.528000,1652.464000,13.329230
38.704000,1962.096000,2.275162
32.144000,608.112000,1.360957
29.520000,1695.760000,2.043652
37.392000,2842.448000,5.813111
0.656000,2825.392000,5.685079
3.280000,1342.832000,3.690854
15.088000,1681.328000,1.514725
37.392000,2636.464000,4.674527
34.768000,2053.936000,5.011695
7.216000,289.296000,4.195673
3.280000,3123.216000,3.258769
19.024000,2619.408000,10.574709
9.840000,1117.168000,0.887698
22.960000,1205.072000,3.325750
24.272000,1742.992000,1.722589
34.768000,2004.080000,6.901831
11.152000,1727.248000,4.946591
32.144000,2284.848000,2.972503
34.768000,305.040000,2.320530
3.280000,2078.864000,2.007221
0.656000,2688.944000,0.756842
38.704000,1558.000000,1.900903
19.024000,1140.784000,12.563359
28.208000,413.936000,6.344004
25.584000,811.472000,4.821912
36.080000,2860.816000,1.800767
37.392000,1929.296000,0.675877
26.896000,1090.928000,11.435874
8.528000,1071.248000,1.266555
1.968000,1476.656000,2.110983
38.704000,1973.904000,1.591793
28.208000,2713.872000,6.096083
7.216000,352.272000,1.653500
8.528000,1285.104000,2.640429
33.456000,175.152000,3.649803
29.520000,858.704000,1.094672
32.144000,1411.056000,1.350929
17.712000,1781.040000,6.048776
36.080000,421.808000,8.723499
0.656000,1832.208000,8.473011
22.960000,2207.440000,5.993065
20.336000,1047.632000,2.990918
1.968000,968.912000,2.007677
21.648000,2536.752000,3.738418
20.336000,2809.648000,1.630549
4.592000,1253.616000,0.681860
25.584000,17.712000,6.710843
25.584000,2405.552000,1.937933
24.272000,1271.984000,4.470410
34.768000,2549.872000,6.583487
15.088000,248.624000,4.888876
4.592000,2157.584000,4.572676
32.144000,227.632000,6.745053
32.144000,404.752000,1.528882
32.144000,365.392000,1.799872
5.904000,2881.808000,5.043926
20.336000,26.896000,2.818003
0.656000,1262.800000,3.438273
13.776000,411.312000,1.453738
36.080000,2618.096000,3.992704
37.392000,3186.192000,1.610391
34.768000,2763.728000,7.368671
19.024000,2721.744000,1.401813
5.904000,3158.640000,8.085304
30.832000,1527.824000,4.005596
8.528000,1497.648000,1.235742
34.768000,1228.688000,1.258880
7.216000,2805.712000,1.392582
33.456000,715.696000,1.505728
30.832000,961.040000,4.061763
25.584000,1142.096000,5.036871
15.088000,1859.760000,1.785482
0.656000,824.592000,11.401658
28.208000,2451.472000,4.057344
36.080000,2052.624000,1.060960
22.960000,3093.040000,1.108235
17.712000,3153.392000,4.597260
26.896000,2820.144000,17.286624
12.464000,1711.504000,7.244175
3.280000,2238.928000,14.489708
37.392000,1331.024000,1.397034
8.528000,560.880000,2.738895
34.768000,1788.912000,7.425929
25.584000,1079.120000,8.357251
30.832000,500.528000,3.843564
34.768000,2077.552000,2.966724
24.272000,3103.536000,3.717962
28.208000,2887.056000,2.189907
16.400000,2841.136000,1.498612
19.024000,2318.960000,1.254867
11.152000,626.480000,1.892563
36.080000,928.240000,3.082430
30.832000,621.232000,2.306276
15.088000,3145.520000,1.483802
21.648000,2666.640000,8.278555
13.776000,2702.064000,7.859446
24.272000,2448.848000,5.100222
20.336000,227.632000,0.854570
28.208000,663.216000,0.721262
8.528000,1425.488000,3.208855
7.216000,2140.528000,5.419596
11.152000,1792.848000,5.064367
1.968000,483.472000,1.894504
13.776000,2498.704000,3.296627
25.584000,1539.632000,0.899913
20.336000,1660.336000,2.720238
16.400000,2245.488000,3.826881
1.968000,425.744000,2.258861
38.704000,3194.064000,2.446825
22.960000,323.408000,1.911619
5.904000,2396.368000,1.944199
5.904000,2720.432000,4.806478
20.336000,1122.416000,16.598962
5.904000,1912.240000,1.836083
37.392000,501.840000,7.914852
37.392000,429.680000,1.664225
38.704000,1047.632000,0.811606
4.592000,2339.952000,2.674086
19.024000,340.464000,4.121465
32.144000,347.024000,2.911484
28.208000,28.208000,5.559674
30.832000,2662.704000,0.681567
5.904000,1420.240000,2.060030
21.648000,1148.656000,11.341921
29.520000,2673.200000,4.927064
8.528000,701.264000,5.488729
28.208000,1704.944000,5.709024
33.456000,3145.520000,2.372657
1.968000,723.568000,5.717004
28.208000,164.656000,1.046422
3.280000,1631.472000,2.249637
17.712000,2946.096000,8.101008
9.840000,1904.368000,15.055515
7.216000,3144.208000,2.158899
26.896000,3014.320000,3.587505
36.080000,1853.200000,2.466995
13.776000,360.144000,3.165447
36.080000,744.560000,9.973297
15.088000,1392.688000,12.099517
38.704000,1484.528000,8.847872
11.152000,1816.464000,7.458509
36.080000,2254.672000,6.375741
3.280000,545.136000,2.155949
13.776000,1365.136000,7.768807
33.456000,446.736000,4.192407
12.464000,1408.432000,5.856386
7.216000,1459.600000,6.237119
33.456000,2413.424000,8.482470
1.968000,661.904000,5.696859
25.584000,2052.624000,1.458488
5.904000,2589.232000,6.699263
30.832000,1534.384000,2.036824
28.208000,528.080000,1.014765
29.520000,3056.304000,6.370953
25.584000,2485.584000,2.071917
1.968000,619.920000,10.434050
20.336000,360.144000,2.825294
37.392000,2157.584000,2.369309
28.208000,2569.552000,15.947887
33.456000,3026.128000,3.175759
5.904000,2019.824000,6.041557
7.216000,2809.648000,1.851234
34.768000,1660.336000,2.080643
9.840000,858.704000,0.909764
21.648000,2998.576000,5.138300
7.216000,941.360000,2.635103
7.216000,1491.088000,1.884483
30.832000,3015.632000,4.456961
5.904000,1136.848000,1.172028
12.464000,465.104000,5.695890
29.520000,1522.576000,11.294221
1.968000,9.840000,7.777100
24.272000,3195.376000,2.918507
25.584000,1757.424000,3.043436
34.768000,2195.632000,2.634800
11.152000,3051.056000,1.311199
3.280000,2136.592000,1.255753
0.656000,3222.928000,0.670549
33.456000,1610.480000,5.081496
33.456000,3171.760000,1.496979
29.520000,2879.184000,4.710369
28.208000,2822.768000,3.873494
30.832000,1298.224000,4.022860
1.968000,1244.432000,4.193729
13.776000,1197.200000,1.091239
30.832000,446.736000,3.489881
22.960000,2745.360000,3.242171
20.336000,307.664000,2.237958
32.144000,1434.672000,5.385137
12.464000,2872.624000,5.882942
22.960000,2967.088000,1.561097
38.704000,1875.504000,4.204940
16.400000,1134.224000,1.152122
20.336000,2332.080000,4.223273
28.208000,798.352000,1.935293
33.456000,1977.840000,2.807466
12.464000,70.192000,2.249075
16.400000,1132.912000,1.405293
19.024000,1052.880000,4.022133
38.704000,2738.800000,0.784306
38.704000,492.656000,0.924507
30.832000,1026.640000,2.984066
0.656000,2649.584000,1.410565
38.704000,845.584000,7.356704
7.216000,2635.152000,1.071521
4.592000,1273.296000,0.826253
30.832000,370.640000,4.976685
34.768000,179.088000,0.731085
3.280000,2523.632000,1.524134
30.832000,2477.712000,3.059731
17.712000,2677.136000,2.529724
24.272000,2799.152000,3.077677
8.528000,2460.656000,1.208987
20.336000,2765.040000,0.716158
15.088000,663.216000,4.171156
4.592000,2593.168000,3.040635
30.832000,1321.840000,8.000321
26.896000,3009.072000,0.916802
3.280000,2889.680000,6.819987
26.896000,314.224000,0.925749
8.528000,639.600000,2.038421
22.960000,2939.536000,1.792567
4.592000,1046.320000,6.566481
33.456000,3028.752000,4.908733
8.528000,2200.880000,1.294823
21.648000,2691.568000,3.323298
34.768000,938.736000,6.390370
7.216000,1097.488000,8.581924
24.272000,341.776000,2.213532
30.832000,2005.392000,4.355608
16.400000,2309.776000,16.569005
34.768000,2215.312000,1.578728
5.904000,2296.656000,3.558870
13.776000,594.992000,0.824127
0.656000,1405.808000,2.258395
37.392000,2859.504000,2.717050
29.520000,2754.544000,4.697943
8.528000,1685.264000,1.172611
28.208000,2523.632000,7.270275
34.768000,209.264000,4.826985
25.584000,1817.776000,3.942443
13.776000,261.744000,8.698655
16.400000,1657.712000,7.858760
9.840000,1084.368000,4.522502
33.456000,618.608000,5.149920
28.208000,1950.288000,2.673318
29.520000,2115.600000,0.838702
5.904000,970.224000,9.774326
17.712000,13.776000,3.346472
7.216000,1243.120000,0.937922
21.648000,690.768000,1.465991
37.392000,1777.104000,2.139265
33.456000,2514.448000,1.065367
28.208000,260.432000,7.695985
13.776000,2890.992000,1.205606
8.528000,2583.984000,2.056947
7.216000,131.856000,0.686509
9.840000,886.256000,11.949878
5.904000,1735.120000,6.530270
21.648000,281.424000,0.949198
20.336000,655.344000,2.582054
37.392000,2148.400000,2.554926
21.648000,2913.296000,0.698760
25.584000,1096.176000,7.778551
16.400000,1085.680000,4.180710
0.656000,2627.280000,1.898814
38.704000,2716.496000,5.640732
8.528000,1925.360000,1.037932
3.280000,2799.152000,0.877684
25.584000,1941.104000,2.374253
25.584000,2047.376000,3.520963
22.960000,2233.680000,1.180238
20.336000,702.576000,2.788274
37.392000,3103.536000,3.362005
38.704000,1218.192000,3.845432
13.776000,243.376000,14.910410
4.592000,2955.280000,2.154725
1.968000,2835.888000,2.061383
22.960000,1723.312000,4.286942
8.528000,2942.160000,1.061121
7.216000,404.752000,2.820283
30.832000,705.200000,2.043829
1.968000,2786.032000,3.243131
3.280000,268.304000,3.832164
25.584000,1976.528000,3.881084
32.144000,3188.816000,1.061831
22.960000,2162.832000,0.967489
24.272000,799.664000,3.122293
8.528000,1403.184000,2.869335
22.960000,710.448000,2.680074
4.592000,416.560000,5.395643
20.336000,3157.328000,5.418979
26.896000,2259.920000,1.471237
13.776000,2938.224000,0.792838
28.208000,143.664000,1.250268
1.968000,3177.008000,4.140410
38.704000,601.552000,1.538099
30.832000,2863.440000,1.464572
16.400000,3183.568000,0.665832
28.208000,1173.584000,2.784348
0.656000,2115.600000,2.602179
21.648000,1778.416000,4.302115
25.584000,2362.256000,1.841210
37.392000,848.208000,6.571332
4.592000,2674.512000,4.240745
21.648000,3124.528000,1.056211
16.400000,76.752000,3.204331
38.704000,2280.912000,10.274667
12.464000,478.224000,2.568860
17.712000,2282.224000,8.416460
34.768000,2454.096000,6.589061
12.464000,2400.304000,2.635014
37.392000,1218.192000,3.281195
1.968000,2633.840000,1.031487
12.464000,1231.312000,2.701679
25.584000,213.200000,7.583326
4.592000,1428.112000,3.293369
1.968000,563.504000,5.526575
38.704000,1060.752000,1.484627
24.272000,1471.408000,8.253791
3.280000,2031.632000,2.617241
20.336000,99.056000,1.485269
3.280000,1939.792000,3.751650
3.280000,38.704000,2.696874
11.152000,2650.896000,5.100577
26.896000,2497.392000,1.636262
1.968000,2935.600000,1.172171
13.776000,739.312000,6.184398
19.024000,522.832000,4.821925
25.584000,1828.272000,5.633958
32.144000,907.248000,3.633539
32.144000,2484.272000,1.156845
25.584000,120.048000,11.672331
28.208000,2901.488000,1.395920
38.704000,1126.352000,1.153379
21.648000,802.288000,1.803374
0.656000,2637.776000,3.529858
15.088000,591.056000,1.464985
19.024000,1680.016000,3.414386
16.400000,1967.344000,4.565373
37.392000,2381.936000,2.182810
19.024000,1106.672000,3.641473
38.704000,1392.688000,3.847022
3.280000,820.656000,3.687228
36.080000,1435.984000,0.760579
0.656000,680.272000,7.239344
13.776000,2002.768000,5.938280
20.336000,905.936000,5.806074
21.648000,3204.560000,0.994404
25.584000,2611.536000,2.879858
15.088000,137.104000,1.503825
7.216000,2678.448000,17.838602
36.080000,1950.288000,2.403169
21.648000,739.312000,1.116064
0.656000,858.704000,5.387116
38.704000,1056.816000,7.028901
24.272000,1519.952000,5.551525
22.960000,2960.528000,1.063563
20.336000,353.584000,5.215949
7.216000,1341.520000,4.184377
5.904000,1752.176000,1.285945
26.896000,1495.024000,4.892354
33.456000,1411.056000,5.219288
0.656000,2797.840000,1.735915
1.968000,908.560000,3.731752
8.528000,179.088000,2.513055
9.840000,550.384000,2.489850
7.216000,382.448000,5.715810
8.528000,469.040000,4.690519
36.080000,555.632000,7.341075
36.080000,1749.552000,4.524377
37.392000,681.584000,2.429680
33.456000,455.920000,3.974678
32.144000,2808.336000,5.202977
4.592000,1139.472000,6.714710
28.208000,2128.720000,0.935652
21.648000,3222.928000,8.447008
17.712000,1722.000000,8.315916
38.704000,2593.168000,4.925945
34.768000,269.616000,13.821269
0.656000,1282.480000,8.958948
20.336000,413.936000,5.742495
21.648000,3220.304000,1.719942
16.400000,863.952000,4.943957
0.656000,503.152000,0.996454
3.280000,2131.344000,3.276363
11.152000,1575.056000,1.746234
28.208000,3023.504000,2.281364
13.776000,2078.864000,9.974143
33.456000,748.496000,2.135392
20.336000,1164.400000,2.011026
26.896000,650.096000,7.444231
33.456000,2168.080000,3.032136
0.656000,232.880000,3.035235
22.960000,3010.384000,1.424445
38.704000,947.920000,1.164149
4.592000,1589.488000,1.689843
19.024000,1479.280000,3.045500
38.704000,2320.272000,5.222443
34.768000,2464.592000,2.376004
32.144000,2385.872000,0.996323
15.088000,1370.384000,3.588168
15.088000,490.032000,0.952235
11.152000,1996.208000,2.712741
21.648000,3135.024000,1.664198
8.528000,2644.336000,1.239497
13.776000,2548.560000,0.847582
30.832000,1067.312000,2.432622
37.392000,2665.328000,2.866989
1.968000,2290.096000,1.349884
28.208000,2561.680000,5.079657
0.656000,12.464000,4.381707
8.528000,2266.480000,1.937038
34.768000,55.760000,0.935694
8.528000,2288.784000,10.620046
34.768000,221.072000,0.949721
13.776000,1609.168000,5.177163
4.592000,2481.648000,1.878240
33.456000,2502.640000,5.697421
11.152000,993.840000,1.640564
1.968000,1378.256000,1.274728
29.520000,2061.808000,0.716813
30.832000,3.280000,6.986368
7.216000,1534.384000,5.826009
7.216000,3110.096000,10.768430
30.832000,669.776000,4.059444
36.080000,866.576000,3.402805
16.400000,2118.224000,2.752276
13.776000,735.376000,0.809656
5.904000,2112.976000,14.349864
15.088000,3053.680000,4.079482
29.520000,3082.544000,1.421607
25.584000,3062.864000,14.865121
0.656000,2388.496000,9.037501
17.712000,1462.224000,2.500317
38.704000,256.496000,2.180847
5.904000,713.072000,1.640041
17.712000,2161.520000,8.023612
33.456000,954.480000,0.886301
21.648000,1139.472000,2.533730
34.768000,2503.952000,1.895088
26.896000,398.192000,3.897508
0.656000,1889.936000,4.259332
20.336000,231.568000,15.869815
12.464000,1101.424000,1.665300
16.400000,1458.288000,2.561163
8.528000,1924.048000,2.197314
38.704000,2246.800000,8.249352
33.456000,1394.000000,0.728496
21.648000,2740.112000,1.578624
15.088000,378.512000,3.680514
11.152000,2906.736000,1.786246
28.208000,1188.016000,11.292652
38.704000,744.560000,3.442944
22.960000,630.416000,2.943181
11.152000,392.944000,3.260865
17.712000,122.672000,12.235163
3.280000,3027.440000,4.086009
4.592000,2128.720000,2.413985
34.768000,176.464000,2.930030
21.648000,2082.800000,5.050690
22.960000,167.280000,2.589604
33.456000,1460.912000,6.003826
34.768000,1527.824000,2.501809
4.592000,3096.976000,4.870071
22.960000,521.520000,1.587958
24.272000,2940.848000,1.158013
30.832000,2556.432000,1.223438
0.656000,2758.480000,2.817724
30.832000,2387.184000,2.700597
12.464000,1191.952000,2.921786
3.280000,428.368000,5.284313
24.272000,667.152000,1.450971
16.400000,353.584000,2.270970
17.712000,1250.992000,0.663731
16.400000,583.184000,1.827059
16.400000,1254.928000,1.251659
37.392000,3156.016000,1.267749
19.024000,1210.320000,11.768852
1.968000,2909.360000,9.341510
15.088000,276.176000,2.281708
21.648000,2990.704000,2.208849
8.528000,1626.224000,8.707475
3.280000,882.320000,1.788611
28.208000,1808.592000,5.033925
34.768000,1588.176000,2.994450
32.144000,2598.416000,4.875680
3.280000,1022.704000,1.456367
36.080000,1868.944000,1.200939
21.648000,1429.424000,3.357865
16.400000,1495.024000,8.253416
32.144000,329.968000,1.469495
38.704000,2713.872000,1.398978
30.832000,2471.152000,0.849965
37.392000,454.608000,4.263065
34.768000,273.552000,6.947474
3.280000,1139.472000,3.297149
0.656000,2191.696000,1.876690
37.392000,1264.112000,5.312384
12.464000,2118.224000,0.714588
17.712000,1012.208000,1.694677
16.400000,1910.928000,1.911394
32.144000,2139.216000,1.486914
28.208000,735.376000,8.949714
13.776000,572.688000,3.304864
0.656000,68.880000,1.698640
21.648000,726.192000,3.207136
20.336000,198.768000,10.503302
3.280000,1174.896000,4.719467
38.704000,884.944000,4.926214
7.216000,1941.104000,10.647474
24.272000,1832.208000,5.075454
28.208000,723.568000,3.453269
4.592000,2771.600000,4.533830
4.592000,1021.392000,9.058468
29.520000,2700.752000,0.746528
22.960000,293.232000,2.604108
7.216000,1622.288000,5.436910
36.080000,1556.688000,1.131655
25.584000,2990.704000,2.708553
36.080000,2219.248000,1.214152
3.280000,895.440000,2.410138
9.840000,2776.848000,2.563867
33.456000,1468.784000,3.317471
33.456000,1060.752000,11.727016
7.216000,1073.872000,9.036980
9.840000,2712.560000,1.081428
19.024000,125.296000,8.148725
3.280000,2797.840000,2.893786
26.896000,2140.528000,0.816458
37.392000,295.856000,1.234652
19.024000,1521.264000,4.315129
34.768000,2971.024000,6.637150
19.024000,38.704000,2.590811
11.152000,2401.616000,1.025889
5.904000,247.312000,3.233596
1.968000,1744.304000,0.707292
25.584000,2803.088000,1.885522
9.840000,328.656000,1.773459
33.456000,732.752000,12.828030
17.712000,2059.184000,7.985025
38.704000,2085.424000,1.643873
24.272000,194.832000,4.896304
30.832000,1072.560000,4.372353
34.768000,1151.280000,2.075874
7.216000,160.720000,1.851916
25.584000,1018.768000,2.389325
7.216000,1463.536000,0.742776
20.336000,2026.384000,2.166171
34.768000,2911.984000,4.934483
12.464000,943.984000,1.923093
28.208000,2742.736000,4.167724
26.896000,699.952000,7.906909
20.336000,2350.448000,4.544930
5.904000,644.848000,3.730750
7.216000,1191.952000,6.026910
19.024000,3198.000000,7.699096
24.272000,466.416000,3.253709
25.584000,618.608000,3.754050
29.520000,740.624000,6.889920
1.968000,1501.584000,2.757651
25.584000,2829.328000,2.408586
7.216000,1359.888000,3.844160
3.280000,214.512000,0.829914
15.088000,1414.992000,6.715952
15.088000,1168.336000,2.809798
13.776000,2313.712000,3.413824
9.840000,47.888000,5.803719
9.840000,1876.816000,3.776923
12.464000,2140.528000,3.417889
1.968000,358.832000,1.535693
7.216000,2896.240000,2.994335
16.400000,2135.280000,2.684321
17.712000,11.152000,2.324173
22.960000,928.240000,11.634830
9.840000,664.528000,2.398986
21.648000,717.008000,4.259515
15.088000,311.600000,1.124699
32.144000,1706.256000,6.647560
12.464000,415.248000,0.910537
1.968000,1248.368000,1.792304
22.960000,3124.528000,4.450756
30.832000,2577.424000,1.704967
4.592000,340.464000,1.256423
37.392000,2887.056000,1.790448
37.392000,2105.104000,4.492560
3.280000,728.816000,1.252919
38.704000,1143.408000,5.020102
16.400000,1098.800000,6.265902
15.088000,1573.744000,9.324001
13.776000,2181.200000,8.104707
20.336000,1927.984000,2.357857
28.208000,374.576000,8.927811
28.208000,21.648000,3.870336
30.832000,2658.768000,8.196530
1.968000,2833.264000,3.779811
9.840000,2059.184000,1.214586
13.776000,3198.000000,0.803740
21.648000,476.912000,1.125155
7.216000,1918.800000,2.614977
16.400000,2056.560000,1.528339
7.216000,2099.856000,3.055045
17.712000,3074.672000,4.236183
19.024000,1202.448000,1.490030
17.712000,769.488000,2.671830
36.080000,1699.696000,6.695285
4.592000,2643.024000,6.691206
20.336000,32.144000,8.373195
15.088000,2417.360000,6.998985
19.024000,126.608000,1.372335
21.648000,2795.216000,16.061283
30.832000,2925.104000,6.810822
16.400000,1063.376000,5.928472
9.840000,1420.240000,2.565456
4.592000,2111.664000,3.727222
9.840000,2921.168000,0.887643
17.712000,45.264000,2.588616
12.464000,3107.472000,0.870771
1.968000,963.664000,5.307476
36.080000,2225.808000,3.993370
20.336000,1933.232000,7.293270
1.968000,92.496000,2.366191
33.456000,1274.608000,5.211102
17.712000,2274.352000,3.032326
26.896000,2089.360000,2.286699
1.968000,1042.384000,8.618293
0.656000,2858.192000,3.471636
9.840000,436.240000,5.921313
17.712000,8.528000,2.375130
5.904000,2517.072000,0.766841
16.400000,3215.056000,2.825879
36.080000,2032.944000,0.952740
34.768000,1987.024000,4.920465
7.216000,2005.392000,9.311856
13.776000,284.048000,2.556767
12.464000,751.120000,1.121694
20.336000,2662.704000,2.278981
0.656000,2179.888000,6.778055
36.080000,2951.344000,11.065765
5.904000,2240.240000,2.782398
11.152000,2729.616000,3.167119
21.648000,2027.696000,1.299909
5.904000,2265.168000,2.556545
34.768000,753.744000,0.792070
25.584000,2196.944000,9.268859
1.968000,2334.704000,2.452251
5.904000,387.696000,3.129485
22.960000,1405.808000,5.282195
24.272000,1994.896000,1.353375
9.840000,2824.080000,2.144385
22.960000,3209.808000,3.277251
13.776000,197.456000,1.512606
22.960000,125.296000,3.305870
25.584000,3191.440000,2.251771
21.648000,337.840000,0.788368
37.392000,2888.368000,2.061461
12.464000,1188.016000,5.546187
7.216000,1920.112000,1.787715
25.584000,1449.104000,1.575116
32.144000,420.496000,1.235589
28.208000,512.336000,5.260589
4.592000,1506.832000,0.947522
9.840000,2538.064000,8.059474
37.392000,1564.560000,2.041342
12.464000,2746.672000,10.164485
16.400000,1411.056000,2.263358
29.520000,1516.016000,5.934237
3.280000,3065.488000,5.469325
28.208000,749.808000,3.304202
21.648000,1601.296000,3.492814
7.216000,463.792000,4.491947
0.656000,3162.576000,1.427203
37.392000,2151.024000,0.961074
26.896000,803.600000,0.849354
13.776000,118.736000,3.054397
32.144000,930.864000,1.074556
13.776000,2017.200000,0.778736
8.528000,66.256000,3.165912
25.584000,2064.432000,1.725800
36.080000,778.672000,2.973971
37.392000,1035.824000,1.185476
5.904000,377.200000,1.905208
29.520000,49.200000,2.568208
24.272000,2855.568000,2.519139
21.648000,33.456000,1.664559
17.712000,2042.128000,0.661392
11.152000,567.440000,5.722877
32.144000,786.544000,4.552169
15.088000,1917.488000,10.964995
13.776000,840.336000,0.679887
5.904000,833.776000,13.181711
0.656000,2240.240000,7.566986
5.904000,1934.544000,7.946442
1.968000,205.328000,1.566196
0.656000,2653.520000,1.681281
22.960000,67.568000,0.711979
34.768000,1977.840000,11.605814
36.080000,1680.016000,3.633522
29.520000,1407.120000,6.996810
36.080000,2132.656000,2.066256
12.464000,2216.624000,3.678402
34.768000,2114.288000,1.085084
34.768000,1371.696000,3.102330
12.464000,206.640000,1.620096
29.520000,664.528000,8.661148
38.704000,196.144000,1.032639
24.272000,1863.696000,3.746570
20.336000,1294.288000,1.292173
16.400000,2027.696000,1.421187
0.656000,2604.976000,0.894112
22.960000,2559.056000,2.959091
36.080000,239.440000,9.493604
30.832000,1971.280000,6.352353
28.208000,1530.448000,6.200656
16.400000,42.640000,7.845171
32.144000,1296.912000,1.347899
32.144000,186.960000,1.397926
36.080000,1245.744000,10.005260
7.216000,663.216000,8.650202
8.528000,2816.208000,4.284021
7.216000,80.688000,0.883218
19.024000,2295.344000,1.312508
13.776000,909.872000,1.451386
33.456000,1722.000000,2.320982
13.776000,1484.528000,10.521225
38.704000,799.664000,6.377429
28.208000,2145.776000,4.559257
33.456000,214.512000,12.404011
30.832000,2892.304000,1.602390
3.280000,2400.304000,10.552278
21.648000,1760.048000,2.186821
25.584000,206.640000,2.365467
15.088000,1115.856000,6.614179
30.832000,655.344000,7.688117
21.648000,2717.808000,4.763100
36.080000,395.568000,10.506017
8.528000,1698.384000,2.849999
21.648000,2018.512000,3.956659
26.896000,1509.456000,4.264431
4.592000,2986.768000,1.405393
20.336000,3116.656000,1.807515
11.152000,1211.632000,2.274153
19.024000,110.864000,8.272841
26.896000,1802.032000,1.036867
11.152000,339.152000,4.602715
9.840000,2872.624000,10.049281
22.960000,2410.800000,1.588961
28.208000,856.080000,5.280759
0.656000,2448.848000,1.669297
33.456000,1257.552000,1.002348
7.216000,1017.456000,4.300213
22.960000,179.088000,0.961967
24.272000,2078.864000,13.343335
13.776000,2851.632000,1.326433
22.960000,2712.560000,3.804238
5.904000,2204.816000,1.428795
3.280000,173.840000,4.143070
25.584000,225.008000,0.667599
21.648000,1212.944000,2.991795
4.592000,1149.968000,1.587019
24.272000,1197.200000,2.779577
3.280000,2165.456000,2.305866
37.392000,2261.232000,8.238630
33.456000,2139.216000,0.662744
17.712000,1157.840000,10.281978
29.520000,251.248000,1.758517
7.216000,2427.856000,1.835892
24.272000,1369.072000,6.973333
7.216000,1269.360000,15.776342
3.280000,2464.592000,3.076094
16.400000,2153.648000,1.595727
34.768000,2026.384000,1.710030
8.528000,1205.072000,4.231550
26.896000,2750.608000,5.290590
17.712000,1512.080000,1.588596
3.280000,3009.072000,2.711318
34.768000,2136.592000,2.660625
16.400000,1266.736000,3.459027
16.400000,1256.240000,2.989133
19.024000,2629.904000,11.250934
7.216000,2294.032000,0.704153
21.648000,1022.704000,1.995632
33.456000,1619.664000,7.605903
19.024000,1609.168000,3.551483
26.896000,307.664000,2.165563
7.216000,517.584000,3.455121
1.968000,314.224000,8.960589
0.656000,2214.000000,3.999782
34.768000,636.976000,1.756852
5.904000,646.160000,3.587305
29.520000,562.192000,4.479279
22.960000,249.936000,4.899437
22.960000,524.144000,2.709797
34.768000,2730.928000,1.186206
38.704000,1920.112000,1.804807
8.528000,1619.664000,0.723962
37.392000,1554.064000,1.094717
32.144000,122.672000,4.901550
26.896000,1865.008000,5.464091
25.584000,905.936000,13.917819
26.896000,2299.280000,3.394761
5.904000,2797.840000,6.695409
19.024000,2685.008000,1.770775
32.144000,3216.368000,3.839565
36.080000,2022.448000,1.940160
17.712000,3003.824000,1.177242
8.528000,2877.872000,7.666143
8.528000,1510.768000,4.506947
32.144000,657.968000,2.843282
29.520000,108.240000,5.107900
22.960000,1017.456000,0.710539
4.592000,563.504000,2.977250
7.216000,1425.488000,2.371209
21.648000,2448.848000,2.839398
20.336000,131.856000,4.729690
21.648000,1558.000000,1.957509
33.456000,407.376000,3.863898
37.392000,1127.664000,2.085592
25.584000,109.552000,5.044400
22.960000,2700.752000,2.090110
8.528000,196.144000,1.011840
21.648000,1569.808000,0.686291
12.464000,2847.696000,4.206636
26.896000,446.736000,4.411706
5.904000,1550.128000,6.622315
28.208000,2440.976000,5.206045
0.656000,1954.224000,6.452880
38.704000,1202.448000,6.183688
38.704000,1643.280000,2.265450
8.528000,3081.232000,0.674261
13.776000,2788.656000,9.392264
5.904000,1191.952000,1.709604
7.216000,2143.152000,1.159544
0.656000,2421.296000,1.340439
7.216000,3157.328000,7.086486
20.336000,2405.552000,2.472220
19.024000,2984.144000,1.310069
29.520000,783.920000,6.977398
25.584000,2451.472000,1.591983
34.768000,2051.312000,1.422524
21.648000,2196.944000,9.422317
25.584000,1937.168000,2.466125
38.704000,2460.656000,3.164623
25.584000,630.416000,1.682194
12.464000,280.112000,2.938910
25.584000,1223.440000,6.514919
3.280000,850.832000,4.724684
15.088000,385.072000,2.735574
21.648000,1584.240000,1.029080
13.776000,2047.376000,3.210395
12.464000,2022.448000,6.439404
20.336000,3003.824000,6.725656
32.144000,164.656000,4.683337
37.392000,290.608000,0.772246
29.520000,2719.120000,13.769465
34.768000,824.592000,8.587864
5.904000,3072.048000,3.542731
15.088000,1640.656000,4.104253
22.960000,1651.152000,2.792464
32.144000,3039.248000,1.803707
21.648000,2587.920000,1.844707
38.704000,2900.176000,1.666476
12.464000,1716.752000,11.503486
29.520000,2775.536000,2.405155
8.528000,164.656000,1.001556
0.656000,1104.048000,1.724801
38.704000,1352.016000,3.250179
21.648000,764.240000,1.512635
28.208000,594.992000,5.012583
16.400000,1644.592000,3.127397
21.648000,8.528000,4.763392
38.704000,2969.712000,4.302765
21.648000,2122.160000,7.509929
22.960000,3006.448000,4.221070
22.960000,1560.624000,2.758821
8.528000,2255.984000,4.300062
9.840000,1218.192000,4.207490
11.152000,2742.736000,3.167319
13.776000,2042.128000,6.962781
30.832000,1310.032000,0.896939
1.968000,404.752000,11.953339
7.216000,2338.640000,2.380698
8.528000,612.048000,4.777971
25.584000,2160.208000,1.575696
25.584000,135.792000,4.222959
3.280000,2959.216000,5.178462
4.592000,1783.664000,4.556363
15.088000,841.648000,10.836358
32.144000,324.720000,10.500738
19.024000,1590.800000,3.186936
36.080000,594.992000,1.980613
34.768000,2728.304000,2.976329
25.584000,3213.744000,3.107846
21.648000,1606.544000,9.420425
38.704000,1308.720000,0.756814
9.840000,2496.080000,6.452557
21.648000,1001.712000,2.258855
33.456000,2877.872000,4.671676
15.088000,75.440000,3.663853
33.456000,833.776000,6.709274
4.592000,513.648000,0.710292
22.960000,2425.232000,2.428172
37.392000,32.144000,1.096181
11.152000,2768.976000,11.731660
7.216000,1508.144000,7.499185
17.712000,677.648000,2.882661
3.280000,225.008000,1.654407
25.584000,1388.752000,0.769920
21.648000,50.512000,4.053656
19.024000,68.880000,2.287263
20.336000,2915.920000,10.895408
12.464000,3123.216000,1.287317
26.896000,116.112000,1.590420
29.520000,1950.288000,4.991235
1.968000,2203.504000,8.544484
19.024000,2871.312000,6.029161
32.144000,2337.328000,5.038410
24.272000,142.352000,2.851046
9.840000,533.328000,1.848610
0.656000,2475.088000,1.368901
22.960000,1492.400000,2.311857
15.088000,2038.192000,1.995511
20.336000,1762.672000,3.890597
25.584000,1312.656000,1.492993
9.840000,20.336000,8.291297
7.216000,2981.520000,1.966015
38.704000,327.344000,1.260058
34.768000,3078.608000,4.997173
36.080000,2276.976000,6.891063
24.272000,907.248000,6.862184
25.584000,139.728000,6.688319
36.080000,2833.264000,1.164118
20.336000,745.872000,8.763930
21.648000,491.344000,2.792171
5.904000,2637.776000,6.015367
29.520000,1081.744000,6.898641
32.144000,2994.640000,9.206317
9.840000,2304.528000,4.611566
22.960000,151.536000,2.396720
1.968000,2484.272000,4.245079
15.088000,2667.952000,1.535581
38.704000,2980.208000,1.932661
7.216000,1487.152000,2.065144
12.464000,1680.016000,2.452250
9.840000,2934.288000,1.676045
16.400000,193.520000,1.742184
38.704000,1348.080000,3.557814
34.768000,518.896000,3.688593
17.712000,655.344000,5.263311
30.832000,1682.640000,5.242894
22.960000,1826.960000,0.990037
20.336000,1396.624000,1.153146
36.080000,783.920000,1.431613
4.592000,2103.792000,2.423520
20.336000,600.240000,3.525593
21.648000,2988.080000,1.841573
15.088000,521.520000,18.033883
21.648000,2262.544000,5.940155
11.152000,1552.752000,5.449710
32.144000,375.888000,0.815419
34.768000,2035.568000,9.616415
11.152000,1492.400000,1.025263
11.152000,1258.864000,0.897067
38.704000,1176.208000,7.474704
33.456000,642.224000,2.833953
37.392000,1578.992000,10.967633
28.208000,2902.800000,1.217304
26.896000,411.312000,7.264530
11.152000,3216.368000,1.689665
4.592000,2989.392000,1.973635
37.392000,1458.288000,1.348561
3.280000,866.576000,1.547389
9.840000,1283.792000,1.120814
13.776000,2006.704000,5.398787
12.464000,2604.976000,3.392418
32.144000,51.824000,6.467292
21.648000,1773.168000,1.976265
15.088000,835.088000,1.630532
1.968000,269.616000,9.464035
24.272000,2936.912000,1.202551
33.456000,1851.888000,2.080559
37.392000,343.088000,3.348254
1.968000,1736.432000,1.847897
9.840000,1302.160000,1.602052
0.656000,2838.512000,2.268691
37.392000,2398.992000,2.431142
11.152000,2221.872000,13.442106
24.272000,1959.472000,2.038535
4.592000,8.528000,3.032241
19.024000,1774.480000,1.156176
3.280000,766.864000,1.962992
17.712000,428.368000,1.776809
25.584000,1125.040000,1.010267
32.144000,1945.040000,3.640756
19.024000,1681.328000,4.723213
29.520000,2248.112000,10.333619
1.968000,1910.928000,1.854301
7.216000,665.840000,20.341596
3.280000,1640.656000,2.096093
19.024000,2093.296000,2.742078
33.456000,755.056000,1.062545
16.400000,770.800000,0.924765
24.272000,2542.000000,11.641354
21.648000,324.720000,2.382134
8.528000,1799.408000,4.513682
17.712000,756.368000,4.871036
24.272000,1756.112000,3.038559
20.336000,3005.136000,2.299261
28.208000,318.160000,4.381382
36.080000,2553.808000,2.068012
32.144000,2321.584000,1.085747
7.216000,1619.664000,2.563744
28.208000,1643.280000,6.630882
37.392000,2082.800000,4.375787
25.584000,2400.304000,6.645508
8.528000,2421.296000,0.665322
34.768000,1333.648000,5.685295
7.216000,1547.504000,0.825474
20.336000,1209.008000,2.480733
8.528000,807.536000,15.124183
3.280000,3171.760000,1.434117
0.656000,829.840000,0.820836
21.648000,2336.016000,1.796212
26.896000,2309.776000,7.484917
13.776000,715.696000,1.685084
21.648000,2133.968000,1.148094
17.712000,1338.896000,1.302120
15.088000,2817.520000,1.953806
30.832000,2329.456000,0.813556
3.280000,1840.080000,3.428928
19.024000,210.576000,2.530724
34.768000,2648.272000,1.280668
22.960000,3149.456000,13.576235
21.648000,2977.584000,1.847811
30.832000,835.088000,0.991739
9.840000,1906.992000,5.107454
1.968000,3052.368000,2.215899
15.088000,1910.928000,3.809090
17.712000,1090.928000,7.028904
4.592000,730.128000,2.908732
0.656000,2809.648000,1.960363
29.520000,1782.352000,10.643437
15.088000,1535.696000,3.881163
21.648000,2969.712000,8.557999
28.208000,368.016000,1.897692
25.584000,2038.192000,2.475696
21.648000,1408.432000,2.296815
15.088000,1959.472000,1.162580
9.840000,1634.096000,3.083273
29.520000,2646.960000,4.944871
7.216000,302.416000,2.497092
20.336000,537.264000,3.180393
20.336000,941.360000,6.238691
25.584000,648.784000,3.136907
1.968000,1878.128000,1.963644
28.208000,1513.392000,1.647247
8.528000,465.104000,1.724012
22.960000,352.272000,9.137455
9.840000,1323.152000,18.336633
34.768000,1502.896000,2.113365
29.520000,235.504000,1.735573
29.520000,2116.912000,9.289058
1.968000,2767.664000,7.526869
28.208000,2597.104000,2.278621
8.528000,2279.600000,0.857565
9.840000,28.208000,1.197514
17.712000,347.024000,5.122505
29.520000,1063.376000,0.851755
16.400000,2126.096000,5.796324
29.520000,769.488000,3.399804
15.088000,188.272000,9.778292
8.528000,2349.136000,1.725728
4.592000,577.936000,0.840752
37.392000,747.184000,1.693563
24.272000,2406.864000,1.878988
15.088000,1794.160000,14.276033
17.712000,1256.240000,1.451323
34.768000,1960.784000,4.293920
26.896000,457.232000,3.934515
16.400000,3070.736000,2.517998
25.584000,3129.776000,4.564305
25.584000,3207.184000,6.470105
21.648000,1788.912000,5.763504
30.832000,1380.880000,5.821883
3.280000,735.376000,13.908447
8.528000,120.048000,1.910976
22.960000,1741.680000,11.582000
7.216000,907.248000,0.809489
17.712000,2576.112000,1.000855
5.904000,2913.296000,3.755570
16.400000,176.464000,6.496798
33.456000,311.600000,4.443410
28.208000,463.792000,1.606288
29.520000,1863.696000,8.679198
21.648000,3111.408000,3.697770
13.776000,734.064000,1.114307
9.840000,2994.640000,8.646604
29.520000,1993.584000,2.284201
1.968000,7.216000,3.591584
34.768000,958.416000,2.217013
33.456000,2688.944000,1.856472
34.768000,3077.296000,4.250328
38.704000,269.616000,3.463796
11.152000,249.936000,2.374664
20.336000,1678.704000,4.528590
0.656000,251.248000,2.470452
30.832000,1359.888000,0.882322
38.704000,399.504000,2.277646
38.704000,369.328000,4.275383
32.144000,2738.800000,4.135846
25.584000,126.608000,4.275759
12.464000,1080.432000,2.527125
19.024000,1664.272000,2.388152
11.152000,2594.480000,0.898007
29.520000,1572.432000,1.939855
37.392000,2190.384000,2.384725
20.336000,2500.016000,3.075501
13.776000,829.840000,3.808893
3.280000,2640.400000,1.304420
1.968000,2716.496000,1.624787
24.272000,1673.456000,2.684168
11.152000,2077.552000,4.321161
29.520000,1420.240000,4.648324
8.528000,225.008000,4.117076
7.216000,2807.024000,2.229145
20.336000,428.368000,1.226666
16.400000,1471.408000,6.386328
17.712000,539.888000,1.751166
28.208000,2270.416000,4.973366
34.768000,1311.344000,6.093276
37.392000,76.752000,1.148919
19.024000,1698.384000,0.710736
13.776000,2959.216000,2.055684
25.584000,2730.928000,1.686734
5.904000,257.808000,4.756727
26.896000,689.456000,1.603635
15.088000,2518.384000,4.254700
0.656000,867.888000,6.637936
13.776000,269.616000,0.692817
38.704000,1802.032000,6.380074
21.648000,808.848000,8.875492
28.208000,446.736000,1.892019
13.776000,1927.984000,0.790817
7.216000,133.168000,1.943739
9.840000,831.152000,6.105090
17.712000,255.184000,2.806802
29.520000,1384.816000,0.771430
34.768000,2008.016000,6.872356
33.456000,1927.984000,3.240935
9.840000,1173.584000,3.194871
25.584000,2398.992000,3.645302
7.216000,2254.672000,2.987023
15.088000,1355.952000,6.320040
12.464000,828.528000,5.727154
19.024000,1893.872000,5.916294
33.456000,745.872000,1.541049
5.904000,2022.448000,5.639297
33.456000,40.016000,2.007333
36.080000,917.744000,3.160722
24.272000,165.968000,13.543487
11.152000,2973.648000,2.798511
32.144000,2841.136000,0.671138
16.400000,942.672000,1.514604
13.776000,2852.944000,2.208055
28.208000,3188.816000,2.147454
36.080000,1918.800000,1.763560
5.904000,159.408000,3.497495
5.904000,139.728000,11.258710
21.648000,1043.696000,3.250282
12.464000,1552.752000,10.965844
7.216000,428.368000,4.095181
11.152000,1413.680000,1.380943
38.704000,3195.376000,3.764956
11.152000,2985.456000,5.448937
17.712000,903.312000,1.599708
25.584000,1245.744000,6.138318
28.208000,507.088000,3.897525
4.592000,665.840000,5.284002
25.584000,444.112000,2.323783
13.776000,2646.960000,0.977229
33.456000,1732.496000,2.752804
25.584000,2333.392000,15.225531
34.768000,574.000000,2.103157
25.584000,1287.728000,1.039471
17.712000,3221.616000,2.710216
16.400000,1257.552000,5.967497
17.712000,1270.672000,1.027057
32.144000,171.216000,4.010068
37.392000,2591.856000,1.773942
22.960000,2005.392000,0.992087
37.392000,685.520000,3.395117
12.464000,2404.240000,4.517010
30.832000,67.568000,27.664620
36.080000,1666.896000,3.245507
26.896000,2824.080000,2.910743
33.456000,525.456000,1.143463
33.456000,1097.488000,3.011186
17.712000,3072.048000,2.288566
34.768000,1283.792000,6.827052
22.960000,1115.856000,6.133280
38.704000,2573.488000,1.951379
25.584000,3078.608000,2.696430
24.272000,1512.080000,0.695469
37.392000,1952.912000,2.143656
34.768000,2831.952000,1.000489
16.400000,259.120000,1.499176
7.216000,349.648000,2.509393
37.392000,1798.096000,1.711772
0.656000,2429.168000,2.529989
36.080000,3192.752000,1.136683
21.648000,2947.408000,3.590900
38.704000,672.400000,7.601543
1.968000,639.600000,0.913530
36.080000,2796.528000,2.362263
1.968000,316.848000,2.415118
33.456000,812.784000,3.652865
20.336000,1244.432000,6.144639
22.960000,2849.008000,4.703371
9.840000,2707.312000,3.429694
11.152000,440.176000,3.259400
25.584000,93.808000,2.122738
9.840000,2572.176000,0.771376
7.216000,2135.280000,3.887439
20.336000,2589.232000,0.927184
20.336000,1066.000000,0.840260
5.904000,2860.816000,1.357567
34.768000,2863.440000,1.263754
1.968000,2578.736000,3.876741
22.960000,858.704000,3.744051
22.960000,1198.512000,2.335233
36.080000,483.472000,1.938584
7.216000,1526.512000,6.538000
28.208000,1493.712000,0.696188
34.768000,853.456000,12.652016
29.520000,2185.136000,3.745757
0.656000,856.080000,7.387520
21.648000,3100.912000,6.692527
4.592000,71.504000,1.487358
34.768000,118.736000,7.835513
38.704000,1815.152000,3.547634
17.712000,1481.904000,2.540632
36.080000,449.360000,5.075529
38.704000,2590.544000,4.849563
12.464000,1092.240000,2.654164
24.272000,2845.072000,16.038637
13.776000,654.032000,2.474075
24.272000,1370.384000,0.754131
36.080000,1529.136000,3.937738
0.656000,1206.384000,5.980012
20.336000,11.152000,2.765366
9.840000,2911.984000,1.790419
28.208000,399.504000,6.942878
17.712000,808.848000,1.776686
26.896000,2724.368000,4.288653
33.456000,2890.992000,6.096451
9.840000,171.216000,4.948224
28.208000,706.512000,5.728942
30.832000,2000.144000,1.714529
26.896000,1342.832000,4.717394
13.776000,832.464000,13.008897
32.144000,2526.256000,1.267525
7.216000,856.080000,2.197886
28.208000,2875.248000,0.770058
25.584000,2560.368000,2.353905
30.832000,789.168000,3.266561
29.520000,2052.624000,15.867556
34.768000,1685.264000,4.041025
26.896000,1863.696000,0.849854
13.776000,1163.088000,2.019098
7.216000,1500.272000,20.657256
16.400000,499.216000,4.294093
25.584000,1571.120000,2.758368
1.968000,1643.280000,2.434656
25.584000,465.104000,1.353035
21.648000,2873.936000,7.868837
28.208000,630.416000,0.908281
26.896000,2147.088000,1.994756
16.400000,2814.896000,1.888119
37.392000,1143.408000,2.048747
17.712000,1976.528000,1.687696
15.088000,2127.408000,4.521908
33.456000,3032.688000,4.490248
16.400000,1329.712000,2.849452
32.144000,1088.304000,3.333851
3.280000,1350.704000,0.999861
5.904000,842.960000,0.800833
33.456000,474.288000,1.948160
7.216000,1376.944000,1.977534
0.656000,382.448000,0.900350
33.456000,320.784000,4.950545
26.896000,1125.040000,1.193436
9.840000,2431.792000,3.050175
15.088000,2511.824000,0.658268
16.400000,1117.168000,7.010403
36.080000,2001.456000,1.798758
30.832000,1104.048000,2.912323
30.832000,1084.368000,4.873321
13.776000,2942.160000,0.894435
0.656000,2888.368000,2.008956
16.400000,213.200000,3.646360
26.896000,1563.248000,0.887880
24.272000,685.520000,2.282516
16.400000,2010.640000,1.354915
21.648000,204.016000,12.488197
26.896000,2334.704000,2.373513
20.336000,672.400000,1.811469
5.904000,2538.064000,2.061066
20.336000,2716.496000,1.549692
19.024000,1374.320000,1.549566
26.896000,2925.104000,11.115964
9.840000,2292.720000,5.053086
7.216000,1681.328000,3.090059
19.024000,2494.768000,0.827259
5.904000,982.032000,2.017538
33.456000,1896.496000,3.964782
29.520000,988.592000,3.116211
1.968000,806.224000,2.454696
22.960000,2219.248000,1.717468
33.456000,2217.936000,3.375381
13.776000,2379.312000,12.728150
3.280000,2890.992000,2.186880
3.280000,444.112000,0.761594
19.024000,2484.272000,2.213870
1.968000,2501.328000,6.464108
26.896000,2947.408000,2.092180
29.520000,1016.144000,6.295981
29.520000,2452.784000,3.382594
24.272000,1122.416000,2.963096
12.464000,1316.592000,3.545850
19.024000,415.248000,4.427328
20.336000,2179.888000,2.105560
1.968000,1947.664000,1.092301
12.464000,874.448000,1.864005
20.336000,2534.128000,0.803963
19.024000,1317.904000,6.359229
16.400000,941.360000,1.619244
3.280000,703.888000,2.585354
3.280000,2821.456000,6.579585
8.528000,240.752000,3.708633
5.904000,2063.120000,2.649082
25.584000,1295.600000,4.915624
24.272000,1516.016000,5.902276
36.080000,25.584000,0.784356
11.152000,2800.464000,3.896547
17.712000,1453.040000,1.415875
8.528000,2360.944000,3.615081
38.704000,1613.104000,5.549906
21.648000,1563.248000,0.755643
12.464000,1279.856000,1.339827
25.584000,70.192000,3.055034
4.592000,1665.584000,1.076991
26.896000,726.192000,2.764510
29.520000,2375.376000,12.390495
22.960000,141.040000,6.420484
37.392000,75.440000,2.057659
8.528000,100.368000,1.021052
21.648000,99.056000,2.834479
1.968000,257.808000,3.126654
30.832000,1373.008000,5.125111
38.704000,2884.432000,2.934998
7.216000,1905.680000,1.114779
9.840000,2057.872000,7.353592
9.840000,1274.608000,1.084663
34.768000,2666.640000,4.400205
34.768000,1430.736000,4.093044
34.768000,1695.760000,4.380900
9.840000,2717.808000,1.610783
1.968000,282.736000,3.382260
9.840000,2151.024000,4.754561
7.216000,2513.136000,2.945472
5.904000,854.768000,2.036673
33.456000,1497.648000,1.058028
17.712000,1588.176000,0.793398
5.904000,1123.728000,4.458224
8.528000,1198.512000,3.311370
4.592000,2137.904000,5.321232
36.080000,1844.016000,1.361544
36.080000,2843.760000,5.438997
24.272000,3031.376000,2.147143
5.904000,874.448000,5.493196
15.088000,1880.752000,3.453255
19.024000,1563.248000,1.048044
28.208000,589.744000,2.172954
25.584000,642.224000,3.761846
4.592000,947.920000,0.663580
11.152000,99.056000,6.451063
38.704000,2964.464000,1.155349
8.528000,2317.648000,13.863683
16.400000,2898.864000,1.119008
0.656000,177.776000,0.807335
38.704000,360.144000,2.816024
24.272000,3095.664000,5.976368
28.208000,535.952000,2.910624
12.464000,1050.256000,3.136512
17.712000,354.896000,9.921386
13.776000,1868.944000,3.648186
28.208000,1599.984000,1.652554
13.776000,1432.048000,3.347845
4.592000,385.072000,0.765735
38.704000,2542.000000,1.754374
26.896000,3016.944000,5.341047
36.080000,2545.936000,3.773109
15.088000,1223.440000,1.777301
16.400000,1197.200000,7.104491
34.768000,42.640000,0.877006
26.896000,381.136000,1.472599
17.712000,1742.992000,1.623736
28.208000,1781.040000,0.766847
9.840000,495.280000,4.567639
38.704000,1405.808000,1.828947
26.896000,3140.272000,1.694221
29.520000,1779.728000,6.719241
12.464000,1529.136000,2.518349
21.648000,416.560000,6.751968
25.584000,1328.400000,3.060509
38.704000,2095.920000,0.729086
7.216000,284.048000,0.890046
32.144000,1740.368000,1.742047
3.280000,116.112000,0.868302
25.584000,2291.408000,4.309362
8.528000,1084.368000,8.573483
0.656000,2336.016000,0.882365
4.592000,2086.736000,12.094526
32.144000,2940.848000,1.776865
28.208000,1893.872000,5.081762
9.840000,650.096000,4.909529
3.280000,1555.376000,1.339681
17.712000,773.424000,2.741267
20.336000,2069.680000,1.259599
17.712000,0.656000,5.627464
13.776000,2252.048000,0.665678
21.648000,1719.376000,1.522163
38.704000,1467.472000,4.201954
3.280000,2904.112000,0.664109
9.840000,2144.464000,1.309686
20.336000,1542.256000,0.834841
24.272000,3096.976000,1.945500
28.208000,13.776000,2.469110
17.712000,799.664000,9.940379
3.280000,1477.968000,6.268143
0.656000,1464.848000,5.397882
37.392000,2061.808000,3.700780
38.704000,200.080000,1.827890
30.832000,1542.256000,2.209569
20.336000,3026.128000,13.182974
15.088000,730.128000,6.317242
1.968000,2952.656000,2.194954
16.400000,1481.904000,2.272487
0.656000,1081.744000,2.945279
28.208000,40.016000,7.062507
15.088000,2611.536000,2.828784
13.776000,1384.816000,10.684048
9.840000,576.624000,1.841033
9.840000,2893.616000,3.349314
20.336000,798.352000,2.480357
11.152000,3066.800000,2.578170
13.776000,2544.624000,1.547552
5.904000,454.608000,7.560780
29.520000,1219.504000,0.948412
37.392000,1648.528000,0.770590
15.088000,702.576000,6.695683
36.080000,3032.688000,2.419902
26.896000,3133.712000,1.233769
0.656000,293.232000,2.866513
15.088000,2749.296000,3.050140
19.024000,127.920000,2.946817
8.528000,2820.144000,10.743366
26.896000,1059.440000,0.974073
9.840000,1127.664000,4.229603
21.648000,825.904000,7.507033
37.392000,698.640000,2.211785
36.080000,1555.376000,0.706512
22.960000,3099.600000,1.499969
38.704000,1661.648000,2.926057
38.704000,2048.688000,2.202698
32.144000,1268.048000,3.708974
22.960000,2405.552000,2.795268
28.208000,2085.424000,1.171834
29.520000,1914.864000,7.303204
24.272000,1540.944000,16.624161
9.840000,2484.272000,3.210878
38.704000,379.824000,14.091671
3.280000,2834.576000,1.196559
20.336000,1139.472000,0.720063
20.336000,3070.736000,0.705193
36.080000,2392.432000,4.859489
20.336000,1952.912000,0.907197
1.968000,295.856000,3.254186
8.528000,717.008000,3.115014
24.272000,2048.688000,0.789816
11.152000,3027.440000,5.827481
26.896000,2433.104000,3.925972
22.960000,2929.040000,1.889984
38.704000,1586.864000,1.558724
37.392000,2363.568000,1.735237
12.464000,1548.816000,1.225797
19.024000,1501.584000,4.383187
8.528000,622.544000,2.591881
26.896000,246.000000,4.944385
30.832000,622.544000,2.637074
24.272000,1289.040000,1.109595
36.080000,3114.032000,5.472645
30.832000,1724.624000,2.157604
22.960000,398.192000,2.602336
1.968000,1631.472000,2.338386
24.272000,1357.264000,1.355824
5.904000,1337.584000,1.517565
24.272000,2136.592000,3.240754
9.840000,2195.632000,5.462580
15.088000,2986.768000,5.864039
25.584000,1411.056000,4.209409
16.400000,1825.648000,4.520398
7.216000,779.984000,3.964681
3.280000,50.512000,2.174843
25.584000,499.216000,1.209594
26.896000,2339.952000,8.163245
24.272000,1268.048000,1.480982
1.968000,930.864000,0.821744
12.464000,12.464000,3.737713
37.392000,1958.160000,4.172002
13.776000,1090.928000,2.144271
32.144000,917.744000,5.367006
22.960000,2753.232000,6.287004
12.464000,1824.336000,2.207844
25.584000,2082.800000,2.186457
26.896000,1411.056000,2.738526
12.464000,1189.328000,2.188806
32.144000,740.624000,1.012296
11.152000,1568.496000,3.353732
17.712000,1859.760000,7.332829
20.336000,137.104000,5.726234
25.584000,2603.664000,4.174174
15.088000,1185.392000,5.098445
25.584000,2572.176000,1.306036
17.712000,975.472000,2.582960
33.456000,1446.480000,1.609973
22.960000,2300.592000,3.781507
22.960000,909.872000,1.542995
7.216000,942.672000,7.680372
5.904000,2119.536000,1.680222
22.960000,1952.912000,2.462923
30.832000,3087.792000,0.833527
36.080000,907.248000,9.488746
20.336000,1598.672000,4.141081
37.392000,717.008000,2.225363
5.904000,2875.248000,5.910633
34.768000,2490.832000,6.699042
17.712000,2990.704000,0.899872
1.968000,2981.520000,5.756881
32.144000,521.520000,1.436678
16.400000,522.832000,4.770259
3.280000,2532.816000,3.716126
37.392000,1497.648000,12.706349
15.088000,747.184000,1.664361
7.216000,2379.312000,5.518087
11.152000,2953.968000,1.227951
29.520000,1071.248000,1.982596
7.216000,696.016000,1.871439
3.280000,2486.896000,5.037599
16.400000,2589.232000,1.073970
34.768000,2545.936000,7.357089
33.456000,2742.736000,2.052748
28.208000,787.856000,7.006371
12.464000,3192.752000,3.218606
34.768000,1893.872000,1.996909
0.656000,1716.752000,2.851267
21.648000,183.024000,4.398920
32.144000,2215.312000,6.089845
29.520000,2476.400000,3.638572
19.024000,3154.704000,2.443502
16.400000,198.768000,4.856368
36.080000,3034.000000,5.427444
3.280000,585.808000,3.831528
20.336000,2430.480000,3.340850
9.840000,353.584000,1.374597
24.272000,2203.504000,8.319823
1.968000,143.664000,1.807964
38.704000,2657.456000,3.439241
4.592000,91.184000,1.897099
36.080000,2964.464000,4.316372
19.024000,1697.072000,2.504070
28.208000,1979.152000,2.140778
38.704000,1813.840000,6.621187
24.272000,2972.336000,2.813638
24.272000,2624.656000,7.972562
20.336000,3091.728000,15.176756
24.272000,2236.304000,4.026496
12.464000,1017.456000,3.508795
25.584000,1977.840000,0.984115
11.152000,2328.144000,3.409104
0.656000,778.672000,1.871931
22.960000,2245.488000,9.662180
17.712000,3078.608000,3.897222
8.528000,1767.920000,8.372283
16.400000,2593.168000,3.034095
21.648000,2316.336000,1.909016
8.528000,302.416000,1.624429
12.464000,2084.112000,1.183534
11.152000,1670.832000,1.426292
28.208000,1921.424000,6.676541
19.024000,249.936000,0.816351
4.592000,707.824000,2.955441
34.768000,621.232000,1.132006
1.968000,769.488000,6.784643
24.272000,1594.736000,2.451108
36.080000,1006.960000,3.188447
37.392000,1110.608000,3.438910
11.152000,2098.544000,2.747778
32.144000,2144.464000,1.580657
1.968000,1812.528000,2.802213
13.776000,1331.024000,2.282915
26.896000,1896.496000,1.450054
24.272000,2800.464000,8.305436
19.024000,2385.872000,7.748379
34.768000,1830.896000,2.393426
33.456000,2965.776000,2.536263
15.088000,2556.432000,6.670410
36.080000,3179.632000,1.000724
38.704000,3058.928000,3.835724
16.400000,2103.792000,5.872448
26.896000,1836.144000,0.823858
26.896000,692.080000,1.732448
25.584000,1146.032000,0.882655
3.280000,37.392000,3.030952
5.904000,71.504000,0.947956
7.216000,2602.352000,0.686465
15.088000,2599.728000,0.796847
36.080000,2650.896000,2.099884
16.400000,427.056000,0.775308
11.152000,1319.216000,1.165655
22.960000,2328.144000,4.367680
21.648000,2465.904000,2.160652
29.520000,1922.736000,5.615039
9.840000,2402.928000,1.745548
1.968000,545.136000,1.462229
29.520000,91.184000,0.676040
12.464000,2759.792000,2.728539
15.088000,3125.840000,4.631986
4.592000,3119.280000,3.152152
21.648000,1144.720000,0.712493
19.024000,1840.080000,1.363438
22.960000,1689.200000,5.842651
25.584000,1210.320000,7.517184
25.584000,2287.472000,2.287314
15.088000,1279.856000,2.388436
17.712000,2618.096000,1.854885
37.392000,1725.936000,1.154589
33.456000,2509.200000,3.828304
17.712000,1289.040000,1.000420
26.896000,1838.768000,0.748445
1.968000,1296.912000,3.241966
8.528000,2501.328000,3.426804
0.656000,2068.368000,3.241864
15.088000,743.248000,4.547738
34.768000,83.312000,5.390092
26.896000,2696.816000,5.424178
38.704000,30.832000,6.077527
19.024000,1820.400000,0.783302
34.768000,1140.784000,1.395965
25.584000,297.168000,5.543811
0.656000,404.752000,1.386058
17.712000,993.840000,1.157751
25.584000,2788.656000,4.590846
19.024000,1387.440000,7.235235
37.392000,87.248000,3.950213
7.216000,2599.728000,10.367442
9.840000,2511.824000,5.866165
9.840000,3023.504000,0.888621
11.152000,1101.424000,1.372879
24.272000,2527.568000,12.675065
20.336000,936.112000,3.258809
15.088000,564.816000,3.235364
22.960000,2156.272000,2.582737
25.584000,1842.704000,1.338351
22.960000,1033.200000,3.205348
4.592000,1185.392000,6.923163
21.648000,392.944000,3.403127
3.280000,2376.688000,5.334898
11.152000,987.280000,1.190009
13.776000,943.984000,4.341853
25.584000,2890.992000,8.983916
15.088000,9.840000,1.895574
22.960000,487.408000,4.668068
1.968000,840.336000,7.943746
28.208000,1320.528000,3.150910
34.768000,1361.200000,0.848937
0.656000,218.448000,1.842691
12.464000,1407.120000,1.748791
5.904000,1018.768000,1.327986
3.280000,1109.296000,1.827012
1.968000,496.592000,5.148627
38.704000,819.344000,1.340295
12.464000,1871.568000,3.418791
11.152000,2447.536000,1.751879
36.080000,1635.408000,1.583311
24.272000,2238.928000,9.650357
8.528000,2707.312000,8.904872
7.216000,541.200000,5.700447
28.208000,1854.512000,2.224305
34.768000,1826.960000,5.832601
24.272000,415.248000,0.930331
28.208000,655.344000,8.525856
22.960000,1485.840000,5.218753
19.024000,1800.720000,8.803902
17.712000,3040.560000,1.145370
1.968000,139.728000,2.069273
29.520000,924.304000,23.954070
30.832000,2400.304000,2.350486
24.272000,556.944000,4.029115
8.528000,2532.816000,0.667210
5.904000,1639.344000,6.037390
32.144000,2493.456000,3.725333
17.712000,2355.696000,2.547019
17.712000,1937.168000,0.885602
17.712000,1365.136000,2.119767
34.768000,1132.912000,2.180103
9.840000,2164.144000,2.442660
0.656000,2574.800000,3.337311
7.216000,1283.792000,5.152400
34.768000,2232.368000,8.369053
34.768000,1686.576000,2.443392
11.152000,706.512000,8.048673
37.392000,2657.456000,2.308384
36.080000,2061.808000,1.702978
38.704000,795.728000,0.675980
38.704000,2101.168000,6.696444
20.336000,850.832000,2.419238
0.656000,3152.080000,2.617314
5.904000,2740.112000,4.733467
1.968000,3167.824000,3.282810
19.024000,389.008000,1.391845
4.592000,1460.912000,2.905955
15.088000,239.440000,4.485696
38.704000,2506.576000,1.636466
21.648000,2333.392000,8.463864
24.272000,2032.944000,4.503361
25.584000,2103.792000,5.540526
36.080000,2105.104000,2.562184
3.280000,1080.432000,6.491736
21.648000,3188.816000,2.912969
20.336000,29.520000,2.949695
11.152000,2486.896000,2.405338
4.592000,1641.968000,2.166239
21.648000,703.888000,9.075206
0.656000,1228.688000,1.813842
22.960000,2607.600000,4.769291
13.776000,2787.344000,0.747534
22.960000,1476.656000,1.936064
24.272000,1153.904000,10.930338
17.712000,752.432000,11.632047
29.520000,1737.744000,1.504209
30.832000,1886.000000,2.125432
3.280000,2085.424000,1.105665
15.088000,2273.040000,2.831769
20.336000,2829.328000,4.438913
22.960000,263.056000,7.698426
25.584000,1648.528000,5.602373
0.656000,1960.784000,1.600478
29.520000,1262.800000,1.259974
28.208000,1904.368000,3.563522
24.272000,2200.880000,0.741187
19.024000,770.800000,1.092663
29.520000,2963.152000,13.324491
34.768000,528.080000,2.528888
37.392000,1976.528000,1.818424
13.776000,1571.120000,4.621163
1.968000,1098.800000,11.056786
37.392000,1371.696000,3.221907
26.896000,1575.056000,7.289547
34.768000,3218.992000,0.758422
0.656000,1125.040000,4.934331
13.776000,1720.688000,3.450351
16.400000,1723.312000,1.276792
11.152000,553.008000,5.273536
13.776000,631.728000,5.171812
12.464000,11.152000,6.716538
19.024000,1712.816000,2.524192
4.592000,2357.008000,6.878689
34.768000,1958.160000,2.711107
33.456000,1702.320000,5.946391
7.216000,592.368000,4.731388
28.208000,1744.304000,3.615482
7.216000,2080.176000,1.845433
26.896000,1631.472000,1.845688
1.968000,1997.520000,9.216217
33.456000,2375.376000,2.387991
1.968000,1763.984000,1.045659
17.712000,1277.232000,3.071492
19.024000,2043.440000,7.011275
11.152000,1626.224000,3.459325
16.400000,1708.880000,1.433564
28.208000,983.344000,13.159384
20.336000,483.472000,7.671086
34.768000,545.136000,2.500554
19.024000,3020.880000,7.176951
25.584000,1136.848000,3.259364
1.968000,2326.832000,0.985819
21.648000,2343.888000,4.797102
4.592000,3082.544000,5.286290
33.456000,2116.912000,9.711477
16.400000,1703.632000,1.605447
32.144000,869.200000,2.120493
21.648000,2198.256000,3.743159
11.152000,591.056000,2.389436
1.968000,2433.104000,0.702765
25.584000,846.896000,8.373364
17.712000,2831.952000,1.663679
11.152000,1504.208000,1.654869
28.208000,1501.584000,5.738430
22.960000,2539.376000,3.348760
28.208000,972.848000,2.097192
20.336000,421.808000,1.182631
38.704000,1727.248000,6.729714
38.704000,2873.936000,1.715609
3.280000,938.736000,0.931980
36.080000,1186.704000,3.964890
16.400000,2191.696000,7.221825
8.528000,2433.104000,9.845176
26.896000,1456.976000,1.405110
30.832000,2876.560000,2.417810
37.392000,395.568000,3.659454
34.768000,2523.632000,0.819713
13.776000,656.656000,8.432825
7.216000,2835.888000,1.811506
30.832000,1405.808000,12.225438
25.584000,162.032000,9.362620
9.840000,2923.792000,1.658859
28.208000,1392.688000,0.802239
7.216000,1394.000000,6.516648
22.960000,2942.160000,5.464020
38.704000,916.432000,2.704852
12.464000,232.880000,5.627700
36.080000,667.152000,11.545247
0.656000,2080.176000,5.084750
21.648000,2948.720000,8.968545
12.464000,1636.720000,1.828945
4.592000,3136.336000,2.709016
9.840000,1926.672000,1.029339
9.840000,2132.656000,8.546612
1.968000,1379.568000,6.748140
12.464000,190.896000,1.314001
32.144000,932.176000,1.114275
11.152000,1405.808000,3.483300
34.768000,842.960000,2.430436
1.968000,1624.912000,6.310773
9.840000,877.072000,2.773941
26.896000,1100.112000,1.407804
38.704000,428.368000,4.104023
7.216000,2887.056000,7.747266
1.968000,1005.648000,7.438582
30.832000,357.520000,2.975104
7.216000,2002.768000,1.811932
34.768000,967.600000,3.006461
4.592000,2370.128000,8.801874
3.280000,755.056000,0.738273
13.776000,842.960000,3.535702
0.656000,2842.448000,5.045182
1.968000,349.648000,1.090414
5.904000,1836.144000,3.478254
12.464000,4.592000,1.342685
8.528000,3096.976000,1.157359
9.840000,1388.752000,3.647541
11.152000,2964.464000,1.085097
11.152000,340.464000,2.172944
30.832000,3006.448000,1.781220
20.336000,1257.552000,10.474479
25.584000,657.968000,1.481952
36.080000,1571.120000,3.880569
4.592000,1960.784000,1.021411
12.464000,239.440000,2.272349
24.272000,1143.408000,8.943171
34.768000,3175.696000,3.644482
17.712000,19.024000,1.522817
19.024000,51.824000,2.556171
34.768000,1491.088000,1.795093
30.832000,2776.848000,2.918689
13.776000,2825.392000,5.636588
25.584000,2309.776000,3.260584
24.272000,3111.408000,7.296385
0.656000,8.528000,2.081258
3.280000,2496.080000,2.349044
21.648000,2656.144000,4.013970
4.592000,2900.176000,4.172328
25.584000,192.208000,2.766359
32.144000,400.816000,4.894637
19.024000,2203.504000,12.144336
9.840000,764.240000,1.926012
7.216000,2851.632000,1.561361
1.968000,2168.080000,6.173357
28.208000,898.064000,7.197247
19.024000,2682.384000,2.182863
12.464000,1819.088000,4.784566
9.840000,1598.672000,1.143292
9.840000,2367.504000,5.313344
0.656000,2587.920000,2.013920
22.960000,816.720000,3.229375
38.704000,2395.056000,4.408108
11.152000,3073.360000,6.274242
30.832000,15.088000,0.747354
7.216000,974.160000,4.938039
13.776000,1737.744000,1.715343
37.392000,1636.720000,1.289376
1.968000,312.912000,1.736331
19.024000,1767.920000,2.513186
3.280000,144.976000,3.565617
12.464000,2492.144000,4.689458
26.896000,2685.008000,3.316930
5.904000,434.928000,1.629772
30.832000,2797.840000,14.955118
24.272000,720.944000,4.908458
38.704000,925.616000,1.505035
7.216000,402.128000,2.485690
20.336000,1022.704000,7.040626
16.400000,105.616000,5.331152
29.520000,2744.048000,4.209648
13.776000,1808.592000,1.664978
21.648000,1698.384000,14.371064
29.520000,1153.904000,5.904971
8.528000,3157.328000,1.334699
21.648000,723.568000,1.680100
28.208000,1180.144000,2.516533
19.024000,2846.384000,3.460648
19.024000,303.728000,4.703735
12.464000,3183.568000,2.044397
20.336000,518.896000,1.585030
11.152000,2593.168000,6.996618
15.088000,130.544000,2.690524
38.704000,26.896000,3.231305
7.216000,1075.184000,8.613727
17.712000,2404.240000,16.329240
33.456000,2838.512000,9.042571
26.896000,1328.400000,2.936311
24.272000,1484.528000,2.173318
26.896000,2524.944000,4.958850
26.896000,2980.208000,1.715794
1.968000,534.640000,4.140761
13.776000,748.496000,1.010399
34.768000,2119.536000,4.963619
20.336000,2540.688000,4.348903
19.024000,2195.632000,0.972105
30.832000,1695.760000,0.931226
12.464000,1012.208000,1.058443
24.272000,1283.792000,3.561399
28.208000,955.792000,2.368711
36.080000,1241.808000,0.788999
32.144000,3156.016000,4.508305
29.520000,2583.984000,8.632983
8.528000,2179.888000,10.148568
34.768000,3205.872000,3.788238
37.392000,2477.712000,2.470632
33.456000,1916.176000,3.626515
4.592000,2510.512000,1.910475
12.464000,2942.160000,2.453488
0.656000,2297.968000,1.243120
25.584000,160.720000,4.023842
12.464000,1555.376000,1.459147
12.464000,1502.896000,1.618774
7.216000,1441.232000,3.921464
1.968000,133.168000,4.625215
33.456000,2442.288000,0.810964
37.392000,1531.760000,4.736365
5.904000,3221.616000,1.158633
36.080000,1567.184000,17.217142
17.712000,1363.824000,7.041720
7.216000,488.720000,1.068294
13.776000,2333.392000,2.575076
12.464000,1596.048000,1.392088
36.080000,1547.504000,10.626257
32.144000,2193.008000,3.750641
16.400000,1268.048000,1.654853
17.712000,3141.584000,4.333756
15.088000,1313.968000,4.391467
0.656000,1565.872000,8.911276
8.528000,1336.272000,10.871632
19.024000,2866.064000,0.666714
24.272000,1525.200000,14.144799
3.280000,3120.592000,15.120018
5.904000,466.416000,3.757353
30.832000,1336.272000,0.866943
9.840000,2354.384000,3.237431
21.648000,89.872000,0.673074
21.648000,3001.200000,1.914056
13.776000,1094.864000,6.715295
0.656000,1879.440000,2.160382
26.896000,1972.592000,6.032279
32.144000,1509.456000,6.412771
20.336000,423.120000,1.753228
0.656000,2782.096000,3.729183
20.336000,1674.768000,0.981917
20.336000,2608.912000,5.950309
30.832000,2965.776000,1.852340
4.592000,21.648000,1.174334
1.968000,46.576000,1.488010
33.456000,1716.752000,1.724357
17.712000,2850.320000,2.188873
4.592000,2064.432000,1.431653
36.080000,2918.544000,2.461040
4.592000,2354.384000,4.365816
33.456000,240.752000,2.191028
29.520000,848.208000,1.338282
29.520000,2814.896000,1.344425
4.592000,11.152000,2.174663
3.280000,3108.784000,2.729399
36.080000,1725.936000,1.788668
36.080000,2511.824000,1.517741
8.528000,2535.440000,1.583098
0.656000,1476.656000,3.354306
13.776000,718.320000,9.122897
0.656000,1820.400000,10.449307
24.272000,3140.272000,1.650815
13.776000,3039.248000,2.520825
34.768000,2130.032000,1.967233
20.336000,1736.432000,1.993890
9.840000,3184.880000,4.799470
25.584000,2010.640000,4.796135
16.400000,2864.752000,0.761927
7.216000,846.896000,2.079007
29.520000,1972.592000,0.795457
38.704000,1338.896000,1.117446
9.840000,602.864000,6.215961
30.832000,2610.224000,3.280129
32.144000,988.592000,1.890551
7.216000,1804.656000,5.142919
9.840000,2706.000000,7.174900
22.960000,558.256000,3.608218
20.336000,1341.520000,2.032588
4.592000,1115.856000,9.776664
26.896000,2042.128000,4.223543
37.392000,2333.392000,11.043501
12.464000,814.096000,7.531603
33.456000,2212.688000,4.302462
9.840000,2219.248000,1.461611
32.144000,1994.896000,17.280309
21.648000,2921.168000,9.661322
38.704000,1289.040000,4.364452
38.704000,499.216000,2.630701
24.272000,2339.952000,2.319336
13.776000,1219.504000,0.735984
26.896000,1906.992000,1.480890
28.208000,3072.048000,1.063595
37.392000,833.776000,6.071564
29.520000,1550.128000,13.391797
4.592000,1916.176000,3.263592
32.144000,1059.440000,1.874828
37.392000,1359.888000,2.650701
34.768000,3036.624000,0.692654
26.896000,423.120000,4.888129
4.592000,392.944000,11.413637
38.704000,2597.104000,1.470153
1.968000,749.808000,4.653488
17.712000,1172.272000,5.225497
13.776000,672.400000,11.410646
20.336000,444.112000,1.740515
8.528000,261.744000,3.295034
29.520000,1320.528000,3.367121
4.592000,1387.440000,2.211028
17.712000,2233.680000,4.120411
25.584000,417.872000,1.282278
32.144000,791.792000,6.641511
33.456000,1592.112000,4.290758
24.272000,1253.616000,2.357785
28.208000,1672.144000,3.059510
16.400000,2509.200000,2.263699
36.080000,1495.024000,3.436691
33.456000,3102.224000,3.490023
34.768000,2556.432000,1.874526
7.216000,1281.168000,2.536397
11.152000,1703.632000,8.344403
3.280000,824.592000,7.060497
7.216000,1193.264000,15.931691
20.336000,2581.360000,4.126435
3.280000,957.104000,0.791154
26.896000,2136.592000,3.844530
34.768000,2475.088000,4.835133
13.776000,1840.080000,2.015281
16.400000,955.792000,4.483760
5.904000,26.896000,3.810001
7.216000,1496.336000,1.787759
36.080000,525.456000,5.933882
20.336000,260.432000,5.779554
25.584000,143.664000,0.680515
29.520000,3107.472000,10.991889
13.776000,2152.336000,8.888074
19.024000,865.264000,11.442900
4.592000,3081.232000,4.796378
26.896000,2088.048000,9.854201
36.080000,1182.768000,1.667105
30.832000,2193.008000,5.959201
0.656000,2110.352000,2.620747
13.776000,2755.856000,1.887720
38.704000,2039.504000,3.227748
7.216000,1395.312000,0.956344
37.392000,2346.512000,1.441180
29.520000,2387.184000,1.206112
13.776000,1156.528000,4.362098
33.456000,120.048000,0.755525
29.520000,2158.896000,10.997260
1.968000,870.512000,4.345480
11.152000,105.616000,1.163883
22.960000,2673.200000,0.748224
37.392000,2872.624000,1.999226
4.592000,116.112000,1.329411
32.144000,2938.224000,2.483251
37.392000,2683.696000,3.028884
21.648000,2280.912000,9.735827
9.840000,2549.872000,0.701199
30.832000,345.712000,3.601601
0.656000,2156.272000,8.763704
29.520000,3005.136000,2.601192
7.216000,1577.680000,8.586038
8.528000,1565.872000,3.831913
13.776000,1652.464000,3.717529
4.592000,2039.504000,0.936689
21.648000,2395.056000,2.131005
13.776000,919.056000,3.167430
5.904000,508.400000,4.738295
12.464000,863.952000,1.746638
29.520000,1338.896000,1.759995
25.584000,1292.976000,1.568241
32.144000,230.256000,3.606247
22.960000,2786.032000,3.131015
20.336000,2412.112000,2.643723
15.088000,1778.416000,1.193420
21.648000,2812.272000,4.931338
0.656000,802.288000,3.708621
24.272000,583.184000,1.170615
16.400000,2084.112000,3.004600
12.464000,2160.208000,5.998436
16.400000,593.680000,1.053413
4.592000,1370.384000,4.538270
19.024000,812.784000,4.040963
3.280000,1184.080000,7.516171
7.216000,2082.800000,0.656290
37.392000,2183.824000,1.016407
22.960000,2614.160000,4.450319
15.088000,1194.576000,1.184380
20.336000,2404.240000,3.508250
20.336000,3125.840000,0.708725
8.528000,71.504000,3.404934
24.272000,690.768000,15.796972
12.464000,1160.464000,2.581360
8.528000,2841.136000,7.148858
3.280000,2122.160000,3.237860
25.584000,322.096000,4.452147
1.968000,3180.944000,7.019332
8.528000,2040.816000,1.097682
8.528000,598.928000,6.985810
36.080000,715.696000,2.866072
25.584000,55.760000,1.083457
26.896000,815.408000,7.631688
7.216000,1220.816000,4.524337
37.392000,2206.128000,2.028849
28.208000,285.360000,0.823150
17.712000,112.176000,2.538785
1.968000,505.776000,6.239374
8.528000,576.624000,3.279372
38.704000,2866.064000,4.729969
9.840000,1400.560000,1.433424
28.208000,2328.144000,2.209573
38.704000,1851.888000,5.326987
12.464000,1245.744000,5.498466
3.280000,1286.416000,3.646657
5.904000,2709.936000,4.930681
36.080000,570.064000,2.873126
20.336000,1868.944000,0.726776
30.832000,1244.432000,4.215542
9.840000,3032.688000,2.868266
24.272000,51.824000,2.582262
19.024000,3175.696000,0.954634
8.528000,3184.880000,4.651711
4.592000,2080.176000,2.130407
28.208000,2981.520000,3.355323
38.704000,1344.144000,0.903635
24.272000,226.320000,6.608844
21.648000,1000.400000,1.600530
12.464000,1495.024000,3.348645
15.088000,1592.112000,1.580905
4.592000,362.768000,4.753809
8.528000,1439.920000,4.960535
37.392000,3110.096000,1.979480
38.704000,1983.088000,5.191951
15.088000,183.024000,1.336210
33.456000,2494.768000,2.065791
8.528000,765.552000,1.861793
21.648000,492.656000,10.763618
12.464000,1901.744000,11.214437
8.528000,979.408000,1.493429
8.528000,684.208000,1.373933
21.648000,295.856000,4.822984
11.152000,671.088000,4.838233
22.960000,772.112000,0.910822
29.520000,2124.784000,4.833646
13.776000,1979.152000,2.134753
36.080000,1466.160000,0.962089
36.080000,2943.472000,0.825939
4.592000,1442.544000,3.062009
8.528000,172.528000,8.170250
26.896000,1085.680000,2.133650
28.208000,668.464000,13.672010
32.144000,534.640000,6.647976
25.584000,3132.400000,0.865265
34.768000,2094.608000,3.404005
7.216000,2245.488000,2.974304
1.968000,1854.512000,3.120342
9.840000,663.216000,1.100257
37.392000,2132.656000,3.325306
3.280000,654.032000,5.638603
13.776000,176.464000,2.562301
30.832000,2552.496000,1.097353
28.208000,2751.920000,2.136231
13.776000,1216.880000,0.805136
8.528000,1838.768000,2.407877
22.960000,1138.160000,0.793524
21.648000,260.432000,3.002581
17.712000,2186.448000,0.841405
30.832000,2173.328000,0.679031
0.656000,911.184000,6.099976
21.648000,381.136000,1.562342
25.584000,1592.112000,3.107176
11.152000,2257.296000,3.919601
24.272000,871.824000,0.858725
28.208000,926.928000,2.131373
4.592000,1706.256000,3.794803
9.840000,2859.504000,2.639775
21.648000,979.408000,2.760231
15.088000,1731.184000,3.605894
13.776000,1464.848000,1.042529
29.520000,298.480000,3.683320
38.704000,1820.400000,1.522505
21.648000,2248.112000,1.303693
0.656000,2076.240000,1.141576
0.656000,1236.560000,3.149899
0.656000,823.280000,1.047267
9.840000,382.448000,3.890399
8.528000,2828.016000,2.257970
0.656000,2599.728000,7.994260
15.088000,1935.856000,2.053685
4.592000,518.896000,12.505158
25.584000,1565.872000,6.594390
29.520000,1819.088000,7.672511
3.280000,83.312000,12.414840
33.456000,180.400000,3.465337
34.768000,373.264000,4.642237
38.704000,1260.176000,1.146708
12.464000,2591.856000,1.270502
4.592000,2762.416000,2.229181
37.392000,2884.432000,0.892694
38.704000,3135.024000,3.327374
8.528000,320.784000,1.840604
12.464000,799.664000,1.229743
5.904000,3069.424000,7.616600
5.904000,1792.848000,1.948069
29.520000,1165.712000,3.586586
4.592000,831.152000,5.573478
9.840000,3215.056000,5.736150
28.208000,959.728000,2.354233
37.392000,2568.240000,4.813885
17.712000,762.928000,2.674345
38.704000,2552.496000,0.999291
0.656000,1644.592000,1.713732
3.280000,2397.680000,2.672483
33.456000,967.600000,10.661082
17.712000,1428.112000,1.843111
3.280000,888.880000,1.191806
9.840000,1565.872000,3.765202
20.336000,2368.816000,1.337128
34.768000,2639.088000,2.730292
9.840000,974.160000,2.729220
4.592000,37.392000,5.582409
1.968000,1126.352000,2.236904
7.216000,1403.184000,3.179260
37.392000,3217.680000,2.623802
15.088000,877.072000,1.827314
12.464000,1799.408000,0.905429
4.592000,2490.832000,1.451672
32.144000,714.384000,2.570024
4.592000,1056.816000,3.835087
26.896000,3103.536000,5.212423
17.712000,1374.320000,2.416075
38.704000,2000.144000,1.954159
17.712000,1564.560000,0.847565
34.768000,900.688000,6.231653
28.208000,665.840000,0.672011
9.840000,638.288000,3.025394
38.704000,516.272000,1.923491
9.840000,2009.328000,1.687187
0.656000,509.712000,7.536212
15.088000,516.272000,3.147473
32.144000,1918.800000,4.716650
34.768000,547.760000,2.652681
3.280000,17.712000,0.722991
29.520000,2410.800000,9.767908
30.832000,482.160000,4.361246
34.768000,2190.384000,1.516172
34.768000,2543.312000,1.152331
26.896000,3110.096000,3.414578
28.208000,3019.568000,1.505160
15.088000,2460.656000,8.446691
15.088000,1997.520000,0.891036
32.144000,563.504000,1.375231
20.336000,2216.624000,1.896539
30.832000,257.808000,4.364865
1.968000,1603.920000,1.749705
3.280000,22.960000,11.330982
22.960000,706.512000,1.641250
13.776000,1334.960000,1.407545
33.456000,1245.744000,1.027265
0.656000,1138.160000,3.900777
13.776000,2141.840000,7.914175
5.904000,652.720000,3.652049
17.712000,2214.000000,1.046894
13.776000,1830.896000,1.660234
12.464000,2765.040000,8.835289
25.584000,1390.064000,2.653152
4.592000,1435.984000,1.947418
4.592000,2375.376000,1.446897
20.336000,1687.888000,0.847270
12.464000,2566.928000,11.063127
19.024000,2502.640000,1.040229
32.144000,1926.672000,2.651212
28.208000,2175.952000,3.382429
22.960000,15.088000,1.666618
8.528000,1634.096000,1.893818
36.080000,1437.296000,5.547497
36.080000,1770.544000,1.140619
9.840000,846.896000,12.411069
38.704000,2244.176000,9.658500
36.080000,2787.344000,3.395358
36.080000,1829.584000,5.136869
11.152000,2252.048000,3.848438
5.904000,881.008000,8.211378
9.840000,2398.992000,6.463348
38.704000,974.160000,5.410011
20.336000,2422.608000,2.091264
22.960000,2943.472000,1.709585
19.024000,940.048000,2.127702
7.216000,591.056000,1.864173
20.336000,2423.920000,8.134375
7.216000,2515.760000,8.941439
33.456000,643.536000,8.724183
24.272000,420.496000,2.362235
34.768000,2740.112000,5.886175
25.584000,1767.920000,2.170790
26.896000,795.728000,3.716832
7.216000,1828.272000,0.893014
4.592000,3091.728000,1.927742
28.208000,168.592000,5.959537
38.704000,2421.296000,1.657340
22.960000,59.696000,2.142472
25.584000,1987.024000,7.917379
0.656000,364.080000,5.422768
28.208000,1517.328000,4.454610
1.968000,146.288000,4.272808
8.528000,1678.704000,3.523691
33.456000,782.608000,2.860434
32.144000,1561.936000,3.316771
1.968000,3175.696000,4.220818
7.216000,2674.512000,0.958258
37.392000,690.768000,1.745933
30.832000,1149.968000,2.355834
28.208000,1310.032000,7.462880
5.904000,913.808000,4.001344
21.648000,2956.592000,1.765148
9.840000,2510.512000,5.290518
16.400000,2527.568000,6.223967
16.400000,517.584000,3.523946
25.584000,3096.976000,2.073157
38.704000,1055.504000,3.817951
11.152000,1219.504000,6.464329
29.520000,1260.176000,1.490316
22.960000,2513.136000,1.682672
12.464000,1669.520000,1.432764
26.896000,2183.824000,11.352054
9.840000,3138.960000,0.979296
11.152000,1401.872000,1.274870
4.592000,2856.880000,2.011891
30.832000,1758.736000,3.745488
36.080000,1683.952000,3.009177
38.704000,480.848000,9.974139
30.832000,1666.896000,3.035036
28.208000,436.240000,7.521709
19.024000,2391.120000,4.554789
4.592000,982.032000,3.463093
24.272000,177.776000,4.726958
36.080000,2060.496000,10.939619
28.208000,1542.256000,4.205971
13.776000,1988.336000,16.434163
36.080000,2538.064000,0.728903
30.832000,866.576000,1.332793
15.088000,24.272000,10.985631
25.584000,1459.600000,1.817577
21.648000,113.488000,1.343077
28.208000,715.696000,10.755715
28.208000,1829.584000,9.839046
8.528000,2509.200000,2.646536
17.712000,2156.272000,6.219933
0.656000,2363.568000,3.556062
3.280000,1783.664000,1.728883
13.776000,1408.432000,1.889065
25.584000,2698.128000,7.628669
24.272000,1089.616000,2.906284
17.712000,1575.056000,1.755840
34.768000,1757.424000,12.366040
16.400000,226.320000,0.920695
19.024000,2762.416000,7.275946
38.704000,3030.064000,8.270036
30.832000,958.416000,2.120842
11.152000,1586.864000,1.833019
20.336000,1123.728000,6.771631
11.152000,102.992000,1.767620
22.960000,2477.712000,1.966370
17.712000,518.896000,2.375418
0.656000,2174.640000,1.784063
7.216000,1623.600000,5.181785
34.768000,1094.864000,6.453875
28.208000,479.536000,13.307816
37.392000,1804.656000,5.597898
25.584000,68.880000,9.448309
0.656000,2535.440000,7.934277
30.832000,873.136000,2.829953
0.656000,378.512000,7.974636
3.280000,3138.960000,3.222908
12.464000,512.336000,0.820159
7.216000,2077.552000,1.756894
33.456000,242.064000,2.310957
24.272000,1977.840000,5.926070
38.704000,2053.936000,3.906378
16.400000,2467.216000,2.106637
22.960000,3186.192000,1.013260
8.528000,849.520000,3.030988
12.464000,1594.736000,12.354768
1.968000,3090.416000,3.010200
1.968000,648.784000,1.087526
4.592000,1979.152000,2.890346
32.144000,3096.976000,8.851992
24.272000,454.608000,1.044058
25.584000,1753.488000,2.281110
3.280000,1180.144000,3.120672
13.776000,1433.360000,3.936292
25.584000,941.360000,7.969373
30.832000,711.760000,8.190242
11.152000,1664.272000,3.629772
25.584000,2926.416000,1.486348
36.080000,2719.120000,6.919173
21.648000,1281.168000,5.469258
37.392000,1009.584000,2.413177
34.768000,226.320000,1.572151
22.960000,2515.760000,6.687982
11.152000,457.232000,9.265448
33.456000,457.232000,5.518977
1.968000,415.248000,0.672764
4.592000,1195.888000,1.790687
15.088000,3096.976000,8.991021
24.272000,163.344000,1.289804
32.144000,1842.704000,2.736393
37.392000,2763.728000,2.786445
28.208000,2623.344000,0.930724
9.840000,268.304000,3.704472
30.832000,2805.712000,0.806532
1.968000,1216.880000,1.322985
32.144000,217.136000,5.169271
0.656000,2989.392000,3.783798
20.336000,1451.728000,4.854999
20.336000,1527.824000,1.601207
37.392000,675.024000,0.826515
22.960000,374.576000,11.199461
17.712000,403.440000,0.657541
9.840000,1985.712000,7.440018
7.216000,434.928000,3.451904
19.024000,2612.848000,2.445099
11.152000,701.264000,1.819830
29.520000,2691.568000,3.351628
32.144000,844.272000,3.873744
1.968000,2505.264000,1.333080
13.776000,2597.104000,3.643672
26.896000,2026.384000,6.783544
33.456000,1711.504000,0.700947
12.464000,1475.344000,2.453234
32.144000,1437.296000,1.044499
4.592000,1203.760000,7.276557
25.584000,2724.368000,3.337525
3.280000,2782.096000,4.296761
3.280000,25.584000,1.874789
22.960000,2131.344000,2.425450
12.464000,1577.680000,2.181254
11.152000,639.600000,6.412502
15.088000,2577.424000,3.506713
16.400000,816.720000,1.915284
12.464000,3204.560000,7.918573
28.208000,3115.344000,1.745325
7.216000,1147.344000,1.043371
36.080000,2023.760000,2.062212
17.712000,3140.272000,3.246656
29.520000,2042.128000,1.159323
30.832000,681.584000,19.971534
4.592000,144.976000,12.670706
8.528000,1756.112000,1.059324
24.272000,2005.392000,4.963539
16.400000,953.168000,14.126879
37.392000,807.536000,4.420989
19.024000,999.088000,4.821861
29.520000,205.328000,9.373221
11.152000,3070.736000,6.287413
3.280000,2826.704000,3.760356
16.400000,2166.768000,2.599686
1.968000,2106.416000,2.961602
7.216000,2503.952000,0.821883
37.392000,1691.824000,0.762698
33.456000,1618.352000,1.075579
25.584000,2894.928000,3.182873
5.904000,1791.536000,0.667656
8.528000,249.936000,2.170989
19.024000,964.976000,1.218668
34.768000,2465.904000,1.501707
19.024000,2255.984000,1.054575
24.272000,958.416000,5.329379
16.400000,319.472000,15.562372
17.712000,1505.520000,2.148248
16.400000,971.536000,1.326414
28.208000,1601.296000,6.431468
22.960000,2308.464000,1.712153
21.648000,697.328000,1.529610
11.152000,2762.416000,1.045750
26.896000,3170.448000,0.686566
0.656000,1572.432000,1.042753
21.648000,454.608000,7.014638
0.656000,1880.752000,1.970740
15.088000,2690.256000,4.402326
11.152000,850.832000,2.137457
26.896000,499.216000,3.226779
28.208000,219.760000,4.293088
0.656000,2859.504000,0.713595
16.400000,1178.832000,1.226893
38.704000,2279.600000,5.685776
7.216000,3174.384000,21.538831
28.208000,84.624000,4.389423
4.592000,2500.016000,0.713732
7.216000,3100.912000,2.311658
28.208000,314.224000,10.236861
24.272000,968.912000,1.352708
5.904000,3062.864000,1.310801
24.272000,2767.664000,1.157572
13.776000,2316.336000,3.766351
13.776000,887.568000,1.467612
26.896000,2133.968000,6.472032
20.336000,3163.888000,1.899579
1.968000,1275.920000,4.717511
20.336000,1414.992000,2.516652
30.832000,1329.712000,13.162897
0.656000,980.720000,5.741689
3.280000,2661.392000,7.755931
11.152000,546.448000,6.619901
11.152000,2976.272000,6.638569
8.528000,429.680000,5.530902
34.768000,171.216000,4.674844
16.400000,820.656000,4.259868
32.144000,2214.000000,6.335542
4.592000,2628.592000,1.011804
25.584000,1128.976000,4.549974
38.704000,1043.696000,3.783738
21.648000,3150.768000,3.605671
9.840000,879.696000,4.967434
21.648000,1703.632000,2.206689
28.208000,1967.344000,3.932320
33.456000,3100.912000,2.588235
19.024000,368.016000,7.035530
5.904000,574.000000,3.313977
30.832000,1146.032000,1.010241
38.704000,1128.976000,0.977752
12.464000,993.840000,4.336838
30.832000,2292.720000,11.971975
26.896000,714.384000,3.243080
11.152000,2636.464000,2.404530
33.456000,2649.584000,3.308887
36.080000,1484.528000,8.623173
20.336000,756.368000,4.774485
33.456000,3186.192000,6.712660
13.776000,291.920000,1.056624
33.456000,563.504000,2.726411
12.464000,2577.424000,2.479529
26.896000,789.168000,6.730497
4.592000,133.168000,1.181519
37.392000,1792.848000,1.815579
20.336000,2250.736000,4.091754
11.152000,3095.664000,5.909392
34.768000,795.728000,3.449801
15.088000,2178.576000,2.040631
12.464000,1758.736000,2.844685
22.960000,1434.672000,0.671295
25.584000,1656.400000,2.291303
5.904000,1205.072000,0.688872
15.088000,2999.888000,6.089886
32.144000,1080.432000,1.135231
15.088000,2809.648000,1.055487
34.768000,719.632000,2.763441
16.400000,933.488000,1.600786
11.152000,306.352000,15.392963
25.584000,772.112000,1.846906
21.648000,804.912000,7.008220
12.464000,1348.080000,1.451678
37.392000,1973.904000,1.541195
29.520000,2250.736000,1.173978
26.896000,757.680000,4.100933
38.704000,180.400000,1.140478
3.280000,2632.528000,1.599905
13.776000,1635.408000,2.078264
21.648000,2341.264000,3.864377
37.392000,686.832000,5.916350
36.080000,242.064000,1.043257
4.592000,1176.208000,5.806581
12.464000,71.504000,2.681217
21.648000,2406.864000,0.892609
11.152000,2665.328000,1.507586
28.208000,1021.392000,10.752178
17.712000,782.608000,4.609929
26.896000,3209.808000,5.991354
9.840000,1589.488000,0.727046
13.776000,1807.280000,10.969873
16.400000,2572.176000,0.673773
21.648000,261.744000,5.064239
20.336000,3159.952000,1.985728
19.024000,730.128000,0.856860
33.456000,2635.152000,2.662938
1.968000,2385.872000,3.118734
33.456000,2401.616000,7.102678
28.208000,176.464000,13.648034
8.528000,2043.440000,1.227374
30.832000,738.000000,3.486589
3.280000,568.752000,4.063835
0.656000,1578.992000,3.823929
36.080000,2454.096000,0.902089
16.400000,374.576000,1.465007
13.776000,707.824000,3.814072
3.280000,109.552000,1.746465
36.080000,491.344000,11.856235
33.456000,411.312000,0.845478
21.648000,1390.064000,1.859575
36.080000,2953.968000,1.555451
25.584000,980.720000,17.545985
13.776000,779.984000,9.291120
33.456000,2528.880000,2.323835
26.896000,189.584000,2.264467
0.656000,1731.184000,2.114190
37.392000,1434.672000,4.495266
1.968000,2902.800000,1.725315
38.704000,1937.168000,8.766103
37.392000,612.048000,0.721673
36.080000,2762.416000,2.226914
19.024000,713.072000,2.478284
38.704000,807.536000,0.760750
9.840000,1409.744000,5.351835
34.768000,1000.400000,3.492010
20.336000,2001.456000,0.960847
37.392000,1868.944000,1.075297
30.832000,1699.696000,2.885780
32.144000,1950.288000,2.171184
33.456000,189.584000,4.899779
1.968000,2485.584000,4.656663
22.960000,1386.128000,0.760987
12.464000,594.992000,20.772881
9.840000,1060.752000,3.212581
28.208000,2280.912000,2.473106
9.840000,2038.192000,8.733216
20.336000,1918.800000,2.210626
26.896000,881.008000,1.008522
13.776000,332.592000,20.648355
0.656000,1710.192000,0.974718
5.904000,2995.952000,3.591145
32.144000,356.208000,1.849128
5.904000,2438.352000,3.781327
26.896000,2304.528000,1.392132
7.216000,558.256000,0.922383
16.400000,1627.536000,11.166839
12.464000,577.936000,6.055502
32.144000,361.456000,1.059314
30.832000,1766.608000,1.234252
32.144000,1526.512000,0.979352
0.656000,1214.256000,2.013187
37.392000,1561.936000,1.570909
9.840000,1383.504000,4.111137
36.080000,613.360000,3.361336
28.208000,1080.432000,10.614349
15.088000,1669.520000,1.063349
36.080000,2320.272000,2.257892
7.216000,995.152000,1.287217
36.080000,1485.840000,2.043879
26.896000,186.960000,1.371579
13.776000,1846.640000,4.306314
8.528000,2337.328000,2.088722
11.152000,2266.480000,1.163785
36.080000,2458.032000,3.965535
1.968000,1085.680000,2.736349
22.960000,1990.960000,8.595091
4.592000,1003.024000,1.282646
1.968000,3165.200000,3.043066
21.648000,221.072000,1.999339
34.768000,1582.928000,0.897196
33.456000,3180.944000,1.358547
3.280000,3198.000000,6.019972
20.336000,2761.104000,8.560564
32.144000,819.344000,9.486987
24.272000,1927.984000,1.314009
0.656000,1202.448000,5.436584
13.776000,3057.616000,3.361602
32.144000,62.320000,0.931973
28.208000,870.512000,13.712966
20.336000,180.400000,2.524057
29.520000,2338.640000,2.423854
33.456000,438.864000,1.805902
13.776000,1514.704000,2.377809
22.960000,1668.208000,2.627463
20.336000,341.776000,3.157605
4.592000,2461.968000,3.568415
22.960000,2032.944000,3.173227
11.152000,1476.656000,7.000795
9.840000,416.560000,1.806349
30.832000,2328.144000,10.261622
29.520000,3.280000,3.926269
34.768000,2282.224000,1.379125
11.152000,54.448000,9.916152
24.272000,2114.288000,10.271409
36.080000,2939.536000,7.241649
8.528000,68.880000,3.749237
20.336000,2124.784000,1.358922
5.904000,389.008000,10.378830
4.592000,1216.880000,3.975413
17.712000,3073.360000,2.431581
13.776000,1674.768000,1.657159
30.832000,1344.144000,6.506923
38.704000,982.032000,4.952274
5.904000,2124.784000,2.764442
0.656000,2557.744000,6.670425
29.520000,196.144000,1.640771
30.832000,127.920000,3.026799
38.704000,2200.880000,4.445409
3.280000,1279.856000,4.780940
16.400000,2950.032000,4.090059
19.024000,1880.752000,1.501196
26.896000,1055.504000,6.019487
17.712000,2294.032000,2.094597
9.840000,1673.456000,5.853824
21.648000,1993.584000,1.113858
20.336000,1426.800000,5.997807
26.896000,3111.408000,2.057640
8.528000,43.952000,3.621280
20.336000,2577.424000,2.461334
22.960000,29.520000,3.632832
30.832000,442.800000,6.939524
30.832000,2674.512000,2.658101
17.712000,727.504000,1.618351
30.832000,12.464000,3.133387
33.456000,1054.192000,1.530409
24.272000,3131.088000,4.141160
17.712000,504.464000,2.606774
26.896000,1374.320000,1.931762
5.904000,964.976000,1.110285
34.768000,1271.984000,1.050381
38.704000,1001.712000,2.732566
7.216000,2700.752000,13.693286
38.704000,3001.200000,0.740878
13.776000,26.896000,7.213659
26.896000,1480.592000,1.966754
8.528000,2995.952000,2.749558
17.712000,2154.960000,1.038425
33.456000,3095.664000,1.283903
15.088000,1303.472000,3.401775
17.712000,3005.136000,3.657179
38.704000,2894.928000,8.861114
11.152000,623.856000,2.585215
22.960000,585.808000,11.028308
22.960000,597.616000,6.506556
34.768000,169.904000,3.119559
26.896000,2029.008000,3.468545
9.840000,922.992000,3.678342
20.336000,1443.856000,4.076812
32.144000,159.408000,10.169549
19.024000,1025.328000,7.705209
7.216000,2187.760000,1.506140
17.712000,256.496000,10.614752
20.336000,1588.176000,1.112772
9.840000,1942.416000,3.900809
16.400000,1788.912000,6.168164
13.776000,3072.048000,2.350368
26.896000,2400.304000,2.407809
0.656000,1045.008000,0.876818
21.648000,522.832000,2.405218
8.528000,1556.688000,1.231367
26.896000,3034.000000,1.099017
12.464000,67.568000,15.490836
24.272000,463.792000,1.283156
1.968000,2305.840000,3.367420
33.456000,1527.824000,7.824367
25.584000,2738.800000,20.180779
28.208000,1244.432000,4.517493
8.528000,3203.248000,8.454832
38.704000,591.056000,4.116437
22.960000,333.904000,1.393868
29.520000,2458.032000,5.213613
12.464000,454.608000,17.921999
26.896000,912.496000,5.003369
36.080000,1542.256000,4.632929
33.456000,417.872000,3.773828
37.392000,1046.320000,3.471354
28.208000,2942.160000,2.432984
29.520000,2383.248000,1.310117
37.392000,1161.776000,2.614057
34.768000,1786.288000,5.867967
22.960000,2246.800000,0.972463
17.712000,1384.816000,4.055166
26.896000,555.632000,4.837820
3.280000,1006.960000,4.418901
15.088000,177.776000,12.484164
15.088000,1981.776000,2.356256
30.832000,2770.288000,0.788787
21.648000,286.672000,0.935323
34.768000,326.032000,7.764284
5.904000,636.976000,1.754659
12.464000,2661.392000,5.225731
5.904000,1578.992000,6.955133
19.024000,2591.856000,2.437050
22.960000,2149.712000,4.621011
7.216000,802.288000,2.135398
3.280000,2741.424000,1.902382
0.656000,1513.392000,5.265333
24.272000,2586.608000,2.128638
16.400000,685.520000,2.058434
36.080000,1333.648000,1.978782
12.464000,2406.864000,7.037521
33.456000,2593.168000,12.209466
33.456000,2589.232000,1.406796
7.216000,1202.448000,3.914922
0.656000,3072.048000,0.810508
37.392000,537.264000,3.200532
33.456000,2793.904000,11.884920
24.272000,1589.488000,8.298500
25.584000,1180.144000,1.196424
4.592000,1140.784000,4.561565
0.656000,553.008000,1.429715
36.080000,22.960000,3.751097
11.152000,1539.632000,1.528610
32.144000,1649.840000,0.810150
32.144000,1237.872000,1.248049
26.896000,2389.808000,4.306607
1.968000,2287.472000,1.220003
5.904000,635.664000,6.600187
25.584000,1275.920000,1.711216
33.456000,2372.752000,7.545601
26.896000,678.960000,3.583488
4.592000,2779.472000,14.085835
4.592000,2187.760000,0.781825
29.520000,1031.888000,6.729998
20.336000,2677.136000,1.193326
17.712000,2111.664000,1.450082
21.648000,772.112000,3.940806
33.456000,1880.752000,4.700362
25.584000,1349.392000,1.596414
33.456000,1226.064000,3.241893
3.280000,1270.672000,2.629976
34.768000,1540.944000,2.741778
12.464000,953.168000,3.054309
33.456000,1714.128000,2.756847
30.832000,3003.824000,1.079851
32.144000,551.696000,1.923429
4.592000,3216.368000,4.819372
25.584000,1313.968000,7.836296
22.960000,1481.904000,0.968558
11.152000,2980.208000,6.513198
32.144000,2997.264000,2.123070
11.152000,1609.168000,4.999734
11.152000,265.680000,1.686281
28.208000,227.632000,4.209805
17.712000,2196.944000,1.269716
13.776000,446.736000,1.117598
26.896000,1130.288000,2.504282
24.272000,2417.360000,2.114812
24.272000,2587.920000,1.502798
8.528000,722.256000,2.822739
20.336000,2594.480000,5.372656
11.152000,2675.824000,3.615025
21.648000,2200.880000,5.641960
1.968000,2828.016000,1.560394
8.528000,1009.584000,0.691915
21.648000,636.976000,3.448572
38.704000,364.080000,2.615040
29.520000,1897.808000,1.791266
32.144000,496.592000,2.266081
5.904000,2990.704000,1.269665
24.272000,753.744000,6.729359
5.904000,629.104000,1.180174
38.704000,15.088000,2.967090
15.088000,2562.992000,5.318270
37.392000,265.680000,3.457904
29.520000,2127.408000,2.844936
28.208000,2708.624000,1.232840
21.648000,1996.208000,2.703467
36.080000,1668.208000,5.150356
9.840000,24.272000,2.957652
28.208000,879.696000,0.677182
17.712000,2649.584000,3.851987
24.272000,1509.456000,5.750420
20.336000,2649.584000,3.325137
29.520000,2884.432000,8.556641
21.648000,862.640000,2.979209
12.464000,2826.704000,2.342812
33.456000,1534.384000,6.539367
9.840000,2008.016000,14.913146
32.144000,2015.888000,6.808984
32.144000,1770.544000,4.650794
36.080000,845.584000,2.979222
25.584000,84.624000,2.099976
24.272000,406.064000,7.159151
17.712000,1996.208000,8.830358
11.152000,2459.344000,3.502509
16.400000,1350.704000,2.819118
29.520000,1046.320000,0.791499
30.832000,2816.208000,0.717226
4.592000,137.104000,2.717242
1.968000,886.256000,0.687888
3.280000,974.160000,2.752684
22.960000,472.976000,9.582514
13.776000,11.152000,5.032968
36.080000,130.544000,5.561268
32.144000,2458.032000,1.130304
5.904000,2897.552000,2.346656
25.584000,1182.768000,3.476180
33.456000,2694.192000,1.453739
3.280000,243.376000,3.093469
20.336000,196.144000,2.195294
34.768000,1580.304000,1.473499
3.280000,722.256000,0.749796
24.272000,152.848000,1.062342
25.584000,2450.160000,3.721775
9.840000,1311.344000,1.215791
30.832000,2856.880000,0.840702
21.648000,916.432000,7.389663
24.272000,2524.944000,7.343318
32.144000,2925.104000,4.484613
13.776000,2953.968000,9.041470
38.704000,2510.512000,3.214908
16.400000,2604.976000,2.110869
3.280000,925.616000,3.195226
30.832000,2093.296000,3.041327
8.528000,1581.616000,4.783602
22.960000,1561.936000,17.928280
13.776000,53.136000,7.860493
8.528000,1559.312000,8.343382
26.896000,1779.728000,2.553858
15.088000,450.672000,2.403375
32.144000,1896.496000,3.045974
21.648000,125.296000,7.756748
13.776000,2326.832000,1.909424
33.456000,2868.688000,1.171085
20.336000,3083.856000,2.014635
33.456000,3107.472000,1.568520
3.280000,576.624000,5.475382
15.088000,1660.336000,3.539003
0.656000,1281.168000,2.561314
32.144000,3205.872000,0.667955
38.704000,131.856000,3.231771
36.080000,1233.936000,7.852395
28.208000,1296.912000,1.784822
12.464000,1294.288000,6.005922
34.768000,1203.760000,3.010818
29.520000,1261.488000,2.416599
30.832000,238.128000,4.771265
36.080000,2518.384000,8.471506
19.024000,825.904000,2.785896
5.904000,2172.016000,1.926793
32.144000,1228.688000,1.259268
12.464000,2362.256000,0.804111
17.712000,1046.320000,8.388012
17.712000,1038.448000,4.886409
22.960000,1110.608000,4.074557
29.520000,2603.664000,3.218201
37.392000,665.840000,4.794606
37.392000,3201.936000,2.867684
13.776000,297.168000,10.579789
20.336000,3043.184000,1.268826
25.584000,385.072000,2.824532
11.152000,1303.472000,2.713883
24.272000,1935.856000,11.962429
25.584000,2084.112000,1.089560
20.336000,154.160000,2.181664
5.904000,230.256000,1.049087
25.584000,1277.232000,8.722530
4.592000,2207.440000,1.191534
3.280000,1687.888000,3.157149
11.152000,2492.144000,1.687331
15.088000,2288.784000,2.273551
21.648000,2223.184000,3.023126
38.704000,122.672000,4.297441
15.088000,1876.816000,3.895087
34.768000,3203.248000,2.077170
36.080000,1934.544000,16.148697
36.080000,105.616000,0.919648
29.520000,2734.864000,1.814608
29.520000,979.408000,2.421187
22.960000,2503.952000,1.013921
26.896000,2055.248000,9.781433
34.768000,2320.272000,3.995229
13.776000,1962.096000,7.575166
5.904000,3082.544000,9.051404
22.960000,2679.760000,12.702801
7.216000,1518.640000,2.817367
33.456000,2993.328000,3.137166
16.400000,2301.904000,6.316432
25.584000,2300.592000,1.863494
20.336000,290.608000,6.199384
26.896000,1176.208000,4.150404
1.968000,1034.512000,4.365218
34.768000,865.264000,1.096575
12.464000,890.192000,4.066144
5.904000,896.752000,2.411959
8.528000,2926.416000,9.003783
16.400000,1109.296000,1.837122
32.144000,2212.688000,2.613060
30.832000,2692.880000,1.280929
11.152000,807.536000,5.172428
29.520000,2813.584000,1.819640
4.592000,2821.456000,4.467825
38.704000,1753.488000,1.166135
33.456000,1531.760000,1.933304
21.648000,1554.064000,10.141965
25.584000,445.424000,0.692154
16.400000,1181.456000,6.548843
3.280000,1321.840000,10.427326
9.840000,2644.336000,4.331583
30.832000,2947.408000,7.954968
16.400000,2290.096000,3.866256
32.144000,3136.336000,1.890076
12.464000,2047.376000,6.113595
24.272000,1279.856000,7.786252
12.464000,1375.632000,4.478734
19.024000,606.800000,2.723636
25.584000,147.600000,8.726515
21.648000,2522.320000,0.821051
4.592000,2381.936000,1.763528
13.776000,517.584000,4.235403
29.520000,26.896000,4.692973
13.776000,2884.432000,5.301608
34.768000,396.880000,6.438007
3.280000,575.312000,1.728513
12.464000,1273.296000,3.349324
0.656000,470.352000,4.962912
11.152000,2070.992000,7.866833
1.968000,3159.952000,3.737474
20.336000,930.864000,6.120556
24.272000,2557.744000,4.317566
5.904000,2530.192000,6.869604
11.152000,2796.528000,1.714677
12.464000,183.024000,3.228785
7.216000,2566.928000,7.977333
0.656000,1131.600000,16.913819
20.336000,541.200000,0.809491
21.648000,3030.064000,2.649760
21.648000,463.792000,5.118903
5.904000,1594.736000,4.191760
3.280000,682.896000,1.334205
22.960000,1994.896000,4.134211
30.832000,1295.600000,4.287345
32.144000,152.848000,2.038816
34.768000,490.032000,5.355583
16.400000,2838.512000,8.188276
11.152000,1031.888000,3.193052
28.208000,63.632000,1.259247
13.776000,2467.216000,1.985670
9.840000,652.720000,2.578991
13.776000,293.232000,3.109578
20.336000,1603.920000,2.038066
15.088000,1462.224000,6.083031
13.776000,213.200000,8.684860
21.648000,360.144000,1.833195
20.336000,2410.800000,0.768251
38.704000,13.776000,2.000224
3.280000,2223.184000,2.153166
22.960000,2585.296000,8.907039
7.216000,844.272000,2.378479
16.400000,2214.000000,8.858876
16.400000,1876.816000,1.475070
30.832000,2990.704000,0.731851
1.968000,1725.936000,3.344956
28.208000,1010.896000,4.063677
12.464000,1930.608000,3.769295
26.896000,2156.272000,13.001883
7.216000,1464.848000,11.182259
22.960000,1674.768000,0.955094
36.080000,1429.424000,4.616120
24.272000,2999.888000,2.415389
21.648000,2517.072000,1.666767
34.768000,538.576000,8.717547
34.768000,302.416000,2.181476
17.712000,783.920000,3.004986
9.840000,1888.624000,1.761316
11.152000,1102.736000,1.494990
20.336000,219.760000,0.698339
29.520000,61.008000,4.080659
11.152000,466.416000,3.403177
0.656000,82.000000,4.451006
3.280000,2029.008000,0.929498
28.208000,1794.160000,7.592035
0.656000,722.256000,2.165253
36.080000,1371.696000,6.156687
29.520000,815.408000,1.731678
19.024000,2514.448000,0.844127
22.960000,2465.904000,2.728816
5.904000,2593.168000,0.756269
13.776000,19.024000,10.370662
26.896000,2661.392000,4.866732
17.712000,698.640000,2.160831
16.400000,1357.264000,1.329456
19.024000,3221.616000,1.638779
9.840000,1610.480000,1.396201
8.528000,1463.536000,9.462936
26.896000,1914.864000,1.752146
30.832000,165.968000,4.281188
28.208000,2511.824000,4.687268
13.776000,717.008000,19.881558
33.456000,22.960000,2.626277
4.592000,2984.144000,0.780316
11.152000,126.608000,2.342261
9.840000,3218.992000,5.734891
22.960000,2294.032000,5.421114
33.456000,1659.024000,5.280255
21.648000,1976.528000,3.152515
13.776000,80.688000,1.114806
30.832000,2909.360000,1.239551
36.080000,1279.856000,3.780448
19.024000,337.840000,4.387779
37.392000,2960.528000,6.202529
8.528000,671.088000,3.661337
12.464000,1794.160000,5.340238
12.464000,466.416000,3.174556
3.280000,3034.000000,5.751948
17.712000,3096.976000,3.202178
21.648000,823.280000,2.903143
9.840000,828.528000,4.797921
21.648000,2510.512000,1.719265
21.648000,2073.616000,10.713274
19.024000,1184.080000,1.375564
34.768000,335.216000,5.326565
1.968000,1220.816000,3.827170
22.960000,2674.512000,5.452338
0.656000,2730.928000,17.215949
37.392000,959.728000,0.860606
33.456000,382.448000,0.997317
3.280000,2694.192000,2.230909
30.832000,1779.728000,5.743226
26.896000,474.288000,4.331501
16.400000,2321.584000,3.349401
25.584000,432.304000,5.588896
3.280000,852.144000,2.293771
24.272000,1495.024000,1.171537
16.400000,1463.536000,0.825331
7.216000,1552.752000,2.827351
19.024000,1530.448000,3.187188
25.584000,352.272000,1.352986
19.024000,2145.776000,1.809814
37.392000,1569.808000,3.049532
12.464000,800.976000,13.403656
21.648000,902.000000,0.861887
20.336000,1544.880000,6.663522
22.960000,1559.312000,2.760839
8.528000,2304.528000,1.991746
19.024000,2346.512000,0.943551
15.088000,235.504000,1.035802
24.272000,940.048000,7.786160
3.280000,1682.640000,3.042905
8.528000,749.808000,1.475430
13.776000,692.080000,1.420532
12.464000,1430.736000,0.669173
5.904000,2763.728000,2.969394
26.896000,1459.600000,0.851874
33.456000,562.192000,3.600032
8.528000,1043.696000,5.205855
9.840000,2131.344000,1.932233
20.336000,1024.016000,1.664231
37.392000,2294.032000,2.533067
13.776000,810.160000,5.735151
5.904000,2608.912000,0.730265
24.272000,183.024000,0.969387
1.968000,3142.896000,6.295174
29.520000,2269.104000,3.129992
37.392000,2595.792000,2.454857
0.656000,818.032000,5.730448
21.648000,1966.032000,8.245774
29.520000,958.416000,6.614092
25.584000,1336.272000,0.829701
1.968000,286.672000,3.122740
22.960000,1615.728000,4.762207
3.280000,167.280000,3.669759
0.656000,1727.248000,2.260922
11.152000,2645.648000,0.885463
5.904000,1226.064000,3.119097
38.704000,2193.008000,1.000615
33.456000,1287.728000,3.188123
37.392000,2416.048000,2.148550
28.208000,1043.696000,2.900923
12.464000,892.816000,3.688233
20.336000,1892.560000,1.470010
5.904000,2337.328000,3.593364
33.456000,99.056000,1.168851
29.520000,16.400000,9.502408
9.840000,251.248000,1.660266
37.392000,3157.328000,3.565103
1.968000,374.576000,4.435181
32.144000,766.864000,7.593534
5.904000,2688.944000,1.151400
19.024000,2124.784000,4.163140
29.520000,1424.176000,3.381424
28.208000,2849.008000,1.743461
19.024000,2158.896000,2.033622
22.960000,2395.056000,4.618652
9.840000,1443.856000,0.860650
30.832000,2597.104000,1.551985
38.704000,2881.808000,2.874229
13.776000,2656.144000,7.172177
20.336000,234.192000,4.486824
33.456000,3127.152000,2.530076
11.152000,24.272000,1.460863
3.280000,2145.776000,8.050879
33.456000,1155.216000,1.184601
24.272000,1442.544000,1.992594
13.776000,1588.176000,1.244437
30.832000,1992.272000,3.350150
32.144000,1844.016000,3.099104
30.832000,1673.456000,4.622288
11.152000,2059.184000,3.597272
1.968000,1484.528000,2.449975
11.152000,736.688000,8.876544
37.392000,1526.512000,5.680765
11.152000,1308.720000,1.342415
4.592000,206.640000,5.901719
32.144000,2297.968000,1.669066
16.400000,2460.656000,14.945989
3.280000,3180.944000,1.488088
22.960000,3216.368000,1.542085
38.704000,2774.224000,3.307280
4.592000,387.696000,1.521677
8.528000,2776.848000,1.902406
24.272000,2850.320000,6.321082
17.712000,1664.272000,1.050533
16.400000,1809.904000,2.874862
32.144000,593.680000,1.572993
7.216000,1332.336000,1.318116
5.904000,3114.032000,9.855289
15.088000,2379.312000,6.460139
1.968000,41.328000,1.709141
8.528000,15.088000,3.126965
32.144000,827.216000,1.131512
21.648000,887.568000,5.877672
26.896000,370.640000,1.880533
11.152000,163.344000,1.083937
7.216000,629.104000,5.510576
36.080000,1140.784000,1.571689
36.080000,429.680000,0.755254
17.712000,835.088000,1.534693
16.400000,840.336000,2.120769
15.088000,2628.592000,7.466556
25.584000,337.840000,2.657392
4.592000,829.840000,0.786259
1.968000,983.344000,1.527451
12.464000,1219.504000,7.012851
26.896000,2443.600000,2.751336
26.896000,839.024000,1.816766
0.656000,2437.040000,7.183954
32.144000,2111.664000,0.916368
17.712000,1366.448000,5.665545
15.088000,340.464000,13.534534
9.840000,335.216000,2.367180
28.208000,1215.568000,2.673685
3.280000,1913.552000,3.014068
24.272000,78.064000,2.145236
16.400000,1190.640000,1.095957
36.080000,1292.976000,0.990825
15.088000,1603.920000,2.821604
9.840000,2948.720000,10.472492
4.592000,1590.800000,7.458688
32.144000,2762.416000,7.732607
3.280000,2765.040000,9.570210
16.400000,2669.264000,2.645997
25.584000,484.784000,2.072214
21.648000,1131.600000,2.499733
3.280000,1170.960000,4.130226
38.704000,1384.816000,5.893800
37.392000,1460.912000,0.833555
24.272000,1058.128000,5.069522
12.464000,1655.088000,2.787963
16.400000,167.280000,6.264221
1.968000,1540.944000,1.861866
36.080000,542.512000,5.847805
4.592000,1383.504000,6.090941
22.960000,457.232000,2.675337
32.144000,648.784000,6.110659
36.080000,2073.616000,4.696205
33.456000,2871.312000,3.818513
4.592000,1775.792000,1.324071
13.776000,929.552000,4.295581
0.656000,863.952000,0.698451
4.592000,3191.440000,0.702085
24.272000,2898.864000,0.755299
28.208000,1761.360000,1.373569
0.656000,1222.128000,3.162239
26.896000,1153.904000,0.826822
30.832000,1967.344000,6.908770
22.960000,1004.336000,4.792508
7.216000,1352.016000,1.303722
11.152000,3222.928000,5.705906
13.776000,3186.192000,2.464212
38.704000,406.064000,1.482129
36.080000,2640.400000,6.477290
5.904000,1299.536000,3.252366
21.648000,424.432000,1.324406
22.960000,962.352000,1.806935
38.704000,2948.720000,1.652949
29.520000,1526.512000,0.753762
0.656000,654.032000,12.329722
1.968000,740.624000,7.568616
5.904000,2664.016000,0.677100
25.584000,2879.184000,3.775585
25.584000,277.488000,4.487227
16.400000,2292.720000,6.780226
38.704000,2114.288000,1.403431
8.528000,3221.616000,2.756059
34.768000,2471.152000,0.772164
32.144000,155.472000,4.019007
16.400000,612.048000,1.818739
36.080000,3148.144000,3.148845
13.776000,329.968000,0.830368
11.152000,622.544000,3.189982
21.648000,2616.784000,2.770265
11.152000,1240.496000,8.171192
13.776000,1825.648000,3.353722
13.776000,2829.328000,1.968269
19.024000,3014.320000,5.486624
24.272000,564.816000,3.444424
17.712000,312.912000,1.886304
8.528000,1704.944000,10.699483
5.904000,2942.160000,7.440417
15.088000,1060.752000,5.930192
15.088000,127.920000,4.431491
38.704000,2545.936000,0.913315
17.712000,1491.088000,0.909995
34.768000,992.528000,1.259713
3.280000,1838.768000,4.314484
24.272000,1345.456000,8.871911
33.456000,2320.272000,2.488897
22.960000,2948.720000,4.080808
33.456000,2060.496000,4.986564
33.456000,2780.784000,9.981043
34.768000,2366.192000,2.753926
36.080000,664.528000,5.631373
34.768000,1147.344000,6.284559
36.080000,734.064000,2.559368
34.768000,3117.968000,4.239250
26.896000,940.048000,5.163589
0.656000,1359.888000,4.768282
36.080000,1161.776000,2.532181
7.216000,2286.160000,4.135236
11.152000,1573.744000,0.804730
0.656000,888.880000,1.254666
25.584000,1947.664000,2.311353
28.208000,2149.712000,9.278082
13.776000,455.920000,13.407391
1.968000,1390.064000,4.472742
33.456000,3136.336000,8.136141
29.520000,1554.064000,7.038409
0.656000,596.304000,0.912842
1.968000,793.104000,6.945724
22.960000,2687.632000,11.685662
12.464000,1424.176000,7.639318
32.144000,1286.416000,0.705674
21.648000,766.864000,1.643327
16.400000,2935.600000,6.517526
20.336000,2131.344000,1.519658
38.704000,3165.200000,4.627777
26.896000,2590.544000,2.654910
21.648000,2472.464000,1.454151
8.528000,634.352000,2.780894
21.648000,2881.808000,2.188484
11.152000,2531.504000,1.647586
7.216000,261.744000,3.641505
37.392000,1029.264000,3.228211
12.464000,209.264000,2.009705
16.400000,482.160000,1.545880
21.648000,975.472000,1.158834
37.392000,999.088000,4.336214
34.768000,2963.152000,6.693471
36.080000,1261.488000,3.937978
28.208000,1892.560000,2.389053
8.528000,1573.744000,4.217570
8.528000,2978.896000,13.580292
32.144000,2922.480000,6.320794
7.216000,146.288000,8.482581
0.656000,2442.288000,37.861496
8.528000,458.544000,1.185029
13.776000,908.560000,9.077047
7.216000,1693.136000,0.881308
25.584000,1521.264000,3.458941
7.216000,1846.640000,7.023002
36.080000,1900.432000,0.921041
20.336000,907.248000,1.530640
20.336000,1172.272000,9.486446
9.840000,1039.760000,4.771456
16.400000,2505.264000,2.698924
38.704000,971.536000,3.143213
7.216000,854.768000,3.441784
30.832000,2238.928000,1.424676
16.400000,1009.584000,3.946845
15.088000,106.928000,5.004821
5.904000,828.528000,1.194192
0.656000,350.960000,3.501249
7.216000,3062.864000,2.937882
25.584000,1212.944000,8.488242
3.280000,1678.704000,15.028993
33.456000,1648.528000,3.267035
38.704000,176.464000,1.045291
30.832000,3201.936000,5.147967
11.152000,3209.808000,3.315413
32.144000,3187.504000,1.933786
17.712000,2843.760000,1.797117
17.712000,1900.432000,7.986743
12.464000,2675.824000,1.771012
17.712000,2000.144000,9.187595
8.528000,753.744000,9.298106
8.528000,2301.904000,11.486185
7.216000,2438.352000,2.433234
3.280000,2873.936000,3.345120
28.208000,2766.352000,4.970439
30.832000,2468.528000,2.014866
16.400000,1765.296000,2.779026
12.464000,2351.760000,11.799840
17.712000,2292.720000,4.216358
32.144000,505.776000,2.584764
3.280000,1422.864000,3.576508
5.904000,1153.904000,7.769779
26.896000,594.992000,3.602126
26.896000,2946.096000,0.826008
36.080000,1290.352000,2.640979
9.840000,1593.424000,2.452008
21.648000,1348.080000,9.686885
19.024000,316.848000,5.725009
9.840000,1651.152000,10.736565
9.840000,365.392000,2.844689
38.704000,2023.760000,2.611108
30.832000,673.712000,1.530449
12.464000,1959.472000,2.967573
1.968000,30.832000,7.721755
17.712000,2426.544000,0.709997
33.456000,1296.912000,2.940560
24.272000,1618.352000,3.930341
11.152000,3047.120000,3.476133
9.840000,2301.904000,5.856866
24.272000,3020.880000,2.194952
21.648000,2107.728000,0.898737
12.464000,1981.776000,1.551721
9.840000,1518.640000,1.614281
11.152000,2942.160000,6.985096
19.024000,1446.480000,3.077603
29.520000,382.448000,1.930843
37.392000,1232.624000,10.852289
26.896000,451.984000,3.878421
11.152000,932.176000,2.436746
36.080000,1130.288000,3.575543
33.456000,1811.216000,2.240126
26.896000,1828.272000,10.480112
26.896000,2687.632000,4.440740
25.584000,2368.816000,17.106623
5.904000,226.320000,2.939448
16.400000,1661.648000,5.640465
25.584000,777.360000,1.813469
15.088000,1613.104000,1.551944
26.896000,2410.800000,1.229026
20.336000,1659.024000,4.466199
28.208000,2620.720000,1.803389
7.216000,2615.472000,2.892740
11.152000,1341.520000,6.302526
0.656000,1484.528000,0.859922
26.896000,680.272000,1.894573
16.400000,800.976000,0.699492
20.336000,902.000000,1.624837
11.152000,120.048000,4.038135
1.968000,2854.256000,4.022890
22.960000,1451.728000,5.809029
24.272000,1697.072000,3.255089
30.832000,3035.312000,2.979116
33.456000,640.912000,1.666690
7.216000,623.856000,0.662743
22.960000,1139.472000,2.650821
3.280000,442.800000,1.006458
30.832000,1552.752000,6.806072
4.592000,1424.176000,5.164671
34.768000,3114.032000,2.282446
15.088000,43.952000,3.674794
8.528000,1408.432000,14.479729
33.456000,1757.424000,3.675246
21.648000,2099.856000,1.948662
26.896000,730.128000,1.208620
7.216000,2715.184000,1.062826
15.088000,382.448000,8.799760
12.464000,1143.408000,4.432980
20.336000,467.728000,5.095083
34.768000,520.208000,2.066496
17.712000,879.696000,4.263116
30.832000,218.448000,5.531840
30.832000,1575.056000,10.190171
13.776000,2278.288000,3.344947
22.960000,2109.040000,5.670390
4.592000,1441.232000,9.054381
30.832000,2791.280000,0.772800
13.776000,2820.144000,1.853609
21.648000,305.040000,20.419424
24.272000,2506.576000,4.288812
19.024000,2214.000000,10.486328
15.088000,1252.304000,1.275676
1.968000,1833.520000,2.307701
15.088000,2801.776000,2.023568
29.520000,2976.272000,7.332638
26.896000,818.032000,4.798681
33.456000,50.512000,11.581858
24.272000,64.944000,5.404962
17.712000,1333.648000,1.146789
30.832000,2461.968000,1.921669
17.712000,129.232000,5.261537
20.336000,3036.624000,3.192552
7.216000,1715.440000,3.114746
5.904000,1763.984000,5.102550
19.024000,928.240000,1.132573
13.776000,907.248000,1.549707
24.272000,837.712000,6.061207
33.456000,25.584000,10.287731
13.776000,2111.664000,7.185360
9.840000,1729.872000,7.694995
21.648000,2887.056000,4.047689
11.152000,1917.488000,7.133602
29.520000,1599.984000,4.270348
26.896000,681.584000,3.028798
22.960000,2905.424000,0.674981
34.768000,2519.696000,0.804756
32.144000,483.472000,6.678181
7.216000,123.984000,7.451108
28.208000,7.216000,1.259382
19.024000,798.352000,0.668286
37.392000,2207.440000,3.878008
34.768000,1955.536000,3.964124
25.584000,696.016000,4.086912
9.840000,1397.936000,3.277728
33.456000,921.680000,7.842020
19.024000,1597.360000,0.887808
38.704000,299.792000,3.866880
28.208000,555.632000,0.894466
24.272000,1173.584000,2.674831
5.904000,3019.568000,0.793122
3.280000,2784.720000,7.560673
29.520000,2624.656000,6.334414
36.080000,895.440000,3.674784
8.528000,1241.808000,1.079646
37.392000,3048.432000,3.023112
24.272000,2229.744000,6.787068
16.400000,354.896000,1.165272
16.400000,686.832000,2.670381
15.088000,1508.144000,1.723382
12.464000,2608.912000,8.073515
30.832000,2935.600000,1.528521
36.080000,2141.840000,4.905500
37.392000,3090.416000,7.213298
32.144000,2068.368000,1.954473
34.768000,1304.784000,8.672876
30.832000,781.296000,1.183453
15.088000,1409.744000,8.539216
11.152000,2772.912000,1.056817
5.904000,1477.968000,0.733932
29.520000,762.928000,1.116750
34.768000,2885.744000,8.046888
0.656000,1.968000,10.344866
4.592000,1951.600000,6.248416
15.088000,501.840000,5.414186
1.968000,1016.144000,5.783687
37.392000,2313.712000,10.644718
36.080000,1983.088000,2.470214
3.280000,2333.392000,4.736928
37.392000,314.224000,1.064790
38.704000,902.000000,5.880704
29.520000,2678.448000,1.288191
17.712000,556.944000,8.516954
26.896000,415.248000,1.368219
38.704000,1996.208000,10.944644
34.768000,911.184000,8.177217
29.520000,967.600000,1.083958
24.272000,1518.640000,7.643659
24.272000,1218.192000,24.021184
1.968000,546.448000,0.822692
19.024000,2172.016000,1.955213
12.464000,490.032000,4.733561
21.648000,406.064000,1.350454
32.144000,151.536000,3.608695
11.152000,1143.408000,2.306834
5.904000,2771.600000,8.926407
16.400000,1046.320000,3.185341
30.832000,989.904000,2.620517
13.776000,1264.112000,7.283257
13.776000,82.000000,3.203973
9.840000,1320.528000,7.575548
15.088000,891.504000,9.117217
36.080000,83.312000,3.043699
37.392000,455.920000,0.823585
36.080000,127.920000,1.859246
0.656000,1673.456000,12.557879
3.280000,150.224000,4.812542
24.272000,811.472000,4.050788
13.776000,201.392000,4.910357
19.024000,230.256000,9.855569
29.520000,1155.216000,0.874284
12.464000,1882.064000,5.140608
4.592000,598.928000,2.400358
4.592000,2981.520000,10.174465
9.840000,1689.200000,2.628193
34.768000,2741.424000,25.264222
24.272000,3179.632000,9.379962
32.144000,1990.960000,1.510443
20.336000,15.088000,2.593486
22.960000,3195.376000,8.469676
5.904000,270.928000,1.407998
26.896000,562.192000,1.343765
20.336000,2841.136000,4.490819
4.592000,1699.696000,10.285538
30.832000,3194.064000,1.178514
16.400000,564.816000,2.052265
25.584000,2862.128000,2.719147
12.464000,1257.552000,0.732958
36.080000,3163.888000,3.100300
30.832000,1635.408000,14.768993
34.768000,1081.744000,5.740968
3.280000,2063.120000,7.469055
12.464000,46.576000,3.113909
16.400000,1754.800000,1.830797
26.896000,524.144000,5.910267
7.216000,734.064000,4.004151
0.656000,1544.880000,8.626314
11.152000,2776.848000,2.844367
0.656000,668.464000,3.083473
38.704000,2305.840000,2.560239
36.080000,38.704000,1.296400
24.272000,1342.832000,4.346042
15.088000,2542.000000,3.714147
36.080000,703.888000,0.730147
32.144000,2114.288000,1.700417
1.968000,869.200000,9.815604
33.456000,1987.024000,1.358670
7.216000,2590.544000,0.990595
37.392000,2349.136000,2.626232
4.592000,2145.776000,3.786938
22.960000,1096.176000,9.878497
1.968000,1311.344000,8.926124
8.528000,1450.416000,5.776283
22.960000,3057.616000,5.840003
5.904000,470.352000,4.455964
15.088000,723.568000,1.120462
12.464000,1203.760000,6.635037
16.400000,2712.560000,11.481707
25.584000,3052.368000,1.901144
25.584000,1477.968000,1.141372
15.088000,3188.816000,2.047806
25.584000,797.040000,7.849354
16.400000,2477.712000,3.070736
5.904000,723.568000,5.135028
25.584000,2758.480000,3.870399
8.528000,724.880000,1.097086
21.648000,1908.304000,4.419531
7.216000,2926.416000,3.881471
7.216000,374.576000,2.012687
22.960000,434.928000,2.692576
15.088000,1487.152000,2.128436
28.208000,686.832000,1.084817
30.832000,575.312000,10.247979
13.776000,2831.952000,8.510776
0.656000,1456.976000,3.790009
8.528000,3211.120000,19.736081
1.968000,577.936000,2.147529
17.712000,2809.648000,8.168341
30.832000,1725.936000,3.353716
30.832000,2137.904000,2.638164
21.648000,3035.312000,7.540479
33.456000,2994.640000,4.531211
5.904000,2416.048000,0.916154
4.592000,2126.096000,0.682409
16.400000,559.568000,2.440462
21.648000,3145.520000,2.241150
4.592000,512.336000,1.167828
24.272000,2528.880000,8.509158
21.648000,1506.832000,4.156611
9.840000,1640.656000,8.816193
28.208000,908.560000,1.931080
28.208000,1563.248000,1.424220
28.208000,2885.744000,2.847695
32.144000,1390.064000,0.825285
4.592000,3212.432000,6.027802
13.776000,1863.696000,3.906734
13.776000,745.872000,13.798534
12.464000,2274.352000,1.359284
22.960000,310.288000,6.745597
30.832000,1476.656000,1.281364
25.584000,1395.312000,1.756449
29.520000,1321.840000,0.969587
30.832000,626.480000,1.239112
38.704000,2925.104000,5.433611
26.896000,85.936000,3.269987
36.080000,277.488000,2.317905
12.464000,2601.040000,6.789585
21.648000,364.080000,2.979322
20.336000,1861.072000,3.829781
20.336000,3167.824000,23.044935
21.648000,559.568000,1.586899
29.520000,2463.280000,1.858131
38.704000,2505.264000,1.214727
5.904000,3066.800000,7.634627
11.152000,375.888000,3.262047
5.904000,1394.000000,8.038164
16.400000,1130.288000,2.072215
0.656000,2480.336000,2.013886
34.768000,2395.056000,1.973734
11.152000,3115.344000,6.410335
5.904000,3136.336000,3.746391
19.024000,2921.168000,2.459775
17.712000,3064.176000,3.509597
22.960000,2644.336000,6.383383
38.704000,2234.992000,2.003431
19.024000,1550.128000,0.796468
37.392000,3158.640000,16.975319
25.584000,2009.328000,3.333745
33.456000,1874.192000,6.625423
13.776000,1619.664000,2.086103
5.904000,2467.216000,3.160659
7.216000,2776.848000,6.779687
26.896000,57.072000,3.300355
22.960000,1327.088000,3.266150
16.400000,3087.792000,4.029148
25.584000,3186.192000,1.671077
25.584000,79.376000,2.559813
9.840000,787.856000,1.660515
11.152000,2304.528000,3.081521
15.088000,1214.256000,4.607669
0.656000,93.808000,3.858584
38.704000,42.640000,2.435376
8.528000,1653.776000,0.960318
28.208000,2930.352000,4.888013
3.280000,3114.032000,0.918086
3.280000,1125.040000,3.075436
8.528000,2918.544000,0.796809
20.336000,1871.568000,11.967941
15.088000,2380.624000,5.595028
36.080000,627.792000,5.674420
24.272000,1365.136000,8.566196
21.648000,2560.368000,11.530801
0.656000,3207.184000,1.010556
11.152000,2419.984000,1.010516
1.968000,2782.096000,4.516780
0.656000,978.096000,4.949379
30.832000,758.992000,6.007997
34.768000,462.480000,0.904505
0.656000,2166.768000,1.277455
5.904000,1119.792000,3.323032
1.968000,1173.584000,6.588416
32.144000,1283.792000,7.518976
20.336000,2144.464000,1.021188
11.152000,2936.912000,3.164604
17.712000,1497.648000,7.622263
34.768000,1522.576000,1.967262
32.144000,1418.928000,3.583238
28.208000,1866.320000,1.211965
12.464000,2046.064000,14.828683
19.024000,2316.336000,1.223686
36.080000,12.464000,3.549015
32.144000,730.128000,1.131920
20.336000,1.968000,1.798269
8.528000,920.368000,10.832538
29.520000,985.968000,3.410510
13.776000,762.928000,1.500283
15.088000,457.232000,17.966571
34.768000,2733.552000,2.257701
11.152000,50.512000,3.150436
22.960000,2940.848000,4.140404
29.520000,2350.448000,9.180777
29.520000,1333.648000,1.254930
38.704000,142.352000,5.800929
19.024000,2232.368000,2.027713
34.768000,920.368000,1.758620
13.776000,663.216000,6.983844
1.968000,354.896000,2.566607
0.656000,1900.432000,1.031454
19.024000,412.624000,3.296516
3.280000,1003.024000,5.261052
5.904000,1220.816000,2.967938
28.208000,2994.640000,0.933299
3.280000,3096.976000,1.893952
24.272000,1809.904000,6.937318
7.216000,520.208000,1.173446
19.024000,2307.152000,5.190217
33.456000,814.096000,4.371293
25.584000,197.456000,2.635179
15.088000,1062.064000,0.810007
15.088000,272.240000,8.803402
30.832000,1521.264000,0.813445
33.456000,2712.560000,3.404980
8.528000,2270.416000,8.237870
11.152000,2088.048000,6.250359
17.712000,2814.896000,8.954674
36.080000,871.824000,8.833282
4.592000,1824.336000,1.677671
21.648000,356.208000,1.527496
20.336000,1205.072000,2.032449
38.704000,1458.288000,4.686305
32.144000,2486.896000,2.343778
17.712000,2788.656000,2.532782
1.968000,739.312000,4.925294
5.904000,2275.664000,14.907866
34.768000,2566.928000,2.203422
36.080000,844.272000,4.672737
20.336000,285.360000,2.617396
38.704000,2950.032000,1.519799
26.896000,74.128000,4.035752
1.968000,2570.864000,2.306711
21.648000,2381.936000,6.581433
22.960000,1311.344000,3.797605
20.336000,135.792000,5.609326
7.216000,2972.336000,10.624798
17.712000,2868.688000,10.556060
0.656000,2640.400000,2.374997
7.216000,2139.216000,1.660621
24.272000,137.104000,10.498008
25.584000,59.696000,3.223501
7.216000,2604.976000,12.522037
38.704000,1054.192000,2.661056
24.272000,13.776000,2.025772
15.088000,453.296000,1.834738
15.088000,261.744000,3.099347
33.456000,669.776000,10.259819
0.656000,693.392000,9.382579
30.832000,2067.056000,12.959179
21.648000,520.208000,1.427933
15.088000,1867.632000,6.131739
28.208000,722.256000,4.601325
29.520000,1021.392000,9.703913
24.272000,560.880000,2.374522
7.216000,179.088000,5.425160
4.592000,3200.624000,3.144044
1.968000,134.480000,3.989597
8.528000,2719.120000,6.630119
9.840000,318.160000,6.291150
26.896000,1762.672000,2.499532
0.656000,2796.528000,3.096614
16.400000,1669.520000,4.917841
33.456000,3112.720000,2.436740
16.400000,501.840000,1.295325
34.768000,311.600000,1.192541
11.152000,2068.368000,5.467438
25.584000,2793.904000,3.143915
12.464000,3047.120000,2.014587
1.968000,270.928000,3.137284
25.584000,1677.392000,1.055092
5.904000,2594.480000,0.820261
24.272000,2909.360000,1.322546
11.152000,2666.640000,6.377386
19.024000,718.320000,0.686117
33.456000,3099.600000,4.499299
26.896000,135.792000,7.262602
26.896000,471.664000,0.694936
16.400000,888.880000,0.894825
5.904000,1994.896000,3.941690
8.528000,1387.440000,2.607136
36.080000,2913.296000,0.990937
1.968000,2223.184000,7.946298
12.464000,1359.888000,1.413378
4.592000,2088.048000,1.109852
32.144000,2801.776000,1.244660
22.960000,2492.144000,1.379406
13.776000,723.568000,3.457692
26.896000,263.056000,4.971570
13.776000,2845.072000,8.137962
9.840000,545.136000,3.715569
21.648000,3156.016000,2.440221
36.080000,1169.648000,15.883699
30.832000,1548.816000,1.595274
33.456000,2005.392000,1.500401
26.896000,294.544000,2.287563
29.520000,588.432000,4.464272
32.144000,2800.464000,3.908218
16.400000,463.792000,1.184196
29.520000,1888.624000,7.965127
20.336000,1104.048000,2.769802
25.584000,782.608000,6.160403
5.904000,1100.112000,4.827780
11.152000,2019.824000,3.863960
34.768000,2414.736000,3.032200
16.400000,1652.464000,1.378488
11.152000,2850.320000,3.767343
19.024000,1212.944000,1.300487
32.144000,839.024000,1.679371
13.776000,1516.016000,9.477694
30.832000,364.080000,2.288962
28.208000,2557.744000,11.668347
26.896000,1353.328000,5.960087
38.704000,608.112000,3.161528
15.088000,1421.552000,2.524315
37.392000,2671.888000,2.340984
28.208000,577.936000,0.846093
19.024000,638.288000,7.385139
16.400000,2000.144000,1.063497
30.832000,2538.064000,4.852188
13.776000,1191.952000,2.473910
30.832000,698.640000,3.014694
38.704000,2110.352000,1.613663
28.208000,877.072000,1.540058
11.152000,1113.232000,6.848321
22.960000,1987.024000,8.127332
29.520000,450.672000,3.609568
15.088000,3218.992000,1.761305
9.840000,1316.592000,1.055868
16.400000,2259.920000,1.575210
24.272000,2451.472000,3.445394
22.960000,535.952000,1.467815
17.712000,764.240000,3.310121
8.528000,1502.896000,2.323628
22.960000,1720.688000,7.501799
38.704000,752.432000,9.163171
32.144000,2347.824000,1.373967
24.272000,1403.184000,9.376372
21.648000,630.416000,2.663149
33.456000,2271.728000,13.595542
4.592000,101.680000,3.408214
15.088000,315.536000,11.305829
20.336000,1395.312000,1.221026
0.656000,2086.736000,3.104433
19.024000,2164.144000,0.868918
12.464000,1353.328000,1.638928
16.400000,1980.464000,1.189298
3.280000,3141.584000,4.809607
5.904000,424.432000,5.016159
20.336000,2968.400000,7.874977
19.024000,2664.016000,2.003999
12.464000,1589.488000,1.791596
3.280000,2856.880000,7.344169
32.144000,1021.392000,4.785639
1.968000,298.480000,0.936668
3.280000,2825.392000,7.459766
0.656000,154.160000,1.577521
17.712000,356.208000,1.829297
0.656000,3009.072000,6.086497
38.704000,2145.776000,2.076944
20.336000,2433.104000,2.115159
29.520000,218.448000,4.025592
19.024000,1771.856000,4.236346
5.904000,2279.600000,2.506557
3.280000,2922.480000,1.924383
19.024000,2211.376000,1.203079
34.768000,2250.736000,4.919107
17.712000,1750.864000,7.136621
24.272000,1350.704000,2.691816
0.656000,1906.992000,6.238762
4.592000,497.904000,1.990663
1.968000,562.192000,2.284353
8.528000,2030.320000,1.016344
17.712000,689.456000,1.038411
25.584000,874.448000,1.869170
12.464000,2141.840000,4.010666
28.208000,1834.832000,9.095885
26.896000,1967.344000,1.555424
28.208000,610.736000,7.545022
4.592000,966.288000,1.741888
38.704000,907.248000,5.383684
0.656000,2510.512000,1.334580
25.584000,1775.792000,5.845381
20.336000,1008.272000,4.441339
5.904000,419.184000,1.136283
32.144000,2825.392000,1.005063
28.208000,846.896000,2.770307
5.904000,306.352000,4.084549
7.216000,915.120000,6.007568
38.704000,53.136000,16.986605
17.712000,196.144000,6.544391
15.088000,3119.280000,0.716743
8.528000,1176.208000,2.606177
0.656000,1073.872000,5.103102
30.832000,2158.896000,0.681009
33.456000,2418.672000,4.634007
22.960000,2409.488000,3.112101
22.960000,2810.960000,6.132185
26.896000,1942.416000,5.826904
32.144000,1331.024000,4.384408
9.840000,1522.576000,0.686898
0.656000,344.400000,0.796436
38.704000,150.224000,5.572722
37.392000,2852.944000,1.805296
0.656000,2750.608000,0.723035
8.528000,1718.064000,5.137897
12.464000,3121.904000,1.360090
34.768000,1358.576000,9.604441
19.024000,1109.296000,3.832502
33.456000,2740.112000,1.184222
13.776000,2997.264000,1.081915
15.088000,978.096000,1.636514
7.216000,2467.216000,6.571000
8.528000,2665.328000,3.319682
37.392000,1757.424000,1.480579
12.464000,2489.520000,1.458257
15.088000,879.696000,0.953466
7.216000,1656.400000,2.691024
9.840000,3131.088000,2.789059
29.520000,2688.944000,6.577767
19.024000,1345.456000,3.473001
28.208000,352.272000,1.415553
36.080000,2850.320000,1.174669
16.400000,495.280000,1.649186
9.840000,2065.744000,1.112804
16.400000,1800.720000,1.815974
19.024000,2371.440000,18.262594
34.768000,1391.376000,1.684985
16.400000,894.128000,2.370364
5.904000,2252.048000,6.758961
36.080000,272.240000,2.922159
9.840000,2463.280000,1.091518
8.528000,1131.600000,0.813687
11.152000,197.456000,3.146464
38.704000,534.640000,1.733369
22.960000,668.464000,2.740210
4.592000,1740.368000,6.671315
24.272000,2870.000000,2.484273
32.144000,1149.968000,2.329245
9.840000,3174.384000,4.079682
9.840000,1853.200000,1.070320
1.968000,2713.872000,4.014154
20.336000,2721.744000,4.381200
36.080000,2755.856000,4.138942
32.144000,2448.848000,19.517096
34.768000,1889.936000,3.992183
26.896000,1247.056000,3.579623
3.280000,2674.512000,22.188719
0.656000,516.272000,1.798374
9.840000,1859.760000,5.631999
34.768000,3026.128000,0.755324
29.520000,286.672000,1.115907
13.776000,1152.592000,3.344896
7.216000,361.456000,5.042303
15.088000,546.448000,17.487094
20.336000,2959.216000,1.923367
5.904000,20.336000,0.851222
8.528000,3167.824000,8.712477
22.960000,1382.192000,1.196663
26.896000,1317.904000,4.139012
9.840000,2106.416000,6.768178
8.528000,1411.056000,19.976245
25.584000,1988.336000,7.235181
7.216000,2137.904000,1.975168
16.400000,3005.136000,2.533708
26.896000,1149.968000,15.460156
15.088000,386.384000,0.804279
4.592000,470.352000,6.060411
12.464000,1526.512000,0.715985
4.592000,2158.896000,3.009925
29.520000,1404.496000,2.067355
4.592000,1182.768000,0.924528
26.896000,623.856000,2.183468
38.704000,1337.584000,1.355189
38.704000,3079.920000,1.911486
9.840000,1149.968000,6.805060
16.400000,1740.368000,3.088804
4.592000,2694.192000,2.355512
26.896000,1401.872000,1.566698
5.904000,7.216000,6.848081
19.024000,1211.632000,3.791523
32.144000,1262.800000,1.431119
4.592000,106.928000,10.513789
8.528000,483.472000,1.580635
7.216000,799.664000,6.234211
32.144000,2944.784000,5.709838
13.776000,2148.400000,2.962011
21.648000,1111.920000,3.360864
30.832000,1312.656000,2.538307
5.904000,2494.768000,0.787915
37.392000,2019.824000,8.980869
29.520000,260.432000,9.679000
13.776000,1838.768000,9.328717
4.592000,1298.224000,0.954641
32.144000,1917.488000,1.880916
24.272000,1719.376000,0.790538
32.144000,1383.504000,2.764598
28.208000,1227.376000,1.455854
13.776000,322.096000,1.540136
13.776000,1666.896000,0.793853
29.520000,521.520000,8.436339
28.208000,2367.504000,2.058438
3.280000,2709.936000,2.956893
1.968000,2804.400000,0.758880
24.272000,1724.624000,4.306919
7.216000,1841.392000,2.054093
20.336000,2830.640000,0.683296
15.088000,2447.536000,1.726106
24.272000,491.344000,1.900339
38.704000,3082.544000,1.120106
0.656000,2025.072000,4.183424
17.712000,2360.944000,2.960812
22.960000,1589.488000,2.925331
4.592000,752.432000,1.369254
22.960000,200.080000,3.394509
32.144000,2053.936000,1.903739
13.776000,1895.184000,2.260218
20.336000,2217.936000,2.253216
20.336000,3218.992000,1.241154
32.144000,1830.896000,0.855204
37.392000,2544.624000,5.254072
8.528000,2214.000000,1.797248
25.584000,1746.928000,2.411003
30.832000,538.576000,1.274982
19.024000,116.112000,10.144940
8.528000,2917.232000,3.576556
3.280000,110.864000,7.453807
0.656000,1584.240000,3.294066
9.840000,2749.296000,4.704260
34.768000,20.336000,4.201403
8.528000,2831.952000,6.599771
24.272000,59.696000,2.681687
22.960000,2783.408000,1.169092
1.968000,2599.728000,1.068361
1.968000,2194.320000,4.266764
22.960000,1026.640000,11.292850
19.024000,2374.064000,1.523036
9.840000,1804.656000,1.113892
9.840000,1913.552000,4.769977
4.592000,2998.576000,1.532423
25.584000,655.344000,8.566503
29.520000,1235.248000,2.050712
16.400000,0.656000,1.419228
13.776000,470.352000,4.296691
22.960000,1661.648000,3.047228
22.960000,1670.832000,11.436825
22.960000,55.760000,7.002580
1.968000,1685.264000,2.828578
12.464000,162.032000,1.358633
26.896000,2035.568000,1.315789
29.520000,1405.808000,5.095059
8.528000,1693.136000,1.632293
25.584000,593.680000,2.018055
13.776000,2758.480000,6.528800
34.768000,3090.416000,3.770989
7.216000,1767.920000,4.369738
26.896000,2332.080000,7.509887
28.208000,259.120000,1.835970
20.336000,1136.848000,1.443515
7.216000,2586.608000,5.598941
25.584000,2635.152000,6.508703
5.904000,1664.272000,3.713835
17.712000,896.752000,1.482450
8.528000,888.880000,1.169619
11.152000,2763.728000,5.075397
29.520000,2971.024000,1.513155
34.768000,1302.160000,1.004206
22.960000,1585.552000,0.889244
1.968000,1127.664000,4.939372
7.216000,2046.064000,14.992329
20.336000,320.784000,7.830678
26.896000,2674.512000,2.351350
20.336000,1403.184000,6.838610
28.208000,383.760000,6.222787
11.152000,1270.672000,5.060537
25.584000,1519.952000,3.765091
29.520000,2980.208000,8.663454
16.400000,2307.152000,6.962950
34.768000,975.472000,7.291860
1.968000,1862.384000,3.965117
33.456000,547.760000,2.296829
9.840000,1710.192000,1.999094
13.776000,1954.224000,2.920298
19.024000,621.232000,5.704487
4.592000,568.752000,6.442976
34.768000,2766.352000,2.119086
12.464000,1673.456000,1.527598
16.400000,2046.064000,2.962832
7.216000,676.336000,1.185868
22.960000,1279.856000,2.199851
38.704000,2174.640000,1.324558
17.712000,1828.272000,7.090215
29.520000,1041.072000,8.964233
29.520000,3100.912000,6.823502
26.896000,602.864000,0.780922
37.392000,1610.480000,2.110377
4.592000,2548.560000,1.684098
16.400000,1729.872000,12.975207
34.768000,297.168000,4.386093
1.968000,13.776000,5.908687
3.280000,1331.024000,1.357810
26.896000,1392.688000,1.245519
29.520000,1357.264000,2.571275
29.520000,2510.512000,7.371346
4.592000,2795.216000,4.696640
3.280000,391.632000,6.725097
20.336000,3039.248000,2.011963
32.144000,2389.808000,3.112990
37.392000,193.520000,1.940654
21.648000,1127.664000,6.058463
17.712000,787.856000,3.577788
36.080000,1072.560000,1.821806
9.840000,928.240000,3.271249
8.528000,959.728000,1.256292
21.648000,1992.272000,1.069550
25.584000,560.880000,3.332294
36.080000,1588.176000,3.323597
1.968000,2333.392000,11.020823
20.336000,17.712000,3.081734
25.584000,912.496000,1.030896
7.216000,337.840000,2.795784
29.520000,467.728000,15.191742
37.392000,1828.272000,1.039489
22.960000,2353.072000,4.702148
28.208000,173.840000,2.024560
4.592000,2210.064000,0.699891
36.080000,1880.752000,4.202027
17.712000,3198.000000,3.938638
5.904000,373.264000,3.636925
20.336000,1565.872000,9.543541
38.704000,714.384000,1.116269
30.832000,2291.408000,1.829799
7.216000,1729.872000,3.190625
19.024000,3104.848000,5.052538
1.968000,106.928000,3.894033
5.904000,3111.408000,0.871506
26.896000,1453.040000,4.599523
37.392000,2515.760000,1.334884
38.704000,2702.064000,1.810580
25.584000,344.400000,5.060159
19.024000,2118.224000,1.427828
13.776000,50.512000,6.250232
3.280000,1048.944000,5.778028
30.832000,1592.112000,6.376127
36.080000,484.784000,7.451794
28.208000,2618.096000,11.205164
25.584000,1033.200000,0.796749
15.088000,339.152000,1.994028
36.080000,887.568000,1.379304
21.648000,2729.616000,3.434811
24.272000,946.608000,2.218811
8.528000,2561.680000,0.741835
21.648000,1090.928000,9.676666
20.336000,2943.472000,3.637710
25.584000,46.576000,5.073165
32.144000,1660.336000,6.044059
34.768000,857.392000,2.459184
7.216000,480.848000,1.840926
25.584000,1975.216000,0.954677
36.080000,1886.000000,2.474759
29.520000,1138.160000,6.600878
19.024000,2889.680000,1.402704
33.456000,2568.240000,3.425087
17.712000,1337.584000,1.595173
15.088000,1286.416000,4.326098
20.336000,404.752000,1.983050
24.272000,235.504000,1.373504
38.704000,709.136000,0.895520
30.832000,2767.664000,5.127252
21.648000,1186.704000,3.364658
19.024000,2599.728000,7.277183
30.832000,2734.864000,1.629104
3.280000,2803.088000,6.703837
21.648000,457.232000,1.582264
37.392000,1173.584000,3.347772
30.832000,2107.728000,4.706644
0.656000,2460.656000,0.738860
25.584000,1502.896000,2.800082
12.464000,2551.184000,8.399351
7.216000,255.184000,6.596125
9.840000,1854.512000,1.994588
36.080000,2330.768000,2.834728
32.144000,1825.648000,1.395177
16.400000,2723.056000,5.764905
32.144000,1714.128000,9.248752
11.152000,2725.680000,5.237124
34.768000,2771.600000,0.941653
15.088000,2649.584000,1.658749
24.272000,2795.216000,12.891509
34.768000,1569.808000,0.919083
24.272000,1573.744000,0.774854
34.768000,949.232000,0.691685
19.024000,109.552000,3.515845
36.080000,1481.904000,1.580261
30.832000,2119.536000,6.950416
13.776000,877.072000,7.399715
7.216000,551.696000,5.870326
30.832000,1800.720000,2.647511
11.152000,2583.984000,0.902442
1.968000,1639.344000,0.944349
3.280000,2097.232000,3.746762
3.280000,1691.824000,9.639640
38.704000,1080.432000,2.533997
38.704000,913.808000,1.144791
29.520000,863.952000,0.813501
11.152000,2986.768000,2.181380
9.840000,1474.032000,0.935159
7.216000,3014.320000,3.934953
26.896000,2923.792000,3.234729
17.712000,417.872000,2.796172
12.464000,2645.648000,5.477693
33.456000,1311.344000,3.435288
8.528000,399.504000,1.385937
5.904000,106.928000,2.126447
13.776000,172.528000,3.632849
25.584000,1472.720000,13.132039
11.152000,720.944000,1.839967
36.080000,1337.584000,8.524390
30.832000,3044.496000,2.092184
15.088000,1516.016000,1.775744
29.520000,268.304000,1.152143
17.712000,1959.472000,5.110939
33.456000,551.696000,2.154864
13.776000,2957.904000,1.918426
25.584000,1058.128000,1.396984
20.336000,2387.184000,1.528274
5.904000,488.720000,2.634695
20.336000,1184.080000,1.815850
20.336000,526.768000,1.882280
15.088000,1277.232000,2.456247
8.528000,285.360000,4.509357
8.528000,1165.712000,4.779339
12.464000,1896.496000,1.545601
36.080000,113.488000,1.582961
3.280000,1969.968000,1.251166
36.080000,672.400000,1.113856
33.456000,1908.304000,0.703213
8.528000,3124.528000,4.143981
32.144000,3001.200000,2.837502
25.584000,1345.456000,1.833312
38.704000,1383.504000,6.439404
0.656000,1841.392000,2.435001
0.656000,1592.112000,2.194452
24.272000,1547.504000,3.348135
21.648000,459.856000,1.151959
9.840000,1761.360000,8.358031
3.280000,484.784000,9.090727
32.144000,1073.872000,6.384949
3.280000,1266.736000,4.987461
26.896000,535.952000,1.173926
5.904000,2500.016000,9.178444
7.216000,2960.528000,4.125257
33.456000,903.312000,3.512680
28.208000,1048.944000,7.495720
25.584000,823.280000,1.816173
24.272000,976.784000,7.689894
3.280000,2414.736000,1.183233
21.648000,2127.408000,3.507716
12.464000,319.472000,1.772810
12.464000,2715.184000,0.725357
26.896000,2876.560000,4.424579
1.968000,1914.864000,1.677461
26.896000,1899.120000,7.251567
30.832000,1384.816000,0.951836
34.768000,255.184000,3.924469
15.088000,1119.792000,1.415184
3.280000,263.056000,0.871953
28.208000,1386.128000,11.413166
4.592000,887.568000,2.338673
26.896000,133.168000,1.838428
4.592000,1945.040000,3.424460
20.336000,2894.928000,1.264235
0.656000,235.504000,2.557163
3.280000,217.136000,4.793921
24.272000,2574.800000,1.039400
11.152000,2015.888000,4.025334
4.592000,1551.440000,0.745615
11.152000,7.216000,2.578853
32.144000,618.608000,1.267517
13.776000,1123.728000,3.692660
13.776000,2224.496000,4.392305
12.464000,1253.616000,2.086579
17.712000,2429.168000,2.132109
12.464000,2128.720000,19.166779
22.960000,636.976000,1.237849
22.960000,2270.416000,2.010231
25.584000,3201.936000,2.379235
15.088000,2408.176000,4.358788
28.208000,1606.544000,1.197962
0.656000,2774.224000,5.224656
12.464000,1003.024000,0.791404
11.152000,930.864000,7.043568
9.840000,2416.048000,2.881812
34.768000,3124.528000,0.745274
17.712000,1702.320000,0.763458
11.152000,189.584000,7.328322
26.896000,1224.752000,4.057118
5.904000,873.136000,3.651317
26.896000,2169.392000,1.304245
24.272000,2030.320000,0.963006
17.712000,1689.200000,1.378944
8.528000,873.136000,4.664230
17.712000,592.368000,0.776689
32.144000,2955.280000,1.016184
11.152000,1672.144000,3.643985
5.904000,2804.400000,1.749021
5.904000,2544.624000,17.060458
29.520000,3150.768000,0.663087
0.656000,2963.152000,1.882778
17.712000,316.848000,8.975217
32.144000,2929.040000,1.501672
21.648000,2001.456000,1.261340
32.144000,2530.192000,0.852532
33.456000,926.928000,1.609721
36.080000,394.256000,3.121568
11.152000,513.648000,3.755875
7.216000,1626.224000,8.911925
36.080000,2402.928000,3.938538
21.648000,2551.184000,2.244972
32.144000,1792.848000,3.387319
4.592000,2225.808000,3.555265
0.656000,1808.592000,2.416172
28.208000,2036.880000,0.844498
30.832000,2074.928000,2.561621
8.528000,938.736000,3.498414
38.704000,3022.192000,3.914352
20.336000,2427.856000,6.700404
1.968000,3222.928000,9.657533
19.024000,365.392000,7.672895
30.832000,2706.000000,1.117188
33.456000,88.560000,4.506860
21.648000,1968.656000,3.524521
36.080000,614.672000,2.593054
33.456000,100.368000,3.666606
36.080000,2581.360000,6.101972
34.768000,617.296000,7.430647
20.336000,1185.392000,17.854594
8.528000,2189.072000,1.864800
7.216000,2564.304000,4.095196
1.968000,2069.680000,5.267669
37.392000,790.480000,3.376673
12.464000,1033.200000,5.494806
13.776000,236.816000,4.814172
24.272000,2839.824000,4.363540
0.656000,1510.768000,0.847271
32.144000,802.288000,3.771601
37.392000,1892.560000,4.412618
19.024000,11.152000,3.246358
13.776000,2321.584000,2.378329
5.904000,3003.824000,3.709090
29.520000,1774.480000,1.175410
38.704000,938.736000,1.206214
30.832000,630.416000,5.040882
3.280000,2930.352000,4.933174
4.592000,2299.280000,1.752122
7.216000,1718.064000,0.928030
32.144000,1114.544000,4.236710
24.272000,1987.024000,3.426690
0.656000,138.416000,3.062848
16.400000,3061.552000,0.924237
8.528000,2493.456000,2.667843
33.456000,1342.832000,3.399116
15.088000,1340.208000,1.970075
37.392000,2510.512000,1.902993
28.208000,1683.952000,10.600018
3.280000,1277.232000,10.491933
15.088000,3087.792000,10.125989
3.280000,2875.248000,2.860985
3.280000,558.256000,1.204453
3.280000,1337.584000,4.530013
1.968000,1966.032000,0.807462
37.392000,2421.296000,2.903877
0.656000,2047.376000,1.414339
13.776000,1904.368000,4.434795
30.832000,2940.848000,0.911452
13.776000,2013.264000,5.395742
30.832000,1422.864000,4.773312
4.592000,2839.824000,3.138135
34.768000,1791.536000,4.296118
22.960000,1775.792000,1.027401
13.776000,574.000000,2.386670
28.208000,2577.424000,3.830493
22.960000,497.904000,0.668280
9.840000,1296.912000,0.725869
9.840000,1955.536000,1.067153
24.272000,1198.512000,1.175458
32.144000,3177.008000,2.387097
9.840000,1735.120000,4.754702
25.584000,2922.480000,1.725401
24.272000,337.840000,2.218390
37.392000,1942.416000,5.543287
19.024000,1435.984000,3.292560
15.088000,1345.456000,1.795586
24.272000,2598.416000,18.705303
1.968000,276.176000,12.950157
15.088000,312.912000,4.464184
15.088000,2103.792000,3.592505
5.904000,1170.960000,0.917267
28.208000,1285.104000,4.303282
16.400000,2909.360000,0.926484
25.584000,50.512000,8.325706
24.272000,1052.880000,6.007733
8.528000,2133.968000,2.025626
26.896000,1882.064000,1.293024
7.216000,500.528000,3.907904
30.832000,2434.416000,2.422920
33.456000,2648.272000,6.356866
1.968000,1329.712000,9.826048
38.704000,2265.168000,1.384573
11.152000,832.464000,1.759579
30.832000,294.544000,1.359146
5.904000,1411.056000,0.936221
33.456000,1067.312000,6.507915
16.400000,196.144000,1.813192
29.520000,661.904000,6.288880
33.456000,739.312000,1.264497
17.712000,293.232000,2.897924
16.400000,1086.992000,8.458993
25.584000,1083.056000,8.704194
29.520000,2328.144000,7.657627
38.704000,779.984000,4.100376
33.456000,1319.216000,5.867193
8.528000,600.240000,2.231470
25.584000,1626.224000,4.470823
34.768000,1073.872000,0.828425
4.592000,634.352000,4.958221
15.088000,1278.544000,0.877408
4.592000,2835.888000,0.976664
16.400000,2573.488000,7.376320
38.704000,1790.224000,2.938976
7.216000,2671.888000,0.949244
34.768000,0.656000,4.797810
34.768000,395.568000,8.193041
25.584000,878.384000,2.701381
19.024000,2824.080000,1.971715
37.392000,1756.112000,2.375964
13.776000,413.936000,1.908241
22.960000,2250.736000,5.271784
28.208000,1577.680000,4.927813
26.896000,99.056000,2.327703
4.592000,800.976000,2.628989
24.272000,2088.048000,4.501728
4.592000,371.952000,2.746656
34.768000,2644.336000,0.931165
7.216000,1189.328000,1.351335
34.768000,1840.080000,2.673499
12.464000,2770.288000,1.830177
7.216000,581.872000,1.030940
25.584000,1733.808000,3.701207
25.584000,243.376000,1.233453
32.144000,3022.192000,3.245413
8.528000,1837.456000,1.265334
0.656000,2812.272000,5.284048
28.208000,3089.104000,3.135611
12.464000,2175.952000,2.006881
33.456000,1636.720000,3.070885
37.392000,2877.872000,2.039399
3.280000,2965.776000,1.257980
32.144000,1046.320000,1.927407
26.896000,1994.896000,2.235479
20.336000,1968.656000,3.847308
22.960000,504.464000,2.022353
1.968000,2265.168000,4.051860
3.280000,1068.624000,3.533465
29.520000,2545.936000,1.081501
24.272000,440.176000,5.338346
8.528000,2055.248000,2.849083
5.904000,2810.960000,3.779163
17.712000,2354.384000,0.842316
3.280000,518.896000,3.995229
1.968000,1295.600000,7.134069
33.456000,371.952000,0.718323
17.712000,2130.032000,2.384306
36.080000,808.848000,2.419810
36.080000,4.592000,1.575124
4.592000,2796.528000,1.269807
3.280000,64.944000,7.711982
0.656000,1481.904000,1.113037
8.528000,1373.008000,2.234377
34.768000,1428.112000,4.111639
30.832000,2519.696000,1.819834
25.584000,2649.584000,8.027581
29.520000,538.576000,1.486997
20.336000,329.968000,1.447997
16.400000,1531.760000,34.497519
22.960000,774.736000,3.137899
16.400000,2998.576000,10.419870
30.832000,2153.648000,2.555174
11.152000,1456.976000,5.920579
11.152000,2479.024000,8.865291
0.656000,2993.328000,2.452477
3.280000,483.472000,0.746277
5.904000,1131.600000,1.314279
21.648000,945.296000,8.401969
11.152000,3100.912000,1.911292
5.904000,467.728000,1.699641
20.336000,486.096000,1.647171
0.656000,2919.856000,3.046435
9.840000,2513.136000,5.474338
20.336000,1609.168000,1.190217
38.704000,3163.888000,1.394113
4.592000,30.832000,3.473667
11.152000,232.880000,1.568536
3.280000,2677.136000,1.090774
25.584000,387.696000,5.010387
9.840000,1021.392000,11.632770
12.464000,3083.856000,2.860351
20.336000,2797.840000,2.786069
28.208000,261.744000,1.078309
4.592000,967.600000,1.066960
1.968000,1588.176000,1.869146
37.392000,3037.936000,3.530008
4.592000,1716.752000,3.235036
29.520000,37.392000,5.173382
37.392000,1784.976000,3.584403
9.840000,2170.704000,2.004610
21.648000,105.616000,0.982933
34.768000,2759.792000,1.222761
20.336000,2389.808000,5.158679
16.400000,992.528000,0.884997
32.144000,13.776000,8.539697
5.904000,1744.304000,6.726085
20.336000,1232.624000,3.859042
22.960000,1945.040000,1.300079
11.152000,2536.752000,4.444817
0.656000,1554.064000,8.427028
34.768000,1202.448000,12.149978
19.024000,29.520000,2.754696
33.456000,904.624000,1.112676
9.840000,934.800000,1.220410
29.520000,144.976000,1.500269
8.528000,1967.344000,0.723152
11.152000,1796.784000,1.559275
4.592000,13.776000,3.525306
0.656000,2193.008000,7.372313
24.272000,2505.264000,1.821387
17.712000,1934.544000,3.600781
36.080000,2768.976000,2.789295
1.968000,2872.624000,1.172758
36.080000,211.888000,1.065201
19.024000,2413.424000,2.215107
7.216000,1975.216000,6.451470
34.768000,446.736000,3.945625
32.144000,2770.288000,2.928797
32.144000,719.632000,1.554231
25.584000,2008.016000,0.749750
29.520000,3028.752000,1.886636
9.840000,1407.120000,5.537521
26.896000,974.160000,5.242217
5.904000,2950.032000,4.293265
32.144000,2585.296000,1.933013
1.968000,617.296000,3.368700
9.840000,1258.864000,0.684063
16.400000,1026.640000,2.083514
38.704000,3009.072000,1.606476
7.216000,781.296000,8.374308
38.704000,1741.680000,2.132849
26.896000,2938.224000,0.661640
5.904000,3075.984000,1.255599
11.152000,520.208000,6.191349
33.456000,3003.824000,4.790705
30.832000,1394.000000,0.884952
9.840000,1502.896000,0.929659
37.392000,2801.776000,1.703497
19.024000,2405.552000,0.828714
19.024000,1984.400000,21.674018
25.584000,1153.904000,2.652447
26.896000,1628.848000,5.237484
0.656000,2151.024000,2.982966
19.024000,2381.936000,3.960605
7.216000,1930.608000,4.673366
8.528000,2517.072000,0.711571
3.280000,2778.160000,3.762193
21.648000,2387.184000,2.669296
15.088000,2372.752000,4.310566
33.456000,2158.896000,1.906548
33.456000,787.856000,4.454659
36.080000,1846.640000,1.637586
22.960000,608.112000,2.931320
4.592000,129.232000,6.113708
21.648000,1261.488000,2.347517
17.712000,2338.640000,3.171071
1.968000,2132.656000,5.254112
1.968000,451.984000,0.691594
36.080000,1662.960000,8.556128
13.776000,173.840000,3.850829
7.216000,1560.624000,14.457957
15.088000,1655.088000,4.699317
7.216000,698.640000,1.365290
9.840000,2060.496000,5.803630
19.024000,650.096000,2.257410
32.144000,1833.520000,6.529510
3.280000,2480.336000,2.218294
26.896000,2619.408000,1.575853
29.520000,2027.696000,4.624544
26.896000,1733.808000,3.129283
28.208000,1533.072000,0.800604
3.280000,2401.616000,6.702057
1.968000,336.528000,0.895662
0.656000,605.488000,5.620664
7.216000,791.792000,6.230659
4.592000,2880.496000,2.121370
36.080000,3045.808000,9.294822
26.896000,2618.096000,4.463235
5.904000,1615.728000,2.007593
15.088000,144.976000,2.011124
29.520000,2316.336000,0.730191
4.592000,173.840000,2.337602
32.144000,1493.712000,9.235460
38.704000,783.920000,1.062459
1.968000,2531.504000,0.754103
5.904000,2232.368000,4.281657
25.584000,504.464000,6.821955
0.656000,2614.160000,15.677049
38.704000,1295.600000,6.984481
32.144000,886.256000,2.313124
32.144000,193.520000,1.202144
11.152000,2707.312000,4.255460
25.584000,2772.912000,1.293370
17.712000,3170.448000,3.991351
25.584000,1414.992000,3.801032
37.392000,2765.040000,0.729395
37.392000,576.624000,13.275800
1.968000,259.120000,2.589832
34.768000,121.360000,2.364275
34.768000,62.320000,5.969955
8.528000,3154.704000,4.898849
15.088000,2228.432000,8.125788
29.520000,1470.096000,9.285937
33.456000,2380.624000,4.306468
15.088000,504.464000,5.914818
29.520000,2393.744000,1.410369
0.656000,1522.576000,3.042532
36.080000,3194.064000,2.027772
33.456000,1781.040000,4.269778
12.464000,3170.448000,1.161446
0.656000,493.968000,3.973823
37.392000,2300.592000,0.746590
26.896000,3192.752000,2.267846
25.584000,1891.248000,6.323647
38.704000,2599.728000,10.901765
15.088000,1698.384000,7.447374
19.024000,3056.304000,1.451256
7.216000,902.000000,1.274195
36.080000,1710.192000,2.822619
21.648000,38.704000,2.323395
16.400000,3060.240000,9.856425
25.584000,2814.896000,5.052555
20.336000,2064.432000,6.170471
13.776000,2021.136000,1.632434
9.840000,68.880000,1.690011
24.272000,336.528000,2.892333
28.208000,1121.104000,4.033766
24.272000,1214.256000,5.070162
17.712000,2872.624000,4.335819
29.520000,2707.312000,5.847175
34.768000,474.288000,6.131626
0.656000,1918.800000,6.744126
16.400000,2694.192000,2.964153
22.960000,2738.800000,2.063135
17.712000,406.064000,5.320059
32.144000,1295.600000,3.221833
3.280000,1296.912000,5.286676
20.336000,3090.416000,16.949901
3.280000,265.680000,1.239150
21.648000,1615.728000,3.700790
16.400000,142.352000,0.687062
30.832000,383.760000,3.704980
20.336000,373.264000,3.065235
37.392000,1584.240000,8.253260
8.528000,253.872000,0.867977
3.280000,2902.800000,0.751840
1.968000,1352.016000,3.698778
9.840000,196.144000,1.819809
37.392000,1135.536000,1.768357
34.768000,1939.792000,1.679354
24.272000,675.024000,11.991342
13.776000,2531.504000,1.252155
22.960000,181.712000,3.790363
12.464000,1230.000000,2.625547
13.776000,1917.488000,2.131540
1.968000,1081.744000,1.935229
26.896000,556.944000,1.160311
20.336000,1526.512000,2.373391
37.392000,1397.936000,9.754557
25.584000,1529.136000,2.733583
12.464000,884.944000,7.160898
9.840000,1550.128000,0.736072
29.520000,1698.384000,4.087703
12.464000,2677.136000,1.171374
22.960000,2568.240000,1.545446
15.088000,915.120000,7.493344
11.152000,2854.256000,0.877285
37.392000,1808.592000,1.874728
1.968000,2080.176000,2.549079
19.024000,2333.392000,4.625278
4.592000,2751.920000,5.102535
20.336000,57.072000,3.046301
3.280000,1050.256000,1.800444
12.464000,3138.960000,21.800000
25.584000,2000.144000,3.718273
13.776000,3132.400000,5.528879
28.208000,2990.704000,10.492453
5.904000,667.152000,2.329816
29.520000,1492.400000,7.739860
21.648000,2885.744000,1.166863
36.080000,227.632000,1.163002
16.400000,520.208000,4.477251
13.776000,2055.248000,2.669225
34.768000,581.872000,1.095509
12.464000,306.352000,1.656866
21.648000,1458.288000,5.210817
25.584000,866.576000,3.135634
15.088000,2463.280000,3.641022
16.400000,1020.080000,6.259597
0.656000,2534.128000,3.257636
9.840000,3150.768000,1.407117
22.960000,932.176000,8.745376
37.392000,469.040000,2.251199
22.960000,2387.184000,1.384388
8.528000,1269.360000,3.996890
1.968000,227.632000,2.191169
13.776000,2532.816000,3.935349
29.520000,2388.496000,1.086297
16.400000,572.688000,11.323394
5.904000,2316.336000,4.720982
1.968000,574.000000,8.374955
16.400000,1522.576000,1.758629
4.592000,625.168000,1.119600
1.968000,853.456000,0.993487
5.904000,2548.560000,1.458516
32.144000,1647.216000,3.685618
0.656000,121.360000,7.973484
5.904000,1542.256000,1.144396
25.584000,1853.200000,4.421621
3.280000,667.152000,2.048588
28.208000,424.432000,1.726635
29.520000,2893.616000,1.769936
1.968000,1138.160000,3.923514
28.208000,131.856000,3.982046
1.968000,547.760000,1.124051
34.768000,391.632000,5.013245
8.528000,2395.056000,3.778606
36.080000,2750.608000,2.156786
9.840000,3040.560000,0.941796
21.648000,1304.784000,7.166888
0.656000,2196.944000,9.269235
38.704000,1453.040000,0.969106
19.024000,1434.672000,0.740823
28.208000,80.688000,3.435959
0.656000,412.624000,1.752604
11.152000,636.976000,2.112547
0.656000,2921.168000,14.021846
15.088000,114.800000,3.309817
22.960000,2240.240000,2.445486
8.528000,1748.240000,4.736321
32.144000,1739.056000,2.913402
33.456000,1631.472000,3.677774
37.392000,1491.088000,0.837679
7.216000,3053.680000,2.246221
7.216000,2448.848000,6.657655
3.280000,34.768000,8.796073
16.400000,617.296000,9.010190
20.336000,814.096000,6.450522
11.152000,2388.496000,1.166605
21.648000,244.688000,1.308575
37.392000,1910.928000,1.129530
7.216000,1348.080000,2.929187
26.896000,318.160000,6.285495
34.768000,64.944000,5.403357
15.088000,2141.840000,3.926203
21.648000,2574.800000,2.404494
20.336000,24.272000,2.643334
22.960000,1354.640000,2.462190
5.904000,2178.576000,1.012802
0.656000,30.832000,3.596219
19.024000,2279.600000,5.415903
12.464000,2513.136000,2.757178
4.592000,2877.872000,4.916634
24.272000,375.888000,10.786034
26.896000,442.800000,8.129283
33.456000,2828.016000,2.778729
24.272000,450.672000,11.808041
13.776000,979.408000,1.419094
32.144000,49.200000,7.061152
7.216000,2084.112000,1.550995
21.648000,1639.344000,2.588983
3.280000,1854.512000,1.739786
21.648000,701.264000,4.036899
22.960000,2452.784000,2.079500
36.080000,1313.968000,11.545299
11.152000,2145.776000,8.083503
32.144000,1758.736000,3.503566
3.280000,1045.008000,3.811121
38.704000,183.024000,2.542474
5.904000,705.200000,8.713495
12.464000,82.000000,4.293609
13.776000,3031.376000,1.290750
24.272000,231.568000,1.131600
38.704000,2569.552000,4.455498
13.776000,1760.048000,2.478011
30.832000,689.456000,9.542296
12.464000,442.800000,2.855920
7.216000,2351.760000,0.737076
36.080000,3043.184000,5.307117
32.144000,1813.840000,6.118289
12.464000,2225.808000,2.215393
37.392000,19.024000,2.581817
4.592000,604.176000,4.221090
9.840000,1493.712000,1.566913
21.648000,1168.336000,0.677759
26.896000,1460.912000,3.149336
12.464000,1370.384000,7.675910
9.840000,1435.984000,2.885282
5.904000,890.192000,11.585721
34.768000,2926.416000,4.546360
0.656000,1977.840000,3.628597
8.528000,642.224000,3.030092
11.152000,404.752000,11.289969
3.280000,3162.576000,1.768380
17.712000,2497.392000,5.318534
24.272000,3135.024000,12.603164
9.840000,656.656000,10.701099
4.592000,1029.264000,3.767036
26.896000,226.320000,6.783349
19.024000,1394.000000,5.719478
0.656000,1728.560000,1.272403
22.960000,1063.376000,1.538690
13.776000,2846.384000,4.084116
30.832000,1404.496000,1.269808
16.400000,2283.536000,1.522703
24.272000,2482.960000,6.037022
30.832000,2607.600000,3.741938
11.152000,516.272000,7.507822
24.272000,2123.472000,4.217876
4.592000,682.896000,4.902260
28.208000,2947.408000,0.973267
25.584000,1704.944000,4.217121
25.584000,2363.568000,3.262631
36.080000,694.704000,1.675379
11.152000,871.824000,2.655769
17.712000,1008.272000,4.512819
8.528000,1361.200000,6.671173
32.144000,2269.104000,3.851796
26.896000,285.360000,2.366098
1.968000,1767.920000,4.569379
33.456000,2500.016000,1.607518
36.080000,1537.008000,7.245113
15.088000,1706.256000,3.319357
19.024000,430.992000,5.223006
32.144000,717.008000,4.547318
25.584000,1417.616000,6.529815
24.272000,1833.520000,3.361020
11.152000,38.704000,3.693382
1.968000,1668.208000,1.986259
3.280000,845.584000,3.092502
9.840000,1111.920000,1.023666
8.528000,2026.384000,2.514783
24.272000,1715.440000,2.517930
36.080000,3136.336000,1.427006
17.712000,482.160000,5.230846
38.704000,2368.816000,4.927550
38.704000,1470.096000,3.543543
5.904000,993.840000,10.565088
34.768000,1422.864000,1.777568
21.648000,2225.808000,2.511592
37.392000,3081.232000,1.776242
1.968000,800.976000,0.997875
16.400000,2414.736000,2.034458
28.208000,1792.848000,1.386194
22.960000,432.304000,4.452257
1.968000,2947.408000,4.479827
11.152000,1899.120000,2.047844
9.840000,2669.264000,2.078766
5.904000,1784.976000,5.161678
32.144000,1472.720000,4.429843
3.280000,3010.384000,2.810646
37.392000,2025.072000,2.794773
26.896000,3179.632000,3.319872
19.024000,455.920000,2.474250
21.648000,1096.176000,5.652112
30.832000,2913.296000,1.115856
37.392000,764.240000,3.130024
22.960000,2253.360000,1.028054
11.152000,984.656000,6.721479
0.656000,169.904000,7.385450
37.392000,2479.024000,5.918223
24.272000,2018.512000,4.416535
24.272000,1862.384000,0.797274
9.840000,2795.216000,6.351120
22.960000,1749.552000,10.845032
4.592000,2804.400000,2.787860
4.592000,1816.464000,5.819985
37.392000,1016.144000,2.621866
38.704000,2131.344000,7.215603
13.776000,2627.280000,7.667330
28.208000,1722.000000,1.477099
11.152000,184.336000,6.975300
12.464000,2476.400000,1.202092
25.584000,1838.768000,0.814275
8.528000,1451.728000,3.272999
8.528000,2456.720000,3.526851
20.336000,2762.416000,0.806908
19.024000,2056.560000,4.067990
38.704000,984.656000,7.048978
28.208000,985.968000,0.795140
20.336000,2259.920000,1.930751
12.464000,3052.368000,12.104662
0.656000,988.592000,0.987263
29.520000,613.360000,4.026185
26.896000,412.624000,1.722257
32.144000,789.168000,3.907225
19.024000,3194.064000,1.530856
3.280000,3119.280000,11.234867
29.520000,5.904000,1.924813
37.392000,705.200000,0.774310
5.904000,3034.000000,1.082188
16.400000,943.984000,0.962860
13.776000,2185.136000,4.344354
34.768000,1409.744000,3.773024
30.832000,2078.864000,0.686299
38.704000,2956.592000,13.166482
4.592000,2587.920000,4.905405
34.768000,2006.704000,1.084818
24.272000,2570.864000,2.419299
33.456000,934.800000,12.699001
29.520000,850.832000,3.862990
5.904000,1968.656000,4.081191
32.144000,1430.736000,2.963971
7.216000,2625.968000,0.973766
5.904000,2292.720000,6.069547
38.704000,2473.776000,2.456377
9.840000,2358.320000,2.735301
29.520000,1348.080000,12.382537
25.584000,2410.800000,1.453121
4.592000,1594.736000,8.148933
20.336000,654.032000,1.142226
32.144000,1565.872000,6.898364
32.144000,3049.744000,0.656544
25.584000,1516.016000,4.054361
7.216000,2110.352000,2.714491
17.712000,524.144000,6.838848
34.768000,2115.600000,2.003919
0.656000,1670.832000,3.323343
11.152000,1820.400000,8.061492
8.528000,2086.736000,8.248489
8.528000,2355.696000,2.361231
0.656000,2379.312000,4.926006
24.272000,2429.168000,8.521279
4.592000,667.152000,4.399125
15.088000,1874.192000,4.983492
15.088000,314.224000,3.358523
17.712000,1872.880000,4.030666
8.528000,1338.896000,1.353511
33.456000,85.936000,0.848076
4.592000,2451.472000,2.493875
26.896000,2908.048000,5.716850
12.464000,307.664000,2.890749
37.392000,732.752000,1.673349
36.080000,1882.064000,0.880642
33.456000,657.968000,2.006630
37.392000,2923.792000,1.676301
22.960000,467.728000,2.837145
16.400000,1088.304000,1.811492
19.024000,2850.320000,3.339108
1.968000,1575.056000,5.045364
11.152000,1009.584000,6.278229
21.648000,1.968000,8.163137
12.464000,1870.256000,5.864287
4.592000,2009.328000,2.158376
11.152000,430.992000,3.231368
4.592000,2662.704000,1.401245
5.904000,2048.688000,1.331554
4.592000,865.264000,2.023108
13.776000,246.000000,0.852810
37.392000,2094.608000,5.847323
25.584000,454.608000,2.742084
13.776000,399.504000,3.125539
1.968000,440.176000,13.545127
29.520000,2492.144000,1.009706
0.656000,2671.888000,2.965637
38.704000,1182.768000,2.680159
36.080000,2639.088000,3.013323
22.960000,1590.800000,1.153039
25.584000,2547.248000,13.315110
4.592000,1487.152000,1.568860
3.280000,1292.976000,2.910705
17.712000,1767.920000,1.699832
1.968000,95.120000,5.835878
15.088000,4.592000,3.478238
3.280000,2521.008000,7.747414
13.776000,2370.128000,4.882228
17.712000,3075.984000,3.922025
3.280000,1328.400000,3.307640
0.656000,920.368000,3.404075
20.336000,3205.872000,3.478066
16.400000,2334.704000,4.926122
12.464000,1921.424000,2.001738
1.968000,2245.488000,0.807699
4.592000,2931.664000,11.600453
19.024000,532.016000,3.228577
21.648000,1477.968000,2.409478
32.144000,1548.816000,1.531839
36.080000,1634.096000,1.535522
37.392000,2583.984000,8.560917
4.592000,2475.088000,2.284952
21.648000,2589.232000,1.748958
5.904000,1324.464000,6.682047
7.216000,690.768000,1.887825
38.704000,2442.288000,0.784408
15.088000,1146.032000,1.550412
16.400000,1107.984000,4.648092
15.088000,1012.208000,1.998055
4.592000,1001.712000,7.782364
19.024000,1433.360000,3.976103
34.768000,2473.776000,3.873374
7.216000,3108.784000,1.685094
26.896000,305.040000,3.071697
12.464000,3014.320000,4.328058
21.648000,3077.296000,1.748177
20.336000,179.088000,6.202493
33.456000,2248.112000,2.629210
9.840000,1430.736000,3.995996
13.776000,308.976000,2.865511
21.648000,1294.288000,1.003889
26.896000,2179.888000,0.790060
3.280000,2322.896000,2.045588
24.272000,333.904000,1.069192
33.456000,2843.760000,0.785555
21.648000,1578.992000,4.339797
22.960000,2069.680000,3.073298
16.400000,589.744000,1.794828
20.336000,3132.400000,7.333743
33.456000,2101.168000,2.872529
20.336000,791.792000,2.248609
25.584000,710.448000,10.261678
22.960000,2736.176000,4.144552
38.704000,2974.960000,1.167901
19.024000,2998.576000,1.690943
29.520000,2797.840000,1.377644
32.144000,1210.320000,1.259541
3.280000,249.936000,4.450964
17.712000,1565.872000,5.743741
17.712000,600.240000,1.141760
32.144000,881.008000,6.126344
21.648000,3096.976000,10.466058
24.272000,1968.656000,1.993985
13.776000,169.904000,13.029438
30.832000,1916.176000,1.850180
36.080000,1114.544000,0.811535
37.392000,2401.616000,5.698714
22.960000,1791.536000,7.200877
15.088000,2995.952000,4.137487
20.336000,1262.800000,2.053077
34.768000,2290.096000,1.518878
33.456000,622.544000,0.856300
13.776000,2622.032000,2.243902
19.024000,1470.096000,0.950047
36.080000,179.088000,5.886087
12.464000,2002.768000,15.669142
28.208000,242.064000,2.870764
24.272000,2746.672000,1.457112
21.648000,253.872000,3.680531
9.840000,2568.240000,6.348647
32.144000,3057.616000,2.202989
37.392000,1509.456000,3.418651
13.776000,1564.560000,7.160141
9.840000,490.032000,5.627009
8.528000,1815.152000,2.011980
38.704000,270.928000,1.516113
1.968000,706.512000,3.433851
30.832000,19.024000,6.905151
24.272000,2317.648000,1.656470
28.208000,1853.200000,2.542143
34.768000,486.096000,1.645740
17.712000,148.912000,3.635346
16.400000,2498.704000,0.697769
19.024000,1291.664000,2.530266
30.832000,1840.080000,1.258928
16.400000,2648.272000,1.072108
25.584000,371.952000,6.481191
26.896000,753.744000,6.174255
32.144000,2678.448000,1.057735
33.456000,2841.136000,6.542479
33.456000,592.368000,1.766020
12.464000,2350.448000,0.787972
29.520000,1708.880000,15.678602
17.712000,1391.376000,7.673398
20.336000,3131.088000,3.145617
30.832000,1109.296000,5.031665
0.656000,2057.872000,0.860082
26.896000,2280.912000,1.538558
22.960000,1664.272000,6.696257
33.456000,922.992000,1.432944
13.776000,1567.184000,1.459119
21.648000,433.616000,0.944529
17.712000,2297.968000,1.468900
17.712000,2112.976000,3.596761
9.840000,2699.440000,0.905644
25.584000,247.312000,1.091978
21.648000,3070.736000,1.654963
1.968000,1722.000000,16.515148
36.080000,1203.760000,2.777042
12.464000,1804.656000,2.725518
28.208000,873.136000,0.923658
25.584000,2468.528000,9.143100
7.216000,1474.032000,10.995585
32.144000,2652.208000,6.826406
0.656000,562.192000,3.276638
16.400000,1079.120000,1.559640
36.080000,2139.216000,4.088007
36.080000,3090.416000,3.446841
0.656000,67.568000,17.694454
4.592000,3178.320000,8.826040
34.768000,3079.920000,14.481850
8.528000,1477.968000,2.306061
34.768000,49.200000,4.551627
13.776000,2318.960000,2.202532
7.216000,3141.584000,1.045367
9.840000,2493.456000,4.409926
38.704000,1247.056000,6.168122
34.768000,2025.072000,1.239948
11.152000,2490.832000,0.902803
30.832000,1121.104000,2.205586
37.392000,719.632000,4.959876
13.776000,2999.888000,2.569485
13.776000,1459.600000,4.399842
28.208000,1369.072000,5.146903
21.648000,1352.016000,2.737999
22.960000,444.112000,1.399490
33.456000,1422.864000,1.424287
26.896000,272.240000,4.065482
16.400000,3165.200000,1.996377
8.528000,1505.520000,3.147064
0.656000,505.776000,2.684861
4.592000,84.624000,3.099764
7.216000,2014.576000,4.927322
28.208000,1462.224000,3.150834
30.832000,1328.400000,7.009080
0.656000,2389.808000,11.158325
1.968000,636.976000,1.052788
32.144000,2126.096000,3.598251
29.520000,2737.488000,10.656841
30.832000,2593.168000,10.912795
19.024000,3212.432000,4.169673
34.768000,26.896000,1.125111
12.464000,3002.512000,7.436828
32.144000,2332.080000,1.256562
33.456000,1289.040000,3.141268
36.080000,2514.448000,1.922768
26.896000,955.792000,5.320586
7.216000,1883.376000,1.330996
19.024000,371.952000,2.662259
16.400000,2203.504000,2.168364
4.592000,835.088000,9.960013
32.144000,2681.072000,4.104330
20.336000,2077.552000,1.241520
36.080000,3138.960000,2.137502
16.400000,1184.080000,2.445076
19.024000,768.176000,0.910218
30.832000,2902.800000,1.893149
28.208000,290.608000,3.865871
21.648000,2080.176000,0.770420
16.400000,1.968000,0.985906
30.832000,2111.664000,4.382478
28.208000,609.424000,3.101979
32.144000,127.920000,11.830811
32.144000,269.616000,7.219728
30.832000,471.664000,1.183254
21.648000,1693.136000,1.059001
8.528000,3112.720000,4.172183
32.144000,1568.496000,1.343449
17.712000,1138.160000,1.417500
11.152000,1984.400000,5.926897
5.904000,808.848000,1.584678
22.960000,1530.448000,2.048100
5.904000,1632.784000,2.906148
29.520000,2909.360000,4.752566
4.592000,1199.824000,2.002115
19.024000,2607.600000,2.924664
34.768000,1534.384000,1.509322
38.704000,2624.656000,3.415332
5.904000,2574.800000,0.842213
19.024000,2250.736000,2.630081
28.208000,1359.888000,1.239557
17.712000,2383.248000,0.831800
32.144000,3158.640000,2.767416
1.968000,1676.080000,15.726918
17.712000,310.288000,0.856303
22.960000,2339.952000,1.752962
30.832000,2131.344000,7.033498
11.152000,943.984000,1.434147
5.904000,1051.568000,9.210052
9.840000,1905.680000,1.504147
9.840000,3141.584000,2.373954
26.896000,243.376000,3.470384
17.712000,3148.144000,0.835517
25.584000,2770.288000,1.757957
22.960000,343.088000,6.081227
12.464000,2255.984000,0.878838
17.712000,2153.648000,3.163171
34.768000,2374.064000,1.685667
17.712000,2072.304000,13.608704
11.152000,618.608000,1.771818
28.208000,1828.272000,0.783854
0.656000,381.136000,6.333194
19.024000,2915.920000,3.231962
5.904000,2212.688000,1.562779
24.272000,535.952000,1.015295
12.464000,2590.544000,3.543792
11.152000,160.720000,4.080987
25.584000,1236.560000,1.249426
8.528000,1584.240000,10.993413
37.392000,692.080000,2.555983
29.520000,1682.640000,6.913861
33.456000,1628.848000,1.487293
24.272000,878.384000,2.260397
9.840000,2284.848000,1.254765
25.584000,2475.088000,1.067263
22.960000,1079.120000,4.160495
29.520000,2926.416000,1.493315
15.088000,1072.560000,5.126321
36.080000,1945.040000,1.512317
30.832000,854.768000,3.625651
24.272000,1311.344000,4.636700
29.520000,2984.144000,0.881641
8.528000,398.192000,2.210078
16.400000,1837.456000,1.759430
1.968000,2631.216000,3.502932
34.768000,1912.240000,4.304715
12.464000,1474.032000,3.197921
11.152000,32.144000,1.056690
15.088000,689.456000,1.281178
24.272000,2736.176000,2.068511
38.704000,3216.368000,0.956668
17.712000,1388.752000,5.725075
30.832000,1250.992000,9.554524
37.392000,3041.872000,14.330447
32.144000,1920.112000,8.810003
33.456000,919.056000,3.641783
12.464000,1746.928000,6.849484
38.704000,1645.904000,0.701150
1.968000,1714.128000,6.889383
33.456000,1909.616000,3.215250
32.144000,2858.192000,1.319619
3.280000,2981.520000,2.631402
4.592000,762.928000,2.955163
36.080000,825.904000,2.240228
24.272000,1361.200000,2.052218
34.768000,3212.432000,5.852136
11.152000,869.200000,4.644561
5.904000,1069.936000,8.929831
21.648000,403.440000,1.740853
24.272000,673.712000,1.498073
25.584000,1893.872000,3.093984
38.704000,2667.952000,22.637547
30.832000,2426.544000,0.764467
11.152000,490.032000,2.865443
15.088000,2816.208000,4.896829
13.776000,2107.728000,2.775510
0.656000,3144.208000,1.520794
30.832000,1454.352000,1.875839
15.088000,2448.848000,0.883221
4.592000,1287.728000,1.051918
3.280000,434.928000,3.385138
5.904000,3162.576000,3.239513
30.832000,2901.488000,4.433423
37.392000,549.072000,2.798383
5.904000,546.448000,3.750641
36.080000,1973.904000,0.841297
3.280000,345.712000,4.200478
32.144000,1239.184000,6.384000
37.392000,2343.888000,2.293864
0.656000,152.848000,0.929831
28.208000,1701.008000,2.957172
19.024000,992.528000,3.531136
1.968000,3007.760000,6.357754
38.704000,1071.248000,1.109481
3.280000,1289.040000,6.042586
11.152000,2789.968000,1.725188
15.088000,2406.864000,3.293930
36.080000,448.048000,4.246480
25.584000,1240.496000,3.236717
30.832000,2532.816000,1.801538
4.592000,2695.504000,3.563785
38.704000,572.688000,2.081881
36.080000,1363.824000,1.414051
28.208000,1546.192000,3.523544
9.840000,2960.528000,4.488463
26.896000,122.672000,5.974669
8.528000,1223.440000,5.289730
30.832000,2653.520000,1.590543
9.840000,228.944000,3.141504
19.024000,2778.160000,5.131917
3.280000,3194.064000,3.734416
28.208000,2027.696000,3.562423
9.840000,613.360000,8.577839
25.584000,837.712000,1.071962
25.584000,323.408000,3.244961
8.528000,1029.264000,6.788653
7.216000,1337.584000,8.584481
17.712000,734.064000,0.808360
9.840000,975.472000,1.038083
38.704000,1639.344000,5.746443
8.528000,2521.008000,7.932406
11.152000,1433.360000,3.615105
0.656000,1945.040000,2.766530
28.208000,633.040000,7.349968
29.520000,2332.080000,1.924080
16.400000,2506.576000,0.752793
17.712000,1668.208000,7.454546
30.832000,528.080000,1.004778
38.704000,2765.040000,1.071225
32.144000,1287.728000,2.535862
20.336000,2685.008000,7.194073
8.528000,230.256000,5.172717
22.960000,3132.400000,3.885755
9.840000,1035.824000,3.247185
19.024000,2370.128000,8.870890
33.456000,181.712000,11.151532
5.904000,2364.880000,7.666931
4.592000,1725.936000,7.020653
4.592000,1260.176000,2.071648
19.024000,1391.376000,1.133395
12.464000,2509.200000,2.091149
4.592000,1791.536000,6.861337
36.080000,3188.816000,5.561482
0.656000,953.168000,1.807891
36.080000,1035.824000,1.128968
15.088000,200.080000,1.263605
21.648000,1850.576000,4.076234
16.400000,1468.784000,2.857379
20.336000,808.848000,3.571968
11.152000,3200.624000,1.234094
0.656000,2350.448000,3.194589
37.392000,2593.168000,3.131463
37.392000,1972.592000,2.745105
36.080000,2620.720000,2.110143
28.208000,2334.704000,1.913382
9.840000,277.488000,2.362874
17.712000,1888.624000,2.327607
29.520000,2038.192000,4.573133
20.336000,433.616000,3.603471
37.392000,1324.464000,5.297477
13.776000,2221.872000,5.682664
19.024000,425.744000,2.251901
37.392000,1896.496000,0.928338
29.520000,1983.088000,0.790752
36.080000,424.432000,1.145165
16.400000,1525.200000,5.647929
28.208000,2992.016000,5.709388
36.080000,378.512000,1.904833
9.840000,2855.568000,2.262655
30.832000,71.504000,8.645267
20.336000,3054.992000,7.580616
29.520000,989.904000,16.302351
19.024000,1517.328000,1.194498
32.144000,699.952000,1.151425
24.272000,104.304000,4.040662
11.152000,85.936000,2.643428
33.456000,1121.104000,3.302769
29.520000,114.800000,1.649085
33.456000,2716.496000,0.911420
38.704000,1102.736000,1.853890
4.592000,3049.744000,2.802325
8.528000,703.888000,2.060278
3.280000,3082.544000,1.287850
28.208000,1929.296000,3.986866
36.080000,1051.568000,4.734177
24.272000,1577.680000,16.859280
24.272000,1711.504000,1.011743
4.592000,2280.912000,1.184825
13.776000,2932.976000,3.317051
28.208000,1163.088000,4.919357
15.088000,3178.320000,11.581024
36.080000,3142.896000,2.356089
3.280000,168.592000,2.167943
8.528000,1540.944000,2.160986
1.968000,933.488000,4.511228
24.272000,2778.160000,10.461794
25.584000,1580.304000,2.977946
3.280000,2153.648000,1.740862
36.080000,1085.680000,4.232005
36.080000,903.312000,1.322268
8.528000,1813.840000,3.906949
0.656000,2521.008000,1.693682
13.776000,2754.544000,4.512722
26.896000,1496.336000,4.367120
22.960000,2480.336000,4.170957
11.152000,1004.336000,9.651311
37.392000,1325.776000,4.320196
26.896000,2623.344000,2.080374
1.968000,416.560000,1.973557
22.960000,575.312000,1.406330
24.272000,2115.600000,2.447388
38.704000,324.720000,5.648391
38.704000,871.824000,2.088621
28.208000,1592.112000,1.896429
38.704000,988.592000,2.634562
22.960000,507.088000,2.522025
7.216000,1365.136000,3.201876
7.216000,516.272000,2.288398
4.592000,476.912000,5.472318
5.904000,2623.344000,0.808364
8.528000,2455.408000,7.159010
9.840000,1825.648000,5.689848
0.656000,2259.920000,2.845973
4.592000,2454.096000,11.014985
24.272000,2759.792000,2.249471
16.400000,1211.632000,0.877185
9.840000,2927.728000,0.697006
16.400000,1689.200000,2.670543
30.832000,1060.752000,1.278329
26.896000,837.712000,1.840008
13.776000,961.040000,4.137518
4.592000,2661.392000,2.501155
16.400000,2691.568000,1.456526
20.336000,2745.360000,1.664088
16.400000,870.512000,3.605943
3.280000,1127.664000,1.944954
12.464000,247.312000,4.160881
30.832000,1414.992000,2.469569
37.392000,2135.280000,2.114555
24.272000,252.560000,0.825475
38.704000,875.760000,1.247028
34.768000,1602.608000,0.989906
19.024000,2741.424000,10.533854
34.768000,419.184000,5.573518
11.152000,2704.688000,11.945718
3.280000,2372.752000,5.895158
37.392000,159.408000,2.043677
4.592000,163.344000,0.706777
20.336000,169.904000,5.033644
22.960000,469.040000,2.217330
19.024000,1320.528000,3.629599
29.520000,2413.424000,1.469286
20.336000,1958.160000,3.904921
15.088000,436.240000,5.147193
33.456000,2342.576000,1.489665
13.776000,1613.104000,2.910877
26.896000,2608.912000,4.724238
36.080000,2679.760000,5.663123
0.656000,420.496000,2.709591
37.392000,520.208000,2.357764
25.584000,3034.000000,1.315613
12.464000,1029.264000,3.704463
24.272000,3152.080000,9.529262
22.960000,2103.792000,1.447488
1.968000,580.560000,10.209774
30.832000,2393.744000,15.565165
26.896000,1711.504000,2.160431
1.968000,2671.888000,0.902010
24.272000,3150.768000,1.950463
28.208000,200.080000,4.672432
19.024000,818.032000,30.433284
29.520000,164.656000,1.879885
15.088000,2930.352000,0.793481
4.592000,1635.408000,3.604078
30.832000,3174.384000,3.786590
36.080000,1105.360000,3.599566
5.904000,3058.928000,0.657763
25.584000,3016.944000,1.551666
32.144000,2524.944000,9.123045
7.216000,2292.720000,1.103284
5.904000,2413.424000,0.676560
3.280000,2173.328000,1.047239
19.024000,2372.752000,1.485671
13.776000,2686.320000,6.830123
4.592000,2263.856000,1.739457
34.768000,2973.648000,1.529521
1.968000,497.904000,7.928595
30.832000,2280.912000,3.954034
13.776000,1618.352000,2.666679
16.400000,1068.624000,6.982592
22.960000,1378.256000,11.225671
26.896000,1946.352000,3.135896
5.904000,64.944000,0.852104
4.592000,45.264000,0.688460
29.520000,854.768000,0.916900
4.592000,806.224000,11.010809
19.024000,888.880000,1.867044
21.648000,36.080000,5.231817
30.832000,1034.512000,11.848408
33.456000,600.240000,3.926920
26.896000,1840.080000,1.133176
3.280000,2522.320000,1.043525
37.392000,371.952000,2.648855
25.584000,99.056000,4.842197
22.960000,2799.152000,1.787888
4.592000,1039.760000,8.017611
25.584000,2839.824000,4.553570
21.648000,2818.832000,5.115781
32.144000,945.296000,7.525197
0.656000,915.120000,8.292365
19.024000,1636.720000,3.027946
33.456000,675.024000,3.604412
16.400000,1934.544000,7.977402
38.704000,1167.024000,2.952116
28.208000,2665.328000,7.698617
29.520000,2808.336000,1.654990
15.088000,630.416000,3.068027
17.712000,1441.232000,4.065703
16.400000,2271.728000,1.881599
16.400000,238.128000,6.678529
32.144000,706.512000,1.002673
34.768000,1299.536000,1.818004
19.024000,1244.432000,2.409367
38.704000,2207.440000,3.639318
25.584000,1432.048000,4.995413
4.592000,898.064000,3.278521
29.520000,101.680000,2.554905
12.464000,1578.992000,2.905939
16.400000,144.976000,4.597505
38.704000,416.560000,1.253364
1.968000,278.800000,2.027382
34.768000,829.840000,1.284877
3.280000,1210.320000,17.645086
20.336000,1105.360000,4.403205
21.648000,1471.408000,7.889293
9.840000,1174.896000,5.792441
33.456000,1222.128000,1.565957
9.840000,3190.128000,2.111476
30.832000,285.360000,1.662088
36.080000,2873.936000,2.107852
19.024000,1054.192000,0.979983
8.528000,148.912000,3.502010
29.520000,609.424000,3.881917
26.896000,323.408000,1.100040
12.464000,2405.552000,4.095287
12.464000,1429.424000,3.578675
21.648000,1418.928000,1.721504
29.520000,2091.984000,4.279691
3.280000,2601.040000,7.853447
7.216000,3156.016000,2.336320
33.456000,2414.736000,1.223990
37.392000,955.792000,5.738377
11.152000,311.600000,1.861977
8.528000,682.896000,1.041494
29.520000,2770.288000,11.030972
22.960000,1025.328000,1.924976
32.144000,938.736000,2.432730
38.704000,263.056000,4.842149
22.960000,354.896000,0.782371
13.776000,980.720000,2.137210
21.648000,2056.560000,5.619241
9.840000,1392.688000,1.047845
33.456000,2637.776000,3.779617
13.776000,1656.400000,0.789401
13.776000,2398.992000,4.616368
1.968000,537.264000,6.120854
34.768000,193.520000,4.611304
19.024000,1010.896000,3.555890
28.208000,1908.304000,2.526990
0.656000,1627.536000,7.507575
26.896000,137.104000,5.076084
32.144000,3079.920000,12.685257
7.216000,895.440000,1.119032
16.400000,247.312000,3.620334
21.648000,268.304000,1.363660
7.216000,3201.936000,5.647578
11.152000,791.792000,0.913189
32.144000,912.496000,4.662739
0.656000,2295.344000,1.996291
13.776000,327.344000,6.682706
20.336000,2821.456000,7.134522
34.768000,1733.808000,1.606249
1.968000,2700.752000,6.466190
1.968000,2088.048000,3.289478
20.336000,3201.936000,8.369235
11.152000,2498.704000,2.747922
25.584000,2598.416000,4.674278
9.840000,2956.592000,0.843618
22.960000,972.848000,6.975750
34.768000,522.832000,3.794020
8.528000,63.632000,0.698657
9.840000,1102.736000,5.605694
29.520000,1660.336000,4.188678
22.960000,1075.184000,2.718617
3.280000,1121.104000,2.522574
34.768000,785.232000,2.518009
9.840000,433.616000,5.264178
0.656000,2990.704000,8.069369
4.592000,692.080000,1.938698
25.584000,1901.744000,1.452130
26.896000,341.776000,0.737602
9.840000,1224.752000,2.891257
33.456000,2565.616000,1.301112
26.896000,1777.104000,5.505483
26.896000,1008.272000,1.673591
26.896000,1334.960000,4.062575
12.464000,1442.544000,1.795498
1.968000,866.576000,5.354104
30.832000,2245.488000,5.250924
11.152000,2409.488000,0.948112
34.768000,1795.472000,2.400712
21.648000,2766.352000,2.532699
1.968000,1879.440000,5.112986
33.456000,366.704000,3.914443
5.904000,2355.696000,1.298328
4.592000,319.472000,1.564446
9.840000,1964.720000,1.046392
3.280000,155.472000,8.440235
16.400000,2430.480000,4.705739
19.024000,597.616000,14.792265
26.896000,2440.976000,2.023769
20.336000,945.296000,1.848539
26.896000,416.560000,0.703130
37.392000,2133.968000,13.632877
26.896000,2564.304000,2.693802
30.832000,2814.896000,3.077568
15.088000,980.720000,12.428781
1.968000,2189.072000,1.157947
26.896000,2505.264000,5.036708
29.520000,1672.144000,1.426267
38.704000,226.320000,2.276836
9.840000,2490.832000,1.488291
9.840000,1767.920000,0.871660
1.968000,2555.120000,2.486640
3.280000,702.576000,8.053883
8.528000,1984.400000,4.219858
34.768000,2078.864000,5.803123
7.216000,660.592000,1.991468
12.464000,2805.712000,2.447234
30.832000,925.616000,3.189137
4.592000,963.664000,5.358207
21.648000,2793.904000,1.813139
1.968000,604.176000,0.975145
29.520000,1937.168000,1.623144
4.592000,2980.208000,1.735862
12.464000,194.832000,1.045414
16.400000,639.600000,0.763909
1.968000,988.592000,13.645213
25.584000,259.120000,2.963283
22.960000,667.152000,9.291120
29.520000,2686.320000,2.058231
15.088000,2006.704000,3.220507
1.968000,125.296000,4.539409
1.968000,1853.200000,1.833333
15.088000,2157.584000,1.532279
17.712000,2288.784000,11.497353
8.528000,387.696000,4.520999
3.280000,1038.448000,3.689109
32.144000,3052.368000,14.746134
33.456000,1052.880000,3.876094
32.144000,2091.984000,3.241747
9.840000,1051.568000,6.042963
11.152000,357.520000,0.835228
25.584000,1653.776000,1.596187
4.592000,1045.008000,3.249654
16.400000,1310.032000,12.390889
17.712000,3182.256000,1.123825
4.592000,1662.960000,0.841776
1.968000,2202.192000,2.300467
34.768000,2193.008000,7.890820
0.656000,593.680000,1.551676
32.144000,1882.064000,3.155593
16.400000,642.224000,1.651941
19.024000,3100.912000,2.371106
9.840000,2524.944000,4.617223
7.216000,2153.648000,1.507955
0.656000,1182.768000,1.673827
16.400000,2513.136000,11.589812
38.704000,1575.056000,0.941562
21.648000,2015.888000,1.093323
11.152000,2133.968000,3.310461
24.272000,2086.736000,11.927344
21.648000,2077.552000,5.341768
25.584000,920.368000,17.364820
28.208000,1878.128000,1.940717
33.456000,724.880000,4.249485
12.464000,2273.040000,0.839904
3.280000,403.440000,1.743486
17.712000,877.072000,2.646865
21.648000,2063.120000,8.650021
29.520000,2421.296000,9.952090
33.456000,1409.744000,0.716050
28.208000,3203.248000,0.889755
38.704000,173.840000,1.380490
12.464000,1132.912000,2.977637
16.400000,1115.856000,7.237420
3.280000,1172.272000,6.956013
12.464000,2454.096000,9.258667
22.960000,3215.056000,3.078152
28.208000,1632.784000,17.147159
4.592000,1395.312000,2.398563
1.968000,165.968000,3.325442
8.528000,951.856000,2.364710
15.088000,2665.328000,0.977622
20.336000,2112.976000,3.245646
3.280000,1761.360000,2.379872
15.088000,2786.032000,2.278404
32.144000,1952.912000,2.240097
7.216000,1664.272000,7.765232
22.960000,486.096000,4.194335
28.208000,1094.864000,2.436495
26.896000,2127.408000,12.741104
22.960000,2597.104000,0.946035
19.024000,2667.952000,2.300880
22.960000,3150.768000,5.478071
24.272000,2031.632000,3.217296
16.400000,2768.976000,1.546064
34.768000,137.104000,2.324620
21.648000,3120.592000,2.144696
12.464000,83.312000,0.893643
32.144000,2669.264000,1.022681
28.208000,1476.656000,1.707834
34.768000,1042.384000,0.962605
4.592000,1708.880000,4.645726
13.776000,1879.440000,1.884833
12.464000,1542.256000,2.557289
17.712000,1003.024000,0.685243
19.024000,1294.288000,1.100134
12.464000,2859.504000,3.823944
12.464000,2110.352000,8.137048
1.968000,2165.456000,0.869524
16.400000,1727.248000,2.593925
25.584000,1497.648000,1.798191
7.216000,3001.200000,5.855413
36.080000,2279.600000,1.414633
29.520000,1327.088000,7.047355
26.896000,1143.408000,4.438606
7.216000,886.256000,13.183987
4.592000,2648.272000,2.873114
11.152000,2822.768000,1.025150
12.464000,3187.504000,1.501866
37.392000,2283.536000,7.098934
0.656000,861.328000,4.924480
3.280000,1716.752000,0.838979
25.584000,3093.040000,6.509880
12.464000,2106.416000,2.609629
37.392000,326.032000,2.769201
17.712000,2820.144000,2.306331
16.400000,1548.816000,2.132541
13.776000,17.712000,2.690324
1.968000,2576.112000,2.862222
5.904000,785.232000,0.952290
3.280000,713.072000,5.138517
15.088000,615.984000,4.856096
22.960000,2030.320000,2.504022
22.960000,341.776000,8.558562
1.968000,2227.120000,3.497573
38.704000,2089.360000,0.675523
7.216000,636.976000,4.917333
26.896000,1529.136000,1.083888
36.080000,1401.872000,0.726260
25.584000,71.504000,10.728931
8.528000,3035.312000,2.285924
8.528000,1509.456000,2.871875
36.080000,1678.704000,2.332962
1.968000,2534.128000,4.857415
26.896000,2858.192000,2.309300
20.336000,2597.104000,4.123438
12.464000,2753.232000,0.777372
13.776000,2631.216000,4.297248
26.896000,1523.888000,2.963893
1.968000,2311.088000,1.839166
21.648000,21.648000,3.104598
21.648000,2599.728000,1.303725
38.704000,2081.488000,3.892805
21.648000,2610.224000,1.557183
1.968000,2973.648000,5.571101
12.464000,806.224000,5.297084
12.464000,1973.904000,3.865850
38.704000,821.968000,1.125363
29.520000,2194.320000,11.018807
26.896000,141.040000,7.521478
36.080000,1968.656000,2.664690
33.456000,454.608000,1.026329
11.152000,1455.664000,2.245526
15.088000,2797.840000,0.656583
32.144000,1167.024000,7.210711
34.768000,160.720000,3.677543
22.960000,2587.920000,2.183339
26.896000,1564.560000,0.943185
4.592000,639.600000,8.495871
28.208000,2091.984000,1.401356
33.456000,532.016000,1.422035
13.776000,1888.624000,3.123777
4.592000,2559.056000,2.614621
37.392000,1634.096000,6.009090
15.088000,2721.744000,2.485572
25.584000,480.848000,1.180585
9.840000,782.608000,9.023151
34.768000,1724.624000,1.378531
22.960000,1841.392000,4.309724
13.776000,669.776000,7.196459
17.712000,2556.432000,4.492169
1.968000,377.200000,8.332411
19.024000,238.128000,2.126917
16.400000,802.288000,3.033947
22.960000,1769.232000,3.755119
13.776000,442.800000,3.987101
11.152000,1741.680000,1.644379
0.656000,1752.176000,1.267311
1.968000,2702.064000,3.113597
29.520000,301.104000,3.322700
26.896000,1669.520000,2.883471
37.392000,863.952000,2.399059
37.392000,895.440000,4.729636
4.592000,3222.928000,1.551478
17.712000,58.384000,10.406175
4.592000,1790.224000,1.994400
7.216000,2347.824000,6.592068
29.520000,453.296000,2.640967
24.272000,1338.896000,0.821276
20.336000,2732.240000,2.040839
7.216000,1712.816000,3.012852
34.768000,1488.464000,7.648164
32.144000,602.864000,9.006431
20.336000,2898.864000,2.848870
12.464000,2616.784000,6.844112
26.896000,2423.920000,2.107019
26.896000,2841.136000,11.044801
21.648000,1045.008000,5.405253
3.280000,1895.184000,3.915023
37.392000,82.000000,8.015627
38.704000,2354.384000,4.948981
12.464000,1969.968000,2.044768
29.520000,618.608000,8.402508
16.400000,2892.304000,2.195679
29.520000,554.320000,0.994412
8.528000,2444.912000,9.374665
28.208000,2677.136000,1.877139
7.216000,2308.464000,2.172340
26.896000,1665.584000,8.588386
1.968000,591.056000,7.850081
29.520000,2699.440000,4.250444
15.088000,204.016000,4.335415
33.456000,2044.752000,3.720317
9.840000,2204.816000,3.440130
28.208000,2038.192000,2.068165
33.456000,1836.144000,3.989188
36.080000,1106.672000,0.709946
20.336000,2742.736000,5.681663
5.904000,1449.104000,5.114759
19.024000,970.224000,2.337395
5.904000,2375.376000,6.673786
17.712000,2475.088000,1.667366
34.768000,2818.832000,3.640756
17.712000,593.680000,1.155961
20.336000,61.008000,2.239311
37.392000,1733.808000,2.278264
4.592000,1821.712000,11.211153
13.776000,71.504000,2.989594
25.584000,804.912000,1.434151
7.216000,240.752000,0.873537
5.904000,2387.184000,4.201822
12.464000,371.952000,11.468917
25.584000,2936.912000,1.120237
0.656000,1069.936000,1.384963
19.024000,1359.888000,4.444203
7.216000,646.160000,3.530943
34.768000,2779.472000,1.960535
9.840000,2448.848000,1.797438
28.208000,791.792000,7.682862
26.896000,886.256000,5.834574
13.776000,543.824000,1.049853
15.088000,2864.752000,1.406761
32.144000,1752.176000,3.893539
19.024000,171.216000,2.566162
19.024000,1397.936000,4.457494
7.216000,2876.560000,1.477923
7.216000,1790.224000,3.381840
34.768000,2107.728000,0.752305
0.656000,3013.008000,2.604029
15.088000,852.144000,3.340577
11.152000,2224.496000,1.157438
13.776000,2793.904000,1.839658
29.520000,1304.784000,3.503685
1.968000,920.368000,1.020425
5.904000,2631.216000,2.034556
13.776000,2527.568000,3.745017
12.464000,1962.096000,1.038484
15.088000,992.528000,0.717593
16.400000,448.048000,2.875286
1.968000,2513.136000,0.942613
28.208000,2076.240000,3.332281
28.208000,2542.000000,4.738108
22.960000,1433.360000,3.478878
11.152000,3128.464000,2.120487
33.456000,1847.952000,4.790052
28.208000,319.472000,8.835747
19.024000,1296.912000,1.260002
36.080000,2427.856000,2.984489
0.656000,1400.560000,0.852272
29.520000,559.568000,7.582232
12.464000,588.432000,4.900766
38.704000,474.288000,0.709893
26.896000,2018.512000,6.002744
5.904000,2547.248000,6.593685
21.648000,1702.320000,1.196300
21.648000,2010.640000,3.460258
12.464000,1409.744000,0.679466
33.456000,41.328000,1.007278
37.392000,1039.760000,4.100081
38.704000,521.520000,4.804571
28.208000,2127.408000,1.035462
15.088000,537.264000,6.414254
17.712000,1345.456000,3.476016
3.280000,2536.752000,6.459177
21.648000,1555.376000,11.618596
17.712000,1477.968000,2.296010
9.840000,2139.216000,1.700357
37.392000,908.560000,7.428203
9.840000,2636.464000,1.008818
11.152000,347.024000,1.446199
21.648000,246.000000,1.313351
20.336000,727.504000,0.989899
17.712000,2482.960000,1.527729
21.648000,999.088000,1.344746
16.400000,2884.432000,1.199832
20.336000,1165.712000,6.535131
3.280000,2236.304000,7.556768
11.152000,782.608000,5.461917
38.704000,2165.456000,4.216178
15.088000,2745.360000,3.274345
25.584000,2250.736000,5.869964
7.216000,2149.712000,1.223064
24.272000,3119.280000,9.673783
19.024000,1863.696000,4.325572
37.392000,625.168000,1.829537
5.904000,1548.816000,5.246285
15.088000,522.832000,5.253877
13.776000,1866.320000,8.820323
1.968000,3061.552000,0.814412
16.400000,2363.568000,1.892213
28.208000,421.808000,1.270863
34.768000,1449.104000,0.947510
34.768000,228.944000,3.714725
9.840000,19.024000,7.063084
19.024000,916.432000,8.732148
22.960000,2266.480000,4.229372
9.840000,2940.848000,1.180956
15.088000,2691.568000,4.560819
13.776000,1673.456000,2.889541
7.216000,2360.944000,7.810590
26.896000,478.224000,3.568182
34.768000,1155.216000,1.486735
22.960000,2488.208000,3.140613
37.392000,839.024000,1.425271
4.592000,134.480000,2.190430
17.712000,924.304000,3.486526
29.520000,1733.808000,11.912046
38.704000,113.488000,3.529509
1.968000,2207.440000,1.860993
24.272000,200.080000,6.891902
16.400000,1714.128000,3.506290
33.456000,2280.912000,14.796119
34.768000,2303.216000,3.384303
15.088000,761.616000,8.604169
16.400000,63.632000,2.574933
17.712000,1651.152000,2.641821
16.400000,615.984000,1.165163
24.272000,2312.400000,6.217491
19.024000,2074.928000,0.808204
30.832000,790.480000,0.926902
0.656000,99.056000,5.969689
22.960000,1094.864000,5.244768
38.704000,1788.912000,2.028123
33.456000,916.432000,2.425795
25.584000,2311.088000,4.323708
29.520000,1397.936000,4.125904
34.768000,1176.208000,3.157961
0.656000,1186.704000,2.159020
11.152000,2548.560000,11.083600
36.080000,869.200000,3.893982
30.832000,2207.440000,2.153951
21.648000,350.960000,4.458791
37.392000,1020.080000,6.763709
29.520000,2595.792000,11.052120
1.968000,155.472000,5.314426
36.080000,1181.456000,5.839563
24.272000,589.744000,1.545605
16.400000,3221.616000,0.835023
1.968000,1268.048000,1.539842
20.336000,2061.808000,2.241300
25.584000,665.840000,3.131180
33.456000,1303.472000,2.547075
28.208000,2241.552000,11.492005
22.960000,1262.800000,2.194075
28.208000,1079.120000,3.930507
34.768000,1390.064000,2.729666
17.712000,1076.496000,0.838166
3.280000,1117.168000,1.777968
37.392000,104.304000,2.520348
21.648000,530.704000,5.353862
16.400000,3090.416000,1.627595
15.088000,2849.008000,8.498982
29.520000,472.976000,3.980154
25.584000,526.768000,0.870607
22.960000,1459.600000,2.743360
5.904000,1927.984000,5.090759
17.712000,2552.496000,3.573423
33.456000,1862.384000,5.253241
20.336000,818.032000,1.757087
19.024000,563.504000,11.947875
9.840000,2591.856000,2.642700
9.840000,235.504000,3.926903
9.840000,497.904000,13.261907
4.592000,1529.136000,1.731077
4.592000,585.808000,7.231153
19.024000,909.872000,1.832540
20.336000,1025.328000,5.669913
19.024000,282.736000,2.919042
0.656000,825.904000,2.444465
4.592000,606.800000,2.368209
12.464000,168.592000,1.200484
28.208000,450.672000,4.298691
3.280000,2098.544000,0.969789
30.832000,1701.008000,1.835783
5.904000,966.288000,2.678291
32.144000,1941.104000,3.386090
25.584000,1442.544000,1.465076
1.968000,1522.576000,1.289428
30.832000,646.160000,2.083396
5.904000,55.760000,1.861922
22.960000,900.688000,3.751479
19.024000,1346.768000,1.572931
12.464000,1258.864000,5.401160
25.584000,47.888000,16.634236
8.528000,786.544000,1.104542
24.272000,1000.400000,4.673762
26.896000,2726.992000,1.620344
13.776000,2866.064000,9.437858
12.464000,228.944000,1.100446
33.456000,958.416000,6.262370
21.648000,756.368000,5.009359
11.152000,1067.312000,8.669894
22.960000,2215.312000,4.533735
0.656000,2435.728000,2.187918
32.144000,1496.336000,4.276008
7.216000,1256.240000,1.808256
8.528000,471.664000,1.027356
1.968000,1746.928000,1.533114
5.904000,2502.640000,4.212564
37.392000,1693.136000,2.050625
24.272000,2442.288000,1.387630
34.768000,1306.096000,3.453778
9.840000,474.288000,5.938296
29.520000,1186.704000,3.569398
11.152000,3204.560000,3.573369
29.520000,2137.904000,3.528929
5.904000,2921.168000,3.354027
13.776000,892.816000,4.134653
33.456000,874.448000,1.216091
3.280000,2698.128000,0.930922
28.208000,657.968000,11.220663
30.832000,1875.504000,1.335857
0.656000,277.488000,3.742663
28.208000,957.104000,1.546184
30.832000,2241.552000,0.789714
28.208000,3137.648000,5.510983
19.024000,989.904000,1.400811
9.840000,316.848000,7.508159
21.648000,1125.040000,5.199801
9.840000,3039.248000,1.651865
21.648000,2515.760000,1.669409
3.280000,11.152000,4.210039
17.712000,3019.568000,2.047776
33.456000,1374.320000,3.901425
9.840000,1161.776000,1.159980
34.768000,387.696000,4.665192
30.832000,2459.344000,0.890511
26.896000,2610.224000,5.048798
30.832000,1622.288000,2.925882
25.584000,1517.328000,4.631895
34.768000,597.616000,6.725362
29.520000,738.000000,2.760278
11.152000,1558.000000,3.678974
19.024000,2102.480000,1.136547
4.592000,1502.896000,2.810296
21.648000,2208.752000,4.775918
5.904000,702.576000,1.059402
32.144000,846.896000,3.415202
9.840000,3165.200000,1.944968
21.648000,3201.936000,8.682870
16.400000,2936.912000,6.068677
34.768000,808.848000,1.299470
3.280000,1605.232000,5.242159
1.968000,2539.376000,2.029031
21.648000,1075.184000,3.573169
17.712000,2162.832000,7.862300
32.144000,1454.352000,6.866197
25.584000,3020.880000,10.810922
34.768000,2526.256000,3.384071
15.088000,642.224000,0.659317
1.968000,3032.688000,0.912241
33.456000,884.944000,1.531927
7.216000,2103.792000,2.771192
36.080000,495.280000,5.275733
34.768000,2122.160000,3.128461
32.144000,413.936000,0.791104
5.904000,2973.648000,1.024658
34.768000,75.440000,1.696493
7.216000,2509.200000,1.822238
16.400000,1760.048000,0.713951
1.968000,1334.960000,1.470459
5.904000,1180.144000,1.973716
17.712000,2660.080000,1.084563
34.768000,2068.368000,8.902394
22.960000,1189.328000,3.319289
28.208000,1290.352000,1.949962
16.400000,2946.096000,2.702751
28.208000,1987.024000,5.595859
19.024000,2919.856000,2.470270
7.216000,1462.224000,2.868873
9.840000,3020.880000,1.685288
5.904000,1424.176000,3.194568
4.592000,335.216000,2.047974
25.584000,559.568000,0.945153
16.400000,2336.016000,5.746160
11.152000,1165.712000,6.932407
21.648000,2259.920000,1.004870
7.216000,2423.920000,8.930002
37.392000,2750.608000,5.212985
5.904000,707.824000,3.133504
34.768000,2799.152000,2.476615
5.904000,2473.776000,2.473985
0.656000,1630.160000,2.263196
30.832000,726.192000,0.751900
24.272000,2405.552000,1.324505
20.336000,2490.832000,2.461761
28.208000,2648.272000,1.265451
20.336000,495.280000,4.007055
3.280000,3161.264000,3.405086
26.896000,819.344000,4.375084
8.528000,741.936000,2.638775
17.712000,1181.456000,8.189329
25.584000,881.008000,1.237931
13.776000,2778.160000,6.280673
29.520000,1291.664000,0.919836
11.152000,677.648000,4.603927
3.280000,2513.136000,5.118005
30.832000,2179.888000,4.055008
7.216000,3120.592000,2.962835
5.904000,1669.520000,3.012679
33.456000,2099.856000,2.209016
28.208000,337.840000,1.341203
38.704000,2535.440000,1.908069
22.960000,1088.304000,2.511994
16.400000,1926.672000,1.790975
4.592000,3026.128000,1.361461
26.896000,1992.272000,2.319401
20.336000,1561.936000,11.210860
13.776000,134.480000,6.237090
3.280000,1042.384000,4.461411
11.152000,2086.736000,1.769582
17.712000,2001.456000,3.406817
4.592000,299.792000,4.235452
20.336000,1159.152000,2.825028
9.840000,248.624000,2.766016
7.216000,37.392000,3.616916
32.144000,2917.232000,1.588307
36.080000,2338.640000,4.203604
13.776000,3086.480000,0.992398
5.904000,1631.472000,0.950731
33.456000,108.240000,5.510863
26.896000,284.048000,1.297401
33.456000,2738.800000,4.469963
13.776000,583.184000,5.501857
33.456000,832.464000,0.717796
17.712000,3095.664000,1.138044
21.648000,197.456000,7.601942
20.336000,1875.504000,1.199809
11.152000,423.120000,4.281466
8.528000,2862.128000,3.274369
7.216000,3089.104000,0.951037
32.144000,686.832000,7.284954
30.832000,1265.424000,2.585819
21.648000,1211.632000,1.873403
15.088000,946.608000,1.729335
16.400000,3037.936000,2.691867
9.840000,125.296000,6.899436
5.904000,2346.512000,4.327587
12.464000,1875.504000,1.929398
29.520000,2440.976000,6.791626
7.216000,2699.440000,2.636287
22.960000,2628.592000,4.992483
38.704000,1569.808000,1.404260
3.280000,2644.336000,4.109635
4.592000,3027.440000,8.138793
33.456000,3137.648000,2.214956
15.088000,2524.944000,8.119987
15.088000,2186.448000,4.150884
1.968000,1048.944000,7.767116
12.464000,2999.888000,2.452053
28.208000,2633.840000,7.681215
7.216000,1012.208000,8.453375
32.144000,1092.240000,4.266581
34.768000,2255.984000,1.354042
8.528000,3007.760000,3.795831
28.208000,1707.568000,2.239461
7.216000,3052.368000,1.794449
26.896000,2913.296000,24.224466
20.336000,1353.328000,3.279899
3.280000,2645.648000,1.768397
36.080000,2187.760000,6.964872
36.080000,101.680000,2.275469
7.216000,3124.528000,1.861613
13.776000,1054.192000,8.202579
9.840000,2405.552000,3.941721
4.592000,2294.032000,8.752132
8.528000,1979.152000,2.213101
5.904000,3163.888000,6.440907
1.968000,2888.368000,1.231691
36.080000,3022.192000,1.614206
12.464000,2786.032000,4.236664
7.216000,495.280000,1.016864
9.840000,243.376000,5.835659
26.896000,656.656000,1.079680
11.152000,0.656000,4.492141
33.456000,1013.520000,0.664622
5.904000,2654.832000,9.704985
1.968000,2946.096000,4.594644
37.392000,495.280000,10.087187
32.144000,2633.840000,13.462243
30.832000,2316.336000,1.892164
32.144000,1821.712000,2.053527
11.152000,2522.320000,4.707988
13.776000,2085.424000,5.630682
33.456000,2109.040000,1.057191
12.464000,2095.920000,1.196192
37.392000,1320.528000,4.819183
19.024000,636.976000,7.177169
22.960000,1737.744000,3.050429
33.456000,2393.744000,1.938191
30.832000,3110.096000,3.374929
34.768000,2855.568000,1.111845
11.152000,1526.512000,5.566509
26.896000,1178.832000,8.322499
28.208000,1882.064000,2.573183
0.656000,711.760000,5.768411
17.712000,2688.944000,1.205523
20.336000,2244.176000,3.739104
13.776000,2860.816000,7.020392
37.392000,3114.032000,1.940997
29.520000,413.936000,1.316298
37.392000,3121.904000,4.693521
17.712000,1577.680000,5.234099
4.592000,1971.280000,4.049953
4.592000,1493.712000,3.672434
1.968000,2151.024000,1.214773
22.960000,322.096000,2.100087
32.144000,2440.976000,3.657159
16.400000,127.920000,0.879597
1.968000,768.176000,2.211676
8.528000,173.840000,1.561259
12.464000,2681.072000,3.693857
19.024000,2296.656000,3.789058
30.832000,1883.376000,1.651094
7.216000,1921.424000,1.331295
38.704000,471.664000,1.794403
9.840000,2329.456000,3.103777
13.776000,1568.496000,1.757667
1.968000,2237.616000,2.761103
34.768000,804.912000,2.014980
17.712000,1004.336000,2.611168
37.392000,2955.280000,3.886273
0.656000,179.088000,1.274566
29.520000,2783.408000,6.125218
22.960000,1177.520000,3.510058
16.400000,2602.352000,4.858349
36.080000,3047.120000,9.741106
3.280000,2633.840000,1.392946
29.520000,2199.568000,2.149626
8.528000,2451.472000,6.932367
16.400000,1773.168000,7.023209
9.840000,113.488000,4.058068
20.336000,2464.592000,4.137703
21.648000,1055.504000,1.328780
21.648000,1463.536000,7.514964
17.712000,2974.960000,1.393297
12.464000,1210.320000,21.334328
9.840000,2894.928000,1.839562
29.520000,1771.856000,1.972696
36.080000,2691.568000,1.498929
9.840000,601.552000,0.992263
28.208000,402.128000,1.413062
0.656000,589.744000,4.373431
15.088000,1918.800000,0.803854
0.656000,2997.264000,1.002565
19.024000,2648.272000,9.162726
28.208000,469.040000,8.358136
21.648000,881.008000,2.570430
15.088000,1186.704000,9.386503
8.528000,1195.888000,0.768080
17.712000,1060.752000,4.031605
17.712000,1348.080000,2.730926
19.024000,373.264000,6.808980
16.400000,3079.920000,0.793787
36.080000,1773.168000,2.302612
34.768000,427.056000,14.663556
13.776000,827.216000,1.276424
30.832000,1955.536000,2.200444
25.584000,1897.808000,1.110856
5.904000,690.768000,4.597347
26.896000,2430.480000,2.380433
29.520000,483.472000,11.610919
11.152000,2255.984000,0.741702
36.080000,2103.792000,2.816955
22.960000,91.184000,8.821650
38.704000,1811.216000,3.945990
24.272000,3159.952000,0.783392
8.528000,824.592000,2.036016
12.464000,285.360000,1.347980
36.080000,1502.896000,3.534319
8.528000,2633.840000,3.540244
17.712000,2539.376000,1.384701
8.528000,521.520000,1.450374
36.080000,1942.416000,0.977050
38.704000,1817.776000,1.017080
34.768000,1895.184000,1.409615
9.840000,2761.104000,3.776466
29.520000,2022.448000,1.829895
33.456000,1698.384000,4.111084
22.960000,32.144000,5.822881
36.080000,1291.664000,2.242609
5.904000,1236.560000,0.950896
34.768000,1537.008000,2.027633
9.840000,651.408000,3.099943
36.080000,2097.232000,10.780949
20.336000,852.144000,0.862548
22.960000,650.096000,1.706057
16.400000,64.944000,2.882864
15.088000,3195.376000,1.029490
32.144000,605.488000,1.896680
11.152000,1714.128000,1.269507
29.520000,1278.544000,1.482909
16.400000,3190.128000,5.630454
22.960000,1727.248000,3.903991
9.840000,2548.560000,8.168847
4.592000,1863.696000,5.426757
17.712000,2304.528000,1.176977
22.960000,2152.336000,1.985702
5.904000,2156.272000,2.660141
29.520000,2391.120000,0.850312
36.080000,2189.072000,5.602879
19.024000,1286.416000,2.405542
3.280000,1740.368000,1.385966
0.656000,1781.040000,6.892819
16.400000,1938.480000,3.381856
26.896000,400.816000,11.313423
22.960000,3152.080000,2.590055
19.024000,1164.400000,6.837208
4.592000,2864.752000,4.643461
0.656000,2900.176000,2.706177
28.208000,2090.672000,1.075733
30.832000,3204.560000,1.831331
19.024000,2468.528000,0.966068
26.896000,2532.816000,2.539214
3.280000,2879.184000,9.135067
38.704000,1257.552000,1.761339
33.456000,1164.400000,1.438824
13.776000,2616.784000,1.137268
11.152000,853.456000,0.732195
29.520000,3094.352000,1.407990
26.896000,2321.584000,1.787901
1.968000,175.152000,0.670790
3.280000,1369.072000,9.173807
3.280000,2215.312000,5.041440
3.280000,84.624000,2.940338
19.024000,3006.448000,0.934094
37.392000,912.496000,0.942758
38.704000,1506.832000,3.233314
3.280000,2279.600000,0.809101
17.712000,1022.704000,0.768660
8.528000,1290.352000,6.744118
36.080000,1084.368000,3.336862
12.464000,64.944000,0.728355
9.840000,2673.200000,1.042713
1.968000,621.232000,3.155062
1.968000,1308.720000,4.018355
34.768000,1468.784000,4.752131
32.144000,1958.160000,5.910290
19.024000,1401.872000,10.002704
24.272000,383.760000,2.745458
29.520000,1783.664000,1.916935
33.456000,3211.120000,9.319749
29.520000,2826.704000,2.156764
11.152000,2405.552000,9.112406
9.840000,2233.680000,4.114623
20.336000,3182.256000,9.500377
1.968000,240.752000,5.100206
28.208000,120.048000,1.602366
24.272000,1707.568000,1.074580
19.024000,1720.688000,1.917060
34.768000,1214.256000,7.995428
1.968000,2635.152000,2.976574
28.208000,371.952000,0.970507
13.776000,2904.112000,1.740003
38.704000,1565.872000,1.616986
38.704000,2834.576000,5.087689
19.024000,2787.344000,1.286874
26.896000,1185.392000,2.571134
16.400000,1487.152000,1.277728
21.648000,1034.512000,1.115289
15.088000,155.472000,1.219186
36.080000,678.960000,1.489401
9.840000,2620.720000,4.906013
24.272000,444.112000,1.100223
1.968000,2275.664000,0.735256
7.216000,2231.056000,1.327447
25.584000,1226.064000,0.874210
8.528000,1609.168000,8.108963
7.216000,2039.504000,2.024658
33.456000,685.520000,1.769184
26.896000,1373.008000,2.351540
36.080000,2091.984000,5.275052
37.392000,2871.312000,3.755389
9.840000,2597.104000,7.296730
13.776000,1969.968000,1.054261
25.584000,2627.280000,4.439092
33.456000,2144.464000,2.544940
20.336000,720.944000,1.620231
15.088000,794.416000,0.843804
29.520000,3019.568000,1.537061
32.144000,1292.976000,5.998871
34.768000,2405.552000,1.050156
36.080000,361.456000,5.668565
5.904000,2665.328000,0.758432
29.520000,454.608000,0.926822
32.144000,2876.560000,4.055218
32.144000,630.416000,7.994290
21.648000,190.896000,5.905506
5.904000,1348.080000,10.973171
29.520000,693.392000,6.033795
19.024000,327.344000,2.647282
0.656000,3016.944000,0.901451
30.832000,1994.896000,4.662533
34.768000,1352.016000,6.096492
38.704000,929.552000,3.749954
33.456000,1454.352000,1.491458
32.144000,1594.736000,11.078936
15.088000,1165.712000,3.150967
3.280000,3041.872000,3.113086
36.080000,2687.632000,7.162639
22.960000,1992.272000,2.251096
22.960000,1464.848000,6.120891
19.024000,2940.848000,12.896025
1.968000,2124.784000,1.388987
16.400000,2451.472000,3.042538
17.712000,3013.008000,14.212780
16.400000,1140.784000,4.133955
4.592000,3196.688000,6.988345
19.024000,2270.416000,1.125149
32.144000,2775.536000,0.747766
16.400000,46.576000,4.561827
30.832000,2300.592000,5.370256
29.520000,509.712000,1.830891
7.216000,2775.536000,3.184732
33.456000,605.488000,6.522247
4.592000,2687.632000,2.580590
32.144000,1062.064000,1.515875
24.272000,1666.896000,4.422544
15.088000,1635.408000,5.880895
0.656000,480.848000,5.816539
22.960000,442.800000,1.575629
8.528000,1611.792000,5.321314
26.896000,2022.448000,4.435632
0.656000,2548.560000,5.358932
0.656000,898.064000,0.751755
34.768000,274.864000,1.753160
36.080000,1580.304000,1.616213
33.456000,3163.888000,8.048130
11.152000,982.032000,2.501437
4.592000,2686.320000,2.065630
24.272000,3128.464000,5.813102
3.280000,1987.024000,1.583080
11.152000,1910.928000,2.444567
19.024000,2905.424000,3.201628
3.280000,2362.256000,7.170265
17.712000,1842.704000,1.238123
25.584000,2349.136000,3.659207
16.400000,2233.680000,1.435910
30.832000,930.864000,1.487642
17.712000,786.544000,9.507906
0.656000,1939.792000,2.593389
34.768000,1489.776000,2.070632
34.768000,2170.704000,8.298262
4.592000,2431.792000,5.650885
22.960000,1906.992000,2.026876
26.896000,2852.944000,1.193977
21.648000,2119.536000,2.692861
24.272000,1878.128000,0.831639
30.832000,1964.720000,7.027161
29.520000,3191.440000,1.286345
21.648000,633.040000,3.209269
20.336000,2606.288000,0.929759
4.592000,2569.552000,4.216684
5.904000,2997.264000,5.443288
20.336000,2177.264000,5.135486
9.840000,491.344000,5.054195
29.520000,1164.400000,1.537762
26.896000,177.776000,1.422821
33.456000,575.312000,0.833042
37.392000,2270.416000,3.244828
30.832000,1934.544000,7.083990
5.904000,2068.368000,1.296318
37.392000,2458.032000,11.399256
24.272000,761.616000,2.173073
33.456000,2640.400000,0.929325
37.392000,829.840000,15.801026
16.400000,2488.208000,3.593966
20.336000,3191.440000,10.185044
37.392000,594.992000,3.665620
20.336000,1502.896000,1.876401
38.704000,66.256000,5.977585
36.080000,1071.248000,3.800644
9.840000,2174.640000,0.916035
29.520000,597.616000,2.648349
9.840000,1207.696000,5.475666
22.960000,652.720000,11.555205
16.400000,2439.664000,3.725541
9.840000,2631.216000,9.849682
17.712000,1807.280000,1.120036
12.464000,1757.424000,3.864013
29.520000,2771.600000,3.338164
38.704000,1921.424000,3.736913
9.840000,2788.656000,8.218804
22.960000,1656.400000,3.180372
28.208000,2095.920000,6.348979
32.144000,1576.368000,2.560755
22.960000,591.056000,4.962564
26.896000,2939.536000,2.913055
34.768000,1665.584000,4.365162
13.776000,1157.840000,1.093021
0.656000,3083.856000,1.948729
25.584000,825.904000,0.816425
30.832000,1736.432000,4.360051
11.152000,1623.600000,1.904165
21.648000,2053.936000,5.515909
26.896000,1475.344000,1.715370
15.088000,2398.992000,4.294105
22.960000,764.240000,0.718469
20.336000,2078.864000,2.163541
1.968000,1596.048000,1.909858
30.832000,423.120000,6.654437
24.272000,1964.720000,1.070706
37.392000,2549.872000,3.153818
25.584000,1043.696000,0.857028
36.080000,1034.512000,1.200901
24.272000,598.928000,2.039001
4.592000,1698.384000,16.668281
25.584000,3121.904000,2.066247
21.648000,2360.944000,10.352556
34.768000,410.000000,2.540743
28.208000,1669.520000,6.145538
33.456000,2792.592000,6.273209
1.968000,3145.520000,1.595924
12.464000,2981.520000,2.555445
5.904000,2982.832000,1.901049
16.400000,867.888000,6.261562
38.704000,2122.160000,2.945568
22.960000,92.496000,1.608484
36.080000,1460.912000,0.920171
15.088000,3135.024000,3.804664
11.152000,55.760000,2.489502
15.088000,3081.232000,2.584522
28.208000,1884.688000,1.125339
24.272000,3056.304000,0.996234
37.392000,3178.320000,1.244928
7.216000,2623.344000,5.838886
25.584000,3169.136000,0.964471
5.904000,2946.096000,1.146676
15.088000,2438.352000,0.940538
36.080000,1623.600000,0.989556
24.272000,2629.904000,2.351110
29.520000,3048.432000,2.167828
33.456000,2143.152000,1.327687
28.208000,1433.360000,1.753588
0.656000,643.536000,2.708359
19.024000,486.096000,8.180620
29.520000,745.872000,1.070936
33.456000,2204.816000,5.518207
20.336000,269.616000,7.353153
19.024000,615.984000,1.070330
22.960000,1914.864000,3.161421
16.400000,3211.120000,12.861329
33.456000,2650.896000,9.883170
38.704000,566.128000,0.769627
29.520000,3179.632000,7.058609
37.392000,2572.176000,2.789208
32.144000,1416.304000,2.876637
19.024000,299.792000,1.063509
20.336000,71.504000,6.354029
11.152000,1874.192000,1.116763
29.520000,1033.200000,1.645111
38.704000,2450.160000,3.244216
20.336000,1435.984000,9.396591
36.080000,913.808000,1.621875
17.712000,2173.328000,6.019420
32.144000,2370.128000,1.426240
30.832000,348.336000,4.539176
19.024000,2955.280000,4.443279
28.208000,2097.232000,0.700849
26.896000,1715.440000,1.630733
32.144000,772.112000,3.010195
36.080000,1694.448000,2.312198
25.584000,110.864000,2.455161
20.336000,1571.120000,1.002658
15.088000,2540.688000,7.880558
3.280000,1648.528000,1.022319
11.152000,2791.280000,4.991237
28.208000,1896.496000,1.028043
7.216000,773.424000,8.894636
25.584000,3083.856000,4.279634
19.024000,2119.536000,5.344103
12.464000,547.760000,2.856092
17.712000,2194.320000,6.210781
12.464000,147.600000,1.979894
0.656000,2337.328000,1.613436
8.528000,2065.744000,1.905874
21.648000,1897.808000,2.865918
1.968000,1636.720000,4.953667
24.272000,2055.248000,1.195135
37.392000,2232.368000,2.072827
4.592000,2383.248000,5.296334
22.960000,2355.696000,6.386242
32.144000,92.496000,0.828626
0.656000,2290.096000,9.774247
33.456000,327.344000,6.114388
28.208000,2776.848000,10.528099
13.776000,1487.152000,6.699579
30.832000,2130.032000,0.788787
37.392000,1530.448000,4.946644
4.592000,1235.248000,11.729077
3.280000,2439.664000,4.426949
33.456000,1868.944000,3.591897
11.152000,1737.744000,1.354625
4.592000,1422.864000,2.668410
5.904000,1173.584000,7.692268
11.152000,3009.072000,4.721382
29.520000,2095.920000,3.610320
38.704000,2849.008000,0.782316
8.528000,1231.312000,7.246096
26.896000,1159.152000,1.299109
4.592000,976.784000,1.176153
20.336000,2838.512000,3.538110
8.528000,854.768000,5.587762
25.584000,249.936000,1.699162
30.832000,2068.368000,2.210463
38.704000,252.560000,1.806199
7.216000,983.344000,1.770455
1.968000,3026.128000,4.551851
34.768000,2749.296000,3.993954
33.456000,714.384000,3.263525
38.704000,2951.344000,3.838343
0.656000,720.944000,4.429965
9.840000,2885.744000,3.752995
17.712000,836.400000,4.384478
29.520000,1879.440000,4.826407
20.336000,988.592000,0.745055
0.656000,1783.664000,1.923543
11.152000,3131.088000,0.712262
36.080000,1388.752000,2.247425
28.208000,225.008000,7.469131
33.456000,2690.256000,4.110036
25.584000,2002.768000,2.837140
7.216000,1027.952000,1.099343
13.776000,2200.880000,2.200251
28.208000,1122.416000,7.369545
1.968000,360.144000,3.002608
37.392000,1946.352000,1.702714
7.216000,2339.952000,8.805352
34.768000,626.480000,5.544606
15.088000,1690.512000,6.903925
0.656000,1988.336000,3.803285
36.080000,133.168000,5.090285
17.712000,1875.504000,3.079448
11.152000,820.656000,1.272207
33.456000,1867.632000,2.544760
11.152000,416.560000,6.830531
36.080000,1534.384000,1.819125
17.712000,1778.416000,10.244940
4.592000,1523.888000,9.194131
12.464000,326.032000,4.763214
8.528000,113.488000,0.780514
20.336000,2881.808000,1.389416
24.272000,139.728000,0.727850
17.712000,2027.696000,1.632206
24.272000,2688.944000,5.661138
29.520000,622.544000,4.146202
28.208000,1627.536000,3.629559
17.712000,521.520000,2.111868
36.080000,1855.824000,1.514681
24.272000,1655.088000,1.456544
22.960000,3119.280000,4.696753
38.704000,1416.304000,7.459132
1.968000,3056.304000,1.359356
7.216000,1382.192000,3.052766
20.336000,1929.296000,1.715529
1.968000,1033.200000,2.944116
0.656000,225.008000,14.447485
13.776000,2610.224000,2.680190
3.280000,156.784000,3.147917
20.336000,2780.784000,8.774281
12.464000,3074.672000,7.598266
4.592000,698.640000,2.331337
20.336000,457.232000,4.340193
1.968000,406.064000,10.843988
21.648000,2864.752000,1.955827
7.216000,3037.936000,11.023341
37.392000,669.776000,12.668085
8.528000,1973.904000,3.207251
29.520000,3199.312000,1.235921
0.656000,2153.648000,2.331250
29.520000,476.912000,2.895784
22.960000,1363.824000,1.309503
7.216000,3203.248000,6.110283
3.280000,821.968000,2.505504
11.152000,2910.672000,3.084403
19.024000,1464.848000,2.099841
8.528000,1370.384000,1.189287
37.392000,917.744000,4.271550
11.152000,497.904000,3.322124
19.024000,1131.600000,1.863996
17.712000,1626.224000,5.349801
15.088000,2105.104000,1.981491
3.280000,3098.288000,3.286298
4.592000,559.568000,5.450955
30.832000,978.096000,1.673934
22.960000,1184.080000,8.534229
9.840000,3089.104000,5.153969
37.392000,1386.128000,2.617461
26.896000,375.888000,4.876252
15.088000,970.224000,2.048542
15.088000,1895.184000,2.321172
5.904000,1228.688000,7.521696
32.144000,2346.512000,10.940209
0.656000,1382.192000,8.171548
1.968000,2077.552000,4.546050
21.648000,1905.680000,4.078378
19.024000,2597.104000,9.391770
20.336000,507.088000,0.743676
3.280000,2364.880000,2.759376
22.960000,2282.224000,1.204937
24.272000,2166.768000,4.289579
34.768000,1813.840000,9.405100
1.968000,613.360000,13.763895
28.208000,2206.128000,6.236900
30.832000,2225.808000,4.335502
29.520000,2940.848000,1.359618
8.528000,1287.728000,3.533826
13.776000,857.392000,3.822956
33.456000,2059.184000,2.792797
19.024000,2948.720000,7.035035
25.584000,2961.840000,0.945091
20.336000,2440.976000,4.921542
3.280000,563.504000,2.284419
33.456000,808.848000,2.703028
20.336000,1715.440000,0.871733
16.400000,1711.504000,0.856820
28.208000,882.320000,1.844026
21.648000,1512.080000,1.409664
11.152000,1383.504000,5.183848
16.400000,3072.048000,1.572973
25.584000,116.112000,3.685877
34.768000,2160.208000,2.754630
0.656000,3107.472000,1.779064
11.152000,2728.304000,3.808993
5.904000,949.232000,19.076607
30.832000,1572.432000,6.927176
8.528000,2400.304000,3.005558
20.336000,323.408000,1.166657
0.656000,882.320000,1.540092
30.832000,3082.544000,12.503532
21.648000,2363.568000,6.971858
0.656000,642.224000,17.880164
1.968000,2883.120000,4.733206
13.776000,1176.208000,3.150137
33.456000,291.920000,4.770412
0.656000,1926.672000,10.021992
11.152000,281.424000,4.225810
24.272000,3148.144000,4.129572
7.216000,2505.264000,1.212447
30.832000,1849.264000,2.405506
33.456000,2313.712000,5.546382
25.584000,3057.616000,3.144437
28.208000,1464.848000,7.344657
29.520000,1358.576000,15.031990
7.216000,395.568000,0.667881
22.960000,533.328000,4.009982
12.464000,980.720000,4.677105
11.152000,3140.272000,14.929022
13.776000,2948.720000,6.292342
25.584000,2606.288000,5.604816
15.088000,2643.024000,7.123722
29.520000,501.840000,5.135672
28.208000,2372.752000,6.618363
7.216000,2368.816000,1.865999
12.464000,1214.256000,1.065230
22.960000,2261.232000,2.195061
1.968000,722.256000,10.706990
5.904000,1454.352000,1.766066
22.960000,421.808000,3.688306
20.336000,2820.144000,18.493876
16.400000,186.960000,2.204832
16.400000,1702.320000,5.417069
4.592000,2957.904000,3.519951
26.896000,2013.264000,0.754219
22.960000,184.336000,4.608451
37.392000,673.712000,6.297356
22.960000,1805.968000,5.046149
36.080000,2587.920000,5.246061
8.528000,1258.864000,1.339601
32.144000,793.104000,1.669460
1.968000,253.872000,7.067839
17.712000,2036.880000,3.171715
36.080000,2375.376000,1.292687
32.144000,2884.432000,4.101299
9.840000,2822.768000,3.422245
13.776000,2215.312000,0.667119
28.208000,207.952000,0.887962
28.208000,364.080000,5.865459
12.464000,141.040000,3.072564
32.144000,3068.112000,4.798570
19.024000,1882.064000,1.637657
38.704000,2971.024000,1.232759
3.280000,79.376000,1.367876
0.656000,238.128000,4.383584
19.024000,45.264000,6.552121
3.280000,587.120000,17.622341
20.336000,827.216000,4.241222
33.456000,1484.528000,2.188403
33.456000,3196.688000,5.482069
13.776000,259.120000,6.006415
33.456000,2551.184000,1.645029
26.896000,2405.552000,1.567366
34.768000,2968.400000,0.802636
15.088000,951.856000,0.773510
4.592000,89.872000,6.041166
28.208000,2360.944000,17.067900
19.024000,158.096000,7.340988
38.704000,1206.384000,9.071198
25.584000,1296.912000,2.505625
25.584000,2383.248000,4.178975
38.704000,1456.976000,2.326260
8.528000,2389.808000,4.163324
21.648000,1115.856000,1.210551
12.464000,2766.352000,6.118771
24.272000,757.680000,2.527424
13.776000,2552.496000,13.541859
32.144000,2688.944000,1.118652
12.464000,612.048000,1.819768
13.776000,2358.320000,4.900111
16.400000,2031.632000,0.762808
3.280000,2627.280000,1.242361
13.776000,740.624000,2.152615
12.464000,74.128000,1.628212
24.272000,1250.992000,9.686148
1.968000,1.968000,1.013405
19.024000,1535.696000,3.601887
8.528000,3011.696000,3.790364
7.216000,2856.880000,6.953558
26.896000,1223.440000,2.508240
26.896000,1303.472000,2.448006
19.024000,2856.880000,3.238277
34.768000,344.400000,2.500790
25.584000,2910.672000,3.796117
9.840000,30.832000,6.375113
0.656000,1195.888000,1.489581
3.280000,1144.720000,5.785989
38.704000,736.688000,4.065933
11.152000,2506.576000,1.626441
0.656000,2182.512000,1.900811
1.968000,2358.320000,2.407027
13.776000,1989.648000,5.867753
7.216000,2681.072000,0.897241
15.088000,2309.776000,1.486642
30.832000,1707.568000,4.164553
0.656000,726.192000,3.808317
0.656000,2864.752000,10.300854
15.088000,1387.440000,1.524141
7.216000,828.528000,5.917828
19.024000,1710.192000,1.767387
30.832000,277.488000,5.083060
12.464000,1290.352000,6.464843
19.024000,2977.584000,14.685318
11.152000,530.704000,6.700849
32.144000,2106.416000,0.758223
3.280000,2837.200000,1.918339
13.776000,2388.496000,4.954572
22.960000,793.104000,1.121498
16.400000,3116.656000,4.970830
8.528000,2822.768000,3.231861
37.392000,2166.768000,0.904804
19.024000,551.696000,3.452481
9.840000,219.760000,1.500870
20.336000,837.712000,1.824454
29.520000,451.984000,5.315468
22.960000,1056.816000,2.159844
22.960000,89.872000,1.502503
5.904000,1742.992000,3.205016
13.776000,1142.096000,1.182280
7.216000,1380.880000,1.405557
13.776000,438.864000,9.137828
22.960000,1176.208000,4.227868
19.024000,1353.328000,1.115461
11.152000,226.320000,0.910143
30.832000,2210.064000,0.817724
16.400000,1975.216000,1.198081
3.280000,370.640000,0.946414
25.584000,1745.616000,6.089154
32.144000,968.912000,1.208484
9.840000,808.848000,8.320852
32.144000,188.272000,4.008370
30.832000,323.408000,4.220943
5.904000,3204.560000,9.492524
20.336000,621.232000,1.623370
9.840000,131.856000,3.881862
34.768000,2883.120000,3.276090
8.528000,533.328000,0.880163
20.336000,558.256000,2.430206
26.896000,2347.824000,1.575713
13.776000,2729.616000,6.709627
15.088000,2607.600000,11.138465
29.520000,777.360000,2.392867
29.520000,2191.696000,8.119544
29.520000,2472.464000,1.495834
22.960000,1941.104000,0.872905
26.896000,312.912000,1.062657
5.904000,240.752000,4.428623
11.152000,1277.232000,9.650521
26.896000,2143.152000,2.089579
8.528000,1345.456000,1.834460
7.216000,1417.616000,1.226331
17.712000,795.728000,5.808931
36.080000,1160.464000,0.945445
34.768000,424.432000,7.346275
9.840000,660.592000,0.868478
16.400000,622.544000,3.807540
26.896000,1315.280000,4.471646
17.712000,3035.312000,1.831294
8.528000,1809.904000,2.207746
12.464000,2458.032000,1.184842
34.768000,907.248000,3.893073
33.456000,491.344000,2.813587
21.648000,1491.088000,1.423563
28.208000,1045.008000,4.217969
4.592000,1155.216000,1.988305
37.392000,757.680000,11.462983
25.584000,82.000000,2.809181
3.280000,2791.280000,0.708456
4.592000,1647.216000,1.699690
19.024000,1030.576000,3.437940
4.592000,87.248000,3.013552
33.456000,289.296000,14.942669
34.768000,3169.136000,5.511966
28.208000,2324.208000,8.865805
37.392000,1012.208000,11.146089
29.520000,672.400000,3.593983
28.208000,303.728000,0.881089
7.216000,1205.072000,5.590653
4.592000,2965.776000,4.028687
4.592000,50.512000,3.381903
26.896000,2404.240000,2.435059
25.584000,2931.664000,2.551174
21.648000,2231.056000,1.938453
37.392000,2004.080000,0.967586
17.712000,2896.240000,2.107195
29.520000,2485.584000,2.160874
5.904000,1492.400000,2.674221
30.832000,1383.504000,1.094083
38.704000,2885.744000,4.892403
3.280000,1905.680000,3.122357
38.704000,1417.616000,4.335820
3.280000,1997.520000,8.984395
25.584000,2494.768000,2.093023
5.904000,2015.888000,4.104838
3.280000,678.960000,1.290008
7.216000,1990.960000,3.026425
16.400000,2088.048000,12.275478
8.528000,2370.128000,1.646313
38.704000,2098.544000,1.113703
20.336000,1615.728000,6.233735
11.152000,2863.440000,10.744324
19.024000,2338.640000,4.093782
11.152000,2808.336000,2.615992
16.400000,1880.752000,4.860413
32.144000,808.848000,0.817501
25.584000,3099.600000,3.346109
13.776000,1300.848000,3.671877
26.896000,791.792000,3.271309
7.216000,2888.368000,2.723369
37.392000,1209.008000,1.227929
25.584000,177.776000,3.474434
0.656000,2820.144000,1.282541
21.648000,1861.072000,1.173744
28.208000,1105.360000,4.492440
3.280000,252.560000,0.733601
1.968000,28.208000,1.564100
33.456000,1739.056000,2.929209
7.216000,2627.280000,6.446820
4.592000,1463.536000,6.261013
34.768000,2409.488000,2.894465
29.520000,1123.728000,5.269423
11.152000,1100.112000,7.853458
32.144000,1253.616000,2.875787
30.832000,2047.376000,0.985004
15.088000,1083.056000,5.857921
17.712000,1543.568000,6.258484
1.968000,2406.864000,2.478659
9.840000,702.576000,7.886962
13.776000,168.592000,0.753195
33.456000,1547.504000,6.012798
29.520000,2435.728000,9.932559
36.080000,541.200000,3.258807
21.648000,32.144000,5.534357
7.216000,1416.304000,4.369673
9.840000,3114.032000,1.044927
3.280000,943.984000,1.208996
33.456000,1540.944000,6.572389
1.968000,2652.208000,2.542487
1.968000,2471.152000,7.566341
34.768000,1017.456000,2.867269
12.464000,2338.640000,3.409621
34.768000,1294.288000,4.279266
38.704000,1711.504000,4.575410
38.704000,2154.960000,2.003330
33.456000,2107.728000,3.422409
19.024000,89.872000,8.287777
30.832000,2244.176000,21.282735
5.904000,1733.808000,3.378868
30.832000,1939.792000,1.525759
28.208000,2535.440000,0.819685
24.272000,1861.072000,1.271701
13.776000,802.288000,0.745739
32.144000,1467.472000,6.136933
17.712000,2009.328000,1.790729
30.832000,1401.872000,19.143294
19.024000,1560.624000,4.612657
38.704000,2616.784000,8.617989
3.280000,2900.176000,1.617822
29.520000,2519.696000,3.380476
4.592000,926.928000,9.481283
17.712000,3087.792000,7.409443
1.968000,2632.528000,1.965201
38.704000,2990.704000,1.551842
7.216000,2447.536000,1.207429
30.832000,192.208000,0.914165
26.896000,2236.304000,2.419324
28.208000,1071.248000,1.159590
32.144000,525.456000,3.835149
8.528000,2074.928000,15.254717
37.392000,1285.104000,4.852924
0.656000,1872.880000,4.534425
7.216000,12.464000,2.391574
8.528000,2031.632000,13.245621
20.336000,1702.320000,3.889805
3.280000,2771.600000,2.783057
21.648000,2900.176000,1.537520
13.776000,2652.208000,4.821912
19.024000,1135.536000,5.888527
34.768000,479.536000,8.589536
24.272000,260.432000,4.393163
28.208000,1782.352000,5.203364
34.768000,3030.064000,3.406666
37.392000,1979.152000,11.044365
15.088000,1758.736000,1.150448
22.960000,1462.224000,2.392892
17.712000,273.552000,4.064798
37.392000,2542.000000,4.319792
36.080000,459.856000,6.449954
33.456000,3204.560000,7.299810
36.080000,2241.552000,3.490773
29.520000,1592.112000,5.411286
30.832000,731.440000,2.778326
5.904000,2120.848000,4.125301
30.832000,1009.584000,6.440190
25.584000,1089.616000,2.667165
8.528000,1376.944000,2.915514
15.088000,554.320000,5.807374
28.208000,613.360000,3.551931
25.584000,2562.992000,2.390036
0.656000,91.184000,0.702322
11.152000,1748.240000,1.757459
22.960000,3163.888000,2.604410
3.280000,196.144000,4.619364
16.400000,1841.392000,1.017776
28.208000,1572.432000,5.097623
21.648000,1488.464000,10.298620
36.080000,2357.008000,1.151095
26.896000,985.968000,3.493386
36.080000,465.104000,6.384947
38.704000,564.816000,1.967443
20.336000,2582.672000,5.245187
8.528000,1836.144000,4.125340
26.896000,2038.192000,0.924927
17.712000,1504.208000,3.527604
0.656000,1732.496000,1.141991
0.656000,762.928000,3.256418
32.144000,1924.048000,2.007949
3.280000,574.000000,5.939864
29.520000,1104.048000,1.299073
36.080000,3020.880000,11.549772
1.968000,3082.544000,7.334829
17.712000,1149.968000,0.818259
32.144000,2927.728000,0.952757
16.400000,3182.256000,1.565127
0.656000,671.088000,10.021541
1.968000,1976.528000,1.975909
15.088000,1908.304000,4.335997
17.712000,499.216000,1.884674
16.400000,1366.448000,2.000295
29.520000,688.144000,5.426112
37.392000,1089.616000,1.311864
36.080000,2974.960000,1.405877
15.088000,2700.752000,2.745663
19.024000,1605.232000,1.518166
13.776000,350.960000,0.909380
19.024000,744.560000,2.640338
16.400000,1174.896000,1.970799
15.088000,142.352000,2.051175
33.456000,2805.712000,1.429282
8.528000,1702.320000,11.400956
19.024000,1815.152000,12.554831
34.768000,2969.712000,2.232710
24.272000,114.800000,1.970813
21.648000,1924.048000,2.071599
17.712000,1052.880000,3.127053
19.024000,197.456000,9.230341
12.464000,1728.560000,1.422580
32.144000,2189.072000,1.329292
33.456000,1643.280000,3.352816
7.216000,661.904000,1.050456
36.080000,192.208000,3.739294
21.648000,773.424000,3.283429
22.960000,1304.784000,1.254943
19.024000,1703.632000,2.598110
3.280000,341.776000,0.792713
9.840000,117.424000,11.092225
17.712000,209.264000,1.406358
7.216000,1489.776000,1.497849
4.592000,770.800000,8.068800
28.208000,682.896000,1.523812
33.456000,1076.496000,3.084146
1.968000,741.936000,0.992101
12.464000,184.336000,1.749701
4.592000,3099.600000,8.700547
38.704000,1228.688000,1.106813
37.392000,340.464000,2.093307
20.336000,225.008000,4.028833
7.216000,651.408000,2.863246
30.832000,1719.376000,3.201013
15.088000,816.720000,1.851236
22.960000,3184.880000,1.651341
29.520000,1670.832000,2.236291
0.656000,592.368000,7.208706
1.968000,1795.472000,2.472061
25.584000,955.792000,14.099083
15.088000,2532.816000,4.940962
38.704000,782.608000,3.104936
34.768000,1586.864000,1.190007
13.776000,1643.280000,8.438814
17.712000,1039.760000,0.990206
12.464000,2917.232000,2.648714
15.088000,2564.304000,1.346082
22.960000,314.224000,1.109447
32.144000,2208.752000,1.384090
20.336000,3204.560000,5.708431
37.392000,2383.248000,2.746137
1.968000,1338.896000,0.984096
24.272000,2011.952000,3.207153
3.280000,2435.728000,1.245353
1.968000,2645.648000,1.684664
20.336000,943.984000,2.173423
7.216000,2944.784000,6.656356
15.088000,383.760000,1.299603
3.280000,655.344000,4.747795
38.704000,593.680000,9.538392
13.776000,120.048000,4.027864
9.840000,619.920000,2.113832
9.840000,1265.424000,2.859205
25.584000,2102.480000,2.939422
7.216000,3068.112000,1.051525
33.456000,2070.992000,7.692847
32.144000,1185.392000,0.689245
26.896000,2252.048000,3.461041
4.592000,378.512000,5.553537
26.896000,1417.616000,5.501153
12.464000,627.792000,4.148762
28.208000,308.976000,1.384762
8.528000,2405.552000,6.745470
12.464000,2422.608000,0.839759
20.336000,1786.288000,3.598123
8.528000,389.008000,1.930066
8.528000,2881.808000,2.996319
30.832000,1029.264000,0.944899
21.648000,1178.832000,1.722657
16.400000,2465.904000,2.777331
1.968000,1732.496000,2.481351
30.832000,785.232000,1.790310
28.208000,2905.424000,3.698042
21.648000,1649.840000,0.658388
5.904000,2633.840000,0.676962
3.280000,840.336000,2.049933
5.904000,3074.672000,4.699077
22.960000,3141.584000,6.019753
4.592000,1209.008000,4.909716
38.704000,2035.568000,1.902457
4.592000,1926.672000,1.442434
7.216000,399.504000,21.940688
22.960000,951.856000,4.643015
5.904000,3024.816000,9.039092
17.712000,2143.152000,2.346252
17.712000,1346.768000,2.684757
11.152000,2846.384000,6.073255
26.896000,1861.072000,1.058335
12.464000,1719.376000,3.602745
1.968000,2030.320000,5.105058
15.088000,1887.312000,2.055150
36.080000,1593.424000,6.783004
29.520000,2629.904000,3.980382
19.024000,572.688000,5.576026
24.272000,218.448000,4.918727
26.896000,2014.576000,0.666839
0.656000,2098.544000,3.474802
16.400000,1004.336000,2.884989
8.528000,1727.248000,3.824557
30.832000,1077.808000,2.469525
15.088000,993.840000,0.864551
28.208000,256.496000,9.414574
3.280000,1450.416000,3.201638
21.648000,1194.576000,2.953541
30.832000,3060.240000,3.506858
19.024000,1836.144000,6.753598
33.456000,1333.648000,4.245261
29.520000,535.952000,2.090461
24.272000,734.064000,4.342259
33.456000,1956.848000,3.538935
30.832000,2021.136000,0.802445
37.392000,1373.008000,2.342337
25.584000,979.408000,6.367379
20.336000,2547.248000,5.609834
26.896000,2465.904000,1.673218
9.840000,807.536000,1.978618
38.704000,1122.416000,1.165930
1.968000,815.408000,5.006485
16.400000,1182.768000,3.988041
34.768000,2493.456000,2.707531
24.272000,1760.048000,7.851359
1.968000,100.368000,4.122943
24.272000,2090.672000,1.412963
22.960000,685.520000,1.728869
15.088000,326.032000,1.503112
12.464000,732.752000,8.422903
4.592000,985.968000,2.922100
28.208000,1161.776000,7.445106
17.712000,190.896000,15.472727
22.960000,2021.136000,7.073193
37.392000,475.600000,0.688917
32.144000,2183.824000,1.989913
9.840000,1830.896000,8.367047
11.152000,580.560000,1.921453
3.280000,3184.880000,5.638007
29.520000,2290.096000,5.811875
11.152000,3187.504000,3.935841
21.648000,1912.240000,3.871399
13.776000,1749.552000,2.896711
11.152000,1170.960000,6.941218
33.456000,821.968000,2.467852
11.152000,724.880000,2.154783
4.592000,1114.544000,10.087762
4.592000,2278.288000,12.362175
13.776000,2417.360000,4.000554
28.208000,3141.584000,2.722039
24.272000,238.128000,3.295469
38.704000,2419.984000,2.589069
7.216000,2161.520000,1.579258
13.776000,2751.920000,13.304223
34.768000,1286.416000,7.945932
17.712000,2692.880000,8.264487
28.208000,2261.232000,15.671655
28.208000,1955.536000,5.370045
9.840000,978.096000,1.042480
20.336000,2459.344000,2.959848
9.840000,1250.992000,5.223997
33.456000,169.904000,5.536068
33.456000,2968.400000,3.510642
25.584000,121.360000,3.892542
16.400000,1323.152000,1.163756
30.832000,554.320000,3.186493
36.080000,302.416000,0.813119
36.080000,1820.400000,1.730150
19.024000,646.160000,6.181485
11.152000,2392.432000,1.385288
28.208000,105.616000,1.270055
21.648000,2442.288000,5.192548
24.272000,985.968000,5.960759
33.456000,609.424000,4.261928
0.656000,2940.848000,10.611319
26.896000,493.968000,1.794327
13.776000,1209.008000,3.112456
7.216000,3163.888000,0.936849
33.456000,1632.784000,1.020691
17.712000,2611.536000,5.246291
9.840000,781.296000,9.872718
17.712000,925.616000,2.514336
36.080000,1805.968000,2.181779
28.208000,2685.008000,6.798366
24.272000,234.192000,5.005594
19.024000,2509.200000,3.053599
24.272000,2118.224000,1.881605
0.656000,644.848000,4.707680
1.968000,3194.064000,5.312535
22.960000,3013.008000,4.198913
12.464000,860.016000,1.232809
13.776000,2639.088000,2.694184
21.648000,1598.672000,0.951191
17.712000,1205.072000,2.912512
11.152000,2572.176000,10.300590
11.152000,1353.328000,1.742972
29.520000,1495.024000,3.805416
11.152000,1033.200000,4.564421
7.216000,2587.920000,9.819871
7.216000,2355.696000,2.182286
7.216000,2720.432000,2.283970
26.896000,1308.720000,4.384152
17.712000,1010.896000,2.050773
17.712000,2270.416000,6.102474
4.592000,1920.112000,6.787466
37.392000,3131.088000,1.667656
38.704000,206.640000,2.032904
9.840000,1935.856000,2.135371
34.768000,1737.744000,8.682062
37.392000,554.320000,6.895411
37.392000,1981.776000,12.399814
4.592000,290.608000,4.874579
22.960000,1098.800000,1.212721
19.024000,2354.384000,4.959219
30.832000,1599.984000,3.827530
30.832000,375.888000,3.230335
25.584000,829.840000,3.642805
1.968000,517.584000,7.214071
34.768000,1496.336000,2.719979
5.904000,2839.824000,4.935907
21.648000,1460.912000,4.622361
32.144000,967.600000,3.144936
26.896000,1816.464000,3.490141
34.768000,2658.768000,3.950793
28.208000,1236.560000,2.377581
7.216000,2198.256000,1.304009
19.024000,2038.192000,7.235606
28.208000,2538.064000,6.951712
24.272000,2378.000000,9.502972
9.840000,2430.480000,8.905075
20.336000,1939.792000,1.603127
30.832000,656.656000,2.601968
1.968000,1135.536000,3.292419
3.280000,1132.912000,5.618748
30.832000,2112.976000,7.816605
25.584000,2120.848000,2.408110
9.840000,703.888000,1.970726
37.392000,2392.432000,4.876729
37.392000,2267.792000,0.918042
29.520000,904.624000,8.233749
9.840000,2011.952000,2.333174
32.144000,1535.696000,1.292266
0.656000,482.160000,6.452441
3.280000,1182.768000,2.029590
7.216000,735.376000,1.891391
11.152000,2461.968000,9.026641
20.336000,92.496000,5.542716
1.968000,3027.440000,1.429678
37.392000,768.176000,2.027994
32.144000,1868.944000,2.577637
4.592000,1010.896000,3.330888
21.648000,467.728000,4.600645
29.520000,2464.592000,3.575718
36.080000,202.704000,2.055888
28.208000,782.608000,1.403710
12.464000,2443.600000,3.456944
38.704000,215.824000,7.077502
8.528000,3005.136000,2.892889
38.704000,1492.400000,8.530615
32.144000,1224.752000,1.158512
4.592000,3107.472000,9.542102
37.392000,2165.456000,3.312600
15.088000,284.048000,8.128352
16.400000,1603.920000,7.302830
8.528000,1097.488000,1.502411
7.216000,2480.336000,1.331974
3.280000,1560.624000,3.147091
32.144000,2645.648000,3.383864
25.584000,75.440000,1.777638
32.144000,2712.560000,5.658555
7.216000,2402.928000,11.691291
38.704000,349.648000,4.423838
19.024000,1034.512000,5.803716
36.080000,2109.040000,0.785906
0.656000,621.232000,1.816138
24.272000,1931.920000,9.851448
0.656000,1127.664000,1.277037
1.968000,1941.104000,2.506026
36.080000,308.976000,16.125690
34.768000,1699.696000,0.806481
15.088000,873.136000,3.326148
0.656000,141.040000,3.017634
34.768000,669.776000,1.288101
26.896000,2442.288000,1.700659
36.080000,2337.328000,2.923030
19.024000,1058.128000,7.454850
28.208000,1508.144000,3.297795
22.960000,1361.200000,10.452983
26.896000,966.288000,2.908558
33.456000,2354.384000,1.485880
3.280000,2839.824000,3.340598
5.904000,2431.792000,5.920848
24.272000,2473.776000,7.509517
20.336000,3209.808000,0.899238
12.464000,455.920000,2.969990
25.584000,29.520000,2.980344
3.280000,846.896000,17.431955
12.464000,2425.232000,5.753654
26.896000,377.200000,1.556885
24.272000,3108.784000,7.815311
5.904000,2679.760000,1.331326
3.280000,1931.920000,2.589141
38.704000,1324.464000,0.841992
0.656000,2854.256000,3.094699
38.704000,2488.208000,0.721493
3.280000,160.720000,6.740396
37.392000,1086.992000,10.581636
32.144000,2196.944000,1.939100
34.768000,125.296000,4.229922
11.152000,3072.048000,1.405525
38.704000,2351.760000,8.262945
25.584000,2610.224000,1.000639
8.528000,1605.232000,3.252700
1.968000,2553.808000,2.129487
30.832000,928.240000,5.015205
22.960000,2257.296000,1.250380
20.336000,63.632000,3.282469
21.648000,3217.680000,1.161106
19.024000,1224.752000,5.903381
12.464000,587.120000,5.053881
26.896000,1037.136000,8.155419
4.592000,1071.248000,4.240372
38.704000,2814.896000,0.689410
4.592000,2237.616000,5.569507
36.080000,1157.840000,1.214060
30.832000,2430.480000,8.006308
37.392000,2010.640000,4.216364
38.704000,681.584000,1.421297
17.712000,328.656000,3.450365
38.704000,1829.584000,8.604354
22.960000,1426.800000,8.116504
34.768000,19.024000,2.891889
3.280000,1918.800000,1.908044
20.336000,841.648000,11.947193
33.456000,2347.824000,0.774929
7.216000,144.976000,0.787382
1.968000,1808.592000,6.032633
24.272000,1551.440000,4.249346
36.080000,2305.840000,4.458156
19.024000,2544.624000,6.877315
38.704000,2972.336000,3.403564
25.584000,1791.536000,3.790510
19.024000,884.944000,2.816277
19.024000,1588.176000,0.760694
13.776000,2759.792000,3.729793
17.712000,12.464000,13.497939
1.968000,904.624000,1.492211
29.520000,2035.568000,1.738438
16.400000,2682.384000,3.189256
0.656000,2641.712000,2.549362
30.832000,3221.616000,2.400633
22.960000,1964.720000,5.219928
12.464000,327.344000,1.094220
29.520000,54.448000,3.249858
13.776000,2648.272000,3.698330
4.592000,1132.912000,2.733268
15.088000,3020.880000,6.866705
34.768000,2598.416000,3.057085
30.832000,1446.480000,15.161107
33.456000,585.808000,3.291326
38.704000,2976.272000,2.335188
0.656000,2517.072000,2.861480
5.904000,1203.760000,0.934381
1.968000,2636.464000,0.719496
36.080000,2867.376000,1.713930
19.024000,306.352000,2.270964
3.280000,647.472000,1.420217
15.088000,2910.672000,4.600372
25.584000,862.640000,1.406743
11.152000,811.472000,1.218366
26.896000,1013.520000,3.961019
7.216000,574.000000,0.730910
33.456000,2160.208000,2.289334
30.832000,1809.904000,11.750207
1.968000,2666.640000,2.291625
28.208000,2240.240000,1.199993
36.080000,2510.512000,3.373650
7.216000,1081.744000,6.448921
8.528000,975.472000,1.067672
15.088000,1998.832000,5.732675
22.960000,1618.352000,2.907559
0.656000,739.312000,3.680532
29.520000,720.944000,1.986960
37.392000,3019.568000,0.948853
0.656000,2248.112000,7.372380
11.152000,2501.328000,0.668526
36.080000,1993.584000,2.322766
7.216000,976.784000,3.549753
0.656000,2430.480000,1.900738
30.832000,1495.024000,6.256976
5.904000,3196.688000,11.271352
8.528000,2269.104000,1.872605
3.280000,1534.384000,2.403176
28.208000,2675.824000,2.096745
37.392000,968.912000,1.625660
15.088000,769.488000,1.824375
29.520000,2776.848000,1.639799
29.520000,922.992000,1.852649
8.528000,967.600000,3.832920
33.456000,3056.304000,3.856831
4.592000,1638.032000,2.538960
34.768000,1240.496000,2.439161
11.152000,522.832000,5.896665
33.456000,154.160000,2.272758
12.464000,1338.896000,1.697611
33.456000,3200.624000,2.258055
13.776000,2940.848000,2.636499
7.216000,440.176000,1.402790
15.088000,1687.888000,4.561056
16.400000,2179.888000,12.249608
15.088000,2573.488000,1.505316
26.896000,2527.568000,3.099613
8.528000,1268.048000,1.027590
16.400000,2227.120000,3.880745
8.528000,2002.768000,2.456524
9.840000,373.264000,1.498044
30.832000,2890.992000,4.689541
19.024000,2507.888000,3.837688
20.336000,2755.856000,3.252011
4.592000,2950.032000,8.787456
17.712000,266.992000,7.737344
12.464000,305.040000,2.002401
11.152000,173.840000,7.277770
34.768000,2514.448000,0.893560
19.024000,1871.568000,1.678352
16.400000,979.408000,1.075248
32.144000,1009.584000,0.895076
32.144000,598.928000,5.755230
15.088000,1645.904000,2.806566
17.712000,2346.512000,7.799996
26.896000,1371.696000,0.685787
8.528000,3138.960000,8.681284
38.704000,1110.608000,1.368986
7.216000,819.344000,2.023824
1.968000,2875.248000,4.781488
15.088000,434.928000,2.450841
38.704000,2666.640000,10.824386
12.464000,2078.864000,7.979759
30.832000,1742.992000,4.380834
4.592000,126.608000,2.942188
25.584000,1777.104000,2.379215
15.088000,2160.208000,0.956411
8.528000,1228.688000,8.150337
36.080000,741.936000,1.441250
0.656000,2712.560000,3.001109
1.968000,3199.312000,2.947987
4.592000,1518.640000,1.647173
16.400000,2333.392000,1.768706
0.656000,2312.400000,2.021634
25.584000,2506.576000,0.762453
21.648000,2646.960000,2.961988
16.400000,773.424000,2.464464
28.208000,465.104000,8.399371
38.704000,1554.064000,2.256553
16.400000,2716.496000,5.839217
26.896000,2738.800000,10.098096
0.656000,2486.896000,1.459107
0.656000,2740.112000,6.221221
9.840000,2294.032000,3.329108
9.840000,2709.936000,1.883259
25.584000,3212.432000,9.574705
25.584000,2629.904000,9.515808
28.208000,85.936000,7.647830
16.400000,314.224000,0.879060
38.704000,1754.800000,2.517530
22.960000,3123.216000,6.819916
16.400000,1102.736000,0.785938
24.272000,2931.664000,2.645303
17.712000,2561.680000,2.467241
33.456000,1475.344000,1.072388
21.648000,1063.376000,1.505323
19.024000,1.968000,0.671438
8.528000,1340.208000,1.907453
5.904000,1866.320000,8.181147
28.208000,705.200000,3.236420
22.960000,402.128000,4.858039
29.520000,221.072000,3.127161
12.464000,5.904000,2.998937
16.400000,2189.072000,1.634888
1.968000,1784.976000,4.159680
7.216000,3091.728000,9.087417
34.768000,731.440000,7.495885
15.088000,1824.336000,2.984359
24.272000,407.376000,4.696830
29.520000,2664.016000,15.215595
9.840000,2336.016000,5.271409
17.712000,1088.304000,2.589459
24.272000,2233.680000,6.374209
1.968000,2084.112000,1.909206
5.904000,2850.320000,10.107475
0.656000,2625.968000,2.678810
8.528000,2658.768000,2.032126
3.280000,1376.944000,2.322256
20.336000,524.144000,2.076040
13.776000,83.312000,5.491534
30.832000,2732.240000,4.737159
33.456000,1808.592000,6.242511
11.152000,1972.592000,1.510759
29.520000,1115.856000,4.789486
38.704000,1627.536000,1.973561
1.968000,3196.688000,0.731494
24.272000,2368.816000,0.950175
1.968000,1640.656000,4.815837
25.584000,2460.656000,0.978326
32.144000,2509.200000,2.115075
22.960000,3031.376000,12.089873
1.968000,2683.696000,0.970553
25.584000,2757.168000,4.149567
36.080000,702.576000,2.065961
12.464000,1285.104000,2.083151
28.208000,1805.968000,1.909123
4.592000,2514.448000,4.525601
38.704000,652.720000,4.455784
20.336000,2510.512000,2.775186
5.904000,821.968000,2.467899
16.400000,538.576000,10.861835
30.832000,2011.952000,2.529440
12.464000,2535.440000,4.171563
30.832000,1493.712000,1.464316
37.392000,2431.792000,1.637177
8.528000,2552.496000,5.308335
17.712000,1921.424000,6.819593
1.968000,748.496000,1.618718
8.528000,815.408000,1.198129
30.832000,1016.144000,15.199713
33.456000,3070.736000,1.140220
30.832000,2115.600000,5.711529
19.024000,2249.424000,3.902943
11.152000,1000.400000,9.011335
32.144000,2158.896000,4.263496
32.144000,3146.832000,5.978292
34.768000,1404.496000,1.895935
24.272000,127.920000,1.448400
28.208000,2704.688000,2.348538
12.464000,1731.184000,2.516005
7.216000,2549.872000,0.767704
5.904000,818.032000,12.520799
24.272000,2446.224000,2.164247
38.704000,2324.208000,8.679688
11.152000,1391.376000,1.008000
12.464000,1463.536000,4.314855
15.088000,1476.656000,2.238107
11.152000,1903.056000,2.522662
32.144000,2485.584000,3.054142
4.592000,1075.184000,8.745269
11.152000,583.184000,2.996922
8.528000,777.360000,5.704853
21.648000,411.312000,5.592810
4.592000,2703.376000,2.454621
7.216000,286.672000,3.255249
22.960000,3081.232000,0.922292
34.768000,1066.000000,2.290446
9.840000,862.640000,4.242237
19.024000,1142.096000,1.983946
12.464000,131.856000,5.109901
28.208000,2208.752000,3.919129
25.584000,2768.976000,2.697261
25.584000,2091.984000,1.033110
12.464000,2094.608000,0.690972
26.896000,992.528000,9.345835
33.456000,238.128000,1.666851
15.088000,989.904000,3.292667
25.584000,1576.368000,1.207786
12.464000,563.504000,1.431691
32.144000,689.456000,6.926236
30.832000,130.544000,1.297597
7.216000,3077.296000,1.185538
16.400000,753.744000,2.714486
11.152000,2325.520000,16.434440
13.776000,2623.344000,1.722407
1.968000,3221.616000,0.701490
15.088000,3165.200000,3.197608
19.024000,2123.472000,5.345665
5.904000,983.344000,5.639109
15.088000,1990.960000,4.589741
15.088000,1477.968000,3.133380
15.088000,483.472000,1.006908
12.464000,2290.096000,1.192019
1.968000,76.752000,1.095188
1.968000,1888.624000,8.534116
12.464000,2435.728000,4.690605
20.336000,202.704000,2.733101
5.904000,1325.776000,8.615932
8.528000,2004.080000,7.313104
33.456000,1009.584000,0.699576
33.456000,1451.728000,6.453718
36.080000,2957.904000,2.938677
0.656000,3220.304000,4.603863
32.144000,1878.128000,2.062817
26.896000,2148.400000,4.493710
12.464000,2612.848000,1.965982
3.280000,2278.288000,10.523846
13.776000,1376.944000,3.653285
21.648000,2615.472000,3.997989
9.840000,2925.104000,0.993120
36.080000,2914.608000,1.093769
1.968000,766.864000,3.847771
15.088000,1093.552000,2.581525
16.400000,1249.680000,6.012964
34.768000,3195.376000,1.271062
21.648000,1180.144000,4.500179
4.592000,120.048000,4.857299
28.208000,2877.872000,5.824460
5.904000,1345.456000,8.186043
28.208000,221.072000,6.598169
36.080000,699.952000,8.739116
22.960000,1379.568000,2.097683
37.392000,1492.400000,1.506759
8.528000,1033.200000,5.966982
5.904000,1102.736000,3.821967
37.392000,2029.008000,6.965974
1.968000,2511.824000,7.286438
32.144000,2367.504000,4.134518
29.520000,933.488000,1.035113
11.152000,2597.104000,6.967107
5.904000,74.128000,0.756348
13.776000,1966.032000,4.666841
15.088000,2716.496000,7.631656
11.152000,1947.664000,4.266567
21.648000,647.472000,1.431847
16.400000,640.912000,6.847138
22.960000,957.104000,0.780621
29.520000,2187.760000,5.865873
8.528000,392.944000,1.078538
38.704000,2144.464000,1.067781
0.656000,1807.280000,9.298968
26.896000,853.456000,4.395228
36.080000,1101.424000,2.784937
20.336000,995.152000,1.127704
0.656000,440.176000,1.071904
15.088000,1773.168000,0.740872
20.336000,1673.456000,6.120147
33.456000,420.496000,2.119285
20.336000,441.488000,0.704108
25.584000,2507.888000,5.958139
28.208000,179.088000,1.746572
12.464000,878.384000,6.392461
25.584000,2170.704000,3.230900
28.208000,2914.608000,11.787231
25.584000,1547.504000,6.076390
22.960000,1143.408000,5.721184
5.904000,1572.432000,6.221610
25.584000,3194.064000,4.145142
13.776000,2175.952000,4.840209
5.904000,2315.024000,6.046383
8.528000,365.392000,0.723420
25.584000,2858.192000,2.107325
3.280000,3213.744000,1.322428
25.584000,638.288000,2.940647
13.776000,2804.400000,0.943222
3.280000,1942.416000,2.613056
21.648000,2283.536000,10.122268
17.712000,1618.352000,11.670667
25.584000,2019.824000,0.701300
16.400000,1449.104000,1.426486
17.712000,2818.832000,1.071151
11.152000,80.688000,3.754936
15.088000,2476.400000,2.314525
21.648000,1025.328000,1.587698
37.392000,3100.912000,0.922498
28.208000,962.352000,1.856313
22.960000,1522.576000,3.089749
12.464000,2624.656000,0.864575
9.840000,146.288000,1.494257
13.776000,1959.472000,7.946232
24.272000,2703.376000,1.975710
8.528000,1383.504000,2.485756
1.968000,511.024000,1.956094
33.456000,358.832000,7.247447
33.456000,1026.640000,4.470184
0.656000,1295.600000,8.776886
5.904000,799.664000,1.565788
29.520000,75.440000,3.036963
26.896000,618.608000,3.721736
26.896000,1826.960000,0.872934
22.960000,781.296000,4.968943
19.024000,2963.152000,2.842908
17.712000,2926.416000,7.919025
7.216000,2267.792000,1.219867
13.776000,1803.344000,5.825843
1.968000,1195.888000,6.054317
19.024000,2725.680000,1.075109
12.464000,2086.736000,9.939365
24.272000,1397.936000,7.743275
24.272000,2161.520000,10.879361
32.144000,947.920000,6.056444
26.896000,436.240000,4.830479
7.216000,3125.840000,3.469660
8.528000,232.880000,1.554746
29.520000,1476.656000,2.765616
30.832000,293.232000,4.309112
15.088000,2989.392000,0.672664
32.144000,1676.080000,3.078123
38.704000,3047.120000,3.920185
24.272000,520.208000,4.896817
24.272000,2444.912000,5.374122
20.336000,2065.744000,7.653886
9.840000,743.248000,0.890948
22.960000,1644.592000,2.744195
33.456000,486.096000,1.345325
13.776000,963.664000,2.586534
24.272000,217.136000,2.167453
34.768000,610.736000,11.012675
16.400000,3014.320000,3.745386
36.080000,8.528000,2.516622
33.456000,940.048000,8.220988
34.768000,1828.272000,0.730746
11.152000,2898.864000,2.767293
21.648000,2704.688000,3.479193
25.584000,1121.104000,3.776265
32.144000,332.592000,3.801937
15.088000,2069.680000,1.715617
3.280000,1732.496000,4.505356
33.456000,2825.392000,2.483574
0.656000,1607.856000,1.438816
0.656000,1471.408000,2.021379
26.896000,1943.728000,1.572405
36.080000,236.816000,5.189557
7.216000,1329.712000,3.666655
8.528000,1774.480000,9.380026
1.968000,2740.112000,0.737745
13.776000,2963.152000,8.426047
12.464000,2831.952000,5.305593
24.272000,2862.128000,5.446345
13.776000,2741.424000,1.789398
19.024000,1193.264000,1.139975
21.648000,374.576000,6.382132
32.144000,2627.280000,1.496007
17.712000,1964.720000,4.402355
29.520000,1802.032000,2.722178
12.464000,2169.392000,2.066819
37.392000,1056.816000,3.230477
21.648000,1481.904000,14.594758
25.584000,2543.312000,1.665796
22.960000,768.176000,3.519525
26.896000,1174.896000,2.439524
3.280000,669.776000,5.500452
37.392000,2644.336000,2.318982
34.768000,867.888000,4.184223
19.024000,2095.920000,2.491473
24.272000,3.280000,0.978221
4.592000,1733.808000,2.401825
25.584000,1631.472000,2.666380
32.144000,459.856000,0.744511
20.336000,2657.456000,1.874745
36.080000,1366.448000,1.514244
13.776000,1710.192000,0.829711
36.080000,848.208000,4.616379
3.280000,3174.384000,4.193373
29.520000,3207.184000,14.440682
3.280000,2772.912000,0.689224
37.392000,806.224000,4.637534
11.152000,2812.272000,4.077200
28.208000,1303.472000,6.002760
24.272000,204.016000,2.350504
25.584000,1151.280000,5.264695
32.144000,2143.152000,5.797068
9.840000,1034.512000,1.532892
22.960000,307.664000,2.777519
15.088000,828.528000,3.768164
26.896000,1872.880000,2.253691
11.152000,424.432000,2.974159
32.144000,2500.016000,0.899195
36.080000,621.232000,4.591405
11.152000,1495.024000,3.696101
32.144000,1683.952000,1.740938
4.592000,1947.664000,9.934383
7.216000,1260.176000,3.486515
9.840000,2044.752000,1.992254
1.968000,2993.328000,0.825168
13.776000,2485.584000,1.030585
8.528000,892.816000,1.723727
15.088000,11.152000,1.909823
30.832000,281.424000,1.080282
19.024000,2132.656000,2.170955
4.592000,1720.688000,1.291007
26.896000,235.504000,4.342908
28.208000,702.576000,0.845831
3.280000,862.640000,4.015157
24.272000,1134.224000,1.095803
22.960000,2534.128000,1.355196
20.336000,3077.296000,0.732340
38.704000,2371.440000,1.735934
12.464000,888.880000,5.035943
21.648000,2736.176000,1.283834
38.704000,1003.024000,2.209508
1.968000,1024.016000,0.877416
0.656000,601.552000,6.420569
3.280000,287.984000,5.921893
7.216000,2577.424000,2.077923
36.080000,1796.784000,2.396639
38.704000,1321.840000,0.775088
19.024000,400.816000,4.462999
16.400000,1622.288000,1.037853
5.904000,2040.816000,8.016922
11.152000,1617.040000,1.612877
0.656000,1979.152000,5.267045
21.648000,1842.704000,4.235594
16.400000,486.096000,1.099342
17.712000,984.656000,9.161174
26.896000,878.384000,4.502898
3.280000,730.128000,10.743249
12.464000,823.280000,2.718751
28.208000,134.480000,5.091498
24.272000,470.352000,4.016800
4.592000,2343.888000,1.871299
36.080000,197.456000,2.517340
36.080000,818.032000,1.137703
3.280000,3166.512000,3.488255
7.216000,2956.592000,4.318116
37.392000,909.872000,8.408705
26.896000,392.944000,0.830147
33.456000,109.552000,7.579834
32.144000,803.600000,1.264216
12.464000,1773.168000,5.610867
22.960000,2884.432000,2.113199
22.960000,2346.512000,2.233479
25.584000,85.936000,8.034049
20.336000,911.184000,3.557496
38.704000,629.104000,2.482646
24.272000,3054.992000,8.299166
34.768000,916.432000,6.064060
13.776000,1488.464000,5.993631
5.904000,2076.240000,6.221495
36.080000,2237.616000,1.343092
4.592000,234.192000,4.443571
21.648000,2593.168000,4.373886
22.960000,570.064000,5.661166
19.024000,2793.904000,5.856936
33.456000,285.360000,5.697164
28.208000,495.280000,1.434576
22.960000,466.416000,1.213552
5.904000,2257.296000,1.939326
9.840000,58.384000,1.474797
20.336000,3222.928000,1.457284
24.272000,1258.864000,1.892393
21.648000,2126.096000,0.677398
9.840000,2637.776000,5.368421
24.272000,106.928000,0.977204
33.456000,139.728000,6.220412
11.152000,1958.160000,12.121252
5.904000,1459.600000,0.960102
5.904000,318.160000,2.876770
37.392000,1943.728000,2.483185
15.088000,2552.496000,0.849785
7.216000,2311.088000,8.707590
8.528000,1054.192000,4.551936
4.592000,3165.200000,8.063878
21.648000,495.280000,5.867272
30.832000,1569.808000,2.834626
36.080000,2788.656000,4.413518
16.400000,810.160000,7.819867
17.712000,1299.536000,2.646524
11.152000,1487.152000,5.371511
7.216000,30.832000,0.748838
17.712000,3213.744000,3.027067
30.832000,2029.008000,0.753671
29.520000,2076.240000,0.986687
12.464000,1386.128000,6.340461
9.840000,475.600000,1.626301
33.456000,2122.160000,2.470764
19.024000,3203.248000,16.888869
1.968000,1892.560000,10.586273
19.024000,211.888000,7.207750
0.656000,3073.360000,8.053272
29.520000,2847.696000,1.645649
22.960000,2006.704000,2.634943
13.776000,1018.768000,4.099005
17.712000,1912.240000,3.418569
38.704000,1765.296000,1.593067
29.520000,614.672000,2.308257
25.584000,1134.224000,1.271814
36.080000,1731.184000,0.793003
36.080000,2409.488000,1.936593
20.336000,1554.064000,1.596203
0.656000,2284.848000,12.918251
33.456000,2421.296000,4.851070
32.144000,3152.080000,1.374057
20.336000,528.080000,1.183046
8.528000,2593.168000,17.228761
9.840000,669.776000,3.390582
25.584000,1863.696000,4.637754
25.584000,1262.800000,1.563875
11.152000,1794.160000,6.894646
24.272000,2576.112000,1.659050
15.088000,249.936000,0.788067
19.024000,1260.176000,1.625310
26.896000,975.472000,1.922264
34.768000,1191.952000,1.357205
29.520000,82.000000,9.490007
25.584000,547.760000,1.696924
30.832000,3010.384000,10.068675
4.592000,2813.584000,5.929362
8.528000,1317.904000,6.404233
4.592000,1252.304000,1.041459
30.832000,2288.784000,1.782357
7.216000,1319.216000,4.022284
9.840000,1071.248000,0.692003
29.520000,2339.952000,4.320697
36.080000,1602.608000,4.600426
11.152000,1895.184000,4.057126
37.392000,815.408000,6.943893
13.776000,1121.104000,2.863609
20.336000,1988.336000,3.310867
0.656000,657.968000,3.128538
28.208000,1492.400000,3.700593
33.456000,2830.640000,2.785805
7.216000,920.368000,1.825602
22.960000,2376.688000,2.391806
29.520000,577.936000,1.112850
25.584000,2573.488000,2.638103
32.144000,2199.568000,3.879765
24.272000,2957.904000,1.913685
13.776000,766.864000,1.511438
13.776000,1678.704000,1.994436
34.768000,1139.472000,1.223864
17.712000,1916.176000,3.246450
25.584000,2746.672000,1.142210
26.896000,723.568000,1.558079
15.088000,1472.720000,0.702261
20.336000,1344.144000,1.284747
7.216000,1358.576000,3.827079
30.832000,1464.848000,0.875680
9.840000,2737.488000,1.292564
38.704000,1118.480000,6.976230
11.152000,2599.728000,0.974694
37.392000,1121.104000,1.449928
3.280000,2148.400000,1.501445
15.088000,327.344000,3.193817
16.400000,1273.296000,5.958925
38.704000,1517.328000,2.592201
7.216000,130.544000,3.839943
24.272000,1050.256000,1.794953
32.144000,2392.432000,4.173722
9.840000,127.920000,1.918114
17.712000,2906.736000,4.335778
8.528000,2025.072000,3.537319
36.080000,504.464000,0.818892
24.272000,1262.800000,5.144567
38.704000,803.600000,6.875924
4.592000,2968.400000,1.412764
15.088000,287.984000,6.462943
29.520000,833.776000,3.175892
34.768000,501.840000,4.839020
13.776000,1453.040000,7.443567
12.464000,2751.920000,0.685783
32.144000,306.352000,2.392181
13.776000,815.408000,6.841423
4.592000,2372.752000,1.004283
34.768000,100.368000,1.074156
7.216000,186.960000,9.902861
21.648000,1510.768000,2.398778
30.832000,1390.064000,5.000371
4.592000,541.200000,0.854451
0.656000,2067.056000,3.715602
28.208000,2480.336000,1.660188
5.904000,1156.528000,3.335184
29.520000,930.864000,1.964232
34.768000,1927.984000,2.005927
30.832000,2221.872000,0.656607
29.520000,996.464000,1.085385
32.144000,1016.144000,1.114000
5.904000,1177.520000,2.756289
21.648000,298.480000,1.581767
24.272000,2926.416000,1.821847
25.584000,458.544000,1.704639
0.656000,928.240000,2.503712
12.464000,2841.136000,2.602911
30.832000,406.064000,3.554949
13.776000,932.176000,0.711727
1.968000,808.848000,3.798022
16.400000,579.248000,2.351239
21.648000,2398.992000,2.514901
17.712000,2185.136000,5.310670
1.968000,732.752000,7.387231
16.400000,1853.200000,1.442572
19.024000,1585.552000,2.742844
28.208000,1938.480000,0.687292
17.712000,873.136000,1.378828
9.840000,360.144000,7.148313
29.520000,1151.280000,2.651764
38.704000,1164.400000,4.673070
12.464000,3220.304000,3.473559
9.840000,627.792000,2.701977
34.768000,151.536000,4.785991
36.080000,2304.528000,0.738115
20.336000,168.592000,8.783899
29.520000,943.984000,2.029766
37.392000,766.864000,1.484832
38.704000,1173.584000,2.688047
26.896000,829.840000,4.214304
16.400000,689.456000,1.776050
8.528000,3177.008000,8.793351
12.464000,1854.512000,5.339157
20.336000,1114.544000,4.281110
15.088000,1020.080000,3.594608
20.336000,1249.680000,5.984864
37.392000,2198.256000,3.661967
19.024000,2985.456000,9.062803
4.592000,2590.544000,5.483097
29.520000,2703.376000,3.007644
5.904000,2127.408000,3.609446
24.272000,425.744000,5.696143
15.088000,1205.072000,1.108420
15.088000,1405.808000,1.741966
30.832000,1275.920000,6.766926
34.768000,604.176000,7.964837
38.704000,1929.296000,4.047602
0.656000,2360.944000,4.805578
9.840000,2992.016000,4.599715
33.456000,2095.920000,0.952346
9.840000,2005.392000,2.169311
19.024000,3174.384000,1.163418
17.712000,1955.536000,1.557453
8.528000,307.664000,3.108656
8.528000,1724.624000,1.783846
32.144000,1089.616000,6.363553
21.648000,277.488000,10.913553
36.080000,1558.000000,4.535274
7.216000,1041.072000,4.134030
25.584000,1508.144000,1.678274
24.272000,1160.464000,2.003951
29.520000,2384.560000,0.747473
1.968000,2936.912000,0.829367
22.960000,1317.904000,1.251879
17.712000,1691.824000,0.912835
19.024000,1552.752000,8.870345
28.208000,1947.664000,2.227535
21.648000,1152.592000,2.845802
13.776000,2130.032000,10.152007
36.080000,2754.544000,8.422808
15.088000,2271.728000,0.685159
5.904000,458.544000,3.319492
29.520000,1605.232000,2.068732
34.768000,917.744000,5.529867
9.840000,1203.760000,1.096935
9.840000,2518.384000,3.148625
3.280000,2893.616000,1.532618
24.272000,2511.824000,4.917325
5.904000,92.496000,3.546903
7.216000,437.552000,1.409511
3.280000,383.760000,2.240285
9.840000,2652.208000,1.836488
32.144000,1328.400000,1.152461
12.464000,125.296000,2.802226
1.968000,2191.696000,1.560348
37.392000,2070.992000,2.170029
19.024000,2238.928000,1.497375
20.336000,1132.912000,7.651391
32.144000,3078.608000,5.535993
37.392000,874.448000,1.591269
30.832000,3037.936000,7.504376
7.216000,1554.064000,7.445703
38.704000,3121.904000,2.350915
33.456000,2257.296000,3.997916
4.592000,1119.792000,1.616906
12.464000,2124.784000,0.957356
32.144000,664.528000,2.256835
3.280000,1614.416000,1.282370
37.392000,2476.400000,5.005721
26.896000,1043.696000,10.061927
20.336000,1067.312000,1.752273
15.088000,585.808000,5.165071
33.456000,3090.416000,10.485906
15.088000,336.528000,1.873106
36.080000,2846.384000,5.841484
7.216000,968.912000,1.925854
25.584000,732.752000,1.700881
16.400000,2976.272000,3.485390
28.208000,2641.712000,4.307551
0.656000,365.392000,2.349483
28.208000,811.472000,1.458788
21.648000,3072.048000,0.778617
3.280000,1762.672000,4.763532
32.144000,1693.136000,2.680781
25.584000,1140.784000,2.370354
8.528000,1630.160000,3.766865
12.464000,2385.872000,4.306606
34.768000,2536.752000,3.125077
37.392000,347.024000,4.504556
15.088000,1236.560000,1.900029
26.896000,2153.648000,2.083518
9.840000,1534.384000,1.894411
16.400000,1157.840000,2.309299
9.840000,3045.808000,1.579799
16.400000,3030.064000,0.866157
12.464000,2312.400000,1.022101
24.272000,2677.136000,11.165537
17.712000,15.088000,2.117275
32.144000,1122.416000,12.892798
22.960000,2056.560000,1.119206
9.840000,96.432000,2.968400
20.336000,3136.336000,6.348351
28.208000,3114.032000,4.551455
15.088000,1216.880000,5.793219
28.208000,2986.768000,1.968670
21.648000,2389.808000,7.962630
25.584000,2564.304000,2.696234
25.584000,2759.792000,0.815946
21.648000,1644.592000,2.400161
13.776000,806.224000,8.826261
8.528000,899.376000,1.925147
29.520000,3213.744000,9.159877
13.776000,2662.704000,6.285532
19.024000,3049.744000,5.407827
28.208000,3165.200000,0.973747
29.520000,2786.032000,1.720697
8.528000,1160.464000,3.030451
13.776000,1350.704000,2.418520
32.144000,158.096000,3.922792
38.704000,3066.800000,2.244407
20.336000,1135.536000,0.807403
25.584000,3.280000,6.218609
22.960000,1706.256000,1.001382
9.840000,1067.312000,3.869281
11.152000,1962.096000,2.203709
28.208000,2454.096000,6.951494
0.656000,110.864000,2.379711
5.904000,2532.816000,5.041226
15.088000,1247.056000,0.737975
5.904000,3127.152000,1.309213
24.272000,185.648000,2.719517
1.968000,2435.728000,6.590910
38.704000,2199.568000,1.774447
22.960000,2658.768000,1.242553
15.088000,123.984000,1.095868
30.832000,2261.232000,1.822361
32.144000,1800.720000,2.139972
24.272000,2549.872000,5.776024
7.216000,1185.392000,2.603487
28.208000,738.000000,4.034689
26.896000,2993.328000,5.426380
36.080000,169.904000,2.293570
37.392000,2885.744000,5.769314
17.712000,1055.504000,1.386132
33.456000,2595.792000,2.182495
0.656000,2620.720000,2.190570
0.656000,1897.808000,2.691506
36.080000,419.184000,3.211556
16.400000,974.160000,1.009393
20.336000,2601.040000,2.567498
13.776000,1799.408000,1.008972
1.968000,2217.936000,4.255535
37.392000,2265.168000,9.965671
22.960000,1984.400000,1.246886
32.144000,1449.104000,4.196647
29.520000,3133.712000,1.792702
0.656000,2506.576000,5.665744
34.768000,1029.264000,1.644709
17.712000,2114.288000,8.167944
4.592000,1853.200000,0.979641
30.832000,228.944000,2.194804
37.392000,1628.848000,10.782228
20.336000,297.168000,4.791761
26.896000,2699.440000,9.905040
4.592000,1403.184000,4.410416
4.592000,533.328000,4.714293
36.080000,1422.864000,8.116996
17.712000,1897.808000,1.075150
20.336000,2641.712000,9.694001
15.088000,1013.520000,5.699968
34.768000,2678.448000,1.212514
17.712000,514.960000,1.728986
1.968000,1433.360000,1.800666
15.088000,2384.560000,1.708254
30.832000,1219.504000,1.456004
11.152000,904.624000,8.089468
32.144000,28.208000,1.426619
4.592000,2350.448000,6.043388
28.208000,2510.512000,1.134440
15.088000,2506.576000,7.428867
3.280000,983.344000,5.229233
1.968000,2053.936000,2.244530
24.272000,2433.104000,10.641051
5.904000,1453.040000,0.806562
13.776000,3081.232000,4.364804
13.776000,1829.584000,11.197665
25.584000,566.128000,1.577364
13.776000,1069.936000,2.132452
13.776000,483.472000,1.226401
11.152000,1278.544000,3.624080
9.840000,1462.224000,0.953274
29.520000,95.120000,3.025084
8.528000,1796.784000,2.161660
0.656000,3085.168000,2.657923
21.648000,1209.008000,6.708423
5.904000,1508.144000,3.720432
24.272000,765.552000,1.334095
11.152000,493.968000,2.270848
38.704000,483.472000,5.800931
4.592000,407.376000,5.291254
26.896000,1833.520000,1.958473
20.336000,2598.416000,9.296053
3.280000,2560.368000,2.895173
34.768000,2050.000000,14.959402
19.024000,672.400000,4.600028
38.704000,2162.832000,2.477619
1.968000,584.496000,5.533591
36.080000,493.968000,5.372679
15.088000,2216.624000,2.208242
13.776000,471.664000,2.679735
34.768000,2618.096000,1.634968
3.280000,2191.696000,3.412268
7.216000,1134.224000,2.995627
32.144000,1412.368000,3.420922
13.776000,1610.480000,1.722535
16.400000,210.576000,6.545405
1.968000,1013.520000,6.788455
25.584000,2371.440000,7.277015
0.656000,1491.088000,2.623573
34.768000,1744.304000,2.262104
8.528000,2736.176000,3.738707
11.152000,1333.648000,8.413938
20.336000,574.000000,1.429805
9.840000,724.880000,1.033063
0.656000,1193.264000,0.753088
26.896000,958.416000,5.849188
19.024000,2582.672000,3.226122
26.896000,2611.536000,10.748147
30.832000,2883.120000,1.354035
7.216000,921.680000,2.720973
25.584000,1298.224000,2.056084
11.152000,131.856000,5.432690
16.400000,2177.264000,1.101004
15.088000,2555.120000,1.111962
17.712000,570.064000,5.223076
21.648000,2810.960000,11.491151
29.520000,860.016000,1.764327
29.520000,385.072000,11.486540
9.840000,2157.584000,2.455196
1.968000,2753.232000,5.425117
32.144000,1707.568000,5.606199
12.464000,2726.992000,3.310892
29.520000,1231.312000,2.248711
1.968000,59.696000,1.820805
24.272000,2443.600000,14.908367
38.704000,1960.784000,5.313015
19.024000,478.224000,3.875691
19.024000,1237.872000,0.843718
19.024000,2965.776000,4.008266
13.776000,256.496000,1.214971
13.776000,1041.072000,2.366670
17.712000,1975.216000,5.445042
29.520000,255.184000,1.154907
36.080000,247.312000,4.831441
33.456000,1066.000000,1.684865
19.024000,2914.608000,3.474315
21.648000,92.496000,2.460583
24.272000,87.248000,0.797400
16.400000,417.872000,2.542332
12.464000,2890.992000,3.054367
20.336000,1176.208000,4.961136
25.584000,362.768000,2.987188
5.904000,1442.544000,3.369703
19.024000,1432.048000,1.886475
4.592000,613.360000,2.681994
26.896000,1672.144000,2.816288
37.392000,3145.520000,3.834299
28.208000,1085.680000,3.355865
26.896000,587.120000,3.539980
33.456000,1993.584000,0.874905
17.712000,1275.920000,5.286588
33.456000,602.864000,3.297493
7.216000,2772.912000,6.241136
0.656000,917.744000,2.756277
19.024000,943.984000,1.627004
29.520000,3203.248000,1.224874
3.280000,2473.776000,1.713071
7.216000,1167.024000,4.086902
11.152000,389.008000,0.775932
33.456000,3047.120000,2.325380
16.400000,2481.648000,1.728256
7.216000,903.312000,39.150719
29.520000,1606.544000,2.675710
22.960000,663.216000,1.435119
5.904000,2703.376000,3.479463
9.840000,857.392000,2.041940
36.080000,246.000000,8.818390
7.216000,2174.640000,4.937453
37.392000,1170.960000,5.681996
15.088000,643.536000,3.977861
33.456000,130.544000,1.486252
22.960000,2620.720000,4.885685
0.656000,2280.912000,1.468622
11.152000,1477.968000,2.460791
8.528000,349.648000,16.960883
21.648000,276.176000,4.233859
38.704000,2384.560000,6.108780
26.896000,139.728000,2.033647
11.152000,2549.872000,5.508860
15.088000,1548.816000,1.819675
15.088000,1172.272000,1.685535
7.216000,2738.800000,2.809468
1.968000,356.208000,2.169589
20.336000,1201.136000,2.361953
4.592000,2918.544000,7.155503
0.656000,2594.480000,4.026380
21.648000,655.344000,1.575758
7.216000,1475.344000,1.407340
17.712000,953.168000,5.419090
5.904000,3001.200000,4.426913
21.648000,2233.680000,2.983466
1.968000,1659.024000,7.412765
4.592000,902.000000,4.166842
25.584000,921.680000,1.637299
20.336000,667.152000,11.230694
16.400000,1512.080000,4.548154
34.768000,116.112000,2.745869
29.520000,3216.368000,1.458841
13.776000,942.672000,7.470647
4.592000,2800.464000,0.796537
29.520000,1652.464000,1.826145
15.088000,223.696000,2.382429
13.776000,1066.000000,8.476284
8.528000,1526.512000,2.237605
11.152000,2139.216000,4.445768
19.024000,869.200000,6.284561
37.392000,949.232000,4.879861
1.968000,448.048000,6.626863
38.704000,337.840000,1.332070
36.080000,1394.000000,4.205363
32.144000,835.088000,4.141275
1.968000,781.296000,4.362497
38.704000,3190.128000,1.803050
28.208000,2322.896000,2.867127
5.904000,1159.152000,2.602995
22.960000,1186.704000,1.726710
17.712000,3162.576000,1.067566
16.400000,129.232000,3.724682
26.896000,1969.968000,1.519367
22.960000,1870.256000,3.611689
28.208000,3136.336000,2.774109
26.896000,520.208000,5.367943
1.968000,1867.632000,2.090118
19.024000,118.736000,1.550727
8.528000,2936.912000,4.693262
9.840000,1758.736000,12.024801
11.152000,2136.592000,2.470757
21.648000,1878.128000,1.134795
15.088000,410.000000,1.663600
33.456000,1455.664000,0.748760
26.896000,1290.352000,2.963226
15.088000,2637.776000,4.722428
0.656000,2055.248000,2.877161
17.712000,549.072000,0.801795
7.216000,1800.720000,5.366346
28.208000,1155.216000,3.536278
37.392000,1134.224000,4.710757
38.704000,2890.992000,2.018948
8.528000,2758.480000,1.351085
9.840000,2838.512000,2.389002
19.024000,1127.664000,5.316082
3.280000,2246.800000,6.122282
26.896000,1109.296000,3.914240
16.400000,2187.760000,7.020171
28.208000,1270.672000,1.759231
19.024000,2460.656000,0.906970
0.656000,2918.544000,2.493244
22.960000,2755.856000,8.614565
36.080000,3133.712000,1.870651
22.960000,731.440000,3.020911
4.592000,3157.328000,5.502100
20.336000,386.384000,0.879961
19.024000,2130.032000,7.488635
19.024000,1954.224000,2.418745
19.024000,1593.424000,7.620876
11.152000,2207.440000,1.707197
1.968000,2860.816000,4.455708
5.904000,430.992000,0.730466
4.592000,2116.912000,4.419116
25.584000,1989.648000,2.145053
7.216000,1892.560000,2.344197
37.392000,1014.832000,2.271699
3.280000,307.664000,6.143632
22.960000,1631.472000,8.097127
37.392000,37.392000,5.570435
34.768000,878.384000,9.367229
34.768000,647.472000,1.134619
22.960000,1055.504000,1.849691
33.456000,2322.896000,0.795976
21.648000,370.640000,12.295077
5.904000,1872.880000,1.766051
28.208000,1195.888000,11.908130
29.520000,1626.224000,2.173368
12.464000,1090.928000,4.967514
3.280000,747.184000,12.154564
25.584000,3209.808000,2.154928
28.208000,217.136000,4.956273
22.960000,165.968000,5.031519
4.592000,615.984000,3.656965
7.216000,2892.304000,3.689583
16.400000,3114.032000,2.420565
1.968000,428.368000,0.679880
21.648000,293.232000,3.450451
29.520000,887.568000,0.902821
22.960000,1867.632000,4.425459
26.896000,646.160000,5.211657
11.152000,1614.416000,3.576914
30.832000,2442.288000,1.081582
30.832000,647.472000,4.624898
25.584000,1131.600000,2.628821
38.704000,2378.000000,0.718229
7.216000,554.320000,1.481185
34.768000,1623.600000,2.159244
12.464000,2977.584000,3.019698
32.144000,2046.064000,0.691322
28.208000,1666.896000,2.262746
13.776000,2009.328000,3.113299
24.272000,1582.928000,2.636757
30.832000,2919.856000,1.198614
30.832000,1665.584000,10.546190
36.080000,2234.992000,9.487596
16.400000,59.696000,6.034298
9.840000,2576.112000,5.260701
19.024000,2000.144000,2.825006
24.272000,1718.064000,4.043870
28.208000,2860.816000,3.784723
15.088000,74.128000,2.686887
32.144000,1500.272000,3.755905
21.648000,1060.752000,3.083314
29.520000,2360.944000,4.639465
33.456000,1945.040000,5.039197
37.392000,1514.704000,10.861282
0.656000,1876.816000,2.098728
30.832000,2325.520000,3.738254
19.024000,2517.072000,2.709332
0.656000,2431.792000,1.125876
24.272000,1727.248000,5.355510
1.968000,2715.184000,5.024416
0.656000,432.304000,7.521592
13.776000,1111.920000,9.001610
21.648000,1971.280000,2.270053
37.392000,96.432000,1.509065
28.208000,2780.784000,9.489494
26.896000,2863.440000,1.547222
1.968000,1140.784000,6.227843
29.520000,1298.224000,1.906099
37.392000,1678.704000,11.315613
36.080000,905.936000,1.952797
28.208000,2890.992000,3.597114
34.768000,1498.960000,6.270888
17.712000,2619.408000,5.246430
24.272000,928.240000,6.916056
3.280000,1964.720000,4.036086
12.464000,293.232000,4.417597
7.216000,312.912000,7.128898
4.592000,104.304000,1.592167
37.392000,1611.792000,6.920919
29.520000,1126.352000,4.254175
24.272000,2199.568000,1.725140
3.280000,3179.632000,0.945758
17.712000,1152.592000,2.392494
25.584000,2834.576000,2.390432
15.088000,811.472000,9.304400
24.272000,770.800000,3.354485
5.904000,2158.896000,4.426564
32.144000,294.544000,2.989816
28.208000,2234.992000,10.294887
11.152000,2835.888000,2.241570
11.152000,2842.448000,7.481716
7.216000,2388.496000,6.302520
28.208000,1424.176000,8.337961
17.712000,1909.616000,0.696522
33.456000,345.712000,7.958541
13.776000,1190.640000,4.344174
3.280000,281.424000,2.373701
28.208000,672.400000,3.654525
3.280000,1715.440000,3.663571
3.280000,2619.408000,5.498946
0.656000,2195.632000,5.911402
3.280000,627.792000,2.337379
38.704000,1426.800000,2.920582
22.960000,2475.088000,0.801947
8.528000,1632.784000,3.051384
30.832000,1043.696000,1.560416
32.144000,1632.784000,1.411166
32.144000,1672.144000,0.952369
9.840000,2786.032000,8.053439
25.584000,2976.272000,2.996987
8.528000,3117.968000,4.370706
29.520000,2412.112000,0.702345
32.144000,2973.648000,4.778699
5.904000,2505.264000,3.967265
3.280000,1778.416000,1.089780
34.768000,82.000000,5.568579
25.584000,2702.064000,7.666497
21.648000,2471.152000,2.706947
4.592000,1290.352000,2.570553
7.216000,772.112000,4.018142
34.768000,1340.208000,0.905028
28.208000,2013.264000,0.754176
1.968000,1689.200000,1.634480
9.840000,1177.520000,4.014977
21.648000,961.040000,4.060253
28.208000,1963.408000,5.210450
38.704000,193.520000,14.652617
29.520000,739.312000,6.748036
36.080000,3166.512000,0.726274
7.216000,926.928000,8.728473
30.832000,833.776000,2.486416
38.704000,579.248000,2.127087
11.152000,420.496000,3.541765
25.584000,369.328000,5.388214
29.520000,2023.760000,6.805895
4.592000,2409.488000,6.741031
36.080000,668.464000,8.846476
3.280000,1807.280000,4.123327
34.768000,1384.816000,15.014469
3.280000,2830.640000,3.914645
17.712000,3020.880000,5.984125
29.520000,2795.216000,1.900139
9.840000,1176.208000,2.115359
25.584000,2195.632000,1.066807
36.080000,1024.016000,9.032700
36.080000,1282.480000,1.959435
32.144000,1543.568000,1.904422
19.024000,1527.824000,1.024096
33.456000,1787.600000,0.766324
13.776000,2056.560000,6.966692
38.704000,2538.064000,9.144275
21.648000,1715.440000,6.518708
15.088000,1113.232000,1.099302
15.088000,1963.408000,8.590395
36.080000,9.840000,7.005553
26.896000,2830.640000,0.715673
26.896000,563.504000,0.753810
36.080000,1569.808000,7.900493
38.704000,197.456000,10.271627
21.648000,2211.376000,7.600390
4.592000,661.904000,0.684038
4.592000,955.792000,0.850862
7.216000,2284.848000,3.473520
21.648000,631.728000,2.361377
36.080000,2070.992000,7.686410
32.144000,433.616000,2.217348
13.776000,791.792000,1.284168
32.144000,370.640000,1.811520
38.704000,2212.688000,0.940321
16.400000,156.784000,4.017308
17.712000,3177.008000,10.482609
7.216000,820.656000,1.095766
9.840000,1946.352000,6.807124
28.208000,579.248000,3.470175
4.592000,1416.304000,2.356691
24.272000,1917.488000,6.199544
0.656000,2608.912000,1.503006
22.960000,825.904000,7.322280
17.712000,432.304000,2.500042
8.528000,2151.024000,15.788409
4.592000,1948.976000,3.036840
22.960000,836.400000,4.374043
36.080000,1702.320000,1.935044
29.520000,1631.472000,3.375555
29.520000,459.856000,4.107971
28.208000,747.184000,0.937173
3.280000,269.616000,3.169991
33.456000,567.440000,2.966595
24.272000,600.240000,1.190454
5.904000,1294.288000,1.225062
5.904000,1308.720000,4.153829
21.648000,592.368000,1.271303
21.648000,213.200000,2.740165
17.712000,2144.464000,1.914706
33.456000,364.080000,3.003870
33.456000,553.008000,5.837127
38.704000,800.976000,0.855029
11.152000,3190.128000,3.189196
13.776000,3056.304000,4.109084
20.336000,1590.800000,15.680636
28.208000,532.016000,1.157000
28.208000,53.136000,6.385518
19.024000,268.304000,7.179280
28.208000,43.952000,1.050959
30.832000,3150.768000,2.211886
32.144000,2492.144000,14.244147
15.088000,869.200000,7.718019
4.592000,2199.568000,0.777675
38.704000,1854.512000,6.278199
16.400000,2824.080000,0.708641
13.776000,1636.720000,9.065155
30.832000,1106.672000,4.561658
9.840000,1968.656000,7.014998
36.080000,1514.704000,2.857441
13.776000,1332.336000,1.395009
38.704000,2295.344000,3.324488
30.832000,1685.264000,2.757837
26.896000,2892.304000,6.515352
22.960000,539.888000,2.993605
26.896000,242.064000,3.463363
33.456000,280.112000,3.587846
16.400000,2952.656000,4.783953
9.840000,2578.736000,13.956704
4.592000,827.216000,2.072506
17.712000,1072.560000,3.075621
4.592000,2471.152000,0.726188
4.592000,1412.368000,9.263915
20.336000,291.920000,3.226756
9.840000,493.968000,2.182370
1.968000,1800.720000,3.467334
29.520000,585.808000,5.059449
15.088000,1748.240000,7.255332
37.392000,2547.248000,4.008139
19.024000,937.424000,3.642656
22.960000,2242.864000,0.964120
34.768000,2995.952000,4.125344
13.776000,1081.744000,1.800133
24.272000,854.768000,5.487731
8.528000,1080.432000,6.350748
15.088000,7.216000,1.524929
1.968000,3058.928000,5.350195
12.464000,289.296000,4.070255
19.024000,1207.696000,2.938336
32.144000,1156.528000,4.729045
24.272000,448.048000,1.806750
30.832000,1191.952000,0.765105
13.776000,896.752000,6.672768
36.080000,1963.408000,6.371596
38.704000,1732.496000,5.032354
26.896000,1123.728000,1.028712
20.336000,1020.080000,1.040460
16.400000,1163.088000,3.654494
12.464000,2523.632000,2.861211
26.896000,909.872000,3.734663
8.528000,1153.904000,4.420490
38.704000,1502.896000,0.719292
25.584000,169.904000,1.551711
29.520000,168.592000,2.458183
4.592000,2972.336000,4.221446
28.208000,1390.064000,3.285889
30.832000,1063.376000,12.075540
3.280000,1493.712000,1.159487
17.712000,105.616000,5.077119
13.776000,1922.736000,5.639372
0.656000,1538.320000,1.135122
33.456000,2703.376000,10.543889
32.144000,2708.624000,2.077894
24.272000,1766.608000,0.933907
4.592000,892.816000,0.859007
38.704000,3221.616000,13.744851
36.080000,1614.416000,9.964677
7.216000,2838.512000,3.601041
32.144000,3069.424000,1.661126
38.704000,1430.736000,8.186097
21.648000,2800.464000,4.538903
29.520000,400.816000,6.842412
8.528000,160.720000,3.173894
30.832000,1805.968000,6.096735
28.208000,1964.720000,1.593879
8.528000,2594.480000,1.453866
19.024000,2454.096000,2.623667
33.456000,243.376000,0.810279
22.960000,1252.304000,1.243391
30.832000,419.184000,3.389356
32.144000,2829.328000,4.444948
7.216000,1914.864000,2.956410
13.776000,1109.296000,9.213319
7.216000,664.528000,12.384097
11.152000,155.472000,2.793309
8.528000,2713.872000,4.603390
32.144000,499.216000,1.455518
34.768000,2888.368000,1.229181
1.968000,1758.736000,4.033150
3.280000,319.472000,3.159385
0.656000,1966.032000,1.810001
8.528000,2712.560000,2.830604
5.904000,2295.344000,5.209843
30.832000,2521.008000,6.565321
24.272000,3001.200000,1.734541
8.528000,318.160000,11.305951
33.456000,495.280000,6.947803
9.840000,2031.632000,1.332293
11.152000,2682.384000,10.289435
29.520000,1593.424000,1.828944
11.152000,63.632000,5.327009
0.656000,943.984000,0.817076
7.216000,1077.808000,6.054580
17.712000,810.160000,3.206190
7.216000,1691.824000,1.849476
20.336000,1392.688000,3.677326
32.144000,1275.920000,1.695242
33.456000,87.248000,5.154473
32.144000,693.392000,0.788100
32.144000,929.552000,1.518458
11.152000,2598.416000,2.568001
19.024000,848.208000,1.611714
22.960000,2622.032000,0.800035
16.400000,734.064000,5.043810
4.592000,857.392000,3.134422
17.712000,179.088000,0.724142
7.216000,655.344000,0.967386
5.904000,2082.800000,1.098804
0.656000,2901.488000,8.735746
19.024000,471.664000,0.697597
21.648000,1177.520000,5.102873
37.392000,567.440000,9.654797
30.832000,905.936000,0.861107
19.024000,1216.880000,4.018080
24.272000,1613.104000,3.332164
12.464000,1492.400000,1.707119
32.144000,778.672000,7.283841
30.832000,102.992000,4.354352
25.584000,3179.632000,6.744484
5.904000,2011.952000,14.740781
15.088000,2883.120000,1.178707
1.968000,2730.928000,5.784488
12.464000,2747.984000,0.685502
13.776000,427.056000,2.142651
22.960000,1580.304000,1.255908
24.272000,1750.864000,14.361261
3.280000,660.592000,1.328549
15.088000,2112.976000,3.651434
34.768000,3141.584000,3.330715
21.648000,682.896000,10.390472
28.208000,2341.264000,1.641156
32.144000,156.784000,8.819363
1.968000,807.536000,1.183093
13.776000,2454.096000,4.989218
26.896000,2269.104000,2.974899
9.840000,933.488000,7.927341
9.840000,1076.496000,0.677755
5.904000,934.800000,1.212240
5.904000,770.800000,1.944097
33.456000,2063.120000,2.181503
28.208000,1442.544000,1.906340
38.704000,2768.976000,3.127011
32.144000,2780.784000,1.431759
22.960000,2578.736000,0.722958
21.648000,438.864000,3.822808
5.904000,623.856000,4.875388
1.968000,702.576000,1.577049
15.088000,2465.904000,1.481123
13.776000,2143.152000,3.180913
12.464000,1620.976000,0.816181
8.528000,2986.768000,0.909167
37.392000,3137.648000,1.964643
28.208000,189.584000,7.507476
33.456000,875.760000,1.053765
34.768000,1458.288000,1.146559
33.456000,3065.488000,3.666162
34.768000,1624.912000,2.252677
22.960000,1903.056000,0.865921
36.080000,238.128000,5.621920
30.832000,820.656000,1.373075
9.840000,3177.008000,14.851231
26.896000,1438.608000,1.243411
1.968000,3162.576000,5.059355
15.088000,656.656000,2.717620
17.712000,1426.800000,0.898812
16.400000,2408.176000,5.029790
4.592000,2389.808000,1.871920
9.840000,1483.216000,1.022862
25.584000,2498.704000,2.620330
3.280000,2610.224000,4.672328
25.584000,2231.056000,2.759419
28.208000,302.416000,2.785235
7.216000,1987.024000,1.561185
21.648000,794.416000,3.428131
37.392000,2269.104000,3.718278
34.768000,3123.216000,4.776334
30.832000,2311.088000,2.679682
30.832000,722.256000,8.857739
5.904000,1798.096000,2.120907
37.392000,1997.520000,1.218688
37.392000,1345.456000,2.844546
12.464000,3001.200000,2.980775
33.456000,690.768000,2.420098
25.584000,1739.056000,0.738412
29.520000,1984.400000,1.798313
12.464000,2283.536000,8.416878
21.648000,2871.312000,12.533679
22.960000,276.176000,3.896639
16.400000,2780.784000,4.421623
24.272000,959.728000,3.184758
37.392000,219.760000,7.988145
11.152000,1876.816000,1.117256
34.768000,3068.112000,6.096805
20.336000,3174.384000,1.949478
32.144000,87.248000,0.774416
19.024000,2646.960000,6.150561
5.904000,1620.976000,1.902844
29.520000,1417.616000,5.286327
30.832000,1429.424000,1.655727
19.024000,3157.328000,3.684168
33.456000,1458.288000,2.692354
37.392000,1502.896000,0.954920
34.768000,286.672000,2.381371
38.704000,635.664000,8.017402
24.272000,2729.616000,2.327222
30.832000,1317.904000,1.130515
26.896000,2090.672000,5.564482
16.400000,1565.872000,3.939361
34.768000,1001.712000,2.374498
26.896000,89.872000,5.299097
30.832000,853.456000,5.922403
5.904000,1412.368000,4.136260
12.464000,2501.328000,4.434958
30.832000,860.016000,0.929981
19.024000,660.592000,2.763366
24.272000,1794.160000,2.397958
32.144000,1723.312000,3.578554
29.520000,710.448000,1.001037
0.656000,1809.904000,8.199980
8.528000,1227.376000,4.033788
36.080000,1400.560000,9.306963
34.768000,227.632000,2.889077
5.904000,2566.928000,5.056120
29.520000,2702.064000,11.438768
28.208000,2492.144000,0.941567
33.456000,1899.120000,11.285189
12.464000,362.768000,2.320897
22.960000,665.840000,1.395855
22.960000,1254.928000,2.653025
26.896000,1399.248000,8.522563
5.904000,1990.960000,2.390234
0.656000,2762.416000,1.062319
32.144000,162.032000,2.248692
36.080000,3198.000000,13.597880
34.768000,312.912000,4.470984
16.400000,1527.824000,1.914398
13.776000,2465.904000,6.685831
22.960000,222.384000,2.103336
30.832000,305.040000,2.413756
1.968000,1059.440000,9.538734
9.840000,2660.080000,1.408699
3.280000,1576.368000,1.443031
32.144000,2548.560000,5.414773
12.464000,3129.776000,1.770089
34.768000,144.976000,5.630560
26.896000,1561.936000,2.358949
4.592000,2364.880000,6.752674
19.024000,1428.112000,7.518982
34.768000,1652.464000,3.500546
29.520000,206.640000,3.007394
32.144000,946.608000,2.576462
29.520000,1844.016000,2.707481
33.456000,1729.872000,5.361623
13.776000,1325.776000,1.612862
20.336000,1837.456000,2.744954
30.832000,2636.464000,3.668302
30.832000,1504.208000,2.581235
36.080000,1088.304000,2.967888
22.960000,2717.808000,1.278569
11.152000,2423.920000,5.514968
11.152000,723.568000,6.105721
20.336000,50.512000,6.677836
13.776000,1338.896000,2.746242
16.400000,745.872000,3.194288
24.272000,942.672000,2.660008
5.904000,617.296000,5.382301
15.088000,2061.808000,2.870710
25.584000,232.880000,3.891493
24.272000,1896.496000,12.294845
12.464000,961.040000,7.307483
15.088000,110.864000,1.363069
11.152000,2332.080000,0.961160
30.832000,2270.416000,1.627994
32.144000,1357.264000,1.124339
36.080000,2195.632000,4.908641
38.704000,2342.576000,11.501462
32.144000,1327.088000,3.515228
13.776000,125.296000,8.277435
26.896000,1824.336000,9.209921
5.904000,501.840000,3.300794
13.776000,874.448000,2.110881
32.144000,2507.888000,3.825159
28.208000,2088.048000,0.747224
4.592000,820.656000,12.330304
5.904000,1622.288000,4.497669
4.592000,609.424000,2.293565
7.216000,1531.760000,4.234228
38.704000,1382.192000,6.548978
4.592000,2736.176000,1.640240
7.216000,2506.576000,0.697916
32.144000,1.968000,1.736980
15.088000,3133.712000,9.605625
26.896000,2789.968000,3.634148
36.080000,471.664000,15.154298
38.704000,1665.584000,1.647362
37.392000,778.672000,2.846562
13.776000,2309.776000,3.562467
32.144000,2078.864000,2.973230
16.400000,1903.056000,0.811794
1.968000,850.832000,1.616808
34.768000,1408.432000,1.049006
30.832000,1025.328000,2.875782
7.216000,730.128000,7.860938
28.208000,2375.376000,4.381337
22.960000,1212.944000,8.489087
0.656000,2723.056000,6.378903
29.520000,3001.200000,12.825394
20.336000,2789.968000,1.281250
24.272000,1665.584000,2.367458
5.904000,57.072000,13.292766
34.768000,2625.968000,1.413100
21.648000,842.960000,5.488705
38.704000,1761.360000,1.930707
11.152000,2750.608000,4.502575
8.528000,2271.728000,5.290886
4.592000,1930.608000,1.188978
38.704000,2737.488000,0.879857
12.464000,2152.336000,3.195014
33.456000,883.632000,10.046404
29.520000,1921.424000,5.542177
34.768000,261.744000,1.753703
30.832000,286.672000,1.472509
19.024000,1979.152000,2.016943
37.392000,310.288000,2.317688
13.776000,2834.576000,3.637125
1.968000,1331.024000,24.488554
29.520000,2190.384000,1.515984
17.712000,2286.160000,0.707358
8.528000,3023.504000,1.432148
8.528000,1392.688000,1.158269
33.456000,1148.656000,4.883739
12.464000,3218.992000,6.238532
20.336000,242.064000,1.940331
33.456000,2464.592000,1.904922
28.208000,2060.496000,1.315719
16.400000,2549.872000,2.942510
30.832000,3069.424000,3.909593
36.080000,3098.288000,3.394516
37.392000,1295.600000,1.337059
11.152000,1030.576000,10.629249
36.080000,1369.072000,2.316778
4.592000,1526.512000,3.951443
7.216000,841.648000,4.379168
34.768000,875.760000,4.319756
30.832000,88.560000,5.162723
24.272000,1220.816000,12.762600
30.832000,2683.696000,3.302409
33.456000,1972.592000,0.856335
34.768000,1180.144000,2.786020
7.216000,2038.192000,4.830358
26.896000,165.968000,2.820935
8.528000,2762.416000,5.057809
20.336000,295.856000,9.558437
26.896000,845.584000,9.575753
19.024000,2303.216000,6.132700
28.208000,564.816000,0.866150
28.208000,2639.088000,12.490388
21.648000,291.920000,0.832430
21.648000,574.000000,2.568137
24.272000,1391.376000,7.602788
8.528000,3048.432000,3.096922
7.216000,189.584000,2.308138
33.456000,2002.768000,4.361771
33.456000,3158.640000,1.048551
5.904000,1745.616000,4.747337
9.840000,1841.392000,3.450419
36.080000,181.712000,8.144847
21.648000,2410.800000,2.195865
0.656000,2162.832000,0.898585
0.656000,2056.560000,0.781178
28.208000,1698.384000,0.903576
17.712000,2068.368000,13.850243
34.768000,141.040000,1.572491
37.392000,327.344000,2.261633
24.272000,2173.328000,6.568607
17.712000,1933.232000,1.830906
32.144000,110.864000,4.158683
1.968000,3192.752000,1.984659
36.080000,1228.688000,0.886095
17.712000,9.840000,2.556659
33.456000,1214.256000,4.080749
20.336000,2145.776000,0.689258
8.528000,168.592000,2.016794
16.400000,389.008000,2.853447
34.768000,2165.456000,1.147704
24.272000,352.272000,4.449708
17.712000,2301.904000,5.425764
37.392000,1714.128000,1.845659
36.080000,259.120000,1.167126
24.272000,3167.824000,5.509933
26.896000,1354.640000,0.931219
22.960000,2776.848000,1.124540
11.152000,978.096000,3.483213
36.080000,963.664000,2.847069
17.712000,1054.192000,0.831151
32.144000,2270.416000,2.295578
30.832000,117.424000,3.323391
30.832000,354.896000,5.266014
16.400000,362.768000,1.548313
25.584000,1851.888000,1.375873
38.704000,1662.960000,2.349617
5.904000,1054.192000,1.176667
22.960000,2091.984000,2.459146
34.768000,2065.744000,9.492320
5.904000,798.352000,0.765390
16.400000,3082.544000,4.799541
36.080000,1808.592000,5.445491
26.896000,2161.520000,1.761721
16.400000,2128.720000,9.496717
5.904000,2267.792000,3.259553
22.960000,62.320000,5.227638
28.208000,1069.936000,2.170823
15.088000,886.256000,5.960658
25.584000,2061.808000,1.806625
29.520000,55.760000,6.066404
17.712000,1421.552000,2.001074
7.216000,2601.040000,0.793968
30.832000,1201.136000,1.422311
19.024000,2566.928000,1.059252
25.584000,1829.584000,6.539429
11.152000,445.424000,6.258154
33.456000,58.384000,8.412459
37.392000,120.048000,1.989924
9.840000,690.768000,1.386584
28.208000,677.648000,4.236605
28.208000,2017.200000,1.004907
21.648000,1046.320000,2.738523
4.592000,1328.400000,4.341317
9.840000,2704.688000,3.520326
19.024000,1701.008000,5.523800
34.768000,2667.952000,1.301900
12.464000,1975.216000,1.959986
15.088000,185.648000,1.620767
20.336000,2595.792000,2.427378
8.528000,1517.328000,1.882967
16.400000,1756.112000,1.622981
26.896000,3194.064000,2.064278
5.904000,920.368000,9.413603
37.392000,2240.240000,2.051746
5.904000,2885.744000,8.342691
32.144000,8.528000,1.473325
5.904000,1673.456000,1.547454
8.528000,941.360000,3.058702
37.392000,2976.272000,2.668937
32.144000,1699.696000,13.272677
5.904000,3166.512000,5.362709
28.208000,2721.744000,3.860056
4.592000,2715.184000,2.348826
30.832000,430.992000,5.343089
0.656000,1435.984000,2.093225
37.392000,3115.344000,2.881101
26.896000,2476.400000,3.420594
5.904000,2250.736000,8.226526
3.280000,1177.520000,4.051793
24.272000,571.376000,4.301772
5.904000,1754.800000,17.381722
34.768000,2492.144000,1.016949
32.144000,722.256000,5.286867
24.272000,392.944000,2.284692
34.768000,242.064000,1.371938
36.080000,760.304000,0.711717
25.584000,2085.424000,2.009174
26.896000,3211.120000,2.974135
21.648000,3036.624000,3.394117
29.520000,2434.416000,2.051717
15.088000,920.368000,1.828240
21.648000,139.728000,5.153526
11.152000,1345.456000,2.002289
9.840000,3142.896000,3.157938
22.960000,1266.736000,3.134248
36.080000,840.336000,15.970343
3.280000,311.600000,9.780086
29.520000,438.864000,1.193532
25.584000,2027.696000,2.354340
26.896000,2628.592000,5.045525
30.832000,1031.888000,2.000224
33.456000,1050.256000,2.109728
9.840000,2385.872000,3.875909
37.392000,2224.496000,1.461848
7.216000,748.496000,9.581066
5.904000,992.528000,0.905317
36.080000,2370.128000,0.902594
9.840000,2182.512000,3.866684
4.592000,2162.832000,3.647358
38.704000,2423.920000,3.309727
1.968000,2943.472000,2.709579
12.464000,2164.144000,4.973465
37.392000,1144.720000,1.755006
11.152000,1500.272000,8.789551
28.208000,1455.664000,11.321607
3.280000,230.256000,16.974791
22.960000,1622.288000,1.014921
5.904000,291.920000,1.763894
11.152000,1157.840000,1.189112
16.400000,2266.480000,1.216818
9.840000,1470.096000,3.629415
12.464000,2345.200000,2.341871
1.968000,353.584000,17.696317
0.656000,390.320000,7.199593
19.024000,714.384000,1.713864
29.520000,630.416000,1.604836
34.768000,2252.048000,2.205268
3.280000,1009.584000,2.135999
37.392000,991.216000,1.748606
22.960000,646.160000,1.639179
32.144000,2173.328000,3.224932
11.152000,2831.952000,0.930129
4.592000,907.248000,0.764550
24.272000,2507.888000,0.698462
29.520000,2765.040000,3.326780
13.776000,3049.744000,7.237080
21.648000,483.472000,3.057171
8.528000,2559.056000,1.118835
9.840000,80.688000,4.449573
25.584000,1409.744000,13.755001
20.336000,1411.056000,4.634864
33.456000,2960.528000,3.507118
30.832000,3090.416000,2.611617
33.456000,1966.032000,0.947566
36.080000,92.496000,3.098631
12.464000,2871.312000,2.921810
9.840000,1222.128000,1.347824
22.960000,2014.576000,0.676027
22.960000,102.992000,2.565016
28.208000,201.392000,1.310327
17.712000,1089.616000,1.890831
26.896000,158.096000,11.829320
19.024000,2548.560000,3.429208
33.456000,499.216000,11.240095
4.592000,1618.352000,2.888374
12.464000,2332.080000,2.769295
12.464000,1167.024000,1.908489
17.712000,647.472000,3.163857
1.968000,1823.024000,6.177733
38.704000,1745.616000,2.308485
26.896000,2988.080000,1.268323
25.584000,329.968000,13.316667
28.208000,2363.568000,0.984995
20.336000,1556.688000,4.401449
17.712000,597.616000,4.784584
24.272000,146.288000,2.808092
5.904000,804.912000,11.195394
3.280000,3207.184000,5.668386
12.464000,1777.104000,3.364665
32.144000,1400.560000,3.592632
12.464000,176.464000,9.251852
13.776000,2339.952000,2.038537
9.840000,2810.960000,5.321351
8.528000,1365.136000,5.670595
11.152000,3104.848000,13.705784
20.336000,2245.488000,6.298264
20.336000,294.544000,1.260609
29.520000,261.744000,14.846518
30.832000,2276.976000,1.347666
36.080000,253.872000,15.623506
29.520000,3187.504000,3.774023
19.024000,1000.400000,2.010414
32.144000,1018.768000,1.548344
16.400000,2971.024000,2.220861
5.904000,2417.360000,2.645340
15.088000,2838.512000,1.569519
19.024000,654.032000,2.526067
30.832000,22.960000,6.052120
8.528000,1304.784000,1.557089
25.584000,3192.752000,3.865631
32.144000,1147.344000,0.848081
12.464000,3135.024000,3.055130
11.152000,2060.496000,4.852387
37.392000,2262.544000,3.762703
15.088000,3217.680000,1.627050
19.024000,707.824000,1.245600
38.704000,3150.768000,4.087294
28.208000,2989.392000,3.872055
28.208000,874.448000,1.991965
0.656000,1447.792000,3.389220
21.648000,1697.072000,5.603419
3.280000,340.464000,3.058443
28.208000,26.896000,1.418824
25.584000,1880.752000,3.849289
20.336000,95.120000,11.300312
34.768000,2321.584000,1.913967
3.280000,310.288000,8.729827
38.704000,2671.888000,4.492735
3.280000,1993.584000,1.098069
9.840000,2384.560000,7.654979
37.392000,3043.184000,2.968499
0.656000,846.896000,1.397666
17.712000,186.960000,9.286360
30.832000,1189.328000,7.288074
0.656000,1796.784000,6.164162
1.968000,1073.872000,2.482074
1.968000,1121.104000,3.305484
17.712000,1525.200000,5.335060
11.152000,509.712000,3.356003
4.592000,2102.480000,0.904899
1.968000,2960.528000,3.492190
0.656000,1830.896000,7.270151
38.704000,1610.480000,2.070357
38.704000,2497.392000,0.808977
16.400000,1808.592000,1.690039
36.080000,428.368000,2.753834
17.712000,680.272000,6.704754
20.336000,1784.976000,3.120399
16.400000,302.416000,5.896202
36.080000,1531.760000,4.013705
37.392000,1270.672000,6.758654
37.392000,1382.192000,1.004341
34.768000,185.648000,2.396242
5.904000,85.936000,2.827734
13.776000,617.296000,3.206967
36.080000,680.272000,1.311235
9.840000,793.104000,4.785164
26.896000,1596.048000,2.432027
3.280000,2932.976000,1.263911
38.704000,1826.960000,2.304105
20.336000,2103.792000,14.556316
34.768000,353.584000,1.074587
37.392000,1319.216000,2.259319
3.280000,1355.952000,0.770473
3.280000,1236.560000,3.535402
8.528000,183.024000,14.479884
37.392000,2301.904000,0.677248
36.080000,2820.144000,1.947615
12.464000,483.472000,6.176826
9.840000,2224.496000,6.849304
16.400000,2510.512000,5.140304
16.400000,1484.528000,2.513757
29.520000,2450.160000,1.590279
26.896000,2219.248000,5.495138
0.656000,2187.760000,2.196912
25.584000,1786.288000,10.710728
33.456000,3057.616000,13.468211
13.776000,1620.976000,0.697675
28.208000,274.864000,0.994305
28.208000,2456.720000,11.013478
33.456000,223.696000,2.281118
24.272000,2216.624000,1.017873
20.336000,870.512000,3.595418
11.152000,1168.336000,2.255442
21.648000,471.664000,1.694874
13.776000,3183.568000,2.954886
16.400000,1681.328000,2.062761
30.832000,2309.776000,2.130867
4.592000,1249.680000,6.149487
3.280000,2864.752000,1.589530
1.968000,1227.376000,6.936706
28.208000,2199.568000,2.621894
20.336000,3102.224000,5.048354
1.968000,2383.248000,6.427048
17.712000,3129.776000,4.318615
21.648000,976.784000,2.914031
12.464000,511.024000,1.034160
0.656000,1052.880000,1.756639
4.592000,1069.936000,1.006577
9.840000,1622.288000,14.355895
26.896000,1922.736000,6.033250
25.584000,503.152000,1.826600
13.776000,1802.032000,4.328732
30.832000,904.624000,4.428765
1.968000,238.128000,2.176802
22.960000,2305.840000,13.080110
7.216000,469.040000,3.478688
33.456000,433.616000,5.454191
4.592000,2228.432000,3.104795
5.904000,803.600000,1.351790
38.704000,1000.400000,2.155235
12.464000,2008.016000,4.383635
30.832000,1315.280000,3.479666
8.528000,2894.928000,3.541801
0.656000,2514.448000,0.895901
29.520000,648.784000,4.519568
1.968000,2120.848000,2.747562
30.832000,1340.208000,5.849456
3.280000,2304.528000,4.403939
24.272000,428.368000,7.969473
13.776000,1420.240000,1.635210
37.392000,2940.848000,7.897256
32.144000,1083.056000,3.050187
8.528000,1739.056000,1.020125
12.464000,857.392000,1.678598
29.520000,1029.264000,1.752017
7.216000,829.840000,4.925805
19.024000,2274.352000,2.152111
4.592000,2423.920000,0.668293
36.080000,1737.744000,5.494054
34.768000,3184.880000,1.395246
36.080000,2611.536000,4.739999
16.400000,293.232000,9.037962
30.832000,932.176000,5.898772
20.336000,816.720000,3.459802
16.400000,1012.208000,8.649063
21.648000,2374.064000,1.052076
15.088000,2971.024000,1.409370
15.088000,2860.816000,9.437771
15.088000,2543.312000,4.207372
38.704000,1203.760000,8.871026
3.280000,2998.576000,4.460729
4.592000,714.384000,3.257964
12.464000,2029.008000,2.336500
20.336000,394.256000,3.275914
34.768000,1725.936000,10.562677
32.144000,1628.848000,1.565557
15.088000,1430.736000,10.315212
36.080000,1380.880000,1.057647
37.392000,1697.072000,4.188420
25.584000,231.568000,3.363843
29.520000,680.272000,2.722209
15.088000,2091.984000,4.960745
12.464000,1161.776000,1.217873
19.024000,3200.624000,4.025572
28.208000,2514.448000,8.011262
21.648000,2402.928000,2.010668
30.832000,1466.160000,6.835458
11.152000,925.616000,4.436774
25.584000,2392.432000,0.749685
0.656000,782.608000,1.287677
0.656000,1951.600000,1.474143
15.088000,2315.024000,2.171496
33.456000,845.584000,2.781581
7.216000,2829.328000,3.136188
20.336000,251.248000,5.285637
32.144000,2452.784000,3.711898
36.080000,2745.360000,8.085600
30.832000,2313.712000,4.259130
29.520000,1013.520000,1.287013
33.456000,3191.440000,4.218669
20.336000,1882.064000,13.058418
4.592000,2910.672000,2.243151
29.520000,2925.104000,1.859694
1.968000,1563.248000,1.225467
8.528000,900.688000,1.190332
8.528000,2429.168000,4.835125
37.392000,2454.096000,1.367667
15.088000,218.448000,2.080540
9.840000,789.168000,5.965287
5.904000,1529.136000,5.562571
3.280000,2534.128000,9.002331
0.656000,1084.368000,5.920581
37.392000,886.256000,1.720897
12.464000,1955.536000,3.591957
4.592000,1739.056000,6.692704
0.656000,2238.928000,20.676554
25.584000,1289.040000,7.266405
11.152000,96.432000,3.688281
22.960000,1979.152000,2.811504
33.456000,1782.352000,1.409966
16.400000,643.536000,1.308934
17.712000,400.816000,7.519767
3.280000,2775.536000,2.923469
28.208000,3020.880000,5.922756
26.896000,484.784000,4.097053
25.584000,3006.448000,2.785192
29.520000,1850.576000,11.806197
0.656000,51.824000,1.045953
37.392000,2423.920000,1.438523
13.776000,2594.480000,1.084934
15.088000,2004.080000,2.051919
1.968000,2685.008000,3.526244
20.336000,1352.016000,0.732366
13.776000,1943.728000,1.692869
29.520000,2557.744000,2.252596
26.896000,3082.544000,1.346055
9.840000,2419.984000,7.803393
11.152000,390.320000,1.417837
17.712000,719.632000,4.879692
11.152000,2921.168000,9.088017
15.088000,1704.944000,6.403653
34.768000,2650.896000,2.263992
32.144000,360.144000,6.046902
0.656000,2081.488000,2.899452
26.896000,1250.992000,1.463032
25.584000,340.464000,0.959738
12.464000,2582.672000,1.142715
30.832000,1522.576000,1.370276
7.216000,2122.160000,0.920591
8.528000,1561.936000,8.958792
13.776000,235.504000,4.113841
38.704000,1723.312000,4.643298
38.704000,1676.080000,1.027448
37.392000,1829.584000,15.906651
16.400000,344.400000,1.697137
37.392000,3187.504000,0.772586
28.208000,953.168000,9.014714
21.648000,1525.200000,3.066730
34.768000,192.208000,5.188199
8.528000,3171.760000,6.624721
26.896000,495.280000,0.826651
13.776000,1380.880000,2.131769
7.216000,2425.232000,12.968513
34.768000,655.344000,4.648352
24.272000,1097.488000,1.477429
5.904000,3027.440000,2.974669
11.152000,2616.784000,12.317795
28.208000,381.136000,1.388729
21.648000,1307.408000,1.032561
16.400000,2299.280000,2.390005
17.712000,1434.672000,2.791360
29.520000,9.840000,1.804216
28.208000,2196.944000,2.470412
7.216000,839.024000,2.640810
29.520000,1665.584000,1.006731
25.584000,284.048000,5.785886
1.968000,3085.168000,5.113173
8.528000,1144.720000,6.441601
24.272000,618.608000,2.622828
11.152000,992.528000,0.930808
21.648000,3209.808000,6.716656
26.896000,2475.088000,7.623105
20.336000,2502.640000,7.556090
19.024000,40.016000,4.508832
16.400000,545.136000,1.482776
5.904000,974.160000,2.168429
22.960000,1043.696000,4.065599
17.712000,2164.144000,1.961479
34.768000,154.160000,1.349789
9.840000,710.448000,1.209372
37.392000,1735.120000,1.249735
22.960000,72.816000,3.442045
28.208000,239.440000,23.490884
4.592000,1432.048000,14.148131
5.904000,399.504000,2.145304
38.704000,692.080000,5.104377
29.520000,1334.960000,4.831733
15.088000,1555.376000,5.306926
8.528000,3034.000000,4.298582
3.280000,1559.312000,1.935290
11.152000,1052.880000,7.234012
17.712000,1286.416000,9.860507
17.712000,2316.336000,1.444999
11.152000,1501.584000,6.147375
21.648000,1875.504000,4.877283
17.712000,3015.632000,3.603185
36.080000,639.600000,5.727365
25.584000,1030.576000,1.046295
37.392000,72.816000,4.720432
24.272000,2934.288000,7.541647
26.896000,2589.232000,1.044350
3.280000,932.176000,1.940755
8.528000,2906.736000,2.061546
7.216000,1264.112000,5.131727
15.088000,1844.016000,1.333925
16.400000,1321.840000,1.685720
34.768000,560.880000,7.621379
25.584000,1306.096000,1.534788
38.704000,1630.160000,2.253670
3.280000,688.144000,1.834009
1.968000,492.656000,4.521004
8.528000,2505.264000,6.033575
16.400000,3120.592000,3.911238
16.400000,2324.208000,0.761390
28.208000,1537.008000,1.484661
36.080000,1123.728000,5.435453
5.904000,3068.112000,12.782198
24.272000,2234.992000,3.551900
7.216000,860.016000,1.436932
9.840000,1851.888000,4.056563
28.208000,1373.008000,4.046626
8.528000,570.064000,4.058943
5.904000,710.448000,1.338512
0.656000,1269.360000,3.178199
26.896000,1230.000000,0.700899
7.216000,188.272000,6.516142
24.272000,1712.816000,2.003505
12.464000,310.288000,7.107990
12.464000,2384.560000,3.758953
1.968000,3215.056000,2.451999
0.656000,1128.976000,3.516152
16.400000,2961.840000,3.091345
13.776000,1500.272000,1.513309
12.464000,2909.360000,7.932975
16.400000,2017.200000,1.181545
22.960000,219.760000,3.119083
12.464000,423.120000,1.180388
3.280000,180.400000,8.459253
20.336000,539.888000,0.847884
3.280000,2746.672000,1.485394
15.088000,2921.168000,2.504617
19.024000,285.360000,1.827442
37.392000,1908.304000,5.203247
25.584000,28.208000,2.202605
30.832000,2127.408000,0.939851
28.208000,1840.080000,1.262540
13.776000,2093.296000,7.416301
37.392000,2679.760000,9.717462
25.584000,1094.864000,6.884789
30.832000,1715.440000,1.177410
28.208000,438.864000,4.080890
22.960000,1199.824000,7.519740
38.704000,748.496000,2.391399
26.896000,201.392000,1.655540
7.216000,2547.248000,1.594144
15.088000,3173.072000,1.323350
0.656000,377.200000,7.417664
15.088000,3058.928000,1.136389
33.456000,2644.336000,1.704237
17.712000,1555.376000,1.512341
16.400000,1985.712000,4.447738
17.712000,1173.584000,5.007067
29.520000,263.056000,2.963877
37.392000,1024.016000,5.867391
11.152000,84.624000,0.800978
33.456000,1567.184000,0.728826
32.144000,2366.192000,8.072201
36.080000,932.176000,3.959127
32.144000,550.384000,2.937045
4.592000,358.832000,8.380614
17.712000,1576.368000,6.009970
9.840000,1387.440000,5.880152
38.704000,264.368000,8.389645
26.896000,2326.832000,6.624359
4.592000,1651.152000,2.377164
29.520000,2732.240000,19.739880
30.832000,2648.272000,2.000231
22.960000,1935.856000,6.172333
38.704000,427.056000,4.612463
20.336000,1287.728000,4.765141
12.464000,1588.176000,1.696637
36.080000,61.008000,2.869944
16.400000,1787.600000,1.010120
37.392000,1901.744000,4.709597
7.216000,1668.208000,2.130205
33.456000,2006.704000,4.170361
11.152000,1128.976000,4.390227
3.280000,1937.168000,2.025241
24.272000,3166.512000,1.335888
28.208000,1505.520000,12.376998
22.960000,404.752000,8.766134
1.968000,26.896000,4.301024
21.648000,306.352000,0.819370
32.144000,1094.864000,8.410818
32.144000,1289.040000,8.601885
25.584000,1980.464000,5.358938
26.896000,1031.888000,3.843169
4.592000,3014.320000,2.837819
11.152000,1122.416000,2.017626
25.584000,2591.856000,1.143738
8.528000,2898.864000,6.567763
4.592000,1164.400000,2.736554
9.840000,890.192000,17.940893
11.152000,2787.344000,3.632805
28.208000,2427.856000,0.689645
11.152000,2779.472000,0.784487
34.768000,1079.120000,0.878580
0.656000,926.928000,1.994703
12.464000,1173.584000,0.741978
4.592000,2776.848000,4.019138
8.528000,3091.728000,1.585616
8.528000,2250.736000,1.544333
11.152000,882.320000,1.646573
21.648000,2275.664000,1.840600
16.400000,1744.304000,3.419744
1.968000,285.360000,1.095656
38.704000,2740.112000,1.443150
3.280000,1990.960000,5.512223
33.456000,707.824000,5.683189
29.520000,1025.328000,2.517822
21.648000,436.240000,5.879755
33.456000,448.048000,1.081886
20.336000,1359.888000,10.982627
1.968000,1180.144000,3.663385
24.272000,2303.216000,5.768421
12.464000,829.840000,10.047433
33.456000,688.144000,2.628077
16.400000,138.416000,2.963306
8.528000,1274.608000,4.549269
4.592000,689.456000,5.173446
5.904000,221.072000,2.543353
26.896000,2968.400000,6.991873
30.832000,2263.856000,5.117187
36.080000,3048.432000,3.595167
9.840000,2953.968000,2.168086
0.656000,2615.472000,4.789983
9.840000,996.464000,1.591341
0.656000,983.344000,1.579671
20.336000,1152.592000,1.449661
15.088000,532.016000,2.326151
34.768000,3115.344000,6.574690
33.456000,2266.480000,9.427160
15.088000,2018.512000,1.888799
26.896000,2174.640000,2.312781
33.456000,2038.192000,4.468652
29.520000,2174.640000,1.263453
0.656000,501.840000,1.115901
19.024000,711.760000,0.943060
1.968000,1043.696000,0.721834
16.400000,2931.664000,6.801029
25.584000,2667.952000,1.148687
26.896000,2210.064000,3.886266
7.216000,2943.472000,5.346212
34.768000,2884.432000,3.314239
30.832000,2385.872000,9.146552
