26.896000,1290.352000,0.718768
26.896000,57.072000,0.863759
24.272000,1916.176000,0.739108
25.584000,2716.496000,1.013661
22.960000,387.696000,0.771732
12.464000,2730.928000,0.835804
12.464000,2153.648000,0.682004
34.768000,1942.416000,1.022464
20.336000,2656.144000,1.300874
20.336000,915.120000,0.887752
5.904000,873.136000,0.716840
8.528000,563.504000,0.840773
32.144000,470.352000,0.690039
20.336000,2320.272000,0.677926
34.768000,2312.400000,0.740615
12.464000,2291.408000,0.907110
19.024000,2325.520000,2.419977
16.400000,2649.584000,0.770972
15.088000,854.768000,0.678325
38.704000,2187.760000,0.895412
12.464000,2000.144000,0.694550
15.088000,1489.776000,1.027686
4.592000,2131.344000,0.928900
30.832000,1525.200000,0.680354
7.216000,1712.816000,0.832831
20.336000,1400.560000,0.809832
13.776000,3128.464000,0.748975
34.768000,1979.152000,0.675942
12.464000,762.928000,0.741940
4.592000,2799.152000,0.673794
1.968000,929.552000,1.053147
29.520000,1733.808000,0.967745
29.520000,3108.784000,0.748416
25.584000,1855.824000,1.022097
0.656000,2181.200000,0.766727
3.280000,3020.880000,0.718010
22.960000,861.328000,1.156981
29.520000,1729.872000,0.989659
16.400000,1069.936000,0.674818
25.584000,867.888000,1.035899
22.960000,1453.040000,1.035409
9.840000,2716.496000,1.422131
3.280000,585.808000,0.862281
24.272000,2026.384000,0.997558
16.400000,2406.864000,0.767387
0.656000,290.608000,0.785231
33.456000,231.568000,1.104849
11.152000,213.200000,0.701584
15.088000,2603.664000,1.451607
9.840000,1639.344000,1.072729
29.520000,1807.280000,1.212118
16.400000,3110.096000,0.667229
20.336000,976.784000,0.940177
5.904000,2553.808000,0.698089
16.400000,2667.952000,0.944602
33.456000,962.352000,1.104352
1.968000,941.360000,0.892737
25.584000,675.024000,1.588438
34.768000,3117.968000,1.194875
33.456000,1443.856000,0.940447
29.520000,827.216000,0.875758
17.712000,2488.208000,0.769755
3.280000,1311.344000,0.897662
5.904000,980.720000,0.785649
11.152000,2131.344000,0.734147
8.528000,2240.240000,1.568892
24.272000,657.968000,0.809411
24.272000,333.904000,1.328434
25.584000,1908.304000,1.054937
32.144000,3144.208000,1.360370
32.144000,726.192000,0.900933
36.080000,268.304000,1.101021
1.968000,1118.480000,0.876780
38.704000,648.784000,1.038301
22.960000,1582.928000,1.236566
15.088000,2413.424000,1.090373
15.088000,1993.584000,0.881937
24.272000,2088.048000,1.678186
1.968000,1664.272000,1.115734
8.528000,734.064000,0.816279
34.768000,2322.896000,0.658289
12.464000,1010.896000,0.903022
8.528000,835.088000,2.151372
29.520000,475.600000,0.701260
33.456000,2378.000000,0.716609
19.024000,1451.728000,1.237923
5.904000,1752.176000,0.746731
11.152000,648.784000,0.881231
36.080000,560.880000,0.680785
1.968000,633.040000,0.727717
8.528000,264.368000,2.003716
9.840000,33.456000,1.188851
30.832000,2787.344000,0.719183
17.712000,936.112000,1.001907
8.528000,2611.536000,0.837841
24.272000,2880.496000,0.857177
19.024000,232.880000,0.720021
38.704000,2664.016000,1.081658
17.712000,2426.544000,1.293561
36.080000,887.568000,1.254877
29.520000,3069.424000,0.839161
20.336000,988.592000,0.883507
22.960000,2248.112000,1.280201
4.592000,3212.432000,0.674203
11.152000,1979.152000,0.743451
9.840000,2745.360000,1.020627
1.968000,1815.152000,0.751427
26.896000,417.872000,1.161341
21.648000,2559.056000,0.878257
19.024000,2608.912000,1.410415
7.216000,1802.032000,0.762279
26.896000,3002.512000,2.263051
17.712000,3020.880000,0.805750
0.656000,2008.016000,0.866401
5.904000,1745.616000,1.475590
8.528000,350.960000,1.495111
30.832000,2824.080000,0.659862
5.904000,2543.312000,0.766480
13.776000,131.856000,0.694940
24.272000,2511.824000,0.703200
20.336000,228.944000,2.065973
19.024000,92.496000,0.946733
20.336000,3078.608000,0.716052
33.456000,2833.264000,1.215319
30.832000,2671.888000,0.690449
33.456000,1325.776000,1.346255
37.392000,252.560000,0.742109
34.768000,2847.696000,0.811284
30.832000,2774.224000,0.936294
16.400000,2131.344000,1.195949
17.712000,2872.624000,1.618630
26.896000,2434.416000,0.699941
7.216000,2477.712000,1.136339
13.776000,1113.232000,0.673618
24.272000,2496.080000,1.924283
20.336000,1514.704000,0.997662
1.968000,1012.208000,1.025438
38.704000,2687.632000,0.790767
21.648000,3093.040000,1.168833
17.712000,238.128000,0.723708
9.840000,898.064000,0.784176
1.968000,1239.184000,0.816710
0.656000,2805.712000,0.851125
16.400000,1375.632000,1.119167
19.024000,604.176000,0.705868
33.456000,1956.848000,1.030834
3.280000,2011.952000,1.274764
0.656000,2339.952000,1.110194
8.528000,2522.320000,1.105716
9.840000,877.072000,0.698612
12.464000,163.344000,1.240272
15.088000,2653.520000,0.747920
1.968000,2573.488000,0.727609
32.144000,1540.944000,0.964237
37.392000,1620.976000,0.789796
26.896000,1480.592000,0.727975
29.520000,980.720000,1.342080
29.520000,2165.456000,1.433655
38.704000,1575.056000,0.971174
34.768000,2475.088000,0.674935
37.392000,3058.928000,0.820198
13.776000,2896.240000,0.811703
24.272000,728.816000,1.133341
1.968000,2106.416000,0.817780
26.896000,2076.240000,1.086470
19.024000,799.664000,0.663456
17.712000,541.200000,0.829574
21.648000,2014.576000,0.925947
0.656000,9.840000,0.769439
29.520000,1815.152000,0.921848
19.024000,1620.976000,0.743382
3.280000,2931.664000,0.704543
36.080000,1176.208000,0.990785
21.648000,2249.424000,0.712816
22.960000,545.136000,0.735480
5.904000,2532.816000,0.965544
34.768000,2707.312000,2.420878
34.768000,2664.016000,0.847386
36.080000,184.336000,0.818167
5.904000,215.824000,0.795579
1.968000,539.888000,0.898752
15.088000,2918.544000,1.256048
22.960000,873.136000,0.982852
9.840000,1573.744000,0.763374
17.712000,2248.112000,1.293233
28.208000,680.272000,0.823049
25.584000,1181.456000,2.503543
33.456000,2221.872000,0.697680
30.832000,2964.464000,1.189308
29.520000,1623.600000,0.719759
28.208000,1172.272000,0.661907
3.280000,3095.664000,1.723411
4.592000,972.848000,0.923130
36.080000,3054.992000,1.782081
3.280000,532.016000,0.732479
4.592000,794.416000,0.681751
36.080000,3217.680000,0.833625
25.584000,374.576000,1.217120
24.272000,417.872000,0.729256
17.712000,2845.072000,0.666177
38.704000,744.560000,0.661450
13.776000,352.272000,0.971112
3.280000,3200.624000,0.752594
32.144000,2123.472000,1.094883
29.520000,650.096000,0.701260
37.392000,214.512000,0.966105
8.528000,1795.472000,0.720392
1.968000,30.832000,0.696812
24.272000,2315.024000,0.784905
5.904000,2528.880000,0.904916
32.144000,1358.576000,0.799209
12.464000,2301.904000,0.937446
34.768000,1617.040000,2.478241
22.960000,3006.448000,0.659951
4.592000,752.432000,0.926154
38.704000,1609.168000,1.191429
0.656000,122.672000,0.686927
24.272000,442.800000,0.675028
26.896000,2101.168000,0.817448
11.152000,437.552000,1.239562
17.712000,0.656000,2.025196
30.832000,513.648000,0.903531
16.400000,2114.288000,1.661235
19.024000,1449.104000,1.128832
20.336000,2961.840000,0.772243
17.712000,277.488000,0.891302
38.704000,218.448000,0.705107
15.088000,270.928000,0.742104
7.216000,2395.056000,0.852258
30.832000,2850.320000,1.386697
28.208000,592.368000,0.684792
32.144000,493.968000,1.408176
20.336000,1026.640000,1.113624
1.968000,183.024000,0.936783
5.904000,1418.928000,0.768249
17.712000,2967.088000,1.104643
13.776000,2927.728000,1.273004
8.528000,2679.760000,0.880763
5.904000,934.800000,0.746237
4.592000,2126.096000,0.766612
11.152000,2305.840000,0.902316
21.648000,1972.592000,0.705932
28.208000,3116.656000,0.791679
5.904000,1753.488000,0.686953
33.456000,2574.800000,0.869109
30.832000,1647.216000,0.872835
16.400000,1460.912000,0.753991
17.712000,587.120000,1.482155
1.968000,2254.672000,0.715233
33.456000,1841.392000,0.691158
16.400000,550.384000,0.712123
22.960000,3187.504000,1.079594
1.968000,2762.416000,0.724604
33.456000,3170.448000,0.863088
30.832000,1661.648000,1.049882
7.216000,2473.776000,0.687451
33.456000,3019.568000,1.112016
34.768000,709.136000,1.408113
36.080000,1844.016000,0.663589
26.896000,430.992000,0.754677
12.464000,2217.936000,0.734685
11.152000,1475.344000,1.000319
5.904000,1695.760000,0.721526
26.896000,1823.024000,0.710304
30.832000,2489.520000,1.303746
28.208000,2026.384000,1.575203
32.144000,63.632000,0.999560
30.832000,597.616000,1.173812
29.520000,1105.360000,0.781357
20.336000,3081.232000,0.673252
24.272000,1863.696000,1.054026
9.840000,522.832000,0.714470
16.400000,1476.656000,0.964477
37.392000,89.872000,0.829505
32.144000,3209.808000,0.927299
4.592000,713.072000,1.043652
20.336000,2283.536000,0.847659
30.832000,101.680000,0.844089
11.152000,1144.720000,0.945165
13.776000,2834.576000,0.758872
7.216000,790.480000,1.247738
37.392000,2791.280000,1.134251
29.520000,2311.088000,0.694191
36.080000,2304.528000,1.584506
12.464000,281.424000,0.841172
7.216000,1237.872000,0.701886
34.768000,345.712000,0.698409
22.960000,389.008000,0.670182
5.904000,1432.048000,0.848544
28.208000,1456.976000,0.787794
9.840000,2502.640000,1.367292
21.648000,2919.856000,0.821343
4.592000,268.304000,1.756231
7.216000,707.824000,0.893155
13.776000,2296.656000,1.197873
3.280000,1464.848000,2.057288
30.832000,3121.904000,0.815623
20.336000,404.752000,1.029848
21.648000,2695.504000,1.074002
32.144000,2562.992000,1.004669
20.336000,2383.248000,1.088624
29.520000,2439.664000,1.612313
33.456000,3178.320000,1.014748
20.336000,1527.824000,0.697067
21.648000,2570.864000,0.659312
33.456000,2965.776000,0.804903
25.584000,1089.616000,0.841447
34.768000,2771.600000,1.338260
28.208000,1304.784000,1.077102
36.080000,644.848000,0.805609
28.208000,3066.800000,0.723506
32.144000,2216.624000,0.790838
37.392000,1107.984000,0.819673
19.024000,158.096000,1.361973
26.896000,1394.000000,1.086607
4.592000,875.760000,1.650430
29.520000,968.912000,0.902284
11.152000,947.920000,0.858780
34.768000,2694.192000,0.725425
26.896000,2353.072000,0.657207
4.592000,1887.312000,0.724632
25.584000,204.016000,0.695780
1.968000,3205.872000,0.880895
16.400000,79.376000,0.985167
22.960000,425.744000,1.145324
0.656000,621.232000,0.712786
28.208000,1998.832000,0.745914
11.152000,2824.080000,0.989239
20.336000,2930.352000,0.800780
5.904000,1354.640000,1.264246
8.528000,1222.128000,0.762748
0.656000,3104.848000,0.936987
22.960000,1933.232000,0.883181
32.144000,276.176000,1.549583
26.896000,260.432000,1.191426
37.392000,820.656000,1.229162
38.704000,2578.736000,1.216045
38.704000,2540.688000,1.181670
20.336000,2614.160000,0.921469
29.520000,1245.744000,0.950893
3.280000,916.432000,1.176929
19.024000,1207.696000,0.716109
25.584000,2336.016000,1.058110
11.152000,1170.960000,0.680019
29.520000,1104.048000,1.559025
1.968000,2442.288000,0.896570
3.280000,200.080000,0.662481
37.392000,2864.752000,0.702910
30.832000,432.304000,0.660944
7.216000,2053.936000,0.734082
29.520000,2027.696000,0.855799
30.832000,870.512000,1.938974
12.464000,131.856000,0.940269
20.336000,1861.072000,0.727576
37.392000,738.000000,1.078158
32.144000,2921.168000,1.166443
8.528000,323.408000,1.109862
5.904000,1193.264000,0.906340
38.704000,238.128000,0.709786
22.960000,1636.720000,0.705866
22.960000,2921.168000,0.909168
37.392000,1435.984000,1.283500
12.464000,1748.240000,0.681637
34.768000,1644.592000,0.813645
21.648000,958.416000,0.731567
12.464000,942.672000,1.019645
20.336000,1115.856000,0.907179
22.960000,1227.376000,0.894656
15.088000,2299.280000,0.932148
13.776000,1350.704000,0.881486
33.456000,497.904000,0.753834
20.336000,2132.656000,1.610484
5.904000,1215.568000,1.821305
37.392000,949.232000,1.828311
28.208000,3023.504000,0.687470
38.704000,1254.928000,0.862698
0.656000,2771.600000,0.725278
37.392000,1811.216000,0.959908
24.272000,879.696000,0.696420
7.216000,2951.344000,0.816738
37.392000,2548.560000,0.936981
30.832000,941.360000,0.743018
36.080000,1501.584000,1.027916
25.584000,1313.968000,1.048870
38.704000,1449.104000,0.860784
33.456000,3107.472000,2.097277
16.400000,2051.312000,0.707091
9.840000,2448.848000,1.115961
24.272000,3108.784000,1.592996
12.464000,2897.552000,0.834870
16.400000,2389.808000,1.942437
24.272000,1168.336000,0.703339
9.840000,2783.408000,1.807773
22.960000,1798.096000,0.967016
25.584000,2589.232000,0.800940
38.704000,2035.568000,0.788126
29.520000,702.576000,0.962102
28.208000,846.896000,0.775858
26.896000,2002.768000,0.940683
16.400000,2241.552000,0.861282
37.392000,1289.040000,0.675488
25.584000,2963.152000,0.831191
26.896000,2932.976000,0.902158
32.144000,643.536000,1.171861
3.280000,983.344000,1.234585
3.280000,3220.304000,1.161088
8.528000,1720.688000,0.916644
4.592000,2275.664000,1.453404
33.456000,2493.456000,0.819159
36.080000,1034.512000,1.046604
7.216000,2492.144000,0.887856
11.152000,2503.952000,0.739745
7.216000,3040.560000,0.687109
8.528000,1039.760000,0.942194
25.584000,12.464000,1.040392
17.712000,2128.720000,0.721407
29.520000,2086.736000,0.830853
15.088000,694.704000,1.416667
25.584000,2374.064000,0.789359
5.904000,1866.320000,1.487390
9.840000,1148.656000,1.203821
38.704000,681.584000,0.861843
21.648000,1867.632000,0.705692
22.960000,652.720000,1.054219
37.392000,2771.600000,0.900270
15.088000,576.624000,1.380451
17.712000,2419.984000,0.991968
1.968000,992.528000,0.696151
26.896000,1887.312000,1.370027
33.456000,2225.808000,0.737979
8.528000,949.232000,0.715782
3.280000,703.888000,0.762559
9.840000,1960.784000,1.333917
34.768000,844.272000,1.265948
24.272000,2820.144000,1.309114
0.656000,1420.240000,0.738273
1.968000,1344.144000,0.737102
19.024000,2090.672000,1.540539
15.088000,887.568000,0.875284
0.656000,1286.416000,0.745799
29.520000,1578.992000,0.932310
28.208000,1969.968000,0.709364
28.208000,278.800000,0.739281
30.832000,1897.808000,1.274289
25.584000,403.440000,0.806697
15.088000,427.056000,1.071454
32.144000,2517.072000,0.940492
26.896000,3166.512000,1.244662
4.592000,2860.816000,0.670189
9.840000,1509.456000,0.994642
16.400000,2321.584000,0.665388
15.088000,1262.800000,0.758297
1.968000,1128.976000,0.915623
3.280000,1117.168000,1.672854
13.776000,2560.368000,1.341646
22.960000,799.664000,0.919308
22.960000,2552.496000,0.761537
34.768000,2221.872000,1.207059
7.216000,2064.432000,0.737862
16.400000,184.336000,0.852550
7.216000,1680.016000,1.078406
17.712000,59.696000,0.823751
4.592000,2265.168000,0.809432
11.152000,845.584000,1.005106
20.336000,2040.816000,0.667749
26.896000,1973.904000,0.978327
32.144000,2097.232000,0.953129
16.400000,1968.656000,0.673419
26.896000,2694.192000,0.975518
21.648000,2955.280000,0.871566
8.528000,2824.080000,0.709676
33.456000,865.264000,0.851230
9.840000,2435.728000,1.059612
19.024000,274.864000,0.751037
37.392000,3125.840000,0.946096
13.776000,783.920000,0.887396
19.024000,2254.672000,0.847599
20.336000,1728.560000,0.954936
37.392000,1248.368000,1.109379
28.208000,2671.888000,1.365514
16.400000,1140.784000,1.209532
4.592000,1715.440000,1.902722
16.400000,1741.680000,1.147557
19.024000,764.240000,0.711780
25.584000,2081.488000,1.253771
16.400000,37.392000,0.781737
24.272000,410.000000,0.676503
9.840000,646.160000,0.721119
1.968000,449.360000,0.908012
30.832000,3052.368000,1.484176
29.520000,1128.976000,1.220610
12.464000,3075.984000,0.951665
28.208000,3027.440000,0.926512
4.592000,2472.464000,0.758189
13.776000,2459.344000,0.690489
22.960000,2336.016000,0.873196
26.896000,3198.000000,0.842636
37.392000,3169.136000,0.678566
1.968000,945.296000,1.393174
0.656000,1013.520000,1.053485
3.280000,1416.304000,1.369312
24.272000,1739.056000,0.838255
15.088000,2492.144000,0.766575
16.400000,2540.688000,0.735332
22.960000,2585.296000,0.681291
4.592000,508.400000,1.383028
34.768000,427.056000,0.969437
33.456000,1493.712000,0.956268
26.896000,2174.640000,0.904129
20.336000,1599.984000,0.824792
7.216000,1491.088000,2.306181
8.528000,1993.584000,1.057357
24.272000,28.208000,0.817475
30.832000,2506.576000,0.824320
32.144000,1274.608000,1.433166
25.584000,1334.960000,0.848153
25.584000,2161.520000,0.882575
7.216000,2594.480000,0.754202
19.024000,2825.392000,0.736450
12.464000,1622.288000,0.701232
13.776000,1863.696000,0.876555
20.336000,2696.816000,0.915953
15.088000,1544.880000,0.827950
11.152000,223.696000,0.778350
30.832000,1114.544000,0.687243
17.712000,736.688000,1.247903
16.400000,1680.016000,1.250639
37.392000,3136.336000,0.751478
34.768000,322.096000,0.686644
30.832000,3138.960000,0.777488
15.088000,568.752000,0.691010
34.768000,2149.712000,1.480803
24.272000,2025.072000,1.641544
17.712000,336.528000,0.657565
7.216000,1067.312000,0.717090
32.144000,19.024000,0.931015
4.592000,1718.064000,1.525777
3.280000,2255.984000,0.865116
13.776000,469.040000,1.143665
16.400000,980.720000,3.043487
13.776000,2207.440000,1.200495
19.024000,1972.592000,0.739710
8.528000,2992.016000,0.917314
38.704000,832.464000,1.312404
1.968000,1609.168000,0.913552
0.656000,642.224000,1.243576
9.840000,2828.016000,0.751240
25.584000,1292.976000,0.789352
9.840000,2999.888000,0.936591
11.152000,3106.160000,0.882757
24.272000,1850.576000,0.676559
37.392000,966.288000,0.910791
1.968000,2527.568000,0.758634
36.080000,305.040000,1.782027
11.152000,545.136000,0.758995
12.464000,2439.664000,0.693627
7.216000,1981.776000,0.830569
24.272000,1934.544000,1.611875
26.896000,1203.760000,0.890726
9.840000,1379.568000,0.699434
5.904000,2978.896000,0.748885
21.648000,2141.840000,0.817644
8.528000,59.696000,0.760584
5.904000,1437.296000,0.786075
36.080000,570.064000,1.238316
12.464000,2733.552000,1.092290
28.208000,172.528000,1.595036
34.768000,3116.656000,0.935400
28.208000,1865.008000,0.667413
29.520000,1056.816000,1.082986
26.896000,465.104000,0.663662
13.776000,1854.512000,1.000175
7.216000,2583.984000,1.092474
29.520000,488.720000,1.789596
22.960000,2606.288000,2.239477
5.904000,333.904000,0.802041
4.592000,1967.344000,0.746057
13.776000,248.624000,1.810090
34.768000,798.352000,1.277945
38.704000,2897.552000,0.673745
9.840000,96.432000,0.812848
30.832000,3106.160000,0.992514
4.592000,1984.400000,0.740431
13.776000,1720.688000,0.825697
13.776000,1796.784000,0.690591
1.968000,312.912000,0.781965
5.904000,2673.200000,1.887681
8.528000,891.504000,0.699485
5.904000,2998.576000,0.815606
3.280000,3140.272000,0.689951
12.464000,256.496000,0.660404
24.272000,2662.704000,1.817068
11.152000,3119.280000,0.732132
11.152000,2102.480000,1.020160
17.712000,773.424000,0.695734
16.400000,943.984000,1.524095
20.336000,657.968000,1.292467
30.832000,419.184000,0.821304
38.704000,1447.792000,1.823853
15.088000,1031.888000,0.657171
11.152000,3086.480000,0.867060
33.456000,2726.992000,1.314348
29.520000,543.824000,0.720334
37.392000,682.896000,0.772630
32.144000,1056.816000,0.908943
33.456000,2792.592000,1.684717
22.960000,2808.336000,1.027512
22.960000,1725.936000,0.707057
21.648000,2694.192000,1.335279
4.592000,1031.888000,0.658943
36.080000,1521.264000,0.852402
34.768000,2346.512000,0.810323
8.528000,1240.496000,0.906239
11.152000,3053.680000,0.842263
33.456000,1094.864000,0.846269
22.960000,1043.696000,0.664431
32.144000,1142.096000,1.592616
17.712000,2620.720000,0.695693
9.840000,2549.872000,1.622345
22.960000,566.128000,0.871969
25.584000,3028.752000,0.774884
36.080000,854.768000,1.058797
37.392000,416.560000,1.707459
5.904000,2552.496000,0.894933
3.280000,2758.480000,1.507223
4.592000,1568.496000,0.917150
28.208000,1097.488000,1.418506
17.712000,2416.048000,1.394262
12.464000,758.992000,0.739767
24.272000,999.088000,0.735994
16.400000,2242.864000,0.871433
36.080000,160.720000,0.740143
38.704000,583.184000,1.512397
9.840000,2099.856000,0.682404
29.520000,1231.312000,0.658748
17.712000,1139.472000,0.661482
4.592000,2105.104000,0.756836
29.520000,1228.688000,1.159550
19.024000,2863.440000,0.798061
3.280000,1996.208000,1.424178
29.520000,2825.392000,1.014021
32.144000,1428.112000,0.707017
20.336000,2833.264000,1.820888
15.088000,2322.896000,0.766036
13.776000,1417.616000,1.293037
36.080000,3209.808000,0.782029
28.208000,2893.616000,0.994258
11.152000,93.808000,1.055889
28.208000,345.712000,1.332775
28.208000,2494.768000,1.159727
25.584000,1275.920000,0.761948
5.904000,154.160000,0.690780
3.280000,1090.928000,0.915407
25.584000,799.664000,0.897155
29.520000,2126.096000,0.668990
1.968000,2682.384000,1.018429
8.528000,1674.768000,0.759574
25.584000,2682.384000,0.803794
16.400000,769.488000,0.669842
5.904000,2484.272000,1.127888
8.528000,1552.752000,1.029989
26.896000,2500.016000,1.085426
5.904000,791.792000,0.993905
34.768000,154.160000,1.089595
25.584000,1571.120000,0.673697
15.088000,726.192000,1.329641
0.656000,2950.032000,0.798471
36.080000,814.096000,0.680565
11.152000,865.264000,0.980455
7.216000,2744.048000,1.626404
8.528000,2603.664000,0.907817
28.208000,2625.968000,1.234677
30.832000,2189.072000,1.037926
24.272000,3187.504000,0.663756
20.336000,1971.280000,0.746037
17.712000,1438.608000,0.936880
0.656000,1879.440000,1.018341
33.456000,2193.008000,0.656533
28.208000,2284.848000,0.984819
20.336000,1533.072000,0.754869
16.400000,1413.680000,1.077185
0.656000,206.640000,1.715109
0.656000,537.264000,1.089142
7.216000,3144.208000,0.770147
5.904000,2257.296000,1.072348
3.280000,101.680000,0.659543
24.272000,2313.712000,0.728448
36.080000,1517.328000,0.774598
11.152000,3150.768000,0.852269
32.144000,1529.136000,1.051314
28.208000,824.592000,0.682539
24.272000,492.656000,2.683115
3.280000,45.264000,1.696309
26.896000,1657.712000,0.958830
38.704000,2090.672000,0.943551
16.400000,1164.400000,1.016046
4.592000,1467.472000,0.658607
32.144000,1861.072000,0.884430
26.896000,922.992000,1.047910
21.648000,189.584000,1.902649
5.904000,1792.848000,1.649786
24.272000,1744.304000,0.793126
30.832000,2780.784000,1.512778
24.272000,2948.720000,1.220285
15.088000,3089.104000,1.469546
34.768000,2952.656000,0.784638
11.152000,1956.848000,1.099006
12.464000,1030.576000,0.760354
36.080000,2792.592000,1.424162
11.152000,3175.696000,0.661374
15.088000,2763.728000,0.661727
11.152000,1985.712000,1.899770
29.520000,1888.624000,0.874851
19.024000,3061.552000,0.882191
16.400000,410.000000,1.398294
34.768000,2843.760000,0.702584
1.968000,1896.496000,0.835231
22.960000,542.512000,0.709716
4.592000,1527.824000,0.680087
33.456000,1004.336000,0.678014
37.392000,395.568000,0.819108
38.704000,2110.352000,0.882610
30.832000,804.912000,0.905545
20.336000,2581.360000,0.728955
32.144000,972.848000,1.315940
34.768000,1096.176000,0.965064
1.968000,647.472000,0.779806
12.464000,2765.040000,0.679515
15.088000,520.208000,0.713938
19.024000,312.912000,0.862466
1.968000,1359.888000,1.030413
9.840000,2492.144000,0.662250
3.280000,675.024000,0.950214
26.896000,122.672000,0.698091
11.152000,2385.872000,0.676603
11.152000,2387.184000,0.800224
9.840000,2951.344000,0.866876
17.712000,2598.416000,0.721766
7.216000,2952.656000,1.047399
20.336000,871.824000,1.504325
15.088000,1952.912000,0.938889
5.904000,664.528000,1.310659
29.520000,1047.632000,0.844472
11.152000,1216.880000,1.441768
33.456000,2923.792000,0.708278
8.528000,463.792000,0.846088
36.080000,551.696000,0.781045
9.840000,2325.520000,0.819919
33.456000,571.376000,1.062605
8.528000,1761.360000,0.952844
4.592000,2454.096000,1.370583
8.528000,17.712000,0.712108
17.712000,323.408000,1.228418
19.024000,1840.080000,0.868314
0.656000,1459.600000,1.045925
29.520000,1075.184000,0.739737
21.648000,898.064000,1.084811
9.840000,1623.600000,1.555559
34.768000,1787.600000,0.666700
5.904000,441.488000,0.941297
22.960000,760.304000,1.250741
15.088000,2589.232000,0.714627
0.656000,1840.080000,0.742456
21.648000,3191.440000,0.878259
33.456000,1243.120000,1.055943
33.456000,2898.864000,1.245483
17.712000,958.416000,0.658790
26.896000,2288.784000,0.784129
21.648000,1058.128000,1.269986
17.712000,1681.328000,0.755818
24.272000,1100.112000,1.208640
4.592000,583.184000,1.175743
13.776000,1153.904000,0.805329
4.592000,870.512000,1.655873
16.400000,117.424000,0.850770
15.088000,2309.776000,0.907845
28.208000,2345.200000,0.712609
29.520000,1983.088000,0.945221
21.648000,2548.560000,1.543359
7.216000,251.248000,1.362761
24.272000,2122.160000,0.778397
30.832000,345.712000,1.750472
32.144000,2056.560000,0.717660
20.336000,1462.224000,0.712902
5.904000,2006.704000,0.830649
0.656000,2149.712000,0.657710
28.208000,383.760000,1.699339
19.024000,500.528000,0.893297
12.464000,1664.272000,1.277558
33.456000,2481.648000,0.808741
24.272000,293.232000,1.368593
21.648000,2601.040000,0.997118
38.704000,314.224000,0.866647
0.656000,2120.848000,0.804832
33.456000,2434.416000,0.839654
9.840000,2011.952000,0.849349
15.088000,2746.672000,0.863836
1.968000,390.320000,0.708713
33.456000,1477.968000,1.039338
30.832000,2476.400000,1.002571
9.840000,1858.448000,0.724595
20.336000,812.784000,0.783808
1.968000,2635.152000,0.870455
20.336000,690.768000,1.014073
38.704000,3108.784000,1.030622
24.272000,2614.160000,0.815589
16.400000,3087.792000,0.896187
16.400000,57.072000,1.176782
3.280000,1085.680000,0.907044
22.960000,1219.504000,0.778854
0.656000,686.832000,0.707444
38.704000,1358.576000,1.350317
25.584000,1374.320000,1.382717
5.904000,49.200000,0.843573
32.144000,1920.112000,0.794103
25.584000,2357.008000,0.664770
3.280000,1979.152000,1.448662
19.024000,1212.944000,1.369591
30.832000,1820.400000,0.661783
19.024000,1035.824000,1.619606
36.080000,2105.104000,0.822032
32.144000,1442.544000,0.678658
12.464000,3066.800000,0.757615
26.896000,3195.376000,0.982490
13.776000,1955.536000,0.939885
11.152000,1622.288000,0.831536
20.336000,2770.288000,1.160813
29.520000,572.688000,1.122835
20.336000,3069.424000,0.711412
30.832000,184.336000,0.742005
3.280000,420.496000,1.358526
32.144000,1959.472000,0.729966
1.968000,1048.944000,0.837893
19.024000,1169.648000,0.934125
4.592000,1029.264000,0.708802
25.584000,2210.064000,0.736351
8.528000,3090.416000,0.665980
3.280000,3163.888000,1.024036
5.904000,2519.696000,0.840479
28.208000,2804.400000,0.720239
1.968000,1240.496000,0.766997
11.152000,495.280000,0.705732
36.080000,1134.224000,0.732951
28.208000,265.680000,0.714407
25.584000,598.928000,1.012831
25.584000,3135.024000,0.657747
21.648000,2196.944000,1.170302
5.904000,758.992000,0.963497
34.768000,3022.192000,1.059448
38.704000,290.608000,0.957141
15.088000,2225.808000,1.054476
9.840000,2753.232000,1.115543
24.272000,2745.360000,1.390149
30.832000,1077.808000,0.894008
9.840000,633.040000,0.728843
22.960000,2548.560000,0.914359
4.592000,2644.336000,0.901691
1.968000,458.544000,0.991230
11.152000,2821.456000,0.779559
28.208000,486.096000,0.806026
11.152000,705.200000,1.968142
7.216000,568.752000,1.309057
8.528000,3009.072000,0.776751
16.400000,2301.904000,0.812369
4.592000,1223.440000,0.672800
33.456000,139.728000,0.671930
9.840000,2943.472000,0.933368
34.768000,243.376000,0.829087
33.456000,1912.240000,0.704828
5.904000,1253.616000,1.187815
19.024000,2804.400000,0.664231
3.280000,803.600000,1.251334
38.704000,1724.624000,0.809829
32.144000,2461.968000,1.411717
38.704000,2440.976000,2.109146
19.024000,479.536000,0.821491
13.776000,1324.464000,1.352286
34.768000,2578.736000,0.724749
11.152000,22.960000,0.772029
21.648000,957.104000,0.743217
17.712000,791.792000,0.759506
16.400000,1921.424000,2.293994
7.216000,1716.752000,1.171700
26.896000,2837.200000,1.007361
28.208000,2793.904000,0.859100
38.704000,794.416000,0.711944
11.152000,761.616000,0.864787
17.712000,2583.984000,1.314321
38.704000,638.288000,0.702005
0.656000,285.360000,0.791282
13.776000,1230.000000,0.857546
37.392000,3157.328000,1.065253
15.088000,1767.920000,0.727940
3.280000,1950.288000,1.181390
25.584000,1080.432000,0.691960
37.392000,862.640000,1.329315
16.400000,1808.592000,0.817731
37.392000,2884.432000,0.847961
26.896000,1401.872000,1.130175
12.464000,2677.136000,0.947907
13.776000,2538.064000,0.918501
33.456000,2551.184000,0.837365
26.896000,2786.032000,1.009751
37.392000,1665.584000,0.849038
26.896000,2099.856000,1.416341
7.216000,2867.376000,0.861089
24.272000,756.368000,0.937756
25.584000,3103.536000,0.995520
8.528000,2280.912000,1.303185
13.776000,2450.160000,0.663988
28.208000,997.776000,0.755618
20.336000,829.840000,0.718757
9.840000,1748.240000,0.664253
15.088000,2131.344000,0.712270
32.144000,417.872000,0.844261
26.896000,2047.376000,0.764990
26.896000,2733.552000,0.659490
30.832000,2451.472000,0.717570
13.776000,2906.736000,0.871959
36.080000,2448.848000,1.685077
17.712000,1893.872000,0.725799
16.400000,2423.920000,0.667132
21.648000,3127.152000,0.659765
15.088000,686.832000,1.349356
9.840000,2883.120000,0.658667
7.216000,902.000000,0.808217
0.656000,1862.384000,2.262850
9.840000,2821.456000,0.679481
11.152000,2738.800000,1.649504
5.904000,64.944000,1.025802
38.704000,1462.224000,0.746172
33.456000,707.824000,1.672760
24.272000,385.072000,0.864058
20.336000,955.792000,0.952522
37.392000,1830.896000,0.955527
25.584000,385.072000,0.662259
8.528000,2998.576000,0.926383
15.088000,1596.048000,1.120068
30.832000,2854.256000,0.998382
38.704000,2732.240000,0.888325
21.648000,172.528000,0.839882
9.840000,303.728000,0.892055
15.088000,1127.664000,0.711394
26.896000,2316.336000,0.676145
33.456000,3086.480000,0.817711
3.280000,1001.712000,0.903354
28.208000,1670.832000,0.933339
21.648000,2872.624000,0.746887
37.392000,310.288000,0.726402
11.152000,1458.288000,0.829674
5.904000,681.584000,1.688041
5.904000,1891.248000,1.074441
28.208000,2463.280000,1.002072
21.648000,290.608000,0.678336
29.520000,96.432000,0.727078
19.024000,398.192000,0.772202
20.336000,1603.920000,1.062199
22.960000,736.688000,0.902260
32.144000,263.056000,0.673058
4.592000,2502.640000,0.896697
29.520000,770.800000,0.829687
7.216000,559.568000,1.146477
16.400000,87.248000,0.868242
13.776000,2867.376000,0.765367
34.768000,362.768000,1.135426
8.528000,1417.616000,0.922246
15.088000,1588.176000,0.801732
8.528000,3142.896000,0.920203
30.832000,640.912000,0.937591
11.152000,2881.808000,0.908552
20.336000,251.248000,2.300919
33.456000,1101.424000,1.038908
1.968000,845.584000,1.244794
16.400000,64.944000,1.770302
30.832000,1990.960000,0.788045
12.464000,1308.720000,0.774236
25.584000,1006.960000,1.033285
21.648000,850.832000,1.048599
3.280000,2178.576000,0.928839
37.392000,3035.312000,0.671403
38.704000,2963.152000,0.719218
34.768000,1910.928000,0.700439
13.776000,1362.512000,0.667781
28.208000,249.936000,1.023022
7.216000,768.176000,0.732777
5.904000,2393.744000,1.282086
12.464000,1248.368000,0.713700
21.648000,2980.208000,1.791883
32.144000,2189.072000,1.102227
32.144000,698.640000,1.037452
38.704000,95.120000,0.772946
13.776000,2805.712000,1.263325
9.840000,612.048000,0.906120
38.704000,1000.400000,0.998504
3.280000,580.560000,0.681506
33.456000,2585.296000,1.324075
33.456000,2837.200000,0.886021
13.776000,3099.600000,0.990113
16.400000,1657.712000,0.808973
30.832000,2988.080000,0.669647
13.776000,1270.672000,1.818849
17.712000,1626.224000,0.693066
19.024000,2636.464000,1.692852
22.960000,3066.800000,1.234809
15.088000,2652.208000,0.819392
30.832000,1265.424000,0.871283
1.968000,2528.880000,0.857458
29.520000,2821.456000,1.981038
21.648000,2549.872000,0.887123
32.144000,3104.848000,0.848598
30.832000,2354.384000,0.988784
25.584000,2116.912000,1.198743
24.272000,1323.152000,0.778044
4.592000,1117.168000,0.939462
9.840000,1782.352000,0.681118
0.656000,1858.448000,1.507376
30.832000,1435.984000,1.620708
21.648000,2725.680000,0.736450
33.456000,1554.064000,0.936122
38.704000,2328.144000,0.980081
34.768000,1876.816000,0.772998
4.592000,1895.184000,0.702144
15.088000,2817.520000,0.996841
13.776000,1094.864000,1.149633
36.080000,1766.608000,1.035820
1.968000,2805.712000,0.777890
1.968000,1081.744000,0.664432
11.152000,1981.776000,0.699033
36.080000,500.528000,0.718264
34.768000,310.288000,1.478457
0.656000,3052.368000,1.021876
28.208000,654.032000,0.697182
32.144000,2619.408000,1.392885
8.528000,2902.800000,0.936595
8.528000,231.568000,1.564778
26.896000,1447.792000,0.782825
22.960000,2658.768000,1.292328
32.144000,1050.256000,0.745710
17.712000,1289.040000,1.000589
15.088000,333.904000,1.133807
28.208000,1514.704000,1.239168
30.832000,440.176000,0.973013
0.656000,332.592000,0.932180
13.776000,1952.912000,1.038630
38.704000,5.904000,0.796513
24.272000,1250.992000,1.384883
7.216000,1222.128000,1.022645
17.712000,2172.016000,0.676537
36.080000,3216.368000,1.200199
12.464000,1607.856000,0.907379
28.208000,201.392000,0.721206
37.392000,423.120000,1.079688
33.456000,867.888000,0.975934
28.208000,1613.104000,0.767648
8.528000,951.856000,1.212768
37.392000,2741.424000,1.192514
16.400000,80.688000,0.957972
17.712000,287.984000,0.704088
28.208000,1703.632000,0.808290
8.528000,49.200000,1.007509
37.392000,1209.008000,0.692133
38.704000,555.632000,0.699488
26.896000,226.320000,0.674264
25.584000,244.688000,0.860122
19.024000,2660.080000,0.721648
28.208000,2232.368000,0.971470
33.456000,53.136000,0.679343
5.904000,1249.680000,1.498234
3.280000,1290.352000,0.765966
20.336000,2703.376000,2.341732
9.840000,1565.872000,1.260827
12.464000,2850.320000,0.725868
19.024000,1299.536000,0.754312
20.336000,1841.392000,1.289734
33.456000,2536.752000,0.995531
15.088000,661.904000,1.082061
15.088000,2343.888000,0.697748
33.456000,537.264000,1.582634
22.960000,1400.560000,0.952154
36.080000,593.680000,1.041940
4.592000,2673.200000,0.969424
5.904000,706.512000,1.207637
21.648000,315.536000,0.733464
5.904000,2341.264000,1.181356
34.768000,1262.800000,0.723807
29.520000,2427.856000,1.178653
0.656000,553.008000,1.218649
25.584000,390.320000,1.086562
32.144000,1186.704000,0.790883
13.776000,1987.024000,0.739725
8.528000,2994.640000,0.848360
12.464000,2409.488000,1.093105
0.656000,841.648000,0.890582
13.776000,348.336000,0.728042
4.592000,1000.400000,0.799309
11.152000,2297.968000,0.892734
22.960000,1614.416000,0.964528
25.584000,2221.872000,0.847880
13.776000,2288.784000,1.285481
4.592000,1014.832000,0.817382
21.648000,1584.240000,1.233736
12.464000,866.576000,0.684366
16.400000,1286.416000,0.951162
38.704000,1676.080000,1.835019
38.704000,2101.168000,0.821535
30.832000,2524.944000,0.952022
8.528000,1740.368000,0.941737
4.592000,2889.680000,0.798192
25.584000,2502.640000,1.203252
9.840000,3060.240000,0.660982
30.832000,156.784000,0.769810
3.280000,1767.920000,1.275435
20.336000,671.088000,0.944280
9.840000,3022.192000,0.938659
21.648000,324.720000,0.827810
30.832000,1813.840000,1.347481
38.704000,1849.264000,0.953175
22.960000,42.640000,0.662490
4.592000,89.872000,0.889333
7.216000,2047.376000,0.828111
20.336000,324.720000,1.214238
36.080000,1493.712000,1.873186
38.704000,1113.232000,0.911615
17.712000,3069.424000,0.732936
21.648000,961.040000,1.265491
37.392000,386.384000,0.671237
21.648000,2262.544000,0.661185
34.768000,2120.848000,1.475569
38.704000,782.608000,1.590086
22.960000,2119.536000,1.185917
9.840000,2564.304000,1.039325
8.528000,429.680000,0.789173
9.840000,1456.976000,1.268014
4.592000,1261.488000,1.139383
0.656000,2073.616000,0.810747
19.024000,550.384000,0.723458
1.968000,2661.392000,0.663506
22.960000,1394.000000,0.783420
13.776000,3057.616000,0.711670
34.768000,2913.296000,0.747511
11.152000,2598.416000,0.910500
34.768000,1819.088000,1.035334
28.208000,1247.056000,0.811449
28.208000,1228.688000,0.753992
20.336000,633.040000,0.892009
25.584000,2594.480000,0.955483
7.216000,1231.312000,1.266595
30.832000,480.848000,1.003173
36.080000,2228.432000,0.759480
11.152000,2168.080000,0.977203
5.904000,1066.000000,0.852515
3.280000,1472.720000,1.741729
9.840000,550.384000,0.750118
25.584000,1823.024000,1.088287
37.392000,1945.040000,0.781643
24.272000,926.928000,1.473757
19.024000,1134.224000,0.857602
7.216000,549.072000,0.693848
9.840000,2224.496000,0.875815
17.712000,3200.624000,0.977517
22.960000,1951.600000,1.150281
28.208000,2639.088000,0.729567
19.024000,1495.024000,0.812167
1.968000,47.888000,0.742863
1.968000,2065.744000,0.681870
15.088000,665.840000,0.795913
28.208000,892.816000,0.699838
9.840000,1462.224000,0.778107
28.208000,402.128000,1.590193
21.648000,2338.640000,0.942598
3.280000,2521.008000,1.106006
29.520000,831.152000,1.313827
7.216000,3010.384000,0.815700
15.088000,2893.616000,0.881046
32.144000,1313.968000,0.726524
20.336000,904.624000,0.663948
11.152000,1500.272000,1.356320
12.464000,1819.088000,1.379558
3.280000,2418.672000,0.902228
11.152000,1414.992000,0.674322
8.528000,75.440000,1.261632
8.528000,2658.768000,1.093221
22.960000,2211.376000,1.397383
13.776000,2193.008000,1.413325
24.272000,1855.824000,0.702577
26.896000,1754.800000,0.798898
5.904000,2469.840000,1.145891
36.080000,760.304000,0.786240
5.904000,1143.408000,1.011769
15.088000,2189.072000,1.199246
7.216000,2067.056000,0.755754
12.464000,916.432000,0.848874
20.336000,1489.776000,2.019757
13.776000,206.640000,1.134936
4.592000,2971.024000,0.690952
7.216000,474.288000,1.067607
25.584000,532.016000,1.497713
19.024000,257.808000,0.722664
13.776000,921.680000,0.673336
36.080000,1287.728000,0.893587
38.704000,2371.440000,1.078438
3.280000,786.544000,0.967413
19.024000,1605.232000,0.758644
21.648000,64.944000,0.955362
37.392000,2015.888000,0.739278
33.456000,420.496000,0.706768
24.272000,2097.232000,0.851575
13.776000,298.480000,1.078453
0.656000,1736.432000,1.143247
36.080000,2646.960000,0.836757
37.392000,3062.864000,0.671968
29.520000,2635.152000,1.143399
9.840000,3054.992000,0.790704
25.584000,882.320000,1.736360
28.208000,2972.336000,0.838506
34.768000,1889.936000,1.174310
7.216000,1391.376000,0.958114
20.336000,1052.880000,0.886133
17.712000,1088.304000,0.958445
3.280000,1147.344000,0.791862
11.152000,2775.536000,0.763846
24.272000,1283.792000,0.987125
4.592000,2671.888000,0.839958
11.152000,1092.240000,0.803551
4.592000,3001.200000,0.840677
7.216000,84.624000,0.952744
9.840000,95.120000,0.798496
3.280000,1704.944000,0.717781
20.336000,2862.128000,1.022582
20.336000,676.336000,0.760780
34.768000,2696.816000,1.372841
37.392000,3152.080000,0.942193
28.208000,1086.992000,0.889688
1.968000,2698.128000,0.849318
13.776000,484.784000,0.804205
34.768000,1649.840000,0.660443
36.080000,2116.912000,0.672398
32.144000,273.552000,0.809239
32.144000,1140.784000,0.807661
30.832000,95.120000,0.695369
22.960000,756.368000,0.744988
28.208000,3117.968000,0.791460
19.024000,1361.200000,1.227087
7.216000,2955.280000,0.912776
33.456000,2973.648000,1.182262
36.080000,765.552000,0.898193
36.080000,1946.352000,0.759684
34.768000,3121.904000,1.568588
38.704000,1416.304000,1.125228
37.392000,2257.296000,0.844670
26.896000,37.392000,2.363595
9.840000,1088.304000,0.872678
29.520000,1677.392000,0.720834
29.520000,1405.808000,1.071435
25.584000,503.152000,0.661770
24.272000,2154.960000,0.727719
19.024000,2927.728000,1.110967
29.520000,593.680000,0.735340
36.080000,2633.840000,0.874642
1.968000,2262.544000,0.912656
3.280000,131.856000,0.657725
22.960000,340.464000,0.665793
13.776000,1147.344000,0.975032
13.776000,819.344000,1.072522
29.520000,2660.080000,1.028084
13.776000,1704.944000,0.973949
26.896000,2821.456000,1.023611
9.840000,3044.496000,0.936432
25.584000,269.616000,0.683015
0.656000,497.904000,1.417379
30.832000,434.928000,0.840777
1.968000,765.552000,1.236809
4.592000,2654.832000,0.949484
9.840000,2408.176000,1.629968
11.152000,1188.016000,1.810761
36.080000,2774.224000,0.781496
0.656000,22.960000,1.310733
26.896000,47.888000,1.316971
0.656000,1929.296000,1.137761
21.648000,206.640000,1.153729
4.592000,2494.768000,0.906325
38.704000,703.888000,0.780402
16.400000,581.872000,0.808913
22.960000,1538.320000,1.099213
8.528000,1647.216000,0.744620
17.712000,1353.328000,1.276433
15.088000,655.344000,1.337904
34.768000,577.936000,1.116977
37.392000,832.464000,0.677081
28.208000,8.528000,0.739687
7.216000,866.576000,0.770584
26.896000,497.904000,0.960064
22.960000,19.024000,0.812927
33.456000,852.144000,0.740125
26.896000,106.928000,0.665242
0.656000,2210.064000,0.740903
4.592000,1383.504000,0.657913
26.896000,101.680000,0.732031
9.840000,2717.808000,0.817041
21.648000,904.624000,1.356336
9.840000,912.496000,0.801821
1.968000,294.544000,0.772666
29.520000,273.552000,0.682502
20.336000,713.072000,0.947781
15.088000,2259.920000,1.214114
0.656000,1092.240000,0.780514
32.144000,230.256000,2.676342
11.152000,1089.616000,0.938180
38.704000,457.232000,1.387151
29.520000,200.080000,0.761054
25.584000,966.288000,1.338638
8.528000,400.816000,0.705226
5.904000,126.608000,1.187947
32.144000,997.776000,0.702085
1.968000,794.416000,0.983228
13.776000,1535.696000,1.873633
4.592000,1906.992000,0.771196
12.464000,516.272000,1.122290
24.272000,2694.192000,1.168232
8.528000,2607.600000,0.898185
29.520000,617.296000,0.996152
38.704000,1896.496000,0.821612
32.144000,2120.848000,1.230988
9.840000,2106.416000,1.019816
11.152000,385.072000,0.676307
25.584000,2976.272000,0.714184
33.456000,730.128000,1.453527
28.208000,2455.408000,1.184008
8.528000,2681.072000,0.794269
36.080000,1963.408000,1.071304
5.904000,1816.464000,0.990302
15.088000,2713.872000,0.753021
26.896000,947.920000,0.906079
38.704000,2030.320000,1.225540
4.592000,2455.408000,0.862577
20.336000,357.520000,0.789512
8.528000,1601.296000,0.988768
8.528000,1001.712000,0.823815
29.520000,1404.496000,1.287026
32.144000,2207.440000,0.788065
5.904000,1269.360000,2.106876
17.712000,2011.952000,0.713982
21.648000,1896.496000,0.824176
25.584000,1240.496000,0.857614
3.280000,1252.304000,0.759668
9.840000,1967.344000,1.158128
26.896000,3043.184000,0.960429
16.400000,584.496000,1.472094
16.400000,1132.912000,0.814026
0.656000,1506.832000,0.840495
11.152000,1543.568000,0.716431
3.280000,2763.728000,1.213187
22.960000,2278.288000,0.688058
21.648000,3089.104000,1.792930
16.400000,2831.952000,1.042185
38.704000,999.088000,0.774323
8.528000,1418.928000,1.511082
8.528000,2175.952000,2.120942
11.152000,206.640000,0.872059
22.960000,1903.056000,1.182753
24.272000,574.000000,0.951614
38.704000,516.272000,1.346155
21.648000,929.552000,0.689269
16.400000,991.216000,0.846551
0.656000,1681.328000,1.332832
19.024000,1809.904000,0.664775
11.152000,1008.272000,1.368185
37.392000,777.360000,0.679888
28.208000,2106.416000,1.342325
37.392000,1429.424000,0.703323
29.520000,1479.280000,1.222282
17.712000,911.184000,0.766050
21.648000,3015.632000,0.821465
11.152000,728.816000,0.879262
36.080000,3213.744000,0.696730
37.392000,3212.432000,1.157981
33.456000,143.664000,0.796359
0.656000,749.808000,1.488644
1.968000,2619.408000,0.725654
5.904000,2866.064000,0.842130
19.024000,450.672000,0.786566
34.768000,2959.216000,1.021763
29.520000,787.856000,0.755577
33.456000,2940.848000,0.961039
22.960000,3132.400000,1.149334
17.712000,1480.592000,1.334759
36.080000,314.224000,0.711645
25.584000,2583.984000,0.725988
20.336000,2227.120000,0.685342
38.704000,605.488000,0.866693
33.456000,104.304000,2.259201
37.392000,1441.232000,0.895337
16.400000,975.472000,0.734619
26.896000,1495.024000,2.137070
3.280000,705.200000,0.953409
13.776000,2822.768000,0.688737
20.336000,957.104000,1.314521
37.392000,1409.744000,0.767042
25.584000,2156.272000,0.826353
38.704000,2972.336000,0.910655
26.896000,2389.808000,0.871790
5.904000,105.616000,0.724502
8.528000,2416.048000,0.890110
22.960000,184.336000,0.798868
9.840000,922.992000,0.720310
11.152000,154.160000,0.843752
4.592000,2801.776000,1.242583
3.280000,310.288000,0.712694
30.832000,3064.176000,0.683951
25.584000,1369.072000,1.182237
17.712000,2614.160000,0.670421
12.464000,20.336000,0.723497
37.392000,1388.752000,1.229240
22.960000,381.136000,0.681460
30.832000,2157.584000,1.461028
33.456000,1230.000000,0.736187
9.840000,1975.216000,0.923010
36.080000,1451.728000,1.062809
29.520000,1184.080000,0.736737
13.776000,2391.120000,0.889835
4.592000,2936.912000,0.671392
19.024000,282.736000,0.748004
0.656000,854.768000,0.786599
33.456000,2220.560000,0.978705
7.216000,749.808000,0.856291
19.024000,2022.448000,1.270150
28.208000,2881.808000,0.903302
3.280000,2889.680000,0.919094
13.776000,2052.624000,0.855164
15.088000,483.472000,1.529135
17.712000,1244.432000,0.678070
20.336000,2918.544000,0.681213
4.592000,2960.528000,1.470498
16.400000,62.320000,0.674439
21.648000,2868.688000,1.181128
9.840000,585.808000,1.013920
19.024000,2809.648000,1.451096
32.144000,2265.168000,1.066638
29.520000,2425.232000,1.489445
4.592000,386.384000,0.868458
19.024000,1870.256000,0.664493
33.456000,101.680000,1.649487
28.208000,1736.432000,0.693823
0.656000,324.720000,0.718032
4.592000,3137.648000,1.034330
15.088000,323.408000,0.769784
22.960000,1195.888000,1.244456
38.704000,1662.960000,0.728850
11.152000,1332.336000,0.680446
13.776000,1993.584000,0.671556
36.080000,556.944000,0.743730
0.656000,3056.304000,0.720219
34.768000,1904.368000,0.788587
25.584000,1016.144000,0.658184
3.280000,2824.080000,0.773562
37.392000,794.416000,1.144354
17.712000,1677.392000,0.925408
4.592000,919.056000,0.951883
28.208000,1922.736000,0.899815
3.280000,1300.848000,0.939735
12.464000,2884.432000,1.127592
13.776000,1586.864000,0.803175
4.592000,1218.192000,0.706516
1.968000,1794.160000,0.783145
32.144000,2233.680000,1.151794
24.272000,1212.944000,1.093086
13.776000,466.416000,0.844745
5.904000,1104.048000,0.866435
19.024000,3108.784000,0.811525
30.832000,1471.408000,1.251670
26.896000,832.464000,0.829014
4.592000,1544.880000,1.688770
9.840000,2856.880000,1.217158
17.712000,1908.304000,0.760676
4.592000,375.888000,0.757985
19.024000,2031.632000,0.678204
7.216000,1597.360000,0.733166
21.648000,681.584000,0.780952
19.024000,884.944000,1.406987
32.144000,206.640000,0.685336
9.840000,2059.184000,1.679238
38.704000,1332.336000,0.726100
11.152000,1306.096000,0.917850
3.280000,701.264000,0.755578
1.968000,2312.400000,0.862203
34.768000,2185.136000,0.859545
30.832000,1788.912000,1.171888
37.392000,1136.848000,0.995518
13.776000,2519.696000,0.695954
30.832000,2461.968000,1.173217
29.520000,315.536000,0.909895
20.336000,3145.520000,1.144402
11.152000,1121.104000,1.044654
17.712000,2401.616000,0.675444
8.528000,1454.352000,1.140617
36.080000,1725.936000,1.271330
7.216000,1935.856000,0.737282
29.520000,1459.600000,1.344191
12.464000,1138.160000,0.742846
34.768000,2733.552000,0.793556
24.272000,520.208000,0.837941
1.968000,961.040000,1.107129
36.080000,1122.416000,0.892086
26.896000,1924.048000,1.102934
32.144000,465.104000,1.498319
13.776000,2881.808000,1.052922
7.216000,964.976000,0.715333
4.592000,2082.800000,0.710355
0.656000,2353.072000,0.770753
5.904000,2299.280000,1.083257
15.088000,1985.712000,1.375240
22.960000,2723.056000,1.110237
38.704000,480.848000,1.045541
5.904000,2195.632000,0.728690
26.896000,761.616000,0.898607
16.400000,1101.424000,0.943324
34.768000,326.032000,0.771685
26.896000,3199.312000,1.323920
25.584000,2816.208000,0.696801
30.832000,469.040000,0.770688
16.400000,185.648000,0.878900
8.528000,276.176000,0.856898
16.400000,3152.080000,0.838396
16.400000,1080.432000,0.743633
17.712000,652.720000,0.926328
11.152000,2673.200000,0.819785
29.520000,2448.848000,0.803230
37.392000,2139.216000,0.959280
9.840000,472.976000,0.838709
1.968000,2454.096000,0.701420
38.704000,2273.040000,0.804859
1.968000,2501.328000,0.745525
28.208000,916.432000,0.810578
11.152000,433.616000,0.785081
29.520000,2957.904000,0.945837
16.400000,2080.176000,0.805483
1.968000,1660.336000,2.091396
22.960000,1552.752000,0.671575
20.336000,246.000000,1.092787
38.704000,2866.064000,1.271517
22.960000,1106.672000,1.239609
25.584000,2065.744000,0.894363
12.464000,1603.920000,0.715583
16.400000,120.048000,0.690734
34.768000,290.608000,0.826910
19.024000,719.632000,1.221161
21.648000,3069.424000,1.004880
30.832000,2712.560000,0.941687
38.704000,3099.600000,0.751093
26.896000,1194.576000,0.775455
24.272000,1956.848000,0.782259
4.592000,996.464000,1.046331
34.768000,3030.064000,1.691409
34.768000,2413.424000,0.685321
5.904000,898.064000,0.778678
28.208000,214.512000,0.913288
20.336000,2479.024000,0.869532
1.968000,1564.560000,0.854221
30.832000,2173.328000,0.924498
15.088000,2883.120000,0.699624
28.208000,2636.464000,0.837137
28.208000,2216.624000,0.879567
32.144000,1527.824000,0.963569
25.584000,772.112000,1.030602
5.904000,2057.872000,1.021708
13.776000,657.968000,0.726389
30.832000,57.072000,1.038474
19.024000,1442.544000,1.009752
11.152000,1025.328000,0.830571
8.528000,76.752000,1.242335
22.960000,54.448000,1.259803
12.464000,2569.552000,1.480588
32.144000,2601.040000,0.810174
3.280000,1887.312000,0.752748
1.968000,2338.640000,0.886192
3.280000,568.752000,0.753893
11.152000,243.376000,0.664195
21.648000,2604.976000,0.809722
17.712000,3034.000000,1.918049
36.080000,2913.296000,1.207733
24.272000,289.296000,1.076792
7.216000,1533.072000,0.741862
3.280000,2685.008000,0.935068
8.528000,1544.880000,0.917065
24.272000,677.648000,0.661921
13.776000,1739.056000,1.067065
7.216000,1834.832000,1.528861
12.464000,576.624000,0.731879
5.904000,3217.680000,0.673092
1.968000,685.520000,0.732411
26.896000,2275.664000,0.883058
24.272000,2842.448000,0.855595
0.656000,937.424000,0.983428
5.904000,3153.392000,1.107967
22.960000,1169.648000,0.911141
7.216000,1363.824000,1.734651
9.840000,636.976000,1.011317
29.520000,1274.608000,0.753881
9.840000,1803.344000,0.880300
17.712000,647.472000,1.181742
17.712000,273.552000,0.697939
7.216000,2633.840000,0.859816
22.960000,293.232000,0.980506
26.896000,932.176000,1.590630
36.080000,1752.176000,1.705595
9.840000,2555.120000,0.717847
16.400000,1109.296000,0.899232
30.832000,312.912000,0.684783
3.280000,2904.112000,0.702543
26.896000,1542.256000,1.000964
21.648000,399.504000,0.832335
16.400000,253.872000,0.881094
29.520000,610.736000,1.004285
9.840000,2677.136000,1.058247
13.776000,2421.296000,0.990645
24.272000,2046.064000,0.711181
25.584000,1686.576000,0.824366
29.520000,1177.520000,0.690567
21.648000,1041.072000,1.052111
24.272000,667.152000,1.015063
17.712000,3184.880000,1.233155
36.080000,19.024000,0.885382
33.456000,2488.208000,0.944459
16.400000,1804.656000,0.829149
32.144000,2620.720000,1.557519
22.960000,1833.520000,1.202627
22.960000,2221.872000,0.999811
21.648000,1433.360000,0.930182
29.520000,1185.392000,0.783502
4.592000,2273.040000,0.733672
30.832000,2637.776000,0.843512
4.592000,2505.264000,0.696664
29.520000,1497.648000,1.062827
26.896000,804.912000,1.168964
4.592000,1794.160000,0.698998
29.520000,3085.168000,0.846798
11.152000,655.344000,0.954324
12.464000,2763.728000,0.708352
26.896000,2001.456000,1.528593
36.080000,2467.216000,0.910066
38.704000,332.592000,0.813096
19.024000,183.024000,1.113427
19.024000,1041.072000,1.607631
0.656000,3215.056000,1.008575
21.648000,2950.032000,1.311444
9.840000,137.104000,0.798275
21.648000,320.784000,0.740482
5.904000,1555.376000,0.935417
19.024000,382.448000,1.249925
37.392000,278.800000,0.942413
29.520000,1828.272000,0.666203
0.656000,1544.880000,1.337581
13.776000,1268.048000,0.949879
34.768000,3058.928000,0.823044
34.768000,2124.784000,0.727949
36.080000,0.656000,1.368936
11.152000,491.344000,0.816689
9.840000,38.704000,1.499955
36.080000,2270.416000,0.741672
20.336000,1254.928000,1.099620
33.456000,287.984000,1.232926
8.528000,1080.432000,0.775521
32.144000,2953.968000,1.026754
29.520000,2421.296000,1.008082
30.832000,3135.024000,1.164441
38.704000,3174.384000,0.703705
28.208000,2225.808000,1.102476
28.208000,2286.160000,2.211965
33.456000,70.192000,0.978852
33.456000,2535.440000,2.517826
3.280000,3103.536000,1.595046
17.712000,3037.936000,0.730736
30.832000,909.872000,0.840288
36.080000,2859.504000,0.742020
12.464000,3150.768000,1.024777
37.392000,2757.168000,1.268847
28.208000,1575.056000,0.896943
22.960000,2720.432000,1.062042
17.712000,1128.976000,1.056505
34.768000,554.320000,1.793043
8.528000,1938.480000,0.960262
28.208000,2500.016000,0.982644
1.968000,747.184000,1.359590
29.520000,1443.856000,1.049959
25.584000,1117.168000,0.812640
22.960000,667.152000,0.681100
9.840000,230.256000,1.203959
25.584000,1960.784000,0.859983
24.272000,2729.616000,0.694827
24.272000,487.408000,0.714175
38.704000,2969.712000,0.997801
13.776000,87.248000,0.982929
7.216000,1349.392000,1.618817
28.208000,1451.728000,0.781944
22.960000,819.344000,0.698165
30.832000,2905.424000,0.911965
34.768000,2940.848000,0.769563
22.960000,2372.752000,0.674594
7.216000,634.352000,0.905741
33.456000,2257.296000,0.908804
0.656000,2175.952000,0.688336
32.144000,3165.200000,0.692579
20.336000,1975.216000,2.626428
19.024000,2619.408000,0.932034
9.840000,2246.800000,1.016533
37.392000,976.784000,0.779949
26.896000,112.176000,0.847841
26.896000,416.560000,1.109618
33.456000,1582.928000,0.660609
16.400000,1697.072000,0.818460
34.768000,1699.696000,0.858782
25.584000,339.152000,0.822620
12.464000,2359.632000,1.016730
33.456000,2446.224000,0.771809
22.960000,2569.552000,0.865621
4.592000,16.400000,0.952216
36.080000,2608.912000,0.669604
4.592000,1627.536000,0.848380
32.144000,1753.488000,1.299475
20.336000,3116.656000,2.124415
0.656000,2675.824000,0.732521
16.400000,689.456000,1.027735
22.960000,621.232000,1.103637
0.656000,1613.104000,1.447107
5.904000,3119.280000,0.744285
29.520000,2461.968000,0.956585
15.088000,1828.272000,0.827674
13.776000,1581.616000,1.403654
15.088000,2661.392000,1.277759
29.520000,3011.696000,0.706228
1.968000,1938.480000,1.061425
5.904000,2359.632000,1.136508
32.144000,232.880000,0.766654
8.528000,3072.048000,0.675090
30.832000,1477.968000,0.925127
1.968000,744.560000,1.116072
32.144000,2559.056000,0.935822
21.648000,1233.936000,0.777090
15.088000,2275.664000,1.772581
16.400000,1760.048000,0.933183
7.216000,1956.848000,0.917629
20.336000,1477.968000,0.833533
25.584000,1596.048000,0.920993
28.208000,1163.088000,0.785202
25.584000,2671.888000,1.448546
29.520000,2127.408000,1.202516
9.840000,129.232000,0.914213
21.648000,207.952000,0.863099
26.896000,1670.832000,0.775322
19.024000,756.368000,0.811458
28.208000,840.336000,0.893407
0.656000,1993.584000,0.680715
0.656000,36.080000,0.877429
37.392000,615.984000,1.656618
20.336000,1468.784000,0.989010
1.968000,2955.280000,1.001166
16.400000,3040.560000,1.551029
24.272000,1273.296000,0.666062
25.584000,2287.472000,1.448458
28.208000,2670.576000,1.023484
11.152000,3125.840000,0.703585
37.392000,831.152000,1.059446
37.392000,1931.920000,0.994706
15.088000,2963.152000,0.848967
8.528000,2091.984000,0.689650
32.144000,2818.832000,0.871758
22.960000,408.688000,0.837535
16.400000,3157.328000,0.988862
22.960000,2758.480000,1.041802
0.656000,2913.296000,1.664381
17.712000,655.344000,1.185299
12.464000,684.208000,1.643363
8.528000,3043.184000,0.917507
30.832000,30.832000,0.963344
1.968000,2688.944000,0.719095
13.776000,2490.832000,0.780639
8.528000,117.424000,0.956499
9.840000,1946.352000,0.885049
36.080000,2362.256000,1.186029
32.144000,164.656000,0.693916
5.904000,2266.480000,0.752156
9.840000,331.280000,0.792321
0.656000,660.592000,1.262428
16.400000,1630.160000,1.448423
28.208000,1083.056000,1.067720
37.392000,459.856000,1.358565
9.840000,3018.256000,0.698058
16.400000,1623.600000,0.748097
15.088000,562.192000,1.428260
30.832000,1812.528000,0.696790
21.648000,2299.280000,0.754117
16.400000,2173.328000,0.921677
16.400000,2238.928000,0.771121
7.216000,1005.648000,0.867673
22.960000,1209.008000,1.145047
34.768000,1615.728000,0.983206
3.280000,1514.704000,1.102135
19.024000,1648.528000,1.034709
36.080000,402.128000,0.782296
13.776000,88.560000,0.727761
38.704000,2947.408000,1.236789
9.840000,1756.112000,0.720903
19.024000,2244.176000,0.692533
26.896000,480.848000,1.172314
21.648000,2888.368000,0.679800
13.776000,231.568000,1.302387
11.152000,2479.024000,0.998326
13.776000,1354.640000,1.398726
22.960000,365.392000,1.111036
3.280000,602.864000,0.938582
15.088000,2123.472000,0.666077
21.648000,1429.424000,1.062277
7.216000,1107.984000,1.912036
33.456000,3174.384000,0.732571
24.272000,816.720000,0.785606
3.280000,800.976000,0.724705
0.656000,134.480000,0.867546
21.648000,1174.896000,0.896860
32.144000,2700.752000,1.101730
24.272000,1009.584000,0.669413
17.712000,1980.464000,0.718865
3.280000,1943.728000,0.680370
38.704000,735.376000,1.460002
28.208000,1365.136000,0.720582
5.904000,2405.552000,0.704221
38.704000,1194.576000,1.289753
9.840000,667.152000,1.062456
21.648000,1477.968000,1.032858
21.648000,2636.464000,1.704878
24.272000,946.608000,0.664237
20.336000,2448.848000,1.012776
7.216000,1029.264000,1.058480
8.528000,1174.896000,0.773224
32.144000,416.560000,0.700437
8.528000,996.464000,0.932662
8.528000,1180.144000,0.926645
12.464000,3094.352000,0.729728
13.776000,2547.248000,0.801762
1.968000,205.328000,0.830233
16.400000,874.448000,0.717319
0.656000,3037.936000,1.063719
29.520000,755.056000,2.052634
29.520000,1760.048000,0.728713
1.968000,2276.976000,0.879475
15.088000,2452.784000,0.916079
36.080000,2229.744000,0.855890
15.088000,2660.080000,0.860765
22.960000,2527.568000,0.837609
13.776000,2444.912000,0.709545
8.528000,791.792000,0.775895
24.272000,2215.312000,0.773510
37.392000,429.680000,0.750102
3.280000,1521.264000,0.727286
34.768000,2133.968000,0.913581
19.024000,141.040000,0.988785
29.520000,2772.912000,0.756916
8.528000,648.784000,0.926892
29.520000,2669.264000,0.675214
1.968000,2740.112000,1.144899
4.592000,2262.544000,0.775427
24.272000,845.584000,1.425231
4.592000,2116.912000,0.695881
33.456000,959.728000,0.668543
17.712000,2801.776000,1.117229
29.520000,802.288000,0.772082
36.080000,1324.464000,0.790509
26.896000,1090.928000,1.355183
3.280000,2709.936000,0.936378
9.840000,2409.488000,1.390531
28.208000,385.072000,0.694780
29.520000,1332.336000,1.138957
34.768000,1043.696000,1.023190
7.216000,150.224000,1.404653
28.208000,1580.304000,0.729528
32.144000,214.512000,1.529662
3.280000,1888.624000,0.896310
25.584000,941.360000,0.903372
26.896000,2387.184000,1.116034
36.080000,1790.224000,0.663712
9.840000,1689.200000,0.844616
19.024000,101.680000,1.230966
9.840000,219.760000,0.681975
24.272000,2257.296000,0.718218
19.024000,862.640000,0.723923
32.144000,3001.200000,1.305126
5.904000,1996.208000,0.686552
8.528000,1560.624000,0.863942
16.400000,1784.976000,0.806073
33.456000,1198.512000,0.712495
9.840000,1337.584000,1.296314
19.024000,251.248000,1.850296
1.968000,2568.240000,0.703286
34.768000,1689.200000,1.502642
22.960000,2532.816000,0.717175
4.592000,2202.192000,0.926893
38.704000,2057.872000,1.449239
36.080000,621.232000,1.045214
15.088000,692.080000,0.974180
16.400000,286.672000,0.936412
21.648000,2850.320000,0.860512
28.208000,200.080000,0.966743
33.456000,535.952000,0.914452
21.648000,2315.024000,0.846286
0.656000,1094.864000,0.961901
13.776000,2770.288000,0.798768
7.216000,2198.256000,0.672494
9.840000,974.160000,1.349971
11.152000,1534.384000,1.009814
13.776000,2674.512000,0.918082
25.584000,2839.824000,1.257677
0.656000,1983.088000,0.677087
25.584000,2067.056000,1.360887
24.272000,924.304000,0.965466
38.704000,1205.072000,1.047451
25.584000,1121.104000,0.689969
36.080000,2923.792000,0.932453
4.592000,2821.456000,0.770407
16.400000,1918.800000,1.412529
22.960000,222.384000,0.842613
20.336000,2157.584000,1.326573
24.272000,1552.752000,0.704875
25.584000,2334.704000,1.319374
17.712000,2959.216000,0.729134
37.392000,2249.424000,0.804465
3.280000,2345.200000,0.896418
26.896000,1651.152000,0.737740
36.080000,130.544000,0.841373
37.392000,421.808000,1.458573
4.592000,509.712000,0.787910
9.840000,1248.368000,1.139634
7.216000,1417.616000,0.738237
15.088000,211.888000,0.784964
4.592000,2595.792000,0.761883
24.272000,2393.744000,0.699449
37.392000,87.248000,0.680868
33.456000,189.584000,0.797147
37.392000,2086.736000,0.919752
4.592000,1956.848000,0.712857
32.144000,1484.528000,1.672800
11.152000,1005.648000,0.834169
11.152000,218.448000,1.315328
29.520000,3191.440000,1.092192
7.216000,3013.008000,1.257289
8.528000,438.864000,1.329348
0.656000,318.160000,0.656091
5.904000,3116.656000,1.858886
30.832000,53.136000,1.153782
19.024000,67.568000,0.797704
30.832000,2175.952000,0.850149
34.768000,1795.472000,1.140363
21.648000,1417.616000,0.907471
7.216000,2673.200000,0.756064
38.704000,3145.520000,0.711150
4.592000,1291.664000,1.356011
16.400000,1252.304000,1.754712
28.208000,1610.480000,1.386626
34.768000,1020.080000,0.971296
28.208000,3124.528000,0.695427
12.464000,3191.440000,0.674900
4.592000,1580.304000,0.713883
11.152000,719.632000,0.954345
5.904000,1100.112000,0.859027
16.400000,2604.976000,1.529975
37.392000,1245.744000,0.775934
30.832000,622.544000,0.928697
13.776000,790.480000,0.693455
37.392000,2914.608000,0.772802
29.520000,2737.488000,1.250721
16.400000,1546.192000,1.141671
17.712000,3180.944000,1.085053
3.280000,932.176000,0.755369
30.832000,678.960000,0.806878
17.712000,2229.744000,0.658301
16.400000,3116.656000,1.333163
0.656000,2059.184000,0.697806
25.584000,1304.784000,0.749153
19.024000,2618.096000,0.815511
38.704000,1026.640000,0.719893
38.704000,92.496000,1.343694
29.520000,1697.072000,0.923601
32.144000,647.472000,0.658169
26.896000,1628.848000,1.577265
12.464000,2822.768000,1.089917
25.584000,2547.248000,1.060735
33.456000,2649.584000,1.266782
22.960000,900.688000,0.684515
32.144000,2737.488000,0.677995
34.768000,2562.992000,0.835268
17.712000,2771.600000,1.189639
1.968000,2165.456000,0.925079
20.336000,3053.680000,0.824308
0.656000,1114.544000,0.752967
20.336000,322.096000,1.366711
25.584000,2968.400000,0.663648
1.968000,1346.768000,0.714392
34.768000,341.776000,0.664074
1.968000,1302.160000,1.426908
24.272000,2641.712000,1.352057
33.456000,2173.328000,0.724802
37.392000,728.816000,1.145157
30.832000,612.048000,0.659980
38.704000,2544.624000,2.399384
7.216000,652.720000,1.328850
7.216000,2774.224000,0.749842
13.776000,2694.192000,0.893291
8.528000,327.344000,0.836963
8.528000,2228.432000,0.756099
21.648000,1868.944000,0.723862
7.216000,1039.760000,0.805644
8.528000,2984.144000,0.665641
8.528000,886.256000,1.223007
30.832000,1035.824000,0.986788
20.336000,2658.768000,1.401109
26.896000,3174.384000,1.178235
13.776000,2237.616000,1.334279
9.840000,3030.064000,1.038433
11.152000,2460.656000,0.721164
24.272000,1644.592000,0.758130
22.960000,64.944000,1.053336
36.080000,723.568000,0.894765
29.520000,2221.872000,1.109446
34.768000,219.760000,0.803064
25.584000,1363.824000,0.890462
25.584000,383.760000,1.007867
30.832000,1824.336000,0.829180
28.208000,2953.968000,0.672469
21.648000,429.680000,1.088911
11.152000,289.296000,1.041540
37.392000,2577.424000,1.213730
37.392000,2460.656000,0.880570
38.704000,1100.112000,0.756666
13.776000,722.256000,1.471662
16.400000,861.328000,0.761775
22.960000,2426.544000,1.154119
19.024000,123.984000,1.304613
26.896000,1083.056000,0.732271
37.392000,2746.672000,1.245448
7.216000,2412.112000,0.927178
13.776000,2795.216000,0.697221
21.648000,549.072000,1.945416
4.592000,2269.104000,1.047622
33.456000,1139.472000,0.762147
7.216000,779.984000,0.672952
13.776000,984.656000,0.790982
29.520000,1311.344000,0.815509
20.336000,36.080000,1.032099
28.208000,1924.048000,1.680741
24.272000,2322.896000,2.208332
32.144000,2695.504000,0.709233
3.280000,942.672000,0.797599
4.592000,316.848000,0.890092
34.768000,2038.192000,0.693895
32.144000,734.064000,0.669548
5.904000,2687.632000,0.786472
9.840000,873.136000,0.936745
38.704000,701.264000,0.943206
25.584000,2481.648000,0.992659
9.840000,766.864000,2.077358
22.960000,2086.736000,0.708105
24.272000,1561.936000,0.842654
32.144000,331.280000,0.804613
16.400000,1159.152000,1.056646
24.272000,2942.160000,0.712359
0.656000,2698.128000,1.130264
7.216000,1021.392000,1.117860
15.088000,790.480000,1.335708
28.208000,2060.496000,1.078542
12.464000,1669.520000,0.692326
11.152000,714.384000,1.186991
11.152000,2440.976000,0.802883
29.520000,2395.056000,0.663683
9.840000,1690.512000,0.676006
9.840000,1924.048000,0.779932
17.712000,512.336000,0.782469
34.768000,1496.336000,1.060619
38.704000,486.096000,1.004834
32.144000,2242.864000,1.589078
15.088000,1833.520000,1.134531
22.960000,2175.952000,1.042897
37.392000,1862.384000,1.044014
33.456000,1067.312000,0.933605
1.968000,3111.408000,1.040219
4.592000,2934.288000,0.740602
25.584000,1854.512000,0.867222
34.768000,371.952000,0.663933
21.648000,256.496000,1.150402
17.712000,748.496000,0.717059
21.648000,2500.016000,0.870545
19.024000,1477.968000,0.731457
7.216000,802.288000,1.588279
11.152000,301.104000,1.075941
25.584000,2444.912000,1.382871
3.280000,1874.192000,0.889343
4.592000,420.496000,0.936752
11.152000,2294.032000,0.700038
4.592000,2025.072000,0.733073
21.648000,169.904000,0.813595
26.896000,2969.712000,1.027976
12.464000,2573.488000,0.736600
24.272000,109.552000,1.436904
32.144000,1160.464000,1.352202
28.208000,2880.496000,0.808169
1.968000,2645.648000,1.409692
38.704000,584.496000,1.147718
32.144000,2593.168000,1.019936
22.960000,744.560000,0.878901
38.704000,2951.344000,0.759853
28.208000,3002.512000,0.961289
38.704000,1590.800000,0.671111
9.840000,1891.248000,0.851411
17.712000,222.384000,0.962372
30.832000,1687.888000,0.903272
36.080000,84.624000,1.170013
3.280000,3094.352000,1.475162
8.528000,1559.312000,1.833672
24.272000,1636.720000,0.661696
28.208000,2573.488000,0.946881
19.024000,619.920000,0.702071
7.216000,1805.968000,0.782325
4.592000,879.696000,1.027314
1.968000,2084.112000,0.659600
25.584000,1905.680000,1.279112
0.656000,879.696000,0.733617
20.336000,1647.216000,1.465090
29.520000,1313.968000,0.912178
26.896000,1127.664000,0.946357
15.088000,1580.304000,0.755028
16.400000,11.152000,0.729491
19.024000,139.728000,0.716550
30.832000,234.192000,1.014104
34.768000,3211.120000,1.292772
36.080000,1454.352000,1.192518
12.464000,2387.184000,0.959946
1.968000,455.920000,0.855501
8.528000,782.608000,1.106715
5.904000,3.280000,0.932029
34.768000,3167.824000,0.668638
0.656000,270.928000,0.760509
4.592000,213.200000,1.206348
28.208000,932.176000,0.832501
24.272000,2685.008000,0.851534
19.024000,1777.104000,0.856756
19.024000,2574.800000,0.682045
4.592000,555.632000,0.661684
7.216000,318.160000,0.829966
25.584000,1105.360000,0.824474
12.464000,1977.840000,1.332568
12.464000,2795.216000,1.114010
20.336000,2194.320000,0.754803
19.024000,3081.232000,0.737146
5.904000,3031.376000,1.922539
20.336000,1994.896000,1.114783
7.216000,1353.328000,1.452405
20.336000,693.392000,1.008501
34.768000,307.664000,0.800805
28.208000,3128.464000,1.219817
26.896000,1525.200000,0.682017
34.768000,715.696000,0.801925
17.712000,596.304000,0.880371
32.144000,2607.600000,0.764877
11.152000,1072.560000,0.903268
37.392000,2040.816000,0.845991
13.776000,2376.688000,0.863752
28.208000,1599.984000,0.892755
22.960000,1500.272000,1.369637
28.208000,2000.144000,1.388607
26.896000,2908.048000,1.501648
24.272000,236.816000,1.175160
29.520000,407.376000,0.958031
30.832000,2814.896000,0.659864
8.528000,4.592000,1.070025
20.336000,2398.992000,0.763381
32.144000,1698.384000,0.779263
25.584000,572.688000,0.728482
36.080000,1441.232000,0.659717
36.080000,2967.088000,0.818585
7.216000,1840.080000,0.872606
17.712000,427.056000,1.339901
30.832000,2355.696000,1.131454
15.088000,3010.384000,0.661584
19.024000,1067.312000,1.256926
16.400000,1468.784000,0.712713
1.968000,2629.904000,1.006860
24.272000,484.784000,0.669246
38.704000,2733.552000,0.850428
3.280000,2031.632000,1.907909
20.336000,2738.800000,0.940311
15.088000,2358.320000,1.195087
16.400000,958.416000,0.951009
24.272000,883.632000,1.072526
3.280000,3211.120000,0.907965
0.656000,2076.240000,0.983117
9.840000,3138.960000,1.061892
9.840000,2475.088000,0.828818
1.968000,2797.840000,1.223625
15.088000,1311.344000,1.275711
33.456000,2148.400000,0.967938
0.656000,3192.752000,0.714099
37.392000,2846.384000,1.380730
16.400000,1825.648000,0.699794
20.336000,1854.512000,0.967900
15.088000,3108.784000,1.108851
19.024000,197.456000,0.866436
12.464000,1123.728000,0.720431
29.520000,890.192000,0.881396
8.528000,1863.696000,0.736842
33.456000,1378.256000,1.355071
15.088000,437.552000,1.231034
33.456000,1422.864000,1.406875
36.080000,415.248000,1.003354
36.080000,2402.928000,0.974913
37.392000,870.512000,0.902100
5.904000,1981.776000,0.860784
32.144000,879.696000,1.205828
15.088000,1132.912000,0.919586
22.960000,2303.216000,0.758336
24.272000,853.456000,1.346256
7.216000,1257.552000,1.746021
5.904000,936.112000,0.720634
20.336000,2255.984000,0.886731
22.960000,1513.392000,0.953053
28.208000,625.168000,1.060139
36.080000,1592.112000,1.002465
4.592000,916.432000,0.714103
19.024000,135.792000,0.763701
28.208000,2816.208000,1.072214
17.712000,1366.448000,0.677477
34.768000,2288.784000,0.709791
34.768000,1756.112000,0.720433
22.960000,521.520000,0.994008
37.392000,1142.096000,0.797176
17.712000,64.944000,0.933607
15.088000,2437.040000,1.786173
16.400000,1807.280000,0.675858
36.080000,2741.424000,0.739089
30.832000,2993.328000,0.795976
21.648000,2040.816000,0.707167
17.712000,602.864000,0.807384
0.656000,2305.840000,0.996888
16.400000,1157.840000,1.495163
33.456000,234.192000,0.727093
29.520000,1509.456000,0.682079
34.768000,2535.440000,1.170998
29.520000,1630.160000,0.690056
24.272000,2717.808000,0.660400
9.840000,2000.144000,0.827581
12.464000,2383.248000,0.801795
34.768000,2850.320000,1.634234
1.968000,1899.120000,0.719148
28.208000,38.704000,2.029226
30.832000,2893.616000,0.708691
1.968000,2940.848000,1.200471
11.152000,713.072000,1.142649
25.584000,1308.720000,1.548712
30.832000,350.960000,1.136877
19.024000,3163.888000,1.250787
20.336000,469.040000,0.659702
19.024000,266.992000,1.077273
5.904000,1952.912000,1.170093
38.704000,898.064000,1.435662
37.392000,1685.264000,0.925517
9.840000,2548.560000,1.852001
22.960000,482.160000,0.774245
30.832000,905.936000,0.760219
15.088000,3179.632000,0.793671
37.392000,1122.416000,0.879423
21.648000,1144.720000,1.186085
0.656000,2561.680000,0.847265
22.960000,694.704000,0.703887
29.520000,1711.504000,0.656500
8.528000,1375.632000,0.744543
21.648000,2615.472000,0.907506
5.904000,2379.312000,0.812283
8.528000,1294.288000,0.859957
13.776000,2282.224000,1.331160
34.768000,3142.896000,0.773193
16.400000,2186.448000,1.845395
12.464000,433.616000,0.932857
3.280000,1889.936000,0.937419
22.960000,2225.808000,1.119421
37.392000,2494.768000,0.752229
7.216000,2964.464000,0.740931
24.272000,2400.304000,1.313265
33.456000,2723.056000,0.891974
15.088000,1849.264000,1.258971
3.280000,67.568000,1.408380
13.776000,276.176000,1.225186
25.584000,1092.240000,0.815041
13.776000,108.240000,0.816699
11.152000,217.136000,0.739775
7.216000,1115.856000,0.973545
15.088000,2200.880000,0.717951
11.152000,2569.552000,0.989225
5.904000,3104.848000,1.235033
12.464000,46.576000,0.889300
0.656000,2555.120000,0.728399
11.152000,2557.744000,1.278294
11.152000,1863.696000,0.761745
7.216000,720.944000,0.977840
16.400000,2004.080000,0.752380
25.584000,2999.888000,0.789371
15.088000,2418.672000,0.953677
34.768000,2000.144000,0.663028
8.528000,46.576000,0.666380
37.392000,507.088000,0.715179
37.392000,2001.456000,1.540818
20.336000,2644.336000,0.855029
28.208000,2210.064000,1.523241
21.648000,2385.872000,1.738363
30.832000,2131.344000,0.764788
26.896000,2224.496000,0.844792
25.584000,928.240000,1.122420
19.024000,1327.088000,1.223692
11.152000,2637.776000,0.907328
38.704000,1489.776000,1.059760
32.144000,425.744000,0.705206
9.840000,1123.728000,0.812150
8.528000,92.496000,0.833694
22.960000,1900.432000,0.837126
38.704000,1164.400000,1.244603
15.088000,1578.992000,1.443511
13.776000,238.128000,1.021808
8.528000,2835.888000,0.730296
0.656000,2999.888000,0.910020
19.024000,755.056000,0.747665
33.456000,1921.424000,0.693003
7.216000,648.784000,0.833054
22.960000,1708.880000,1.113965
17.712000,3158.640000,0.656115
16.400000,661.904000,0.678255
38.704000,673.712000,0.872911
36.080000,232.880000,2.223006
30.832000,1189.328000,0.665041
5.904000,1072.560000,0.960311
22.960000,307.664000,0.718758
13.776000,265.680000,1.482789
11.152000,873.136000,0.744007
30.832000,1182.768000,0.812874
3.280000,1945.040000,1.064281
11.152000,38.704000,0.844196
5.904000,2641.712000,0.782276
22.960000,1273.296000,0.666283
1.968000,781.296000,0.990782
17.712000,2175.952000,1.210167
25.584000,764.240000,1.160123
15.088000,2948.720000,0.665951
8.528000,232.880000,0.812926
4.592000,2746.672000,0.770141
16.400000,1662.960000,0.925429
22.960000,2876.560000,0.949147
7.216000,2969.712000,0.756824
37.392000,104.304000,2.072689
30.832000,2336.016000,0.871437
24.272000,1619.664000,1.822047
1.968000,3136.336000,0.903336
32.144000,2587.920000,0.704309
17.712000,218.448000,1.009409
11.152000,320.784000,0.774966
0.656000,1903.056000,1.113221
16.400000,319.472000,0.748029
28.208000,2479.024000,0.734543
1.968000,2067.056000,0.707653
4.592000,236.816000,0.769523
37.392000,1606.544000,0.700125
5.904000,2948.720000,0.820061
33.456000,774.736000,0.808497
34.768000,3074.672000,0.898898
12.464000,2060.496000,1.037993
26.896000,2458.032000,1.477158
11.152000,1666.896000,0.858198
25.584000,2190.384000,0.689986
19.024000,239.440000,0.903782
1.968000,756.368000,0.795980
1.968000,2097.232000,0.705643
28.208000,168.592000,0.755760
32.144000,782.608000,0.727809
15.088000,1847.952000,1.252084
32.144000,507.088000,0.711214
33.456000,1686.576000,0.972639
30.832000,2650.896000,1.228054
3.280000,247.312000,0.986639
34.768000,2741.424000,0.675191
28.208000,1749.552000,1.415795
9.840000,2220.560000,0.930454
25.584000,3148.144000,1.082065
13.776000,2932.976000,0.676824
3.280000,1258.864000,1.072850
38.704000,672.400000,0.765458
29.520000,503.152000,1.012499
4.592000,2026.384000,1.761605
8.528000,2135.280000,0.839473
3.280000,1205.072000,0.994454
30.832000,997.776000,0.660039
8.528000,832.464000,0.771123
8.528000,950.544000,0.699824
15.088000,2956.592000,0.847601
28.208000,2653.520000,1.313042
25.584000,7.216000,0.671493
21.648000,793.104000,1.636524
1.968000,1371.696000,0.864531
25.584000,1114.544000,1.019886
7.216000,3165.200000,0.664844
1.968000,1813.840000,0.852955
34.768000,87.248000,0.979122
30.832000,564.816000,0.715020
32.144000,1262.800000,0.709633
34.768000,2908.048000,1.531335
26.896000,2042.128000,0.876432
22.960000,2639.088000,1.059916
34.768000,1666.896000,3.284995
26.896000,924.304000,0.741044
33.456000,2703.376000,1.002216
34.768000,133.168000,0.782428
17.712000,2619.408000,0.835617
5.904000,268.304000,0.855006
17.712000,601.552000,0.870538
13.776000,2168.080000,0.780525
37.392000,1472.720000,0.777013
32.144000,3136.336000,0.778470
17.712000,1560.624000,1.817207
20.336000,2115.600000,1.104322
29.520000,1106.672000,0.891936
26.896000,1624.912000,0.666196
20.336000,361.456000,0.757716
9.840000,865.264000,1.570501
33.456000,1875.504000,1.440008
8.528000,2392.432000,0.792590
30.832000,1064.688000,1.147102
13.776000,2782.096000,0.857627
19.024000,1018.768000,1.258931
29.520000,743.248000,1.198146
32.144000,975.472000,0.750563
34.768000,631.728000,1.064819
25.584000,3090.416000,1.586018
30.832000,3.280000,1.160436
24.272000,787.856000,1.062763
0.656000,1715.440000,1.276492
17.712000,915.120000,0.669220
12.464000,2824.080000,0.934842
16.400000,1399.248000,1.149886
11.152000,2190.384000,1.171628
16.400000,2006.704000,0.976376
28.208000,1701.008000,0.705994
17.712000,415.248000,0.813435
26.896000,835.088000,0.760760
33.456000,1182.768000,0.777156
11.152000,3006.448000,0.810264
7.216000,2148.400000,0.674029
12.464000,2427.856000,0.828633
9.840000,1455.664000,1.347852
32.144000,745.872000,1.060002
30.832000,2624.656000,0.936085
25.584000,1701.008000,0.720762
33.456000,2018.512000,0.902185
25.584000,1321.840000,0.730854
38.704000,396.880000,0.778566
15.088000,315.536000,1.400680
25.584000,1556.688000,0.892504
7.216000,1910.928000,0.909769
36.080000,2582.672000,0.769607
11.152000,1760.048000,1.048716
34.768000,2189.072000,1.132630
21.648000,3070.736000,0.882744
12.464000,2993.328000,1.159599
20.336000,47.888000,0.844657
1.968000,549.072000,0.709424
37.392000,1029.264000,1.115897
1.968000,1693.136000,0.759316
0.656000,2749.296000,0.747675
21.648000,190.896000,0.768166
13.776000,949.232000,0.972918
13.776000,828.528000,0.763101
22.960000,772.112000,1.183199
3.280000,1453.040000,1.351272
13.776000,618.608000,0.658230
11.152000,640.912000,0.886387
37.392000,1715.440000,0.757225
28.208000,2089.360000,1.016268
21.648000,102.992000,0.860732
30.832000,121.360000,1.413629
37.392000,3066.800000,0.785568
28.208000,2801.776000,0.722797
26.896000,2730.928000,1.198077
37.392000,669.776000,1.162949
33.456000,2716.496000,0.819478
12.464000,3040.560000,0.708571
36.080000,2526.256000,1.298168
17.712000,1523.888000,0.962889
11.152000,1248.368000,0.793438
17.712000,3100.912000,0.798610
13.776000,2789.968000,0.993131
28.208000,1516.016000,0.819344
13.776000,2942.160000,0.789655
5.904000,299.792000,0.766545
34.768000,3045.808000,1.185143
36.080000,307.664000,1.112317
0.656000,2098.544000,0.705235
5.904000,2625.968000,0.866207
32.144000,1586.864000,0.727401
26.896000,2531.504000,0.927446
3.280000,2089.360000,0.862956
38.704000,1003.024000,0.779015
7.216000,999.088000,2.088325
1.968000,1199.824000,0.719722
33.456000,2807.024000,1.568383
24.272000,1274.608000,1.450156
12.464000,2492.144000,1.459919
8.528000,693.392000,0.725638
30.832000,2894.928000,0.682272
33.456000,2820.144000,1.406494
19.024000,3037.936000,1.094612
37.392000,2321.584000,1.247552
0.656000,677.648000,0.833846
30.832000,2678.448000,1.254476
20.336000,2749.296000,0.824964
9.840000,209.264000,0.711507
34.768000,2308.464000,0.735041
15.088000,2443.600000,0.981351
22.960000,2649.584000,1.355022
34.768000,66.256000,0.956337
16.400000,2022.448000,0.709086
13.776000,1202.448000,0.713865
1.968000,2741.424000,1.418194
1.968000,1787.600000,0.930171
0.656000,2145.776000,1.121201
17.712000,2562.992000,0.724874
7.216000,537.264000,1.139954
30.832000,2191.696000,1.444531
34.768000,475.600000,0.792381
1.968000,3089.104000,0.816098
17.712000,1590.800000,0.763320
20.336000,2149.712000,0.885978
29.520000,2778.160000,0.869557
0.656000,1319.216000,0.753095
4.592000,2955.280000,0.794118
34.768000,1704.944000,0.686385
36.080000,1987.024000,0.886982
0.656000,1531.760000,0.712133
16.400000,1287.728000,0.805184
29.520000,2195.632000,1.492611
15.088000,883.632000,0.756494
24.272000,1240.496000,1.179691
25.584000,1422.864000,1.164369
24.272000,1540.944000,1.420393
22.960000,1990.960000,0.834988
22.960000,1606.544000,0.721417
26.896000,1731.184000,0.839664
20.336000,2405.552000,1.324086
11.152000,2593.168000,1.189662
20.336000,2648.272000,1.748366
4.592000,492.656000,0.759336
8.528000,1753.488000,0.747762
7.216000,1453.040000,0.773269
16.400000,2755.856000,1.093666
7.216000,125.296000,1.383080
37.392000,2709.936000,0.733064
32.144000,1611.792000,1.378550
30.832000,2918.544000,1.208476
24.272000,2657.456000,1.086649
22.960000,323.408000,1.246058
4.592000,2599.728000,1.091989
0.656000,219.760000,1.162422
9.840000,2952.656000,1.060190
28.208000,2842.448000,0.814303
8.528000,190.896000,0.885466
15.088000,1054.192000,1.887405
17.712000,2322.896000,0.935942
33.456000,430.992000,0.663323
3.280000,2006.704000,1.353182
25.584000,350.960000,1.166205
33.456000,2353.072000,1.072133
11.152000,1895.184000,1.545230
9.840000,3199.312000,0.682566
22.960000,396.880000,0.780118
36.080000,3003.824000,0.736312
7.216000,2262.544000,1.667724
25.584000,206.640000,0.894719
4.592000,795.728000,1.064017
17.712000,3064.176000,0.850942
17.712000,2793.904000,0.914525
21.648000,2511.824000,1.079940
0.656000,1887.312000,1.184168
21.648000,2953.968000,1.462215
22.960000,1819.088000,0.663909
9.840000,1018.768000,0.720702
3.280000,3190.128000,0.839627
11.152000,2389.808000,0.705167
36.080000,3077.296000,0.843976
20.336000,101.680000,0.855024
11.152000,201.392000,0.860611
26.896000,1055.504000,0.931329
24.272000,555.632000,0.691427
9.840000,61.008000,0.739767
15.088000,1261.488000,0.743143
3.280000,1404.496000,1.406021
33.456000,1122.416000,0.730321
34.768000,493.968000,0.833211
4.592000,396.880000,0.745439
9.840000,148.912000,0.890141
38.704000,2224.496000,0.806662
1.968000,2339.952000,1.364336
20.336000,2673.200000,1.341479
30.832000,2535.440000,1.642534
37.392000,1937.168000,0.916252
12.464000,2122.160000,0.728370
38.704000,121.360000,1.028833
33.456000,832.464000,0.821196
26.896000,1138.160000,0.809138
15.088000,2280.912000,0.716643
17.712000,1558.000000,0.855933
26.896000,1484.528000,1.050753
17.712000,411.312000,2.432406
20.336000,1212.944000,1.061246
30.832000,648.784000,1.741505
0.656000,1222.128000,0.700872
21.648000,1820.400000,0.857772
11.152000,2729.616000,1.116815
15.088000,155.472000,1.062732
20.336000,2497.392000,0.728940
5.904000,688.144000,1.462611
37.392000,2618.096000,1.210386
7.216000,1177.520000,1.064093
12.464000,1320.528000,0.999189
12.464000,257.808000,0.712114
32.144000,1804.656000,1.001625
7.216000,2873.936000,0.808434
12.464000,2332.080000,0.954552
32.144000,2768.976000,0.740260
19.024000,1223.440000,0.717135
24.272000,2835.888000,0.855146
9.840000,1599.984000,0.693290
4.592000,3015.632000,1.153366
20.336000,2161.520000,2.107739
29.520000,2750.608000,0.823192
19.024000,2210.064000,1.657023
0.656000,1269.360000,1.822696
7.216000,1618.352000,1.094834
5.904000,1990.960000,0.692556
24.272000,2713.872000,0.995791
30.832000,1994.896000,0.692264
15.088000,601.552000,1.510217
26.896000,3141.584000,1.861695
8.528000,2107.728000,0.837252
38.704000,1239.184000,1.172540
32.144000,471.664000,2.573798
1.968000,2031.632000,0.687386
33.456000,463.792000,0.869937
38.704000,861.328000,0.903747
26.896000,2050.000000,0.693387
9.840000,1277.232000,0.766502
38.704000,1117.168000,0.760667
9.840000,451.984000,0.806887
25.584000,1682.640000,0.825985
22.960000,795.728000,0.855179
29.520000,866.576000,0.818789
0.656000,846.896000,0.656506
30.832000,2190.384000,2.340265
22.960000,3002.512000,1.088811
29.520000,2702.064000,1.038953
21.648000,804.912000,0.898184
22.960000,1296.912000,0.725198
33.456000,85.936000,0.656964
21.648000,1813.840000,0.922812
19.024000,2418.672000,0.940718
16.400000,2938.224000,1.032948
13.776000,2586.608000,0.754617
21.648000,1333.648000,1.419756
20.336000,2927.728000,0.863923
15.088000,63.632000,1.844085
24.272000,898.064000,1.491986
38.704000,937.424000,1.032753
24.272000,802.288000,1.380984
22.960000,16.400000,1.289044
11.152000,3005.136000,1.027499
24.272000,2608.912000,1.737843
0.656000,2625.968000,1.229252
19.024000,122.672000,0.996260
38.704000,755.056000,0.715772
15.088000,1555.376000,0.759055
33.456000,2178.576000,1.009241
38.704000,512.336000,0.747843
22.960000,1232.624000,1.082253
8.528000,1939.792000,0.955319
20.336000,1662.960000,0.711417
16.400000,2094.608000,1.061373
4.592000,2440.976000,1.109967
7.216000,1096.176000,0.727392
17.712000,2324.208000,0.674688
1.968000,154.160000,0.680470
29.520000,41.328000,1.581779
3.280000,2122.160000,1.231686
8.528000,2775.536000,0.829066
26.896000,567.440000,0.770718
28.208000,535.952000,0.960458
26.896000,352.272000,0.783152
0.656000,2809.648000,1.105851
24.272000,45.264000,0.870098
11.152000,105.616000,0.911452
13.776000,1690.512000,0.723163
9.840000,284.048000,0.790235
38.704000,2549.872000,0.749998
32.144000,853.456000,1.084736
4.592000,1597.360000,1.693525
29.520000,1388.752000,1.228868
15.088000,2493.456000,0.885487
25.584000,312.912000,1.092700
9.840000,1275.920000,1.677176
32.144000,740.624000,0.704230
5.904000,546.448000,0.886371
16.400000,1085.680000,0.827679
13.776000,2477.712000,0.676785
28.208000,487.408000,1.236561
8.528000,2948.720000,0.704635
7.216000,3026.128000,0.803599
12.464000,1590.800000,0.763741
17.712000,2873.936000,1.350569
26.896000,1043.696000,0.665171
5.904000,2557.744000,1.365737
17.712000,3019.568000,1.087376
29.520000,955.792000,0.912610
22.960000,1298.224000,1.125773
4.592000,2521.008000,0.719742
7.216000,1367.760000,0.752667
30.832000,478.224000,1.550966
19.024000,2437.040000,0.741503
34.768000,3016.944000,0.713459
33.456000,3074.672000,1.354258
29.520000,1428.112000,1.155432
12.464000,1439.920000,0.696120
13.776000,983.344000,0.706916
33.456000,116.112000,0.722139
25.584000,326.032000,0.884845
15.088000,2109.040000,0.767123
16.400000,2183.824000,2.091070
4.592000,2900.176000,0.868755
15.088000,1865.008000,1.257877
16.400000,3178.320000,0.765222
7.216000,2934.288000,1.035347
30.832000,3056.304000,0.920184
36.080000,667.152000,0.671164
0.656000,423.120000,0.663394
34.768000,2744.048000,1.032318
9.840000,2238.928000,0.778320
17.712000,151.536000,0.888787
7.216000,1223.440000,1.413756
8.528000,3136.336000,0.762123
5.904000,1228.688000,0.731634
13.776000,2507.888000,0.828381
13.776000,41.328000,1.291049
7.216000,2498.704000,0.992404
16.400000,1058.128000,0.842863
36.080000,2497.392000,1.381089
5.904000,2227.120000,0.672231
37.392000,1270.672000,0.783090
17.712000,2956.592000,0.769102
0.656000,2212.688000,1.695797
26.896000,88.560000,0.735928
34.768000,319.472000,0.804570
26.896000,1554.064000,0.737723
0.656000,2294.032000,0.744937
29.520000,2944.784000,1.080874
21.648000,887.568000,0.728643
4.592000,2514.448000,0.767898
28.208000,2174.640000,0.919586
29.520000,49.200000,0.822741
8.528000,2664.016000,1.053955
4.592000,1565.872000,0.724566
24.272000,2864.752000,1.494187
29.520000,2317.648000,0.678697
12.464000,657.968000,1.044266
12.464000,1540.944000,0.673412
33.456000,227.632000,1.019843
28.208000,1673.456000,1.051056
7.216000,1753.488000,0.748667
28.208000,1101.424000,0.837492
38.704000,2047.376000,0.656595
1.968000,1874.192000,0.881773
1.968000,663.216000,0.837435
32.144000,1905.680000,0.923095
33.456000,2856.880000,1.521749
19.024000,802.288000,0.923362
7.216000,110.864000,0.717733
28.208000,900.688000,1.248190
25.584000,511.024000,1.185707
5.904000,2765.040000,0.903280
36.080000,2257.296000,0.847003
17.712000,2770.288000,0.950982
19.024000,1757.424000,0.686468
37.392000,791.792000,0.910173
17.712000,1820.400000,1.131750
3.280000,198.768000,0.919803
33.456000,1365.136000,1.258476
32.144000,594.992000,0.881281
7.216000,588.432000,0.834326
33.456000,1815.152000,1.163564
7.216000,3032.688000,1.052554
20.336000,1850.576000,1.478340
24.272000,1328.400000,1.468638
30.832000,1718.064000,0.710527
34.768000,2027.696000,0.683273
37.392000,2536.752000,0.704843
13.776000,299.792000,0.672026
34.768000,983.344000,0.676158
19.024000,1640.656000,0.764448
5.904000,1468.784000,0.675597
19.024000,68.880000,0.672836
9.840000,2624.656000,1.021134
7.216000,2742.736000,1.076394
29.520000,2010.640000,1.374544
36.080000,478.224000,1.890084
19.024000,984.656000,1.124838
20.336000,835.088000,0.762861
4.592000,2677.136000,1.486140
26.896000,42.640000,0.792874
37.392000,501.840000,1.607759
4.592000,2124.784000,1.587954
26.896000,2852.944000,0.734021
28.208000,3082.544000,1.000570
9.840000,1620.976000,0.802712
4.592000,553.008000,0.686465
24.272000,1331.024000,0.784279
33.456000,768.176000,1.022741
33.456000,2199.568000,1.164782
11.152000,568.752000,0.984462
32.144000,3070.736000,0.964400
4.592000,2431.792000,0.973272
34.768000,1975.216000,1.022412
16.400000,2484.272000,0.753474
11.152000,2799.152000,0.681547
29.520000,2193.008000,0.688757
32.144000,2072.304000,0.657397
32.144000,1886.000000,0.757483
11.152000,2123.472000,0.944612
24.272000,1209.008000,0.667505
21.648000,3141.584000,1.197475
1.968000,738.000000,0.709639
16.400000,207.952000,0.800689
30.832000,2459.344000,1.510668
16.400000,890.192000,1.086804
7.216000,2330.768000,0.740603
17.712000,2695.504000,1.009729
20.336000,2604.976000,1.027370
19.024000,1618.352000,0.972661
19.024000,553.008000,0.691584
17.712000,2255.984000,1.481753
8.528000,2526.256000,1.485114
1.968000,3003.824000,0.777257
8.528000,1366.448000,0.764318
8.528000,486.096000,1.302781
26.896000,2067.056000,0.821542
1.968000,3132.400000,1.006119
9.840000,80.688000,0.697203
20.336000,1109.296000,0.878767
1.968000,1388.752000,0.684022
16.400000,328.656000,0.690383
20.336000,1687.888000,0.900219
12.464000,280.112000,1.446021
28.208000,500.528000,0.868263
0.656000,528.080000,1.444805
24.272000,2831.952000,0.907689
34.768000,1554.064000,0.798043
34.768000,2040.816000,0.811242
21.648000,580.560000,0.844665
8.528000,2687.632000,0.760327
38.704000,1804.656000,0.681180
16.400000,3166.512000,0.893190
32.144000,1167.024000,0.661543
17.712000,231.568000,0.941153
32.144000,2283.536000,1.209817
34.768000,266.992000,1.474609
7.216000,19.024000,1.164824
38.704000,1744.304000,0.803978
21.648000,2915.920000,1.380934
37.392000,2635.152000,0.917614
17.712000,1136.848000,0.659758
11.152000,2398.992000,1.097862
7.216000,2615.472000,0.818856
11.152000,1369.072000,1.949451
29.520000,2342.576000,1.263370
1.968000,2542.000000,1.051631
30.832000,1558.000000,0.807883
16.400000,757.680000,0.685828
15.088000,261.744000,1.401385
32.144000,1331.024000,1.025711
34.768000,546.448000,0.855843
0.656000,999.088000,1.516555
17.712000,266.992000,0.684465
29.520000,138.416000,1.470315
29.520000,2217.936000,0.737428
16.400000,1024.016000,0.849313
17.712000,1475.344000,0.658424
20.336000,1056.816000,0.828508
25.584000,268.304000,0.851373
36.080000,735.376000,1.208313
34.768000,782.608000,0.680503
3.280000,3138.960000,1.033695
12.464000,1392.688000,0.983399
0.656000,3043.184000,1.302963
9.840000,177.776000,0.786389
17.712000,699.952000,0.773929
26.896000,102.992000,0.684213
24.272000,4.592000,0.801497
24.272000,2846.384000,1.303499
0.656000,144.976000,0.700219
13.776000,2496.080000,0.998513
32.144000,2164.144000,0.713117
25.584000,993.840000,0.860906
0.656000,2570.864000,0.732696
16.400000,1724.624000,1.256543
8.528000,2919.856000,1.028256
13.776000,2532.816000,0.912899
1.968000,2274.352000,1.047054
12.464000,2265.168000,0.887050
7.216000,2063.120000,0.752069
8.528000,1681.328000,0.735152
0.656000,1815.152000,0.889777
29.520000,3073.360000,1.137368
30.832000,1837.456000,0.678928
3.280000,41.328000,0.909853
30.832000,2177.264000,0.716701
16.400000,2818.832000,0.658755
21.648000,1037.136000,0.658162
24.272000,2081.488000,0.998306
20.336000,2395.056000,1.222253
17.712000,2519.696000,0.950387
16.400000,3163.888000,0.758797
11.152000,559.568000,0.791959
8.528000,3099.600000,1.013378
25.584000,3052.368000,0.738380
28.208000,451.984000,0.672987
33.456000,2158.896000,0.777996
25.584000,3213.744000,1.049292
29.520000,2711.248000,0.772585
3.280000,1370.384000,0.737417
20.336000,2090.672000,1.024044
32.144000,2694.192000,0.684674
8.528000,2290.096000,0.945511
19.024000,1373.008000,1.152615
11.152000,2986.768000,0.806617
17.712000,2897.552000,0.689820
11.152000,1739.056000,0.806426
22.960000,2506.576000,1.161508
33.456000,1951.600000,1.090916
32.144000,827.216000,0.798699
30.832000,1790.224000,1.629713
0.656000,165.968000,0.831056
13.776000,1927.984000,1.222112
5.904000,903.312000,0.740271
12.464000,1188.016000,0.658432
36.080000,3016.944000,1.041044
33.456000,719.632000,0.765514
33.456000,1674.768000,0.910916
7.216000,1510.768000,0.671398
32.144000,2820.144000,0.768911
29.520000,2132.656000,0.826705
16.400000,1888.624000,0.843815
12.464000,699.952000,0.688501
34.768000,520.208000,0.913774
24.272000,2974.960000,1.020666
25.584000,762.928000,0.832967
36.080000,420.496000,1.863904
12.464000,2521.008000,0.958788
9.840000,799.664000,0.744917
3.280000,715.696000,1.137871
7.216000,1973.904000,0.804194
9.840000,1698.384000,1.966763
29.520000,1966.032000,1.248898
11.152000,2380.624000,1.438934
25.584000,2817.520000,0.707997
22.960000,1556.688000,0.998059
4.592000,1795.472000,0.991394
25.584000,1404.496000,0.941152
19.024000,487.408000,0.796044
38.704000,1188.016000,0.878882
17.712000,2594.480000,1.072387
21.648000,650.096000,0.699295
30.832000,3203.248000,0.915922
25.584000,3142.896000,0.727252
9.840000,1384.816000,1.122237
28.208000,2228.432000,0.720055
37.392000,613.360000,0.903850
1.968000,483.472000,0.854966
36.080000,1988.336000,1.281971
1.968000,3035.312000,1.060084
29.520000,2833.264000,1.118477
24.272000,2183.824000,0.798412
30.832000,3093.040000,0.961304
25.584000,2628.592000,0.856058
20.336000,3171.760000,0.757329
8.528000,2185.136000,0.724524
12.464000,790.480000,2.197154
36.080000,1227.376000,2.236914
0.656000,672.400000,0.694223
11.152000,576.624000,1.496581
9.840000,2368.816000,0.725175
37.392000,2694.192000,0.812973
5.904000,1830.896000,0.689362
19.024000,1291.664000,0.965391
1.968000,1955.536000,1.321349
22.960000,608.112000,1.383444
32.144000,728.816000,1.125534
21.648000,1153.904000,1.526469
20.336000,1829.584000,1.259402
25.584000,634.352000,0.803095
32.144000,2137.904000,1.088926
38.704000,386.384000,0.726680
15.088000,411.312000,1.012459
16.400000,290.608000,1.146048
4.592000,197.456000,0.904563
1.968000,2965.776000,1.350313
11.152000,2694.192000,0.927363
13.776000,1189.328000,0.819315
3.280000,1067.312000,0.866522
22.960000,753.744000,0.686239
9.840000,371.952000,1.775164
11.152000,1824.336000,0.880219
28.208000,3153.392000,0.939399
32.144000,1712.816000,0.729233
37.392000,2896.240000,0.824336
25.584000,1176.208000,0.756853
36.080000,1210.320000,1.489729
19.024000,820.656000,0.667215
32.144000,333.904000,1.251541
4.592000,206.640000,0.823463
4.592000,627.792000,0.701664
22.960000,3112.720000,0.875687
17.712000,2850.320000,0.809536
5.904000,1310.032000,0.733601
0.656000,467.728000,1.712491
36.080000,1708.880000,1.171479
32.144000,375.888000,1.165326
33.456000,1233.936000,0.714449
25.584000,1029.264000,0.869044
16.400000,3014.320000,1.311198
29.520000,2561.680000,1.248965
33.456000,600.240000,0.846013
36.080000,2493.456000,0.932311
8.528000,3209.808000,0.682145
11.152000,2838.512000,0.692005
1.968000,389.008000,0.894259
9.840000,1045.008000,0.741312
25.584000,518.896000,0.692520
16.400000,3150.768000,0.914288
37.392000,2395.056000,0.663510
21.648000,1094.864000,1.442170
11.152000,1344.144000,1.432252
36.080000,2454.096000,0.732022
16.400000,263.056000,0.684980
11.152000,1275.920000,1.627559
17.712000,549.072000,0.772238
21.648000,1618.352000,1.398941
5.904000,1395.312000,0.661416
16.400000,2964.464000,0.958707
8.528000,2126.096000,1.056684
7.216000,1681.328000,1.001113
13.776000,1416.304000,0.712913
11.152000,2671.888000,1.026413
38.704000,3054.992000,0.938061
3.280000,1408.432000,1.140689
0.656000,566.128000,1.130783
21.648000,2339.952000,1.327538
26.896000,854.768000,1.075539
4.592000,1742.992000,0.737900
12.464000,1828.272000,0.873836
11.152000,2070.992000,0.749160
1.968000,1849.264000,1.070524
28.208000,2296.656000,0.693970
33.456000,634.352000,0.669510
26.896000,3075.984000,0.682771
7.216000,635.664000,0.968156
15.088000,1807.280000,0.935067
7.216000,475.600000,1.142821
29.520000,2762.416000,1.270469
30.832000,650.096000,0.792269
32.144000,1136.848000,1.746127
1.968000,395.568000,1.116754
5.904000,80.688000,0.799866
38.704000,3030.064000,0.672868
36.080000,520.208000,1.396356
5.904000,2830.640000,0.986323
8.528000,322.096000,0.903051
17.712000,2451.472000,0.658306
22.960000,1369.072000,1.054843
7.216000,804.912000,1.061175
36.080000,922.992000,0.862209
30.832000,2412.112000,1.114863
28.208000,343.088000,1.159726
32.144000,3131.088000,0.699725
12.464000,429.680000,0.837503
25.584000,2198.256000,1.426965
22.960000,907.248000,0.782845
38.704000,1258.864000,0.953392
21.648000,2345.200000,0.789594
24.272000,1485.840000,1.138702
8.528000,19.024000,0.975155
9.840000,74.128000,0.823478
9.840000,983.344000,0.889104
16.400000,2893.616000,0.737044
17.712000,2921.168000,0.708419
37.392000,63.632000,0.903408
15.088000,2595.792000,0.689029
0.656000,2551.184000,0.906700
26.896000,2084.112000,0.707104
11.152000,2379.312000,1.370564
3.280000,108.240000,0.796707
36.080000,2914.608000,1.236678
9.840000,2437.040000,0.659582
25.584000,696.016000,0.912903
37.392000,2971.024000,1.029291
12.464000,1274.608000,1.243213
20.336000,1712.816000,0.829974
25.584000,1665.584000,0.722104
34.768000,261.744000,0.826044
33.456000,2195.632000,0.744227
34.768000,2330.768000,1.054155
32.144000,1344.144000,0.722391
36.080000,246.000000,0.999035
7.216000,613.360000,0.758427
30.832000,2221.872000,0.872835
28.208000,109.552000,0.790735
15.088000,709.136000,1.400690
21.648000,1821.712000,1.653933
4.592000,2206.128000,0.908304
8.528000,2233.680000,0.909976
26.896000,591.056000,1.026958
30.832000,430.992000,0.987263
26.896000,2628.592000,1.138620
36.080000,3145.520000,0.705177
29.520000,1632.784000,1.005707
36.080000,1558.000000,0.855465
19.024000,1921.424000,1.490394
30.832000,45.264000,0.934417
36.080000,2932.976000,1.047677
20.336000,2406.864000,0.723712
36.080000,484.784000,0.771435
7.216000,1901.744000,0.659320
22.960000,239.440000,0.835240
0.656000,1910.928000,1.055530
28.208000,811.472000,1.316440
32.144000,1849.264000,0.747597
4.592000,2014.576000,1.856471
37.392000,2677.136000,1.167479
20.336000,2841.136000,0.909776
20.336000,2154.960000,1.123673
4.592000,1925.360000,1.059426
8.528000,1685.264000,1.203778
24.272000,3096.976000,0.686026
24.272000,1295.600000,0.975931
5.904000,520.208000,1.404571
32.144000,2300.592000,0.909705
17.712000,2014.576000,0.999512
15.088000,1594.736000,1.078417
20.336000,135.792000,0.805115
30.832000,524.144000,0.722940
15.088000,2141.840000,1.424802
20.336000,1029.264000,1.684131
13.776000,2329.456000,1.297500
7.216000,348.336000,1.260428
24.272000,3208.496000,0.700687
25.584000,2960.528000,1.577494
22.960000,95.120000,1.203733
32.144000,2325.520000,0.687575
34.768000,1853.200000,0.769517
11.152000,259.120000,1.059150
33.456000,2875.248000,0.709176
1.968000,2521.008000,1.294760
19.024000,1072.560000,0.975114
15.088000,3022.192000,0.678946
19.024000,2240.240000,0.902681
24.272000,12.464000,0.659831
38.704000,2332.080000,0.776168
37.392000,2036.880000,0.954368
15.088000,1569.808000,0.899866
21.648000,2968.400000,0.950111
33.456000,491.344000,1.384181
30.832000,2849.008000,0.705919
3.280000,2532.816000,0.658307
15.088000,2804.400000,0.770848
16.400000,264.368000,0.712493
30.832000,2623.344000,0.669375
21.648000,602.864000,1.110494
21.648000,1038.448000,1.713130
13.776000,798.352000,0.691291
26.896000,1792.848000,0.795951
4.592000,2471.152000,0.804199
12.464000,2119.536000,0.835076
34.768000,2929.040000,0.771040
37.392000,756.368000,1.187676
22.960000,2702.064000,0.894261
29.520000,2908.048000,1.235585
24.272000,2388.496000,1.184537
20.336000,1407.120000,0.793362
33.456000,24.272000,0.952311
28.208000,1202.448000,1.114301
33.456000,840.336000,1.638032
30.832000,1943.728000,0.756065
16.400000,560.880000,0.789997
25.584000,1967.344000,0.712624
5.904000,1842.704000,0.949563
33.456000,1041.072000,0.681061
11.152000,2164.144000,0.794905
37.392000,902.000000,0.751688
15.088000,634.352000,1.150435
36.080000,1270.672000,0.662791
29.520000,574.000000,0.946935
32.144000,2447.536000,0.669317
11.152000,1462.224000,0.739414
16.400000,1021.392000,0.950608
9.840000,2771.600000,0.783487
3.280000,415.248000,0.970560
19.024000,2793.904000,0.706457
33.456000,2768.976000,1.193011
22.960000,2810.960000,1.830672
28.208000,1467.472000,0.832797
37.392000,739.312000,0.822063
8.528000,1321.840000,0.675018
4.592000,640.912000,0.850011
1.968000,1821.712000,1.240908
38.704000,3173.072000,0.735080
33.456000,297.168000,0.667954
33.456000,1523.888000,0.903460
26.896000,72.816000,1.591960
1.968000,689.456000,0.741947
20.336000,333.904000,1.326911
37.392000,2301.904000,0.760527
37.392000,2248.112000,0.757520
0.656000,2206.128000,0.708699
22.960000,2715.184000,0.815663
4.592000,1022.704000,0.689093
3.280000,955.792000,0.827261
33.456000,635.664000,0.814108
5.904000,2434.416000,0.738059
4.592000,2805.712000,1.028474
30.832000,2408.176000,0.832223
15.088000,2396.368000,1.779863
33.456000,589.744000,0.774388
15.088000,827.216000,0.753731
26.896000,1858.448000,0.765670
37.392000,61.008000,1.467317
30.832000,1537.008000,0.985779
19.024000,2091.984000,1.264159
36.080000,2652.208000,1.374770
32.144000,3036.624000,1.639823
15.088000,1659.024000,0.736375
32.144000,758.992000,0.976680
28.208000,2981.520000,0.828234
21.648000,2099.856000,1.084567
37.392000,1838.768000,0.996619
8.528000,946.608000,0.830476
37.392000,2557.744000,1.131531
19.024000,336.528000,1.087451
0.656000,3194.064000,1.143406
21.648000,2124.784000,1.615971
11.152000,511.024000,1.928223
24.272000,2952.656000,1.222954
7.216000,61.008000,0.663739
17.712000,1228.688000,1.299963
9.840000,59.696000,1.040744
1.968000,2004.080000,0.722799
28.208000,2612.848000,1.167333
11.152000,1079.120000,1.026347
30.832000,1365.136000,0.915180
17.712000,619.920000,1.411151
17.712000,1337.584000,0.887449
37.392000,3191.440000,0.729570
21.648000,808.848000,0.683923
15.088000,938.736000,1.043942
28.208000,2717.808000,0.789940
5.904000,3115.344000,1.504288
36.080000,2009.328000,2.055356
19.024000,1146.032000,0.990535
9.840000,2977.584000,1.433137
17.712000,3111.408000,1.380515
29.520000,2301.904000,0.713479
19.024000,1855.824000,0.976746
25.584000,1111.920000,0.781074
21.648000,1105.360000,0.902534
5.904000,940.048000,1.121647
3.280000,2326.832000,0.738405
1.968000,411.312000,0.970931
38.704000,1096.176000,0.758292
11.152000,162.032000,0.725319
36.080000,3211.120000,0.687583
9.840000,2485.584000,1.202032
34.768000,1371.696000,0.722514
38.704000,499.216000,0.901528
38.704000,741.936000,0.715605
1.968000,76.752000,1.029668
28.208000,583.184000,0.744789
37.392000,255.184000,1.117701
13.776000,1336.272000,0.933512
21.648000,2248.112000,0.691647
24.272000,362.768000,0.687864
36.080000,319.472000,0.667724
0.656000,2921.168000,0.950024
8.528000,2433.104000,0.673899
28.208000,1718.064000,1.203197
36.080000,1774.480000,0.737414
7.216000,1619.664000,1.085282
3.280000,3111.408000,1.021425
21.648000,1526.512000,0.775037
4.592000,850.832000,1.411676
12.464000,2910.672000,0.754394
33.456000,2658.768000,0.816219
24.272000,3192.752000,0.783588
5.904000,930.864000,0.694831
24.272000,2687.632000,0.680234
22.960000,2976.272000,0.675930
7.216000,1581.616000,0.710299
38.704000,2391.120000,0.716684
8.528000,2792.592000,0.875080
30.832000,1678.704000,0.784631
11.152000,410.000000,1.011931
11.152000,1942.416000,0.889002
9.840000,3184.880000,0.925211
8.528000,1489.776000,0.726311
30.832000,3175.696000,0.889991
19.024000,467.728000,0.933840
29.520000,1617.040000,0.812941
24.272000,1279.856000,0.783263
33.456000,2914.608000,0.726383
34.768000,769.488000,1.225380
3.280000,1618.352000,1.643702
17.712000,2471.152000,0.698979
5.904000,3079.920000,0.759019
30.832000,646.160000,0.713839
25.584000,2717.808000,0.701105
28.208000,497.904000,1.003772
12.464000,1056.816000,0.729037
4.592000,294.544000,0.687159
25.584000,2873.936000,0.745617
8.528000,1228.688000,1.657523
5.904000,67.568000,0.663769
1.968000,757.680000,0.803002
17.712000,281.424000,0.947988
19.024000,2292.720000,0.920792
34.768000,1370.384000,1.152569
29.520000,1851.888000,1.118486
34.768000,1844.016000,0.722828
0.656000,75.440000,0.812949
33.456000,2938.224000,1.178895
0.656000,647.472000,0.691715
36.080000,528.080000,0.922316
36.080000,1552.752000,0.904384
16.400000,1882.064000,0.847794
22.960000,881.008000,2.469942
0.656000,2755.856000,0.774931
12.464000,1198.512000,1.255312
21.648000,2464.592000,0.681385
28.208000,696.016000,0.673241
3.280000,2158.896000,1.482728
5.904000,100.368000,0.758412
33.456000,1349.392000,1.311302
8.528000,564.816000,0.926576
4.592000,3090.416000,0.768918
5.904000,1546.192000,0.864095
29.520000,268.304000,0.681418
22.960000,2603.664000,1.921848
11.152000,2301.904000,0.931194
32.144000,1249.680000,1.210320
30.832000,2228.432000,0.937253
26.896000,434.928000,1.066559
37.392000,1261.488000,1.655259
0.656000,938.736000,0.962131
26.896000,3128.464000,1.390476
15.088000,1147.344000,0.714840
38.704000,2700.752000,1.459606
1.968000,1994.896000,0.973210
32.144000,2009.328000,0.962105
9.840000,2227.120000,1.625421
37.392000,3145.520000,0.658811
24.272000,612.048000,0.824751
16.400000,879.696000,0.672571
20.336000,345.712000,2.011206
30.832000,146.288000,1.131376
29.520000,1117.168000,0.739780
19.024000,1947.664000,0.780080
0.656000,2946.096000,0.910790
17.712000,3110.096000,1.122760
7.216000,1505.520000,0.790043
5.904000,693.392000,0.760315
25.584000,1048.944000,1.199359
30.832000,1910.928000,0.912937
11.152000,3016.944000,0.748570
37.392000,1857.136000,0.690880
8.528000,1064.688000,1.223318
29.520000,1227.376000,1.299676
13.776000,2892.304000,0.830740
37.392000,1252.304000,0.844921
21.648000,2220.560000,1.013450
5.904000,1257.552000,0.721326
36.080000,2885.744000,0.765643
30.832000,1624.912000,1.979694
24.272000,1026.640000,0.769685
9.840000,1954.224000,0.708994
21.648000,2669.264000,0.808377
9.840000,1900.432000,0.748432
16.400000,572.688000,1.254667
30.832000,2009.328000,0.656351
24.272000,1979.152000,0.862544
9.840000,3182.256000,1.560917
22.960000,1939.792000,0.798384
20.336000,2362.256000,2.604571
38.704000,1895.184000,0.754422
21.648000,2275.664000,0.971244
32.144000,120.048000,0.810837
29.520000,738.000000,0.808134
16.400000,1079.120000,0.686282
33.456000,185.648000,1.464502
5.904000,2187.760000,0.986365
17.712000,234.192000,0.670274
32.144000,996.464000,0.857990
38.704000,3036.624000,0.706639
36.080000,2325.520000,0.775179
4.592000,3196.688000,1.155431
36.080000,116.112000,0.844133
24.272000,3209.808000,0.705022
21.648000,860.016000,0.790802
7.216000,2170.704000,0.769183
11.152000,1084.368000,0.719896
0.656000,1639.344000,1.043237
17.712000,2574.800000,0.731887
1.968000,832.464000,0.719035
11.152000,1172.272000,0.853596
3.280000,263.056000,0.733228
30.832000,3169.136000,0.808747
37.392000,1320.528000,0.697497
33.456000,714.384000,1.071012
22.960000,546.448000,0.846541
7.216000,2747.984000,0.799692
34.768000,957.104000,0.816591
0.656000,1357.264000,1.108483
21.648000,639.600000,0.686961
1.968000,996.464000,1.767405
19.024000,916.432000,0.765710
11.152000,1868.944000,0.971686
12.464000,1727.248000,1.421068
1.968000,1681.328000,0.887143
11.152000,2245.488000,0.737857
16.400000,3094.352000,0.977751
4.592000,984.656000,0.896424
29.520000,1289.040000,0.814628
37.392000,1157.840000,1.218876
19.024000,2072.304000,0.955506
30.832000,856.080000,0.810875
19.024000,1632.784000,1.072221
22.960000,2082.800000,0.685584
15.088000,1227.376000,0.814830
26.896000,263.056000,1.089695
22.960000,514.960000,0.732149
3.280000,3024.816000,1.118141
3.280000,2140.528000,0.819475
29.520000,1812.528000,0.844049
38.704000,1247.056000,0.895577
0.656000,2741.424000,1.371390
24.272000,82.000000,0.684140
28.208000,1778.416000,0.680745
7.216000,2598.416000,1.068323
37.392000,588.432000,0.850406
7.216000,1422.864000,1.056517
5.904000,3203.248000,0.775740
15.088000,758.992000,1.209206
7.216000,1405.808000,0.689554
36.080000,251.248000,0.877591
29.520000,581.872000,1.005587
8.528000,2379.312000,0.717979
12.464000,589.744000,0.864693
28.208000,2528.880000,0.674411
25.584000,2560.368000,1.079546
19.024000,100.368000,0.714851
26.896000,2860.816000,0.704237
4.592000,1668.208000,0.687226
24.272000,2329.456000,0.793227
19.024000,900.688000,0.994450
25.584000,802.288000,1.154072
20.336000,2076.240000,0.664960
26.896000,2380.624000,1.388654
30.832000,1620.976000,0.705922
36.080000,366.704000,0.735540
32.144000,2772.912000,0.895080
37.392000,1841.392000,1.136195
24.272000,1551.440000,0.746227
4.592000,1858.448000,1.540442
24.272000,352.272000,0.967336
36.080000,786.544000,1.737844
19.024000,1969.968000,0.690450
28.208000,1792.848000,0.829624
30.832000,1253.616000,0.669015
17.712000,2115.600000,1.545598
34.768000,629.104000,0.689435
25.584000,2070.992000,0.930865
28.208000,3166.512000,1.165877
4.592000,2842.448000,0.775346
37.392000,297.168000,0.855587
36.080000,2927.728000,1.363027
16.400000,225.008000,0.762832
28.208000,3220.304000,0.686726
9.840000,566.128000,0.889196
1.968000,2898.864000,0.762697
7.216000,2846.384000,0.764159
36.080000,2206.128000,1.681065
19.024000,168.592000,0.756368
9.840000,615.984000,0.693701
28.208000,2828.016000,1.611369
0.656000,505.776000,0.861149
29.520000,1384.816000,1.141919
20.336000,2946.096000,1.615432
28.208000,1144.720000,0.824869
34.768000,2456.720000,1.166877
8.528000,1024.016000,1.889031
19.024000,2229.744000,0.668894
34.768000,1926.672000,1.018842
3.280000,2580.048000,0.824288
16.400000,2614.160000,0.696265
11.152000,1990.960000,1.611450
12.464000,756.368000,0.805490
5.904000,564.816000,1.055296
15.088000,516.272000,0.722452
17.712000,2582.672000,0.875694
38.704000,265.680000,0.679476
28.208000,496.592000,0.671641
21.648000,505.776000,0.731345
32.144000,2969.712000,0.724772
16.400000,3095.664000,0.698355
38.704000,1350.704000,1.399505
32.144000,2967.088000,1.219531
25.584000,2545.936000,0.805729
33.456000,222.384000,1.183132
8.528000,807.536000,0.820710
25.584000,776.048000,1.181242
26.896000,2602.352000,0.952137
9.840000,2919.856000,1.155959
26.896000,989.904000,0.921821
20.336000,2965.776000,0.716345
26.896000,2475.088000,0.797702
34.768000,2775.536000,1.378398
29.520000,2417.360000,0.914229
5.904000,24.272000,0.679298
25.584000,1384.816000,0.790020
26.896000,1868.944000,0.702120
15.088000,707.824000,0.851025
5.904000,2147.088000,0.721112
5.904000,476.912000,1.055729
32.144000,1338.896000,0.661076
21.648000,461.168000,0.907583
33.456000,1652.464000,0.819752
0.656000,362.768000,1.601321
24.272000,1230.000000,0.826243
37.392000,209.264000,1.796510
36.080000,3141.584000,1.163456
28.208000,1407.120000,0.706860
8.528000,2090.672000,1.582234
0.656000,1093.552000,0.679340
8.528000,2960.528000,0.738218
11.152000,584.496000,0.799013
17.712000,294.544000,1.261691
20.336000,837.712000,1.025045
33.456000,1736.432000,0.846914
33.456000,446.736000,0.694723
11.152000,2842.448000,0.795619
26.896000,3153.392000,1.227777
0.656000,601.552000,1.128858
37.392000,2539.376000,0.656030
17.712000,926.928000,0.827396
25.584000,247.312000,0.801579
7.216000,3062.864000,1.323899
26.896000,2437.040000,0.919700
19.024000,2565.616000,1.586903
1.968000,1585.552000,0.682958
32.144000,2090.672000,0.717633
22.960000,1055.504000,0.732369
28.208000,1659.024000,0.801498
28.208000,2410.800000,0.846567
34.768000,517.584000,2.173944
33.456000,1245.744000,0.875678
29.520000,3104.848000,0.714357
8.528000,7.216000,1.179525
15.088000,2157.584000,0.734317
29.520000,1626.224000,0.713686
19.024000,1081.744000,0.795425
16.400000,2137.904000,0.675518
4.592000,379.824000,0.816194
9.840000,1826.960000,0.836591
33.456000,2624.656000,1.142754
29.520000,265.680000,0.700736
25.584000,953.168000,1.053409
7.216000,175.152000,0.690860
4.592000,1714.128000,0.704462
36.080000,781.296000,1.093557
28.208000,1254.928000,0.798629
19.024000,785.232000,0.942557
26.896000,852.144000,0.678622
22.960000,214.512000,0.662968
15.088000,1757.424000,0.812312
34.768000,3222.928000,0.944725
0.656000,3054.992000,0.659832
4.592000,2890.992000,0.790625
4.592000,1983.088000,0.834727
21.648000,2561.680000,0.996818
8.528000,1660.336000,0.785687
24.272000,41.328000,0.878158
22.960000,684.208000,0.773865
15.088000,676.336000,0.927724
32.144000,3112.720000,0.679687
12.464000,30.832000,0.752019
4.592000,940.048000,0.798712
21.648000,896.752000,1.119358
19.024000,1687.888000,1.099733
37.392000,521.520000,1.226820
16.400000,1656.400000,0.796682
19.024000,1359.888000,1.220894
19.024000,881.008000,1.797399
8.528000,1951.600000,0.867504
37.392000,222.384000,1.218958
15.088000,500.528000,0.971734
8.528000,1782.352000,1.099996
22.960000,1550.128000,0.755587
5.904000,1547.504000,0.662106
38.704000,1148.656000,0.783538
21.648000,1215.568000,1.165754
4.592000,2825.392000,0.837370
4.592000,2376.688000,1.066951
0.656000,1916.176000,0.901102
20.336000,647.472000,1.233157
24.272000,2437.040000,0.798033
12.464000,2363.568000,1.263233
1.968000,495.280000,0.691174
8.528000,2376.688000,1.503852
16.400000,2534.128000,1.017575
15.088000,3145.520000,1.089465
17.712000,2784.720000,1.011808
20.336000,1131.600000,1.414343
37.392000,40.016000,0.728000
11.152000,2029.008000,1.272745
38.704000,2164.144000,0.978965
15.088000,1972.592000,1.188803
9.840000,2320.272000,0.684942
24.272000,2622.032000,0.760923
0.656000,180.400000,0.915597
34.768000,699.952000,1.231991
9.840000,2852.944000,0.754852
30.832000,2089.360000,0.675430
24.272000,2343.888000,1.272885
8.528000,3010.384000,1.475245
3.280000,2001.456000,0.960090
28.208000,1474.032000,0.832800
25.584000,984.656000,0.720647
20.336000,926.928000,0.971176
5.904000,2943.472000,1.219088
8.528000,1706.256000,0.810596
37.392000,761.616000,0.813590
22.960000,3211.120000,1.821021
16.400000,3035.312000,1.331924
25.584000,2559.056000,1.011054
3.280000,2139.216000,0.710037
30.832000,1816.464000,0.741038
24.272000,2328.144000,0.873592
13.776000,514.960000,0.666591
25.584000,1689.200000,1.089260
20.336000,509.712000,0.795008
4.592000,2736.176000,0.939596
9.840000,1523.888000,0.985317
15.088000,2166.768000,1.059426
13.776000,2601.040000,0.693568
4.592000,2497.392000,0.659766
17.712000,1198.512000,1.031656
16.400000,1227.376000,0.669434
19.024000,2112.976000,0.842639
8.528000,2303.216000,1.068312
3.280000,1997.520000,0.960593
16.400000,1844.016000,0.832305
15.088000,2506.576000,0.881801
4.592000,374.576000,0.733565
38.704000,1349.392000,1.078076
26.896000,373.264000,0.799077
12.464000,2200.880000,0.823561
3.280000,389.008000,1.321221
24.272000,747.184000,1.353630
29.520000,1618.352000,0.823324
1.968000,3074.672000,0.869004
24.272000,933.488000,0.703367
5.904000,2568.240000,0.776195
12.464000,1426.800000,1.111186
38.704000,1359.888000,1.152543
32.144000,1674.768000,0.733254
7.216000,3069.424000,0.784419
24.272000,1510.768000,1.409028
4.592000,1649.840000,1.081925
12.464000,1962.096000,0.982483
1.968000,2206.128000,1.210089
29.520000,179.088000,0.820813
37.392000,2376.688000,0.962158
26.896000,3093.040000,1.072747
8.528000,2292.720000,0.860347
8.528000,589.744000,0.721819
12.464000,2770.288000,0.825858
32.144000,1474.032000,0.970860
33.456000,1773.168000,1.267795
8.528000,1770.544000,1.037055
5.904000,3036.624000,1.301341
9.840000,3032.688000,0.872417
22.960000,298.480000,0.829511
37.392000,79.376000,0.842221
15.088000,2618.096000,1.255630
1.968000,428.368000,0.939741
33.456000,2270.416000,0.745669
28.208000,1038.448000,1.123804
26.896000,907.248000,0.854023
19.024000,534.640000,0.816172
28.208000,1863.696000,0.738474
28.208000,2539.376000,0.906036
32.144000,1554.064000,0.981073
12.464000,2750.608000,0.894667
24.272000,1123.728000,0.689758
9.840000,1560.624000,0.669873
7.216000,560.880000,1.253946
17.712000,1076.496000,0.879336
11.152000,2669.264000,0.721299
4.592000,1277.232000,0.799452
19.024000,1123.728000,0.840219
19.024000,2249.424000,1.113939
15.088000,3175.696000,0.968678
11.152000,1312.656000,2.686681
17.712000,1580.304000,1.070987
0.656000,2262.544000,0.669574
24.272000,2103.792000,0.822653
0.656000,2576.112000,0.798262
29.520000,1990.960000,1.637497
21.648000,3156.016000,1.372286
3.280000,337.840000,1.177507
20.336000,46.576000,0.683494
32.144000,272.240000,0.908738
16.400000,807.536000,1.265539
38.704000,13.776000,0.686172
28.208000,808.848000,0.887388
36.080000,537.264000,1.026535
24.272000,1174.896000,0.683551
11.152000,1572.432000,1.009983
20.336000,1333.648000,0.848164
24.272000,1047.632000,0.963937
38.704000,1086.992000,1.603458
11.152000,434.928000,0.696506
16.400000,1631.472000,0.736802
33.456000,2503.952000,1.186932
15.088000,2023.760000,0.660963
20.336000,1790.224000,1.019539
37.392000,329.968000,0.684906
1.968000,938.736000,0.829964
36.080000,68.880000,1.147336
11.152000,1064.688000,0.910233
25.584000,335.216000,0.743959
22.960000,1702.320000,1.473144
21.648000,768.176000,1.192187
5.904000,1265.424000,0.780920
28.208000,702.576000,0.737182
36.080000,89.872000,1.070158
9.840000,1076.496000,1.333567
24.272000,2602.352000,1.513919
13.776000,1012.208000,1.014454
15.088000,505.776000,1.511767
0.656000,2263.856000,0.856594
38.704000,3078.608000,1.492428
13.776000,2287.472000,1.093396
36.080000,1409.744000,0.712233
13.776000,1693.136000,1.236082
12.464000,2355.696000,0.853895
0.656000,2143.152000,0.836819
20.336000,2187.760000,1.312751
22.960000,2515.760000,0.664275
16.400000,197.456000,0.702552
19.024000,308.976000,0.683903
12.464000,1459.600000,0.737406
17.712000,2137.904000,1.246093
30.832000,2597.104000,0.707601
34.768000,1720.688000,0.750477
25.584000,486.096000,1.435824
15.088000,2408.176000,0.852784
33.456000,496.592000,2.011441
17.712000,836.400000,0.977236
16.400000,2574.800000,0.794869
5.904000,2648.272000,1.611607
29.520000,1607.856000,0.832477
1.968000,1607.856000,1.013347
7.216000,1920.112000,0.706504
5.904000,3078.608000,0.881770
7.216000,1388.752000,0.709085
12.464000,462.480000,1.011025
36.080000,1182.768000,1.590433
25.584000,2183.824000,0.735678
5.904000,1506.832000,0.781965
20.336000,209.264000,0.776170
4.592000,815.408000,0.865804
1.968000,2754.544000,0.727057
36.080000,1334.960000,0.973523
4.592000,34.768000,0.831639
17.712000,1620.976000,0.806915
25.584000,1119.792000,1.887622
19.024000,310.288000,0.695870
17.712000,1870.256000,1.198358
28.208000,2947.408000,1.521992
30.832000,70.192000,0.710954
12.464000,1380.880000,0.687301
16.400000,516.272000,0.791934
24.272000,2539.376000,1.216680
15.088000,1390.064000,1.389903
16.400000,1233.936000,0.779500
15.088000,1695.760000,0.672475
36.080000,1533.072000,0.795166
21.648000,777.360000,0.772277
24.272000,1531.760000,0.883466
12.464000,303.728000,0.727744
9.840000,2657.456000,0.882228
12.464000,2177.264000,0.756994
15.088000,800.976000,0.786557
22.960000,2038.192000,0.913040
15.088000,3133.712000,1.396890
12.464000,3220.304000,0.722922
36.080000,1371.696000,0.811367
20.336000,2063.120000,1.069707
22.960000,284.048000,0.764113
12.464000,504.464000,1.204448
20.336000,2503.952000,1.521333
16.400000,2501.328000,1.066062
30.832000,1858.448000,0.950257
13.776000,654.032000,1.248365
34.768000,1563.248000,0.726284
8.528000,2620.720000,0.664414
4.592000,2633.840000,1.036670
20.336000,335.216000,0.666279
3.280000,12.464000,1.215932
22.960000,483.472000,0.659891
9.840000,1535.696000,0.773322
3.280000,2042.128000,1.024588
13.776000,1384.816000,0.732353
33.456000,892.816000,0.815697
9.840000,2522.320000,0.770032
24.272000,2978.896000,0.700833
5.904000,1177.520000,0.716783
21.648000,2834.576000,0.858584
5.904000,537.264000,0.738239
11.152000,3062.864000,0.699924
5.904000,1130.288000,0.702456
34.768000,2440.976000,1.021941
19.024000,2397.680000,1.587725
4.592000,1399.248000,1.434813
25.584000,2728.304000,1.603185
16.400000,2133.968000,1.296039
32.144000,2357.008000,0.763998
16.400000,1794.160000,0.657743
33.456000,354.896000,0.701709
36.080000,522.832000,0.780796
28.208000,1231.312000,0.678306
11.152000,717.008000,1.004991
29.520000,2519.696000,1.539091
25.584000,1202.448000,0.985710
16.400000,1805.968000,0.669419
33.456000,2709.936000,0.887494
0.656000,1620.976000,0.676463
1.968000,3158.640000,1.467509
15.088000,2721.744000,0.666189
21.648000,928.240000,1.315852
26.896000,884.944000,1.225374
20.336000,2004.080000,1.396286
9.840000,1348.080000,1.418554
13.776000,1701.008000,0.992331
5.904000,2678.448000,0.737759
32.144000,79.376000,0.685557
25.584000,1159.152000,2.815452
29.520000,1836.144000,1.269548
17.712000,1741.680000,1.192477
11.152000,1464.848000,0.758241
5.904000,1319.216000,0.696390
28.208000,1556.688000,0.830602
15.088000,2360.944000,0.825263
4.592000,1122.416000,1.586258
1.968000,501.840000,0.872438
1.968000,2211.376000,0.817931
32.144000,504.464000,1.077980
8.528000,2042.128000,0.732107
25.584000,59.696000,1.102916
1.968000,66.256000,1.536167
8.528000,2523.632000,0.885807
22.960000,1182.768000,0.877876
12.464000,835.088000,0.740400
20.336000,1920.112000,1.016957
37.392000,2580.048000,0.673907
8.528000,714.384000,0.715347
26.896000,205.328000,0.794820
11.152000,862.640000,0.739346
38.704000,76.752000,0.905943
22.960000,1079.120000,1.103601
15.088000,331.280000,1.478320
24.272000,849.520000,0.708739
19.024000,2421.296000,1.523767
36.080000,408.688000,1.172236
38.704000,2244.176000,1.490020
15.088000,2919.856000,0.939085
26.896000,1959.472000,0.730698
32.144000,2190.384000,0.730232
30.832000,1683.952000,1.337099
8.528000,2332.080000,1.254785
24.272000,1477.968000,0.803668
16.400000,223.696000,0.913967
33.456000,2553.808000,1.213795
17.712000,858.704000,1.586245
33.456000,710.448000,1.306986
29.520000,1846.640000,0.726696
30.832000,307.664000,0.675605
24.272000,913.808000,0.966747
8.528000,511.024000,1.151222
38.704000,2530.192000,0.656816
28.208000,219.760000,0.740689
0.656000,892.816000,0.922254
13.776000,2534.128000,0.662717
7.216000,673.712000,1.134412
33.456000,1138.160000,1.114528
25.584000,1896.496000,1.070326
21.648000,196.144000,1.222883
15.088000,2751.920000,0.716200
24.272000,2834.576000,0.968786
17.712000,597.616000,0.658635
4.592000,1829.584000,0.802106
24.272000,1926.672000,0.838021
3.280000,3175.696000,1.506562
9.840000,3086.480000,0.873259
8.528000,2304.528000,0.836995
9.840000,748.496000,0.705723
11.152000,2051.312000,1.446239
1.968000,1921.424000,0.767753
30.832000,638.288000,1.437044
34.768000,1361.200000,0.835804
38.704000,1282.480000,0.997850
1.968000,698.640000,1.011443
34.768000,908.560000,1.266949
4.592000,2741.424000,1.491271
24.272000,2126.096000,0.689754
9.840000,2362.256000,2.045111
16.400000,350.960000,1.059728
34.768000,1401.872000,0.971311
25.584000,525.456000,0.820762
25.584000,1055.504000,0.791483
22.960000,2240.240000,0.998117
16.400000,1327.088000,0.688568
33.456000,1.968000,0.931409
16.400000,1332.336000,1.261722
36.080000,1840.080000,0.676292
25.584000,2385.872000,0.787098
34.768000,1169.648000,0.686875
30.832000,1043.696000,0.831578
32.144000,3190.128000,0.818495
28.208000,2780.784000,0.715800
34.768000,1164.400000,1.270291
30.832000,1211.632000,1.014974
33.456000,2404.240000,1.272050
37.392000,2388.496000,0.979352
34.768000,2619.408000,1.407855
24.272000,2073.616000,0.776498
4.592000,1913.552000,0.849940
25.584000,1359.888000,0.935422
38.704000,232.880000,0.734362
3.280000,971.536000,0.771220
13.776000,3125.840000,0.873659
3.280000,2357.008000,0.751644
1.968000,2021.136000,1.444053
21.648000,2088.048000,0.769909
3.280000,3149.456000,1.460093
12.464000,1160.464000,0.818551
20.336000,890.192000,0.794700
7.216000,778.672000,1.059089
21.648000,1107.984000,1.400902
9.840000,1306.096000,0.708047
12.464000,2742.736000,0.922137
8.528000,2237.616000,0.849232
19.024000,238.128000,0.999878
12.464000,2500.016000,0.704597
5.904000,882.320000,0.804988
7.216000,3023.504000,0.740889
0.656000,1996.208000,1.509562
26.896000,2738.800000,0.722896
29.520000,2713.872000,0.749894
19.024000,2706.000000,1.674045
21.648000,30.832000,0.959797
22.960000,575.312000,0.712447
1.968000,1435.984000,0.670666
1.968000,1892.560000,0.915205
9.840000,2367.504000,1.589391
5.904000,572.688000,0.713390
36.080000,218.448000,0.934156
4.592000,2388.496000,0.839121
3.280000,908.560000,1.052794
13.776000,839.024000,0.664647
1.968000,971.536000,0.712122
19.024000,2143.152000,1.216185
32.144000,319.472000,1.033514
29.520000,1761.360000,0.941135
4.592000,1236.560000,1.494502
30.832000,798.352000,1.319939
1.968000,3016.944000,2.420498
25.584000,2266.480000,0.835261
33.456000,1111.920000,0.744121
36.080000,2047.376000,0.751716
28.208000,138.416000,0.757614
29.520000,2515.760000,1.082917
30.832000,741.936000,0.708108
24.272000,1062.064000,1.210874
32.144000,1277.232000,0.668862
16.400000,1199.824000,0.906609
13.776000,501.840000,0.949770
30.832000,907.248000,0.835509
12.464000,861.328000,1.341753
24.272000,156.784000,0.883385
7.216000,1308.720000,0.828059
28.208000,457.232000,0.721321
26.896000,1254.928000,0.933653
25.584000,2681.072000,1.005936
33.456000,3211.120000,1.064562
3.280000,2586.608000,1.380029
28.208000,2004.080000,0.800823
16.400000,925.616000,0.726913
15.088000,715.696000,1.687178
4.592000,791.792000,0.770792
0.656000,3049.744000,1.306293
22.960000,3018.256000,1.040529
29.520000,221.072000,0.835471
12.464000,2094.608000,1.359551
0.656000,2116.912000,0.908528
29.520000,134.480000,1.115634
22.960000,2267.792000,0.829643
25.584000,2985.456000,0.693932
8.528000,2524.944000,0.979032
37.392000,1174.896000,0.840341
7.216000,2240.240000,0.734064
16.400000,1076.496000,0.938219
34.768000,1803.344000,0.700848
30.832000,1598.672000,1.400000
3.280000,416.560000,0.987214
28.208000,2057.872000,1.328091
26.896000,2447.536000,1.329893
3.280000,787.856000,0.743339
30.832000,3162.576000,1.142681
3.280000,865.264000,0.896750
36.080000,1266.736000,0.795107
5.904000,2238.928000,0.758329
33.456000,915.120000,0.836170
24.272000,2156.272000,0.726151
30.832000,2426.544000,2.084690
3.280000,3041.872000,0.724659
25.584000,1429.424000,0.766681
29.520000,699.952000,0.684068
28.208000,1739.056000,0.800073
19.024000,3182.256000,1.006719
25.584000,459.856000,0.830424
28.208000,529.392000,0.759714
1.968000,2620.720000,0.691122
36.080000,1802.032000,0.983194
7.216000,1479.280000,1.178140
22.960000,1775.792000,0.661517
29.520000,108.240000,1.340479
16.400000,2787.344000,0.739894
11.152000,2048.688000,0.722017
34.768000,2602.352000,0.695929
32.144000,3178.320000,0.986393
28.208000,3159.952000,0.753784
36.080000,1434.672000,1.837025
30.832000,2019.824000,0.773171
20.336000,2555.120000,0.813224
30.832000,3014.320000,1.208376
16.400000,34.768000,1.167323
3.280000,2497.392000,1.019595
33.456000,1178.832000,1.047067
24.272000,1105.360000,0.778747
17.712000,1355.952000,0.905820
25.584000,2275.664000,0.702870
21.648000,395.568000,0.660264
24.272000,2956.592000,0.677722
25.584000,545.136000,1.450193
19.024000,3085.168000,0.766665
25.584000,2413.424000,0.953991
9.840000,3127.152000,1.412471
11.152000,411.312000,1.161335
15.088000,3005.136000,0.880612
32.144000,298.480000,0.923939
20.336000,3087.792000,0.668186
37.392000,2721.744000,0.814400
12.464000,3198.000000,1.379796
32.144000,2805.712000,0.800169
34.768000,1966.032000,1.106885
4.592000,825.904000,0.985451
32.144000,2093.296000,0.886508
1.968000,1257.552000,0.675764
15.088000,2897.552000,1.756623
13.776000,1115.856000,0.734935
30.832000,2728.304000,0.816662
15.088000,2419.984000,0.817060
11.152000,2291.408000,0.805208
29.520000,2408.176000,1.086309
7.216000,1092.240000,1.129084
38.704000,1534.384000,0.774540
37.392000,1607.856000,1.037647
25.584000,71.504000,1.480687
17.712000,328.656000,1.245958
25.584000,1378.256000,0.814181
25.584000,154.160000,1.224318
11.152000,2269.104000,0.726439
8.528000,2964.464000,0.724215
3.280000,130.544000,0.846606
17.712000,2089.360000,0.832993
25.584000,1826.960000,1.152523
32.144000,1359.888000,1.000282
37.392000,2362.256000,1.003590
34.768000,3108.784000,1.050404
8.528000,3216.368000,1.047741
24.272000,1045.008000,0.901700
36.080000,2560.368000,0.766512
21.648000,2476.400000,0.687114
1.968000,2228.432000,1.296438
32.144000,857.392000,0.852362
25.584000,446.736000,0.753654
24.272000,1412.368000,0.696172
7.216000,2750.608000,0.785483
22.960000,3110.096000,1.103449
36.080000,1582.928000,0.901810
22.960000,1022.704000,0.821807
21.648000,2259.920000,0.707936
20.336000,766.864000,1.207479
29.520000,1802.032000,1.368339
38.704000,850.832000,0.939488
0.656000,2598.416000,0.748029
28.208000,1014.832000,1.252188
9.840000,398.192000,0.678387
32.144000,343.088000,0.903648
11.152000,486.096000,0.744520
36.080000,1252.304000,0.677160
37.392000,2909.360000,0.765492
4.592000,293.232000,0.787907
13.776000,2290.096000,1.818174
26.896000,1155.216000,1.414308
17.712000,2616.784000,0.757455
29.520000,2379.312000,0.757382
28.208000,29.520000,0.852438
7.216000,1373.008000,1.019364
38.704000,2685.008000,1.416634
24.272000,2450.160000,0.670875
25.584000,777.360000,0.860902
12.464000,2402.928000,0.728171
34.768000,1931.920000,0.673516
16.400000,1048.944000,1.318175
37.392000,2250.736000,0.785690
17.712000,934.800000,2.017072
4.592000,1063.376000,1.064477
36.080000,1256.240000,1.105577
38.704000,2301.904000,0.874049
25.584000,1047.632000,1.282705
21.648000,1106.672000,0.690662
5.904000,1855.824000,0.844323
20.336000,3060.240000,1.189502
33.456000,810.160000,0.909810
22.960000,415.248000,0.783729
8.528000,112.176000,0.744405
7.216000,1042.384000,1.047333
4.592000,2001.456000,0.690913
9.840000,1096.176000,1.386563
37.392000,7.216000,1.040365
17.712000,1544.880000,0.758393
38.704000,471.664000,0.979931
25.584000,3098.288000,0.664528
28.208000,1665.584000,0.657395
20.336000,312.912000,0.796501
3.280000,1287.728000,0.704062
13.776000,269.616000,0.737147
19.024000,2042.128000,0.781649
3.280000,1530.448000,1.255093
16.400000,1170.960000,1.707109
36.080000,2561.680000,0.818013
29.520000,2022.448000,0.752281
24.272000,1630.160000,1.030081
5.904000,2780.784000,0.765448
38.704000,2608.912000,1.108857
15.088000,1121.104000,1.313560
5.904000,1593.424000,0.759329
8.528000,2029.008000,0.693644
19.024000,2070.992000,0.754212
29.520000,2562.992000,0.761212
38.704000,1857.136000,0.773482
11.152000,2911.984000,1.235079
8.528000,747.184000,0.759460
19.024000,2002.768000,1.610822
36.080000,1879.440000,0.789477
36.080000,324.720000,1.043070
32.144000,1341.520000,1.362404
4.592000,2110.352000,1.358420
21.648000,2716.496000,1.007992
36.080000,1373.008000,0.678508
36.080000,2816.208000,1.144184
7.216000,1543.568000,0.745342
33.456000,1481.904000,0.749623
25.584000,781.296000,0.849736
32.144000,596.304000,2.097739
20.336000,2141.840000,1.334728
15.088000,2313.712000,1.428874
16.400000,761.616000,1.239664
38.704000,1879.440000,0.720138
22.960000,2193.008000,1.586826
17.712000,1722.000000,0.810654
1.968000,2199.568000,0.880584
0.656000,1045.008000,0.748099
33.456000,2724.368000,0.842755
30.832000,1952.912000,0.709322
21.648000,21.648000,0.726898
32.144000,1127.664000,1.075762
13.776000,3034.000000,1.148378
1.968000,139.728000,2.387133
0.656000,2412.112000,0.659501
21.648000,663.216000,0.712699
0.656000,1766.608000,0.871312
30.832000,937.424000,0.715537
20.336000,395.568000,0.793412
26.896000,1971.280000,0.989545
11.152000,724.880000,0.786098
25.584000,1014.832000,0.772833
32.144000,2103.792000,1.110173
30.832000,3054.992000,1.056265
24.272000,1260.176000,0.859060
8.528000,2063.120000,0.803690
11.152000,1551.440000,0.743141
25.584000,1328.400000,1.780941
4.592000,835.088000,0.748900
15.088000,1662.960000,1.059804
26.896000,1939.792000,1.185077
7.216000,1290.352000,0.670030
11.152000,1218.192000,1.214624
15.088000,2761.104000,0.892526
3.280000,2072.304000,1.419302
9.840000,82.000000,0.735753
13.776000,778.672000,0.964799
33.456000,434.928000,1.136530
22.960000,1952.912000,1.171152
22.960000,1794.160000,1.455445
17.712000,999.088000,0.860381
11.152000,580.560000,0.782931
0.656000,1080.432000,0.914192
11.152000,144.976000,0.697808
32.144000,1451.728000,1.313763
17.712000,1829.584000,1.005782
26.896000,1384.816000,1.635022
8.528000,295.856000,0.888031
37.392000,1184.080000,1.113632
5.904000,840.336000,0.692278
30.832000,2618.096000,1.045259
12.464000,1656.400000,0.703460
1.968000,1342.832000,0.964007
16.400000,2707.312000,1.046599
25.584000,2957.904000,1.152710
32.144000,2833.264000,0.900995
21.648000,2999.888000,0.903922
3.280000,2526.256000,1.052901
11.152000,274.864000,1.118253
3.280000,2437.040000,0.659992
24.272000,1573.744000,0.807262
12.464000,2632.528000,0.676709
8.528000,932.176000,0.763312
19.024000,3005.136000,1.075709
0.656000,2977.584000,1.276033
5.904000,3044.496000,0.778763
19.024000,3110.096000,0.778516
25.584000,2761.104000,0.878158
34.768000,1223.440000,1.883193
25.584000,2573.488000,0.888844
16.400000,2699.440000,1.129681
0.656000,2535.440000,0.721824
19.024000,2685.008000,0.656548
37.392000,176.464000,0.764552
9.840000,1362.512000,1.479971
5.904000,656.656000,0.828101
29.520000,2056.560000,0.693922
3.280000,993.840000,1.003865
7.216000,862.640000,0.708352
38.704000,3212.432000,1.364353
21.648000,436.240000,0.729106
28.208000,2876.560000,0.833602
22.960000,243.376000,1.100203
21.648000,3159.952000,1.578021
11.152000,1445.168000,0.680501
16.400000,347.024000,0.745834
11.152000,2690.256000,0.787617
22.960000,2786.032000,1.222575
29.520000,2097.232000,1.530238
0.656000,709.136000,0.956439
4.592000,810.160000,1.088981
8.528000,291.920000,0.983864
32.144000,1732.496000,0.816928
22.960000,421.808000,0.996232
21.648000,2266.480000,1.050455
0.656000,2953.968000,0.979582
9.840000,1792.848000,0.711540
16.400000,488.720000,1.258329
28.208000,1146.032000,0.736094
38.704000,2763.728000,0.996892
28.208000,2105.104000,2.053029
22.960000,3060.240000,0.694107
5.904000,1662.960000,2.048479
32.144000,1122.416000,0.905141
17.712000,804.912000,0.841091
32.144000,815.408000,0.881762
9.840000,2107.728000,1.359592
38.704000,377.200000,0.892794
8.528000,2545.936000,2.555191
16.400000,2073.616000,1.186890
9.840000,152.848000,0.787626
11.152000,118.736000,0.987134
32.144000,2580.048000,0.739085
22.960000,3045.808000,0.818168
38.704000,2900.176000,1.048878
21.648000,2358.320000,0.817897
25.584000,1058.128000,0.893729
32.144000,2675.824000,1.334896
0.656000,2128.720000,0.827196
32.144000,311.600000,1.076976
13.776000,1857.136000,0.752836
17.712000,2099.856000,1.074469
4.592000,1866.320000,0.904718
30.832000,936.112000,1.075298
30.832000,1746.928000,3.148966
7.216000,76.752000,0.732970
13.776000,972.848000,0.723260
12.464000,3144.208000,0.685616
25.584000,2022.448000,0.880242
36.080000,2223.184000,0.719502
30.832000,760.304000,1.371031
0.656000,19.024000,1.104779
3.280000,1542.256000,0.685755
11.152000,681.584000,0.913582
36.080000,1012.208000,0.738054
20.336000,905.936000,0.730665
19.024000,1249.680000,1.031164
3.280000,127.920000,1.579862
37.392000,2392.432000,0.728194
16.400000,2884.432000,1.230363
7.216000,1311.344000,1.026077
28.208000,2936.912000,0.818333
22.960000,836.400000,1.133299
1.968000,2893.616000,1.477667
12.464000,991.216000,1.503410
32.144000,1644.592000,0.684131
24.272000,3005.136000,0.693711
15.088000,354.896000,0.728296
9.840000,3167.824000,1.029988
13.776000,2872.624000,0.669174
9.840000,1287.728000,0.857812
9.840000,1338.896000,0.863531
37.392000,2221.872000,1.431644
7.216000,1635.408000,0.870151
36.080000,2814.896000,0.784258
9.840000,1640.656000,0.924568
0.656000,1946.352000,1.482272
29.520000,364.080000,0.857183
26.896000,791.792000,0.808921
9.840000,685.520000,0.672818
33.456000,219.760000,0.944573
38.704000,2211.376000,1.042988
34.768000,606.800000,0.712412
36.080000,629.104000,1.295475
37.392000,928.240000,0.775835
21.648000,861.328000,1.130540
3.280000,2258.608000,1.792273
12.464000,626.480000,1.125242
4.592000,1369.072000,1.065737
0.656000,1493.712000,0.663064
17.712000,483.472000,0.821355
24.272000,206.640000,0.684071
5.904000,606.800000,1.382138
30.832000,1269.360000,1.845879
36.080000,96.432000,0.669311
19.024000,2136.592000,1.362266
1.968000,2279.600000,0.827351
21.648000,2029.008000,0.740376
1.968000,1185.392000,1.295612
22.960000,308.976000,0.668644
30.832000,61.008000,0.850474
4.592000,476.912000,1.786477
20.336000,1935.856000,0.939374
4.592000,104.304000,1.273950
26.896000,2698.128000,1.141121
12.464000,2388.496000,1.114631
29.520000,2170.704000,1.166340
9.840000,2643.024000,1.126215
0.656000,2875.248000,1.093567
32.144000,2161.520000,1.387121
33.456000,2946.096000,0.771121
21.648000,1006.960000,0.882534
25.584000,434.928000,0.816042
15.088000,491.344000,0.789938
30.832000,1842.704000,0.865102
0.656000,667.152000,0.805092
15.088000,1294.288000,0.797294
26.896000,2267.792000,1.082380
0.656000,2238.928000,0.953686
8.528000,1672.144000,0.940157
24.272000,2994.640000,1.189567
38.704000,278.800000,0.810528
3.280000,1807.280000,1.089487
26.896000,155.472000,0.766791
24.272000,535.952000,1.193741
7.216000,566.128000,0.809497
11.152000,623.856000,0.927881
36.080000,2472.464000,0.833693
12.464000,2612.848000,0.922440
0.656000,2114.288000,0.804799
5.904000,449.360000,0.822692
17.712000,348.336000,0.667747
11.152000,1585.552000,0.743317
22.960000,112.176000,0.688329
25.584000,1060.752000,0.926126
4.592000,642.224000,1.947969
19.024000,1397.936000,0.657687
0.656000,612.048000,1.120624
25.584000,3141.584000,0.734488
0.656000,2224.496000,0.979751
24.272000,188.272000,0.720012
20.336000,1610.480000,0.782468
32.144000,2446.224000,1.076512
25.584000,320.784000,1.394621
7.216000,1215.568000,1.077860
38.704000,2507.888000,0.674052
36.080000,1352.016000,0.721705
33.456000,3129.776000,1.368281
16.400000,982.032000,0.885743
15.088000,2870.000000,0.704770
9.840000,2841.136000,0.728978
33.456000,2892.304000,0.963519
38.704000,1618.352000,0.773371
15.088000,117.424000,0.713046
38.704000,1805.968000,1.078425
17.712000,959.728000,0.757336
25.584000,1128.976000,0.677647
8.528000,1323.152000,0.706138
26.896000,1046.320000,1.202808
13.776000,1533.072000,1.070095
32.144000,2032.944000,0.919088
17.712000,1519.952000,0.667569
8.528000,2448.848000,1.092575
12.464000,3136.336000,0.833746
28.208000,1585.552000,0.738293
0.656000,2295.344000,1.072349
34.768000,947.920000,0.983681
37.392000,1420.240000,1.073059
24.272000,3072.048000,1.205634
12.464000,2669.264000,0.883800
9.840000,2006.704000,1.193520
36.080000,2939.536000,0.775248
13.776000,1308.720000,0.681257
25.584000,1723.312000,0.796048
36.080000,736.688000,0.932574
15.088000,2389.808000,0.752490
5.904000,3107.472000,1.181048
13.776000,850.832000,1.134879
24.272000,2245.488000,0.931523
36.080000,2496.080000,1.172822
34.768000,1802.032000,1.300392
25.584000,1034.512000,1.022680
7.216000,1623.600000,0.835957
25.584000,1435.984000,0.987772
11.152000,1321.840000,0.712968
28.208000,483.472000,1.215780
0.656000,1467.472000,1.258132
34.768000,2649.584000,0.683012
0.656000,1552.752000,0.903428
26.896000,1626.224000,0.726161
9.840000,260.432000,0.820816
13.776000,2208.752000,1.188217
12.464000,278.800000,0.769312
11.152000,311.600000,1.818774
33.456000,2349.136000,0.999619
9.840000,1094.864000,0.676037
17.712000,1966.032000,0.668241
19.024000,79.376000,0.682104
15.088000,87.248000,1.750382
37.392000,1344.144000,1.283283
24.272000,1203.760000,0.887037
28.208000,328.656000,0.829344
38.704000,1712.816000,1.580865
30.832000,1022.704000,0.704009
4.592000,571.376000,2.022960
21.648000,2724.368000,0.726609
12.464000,1895.184000,0.767035
19.024000,2540.688000,0.798617
3.280000,362.768000,1.311526
13.776000,2644.336000,0.755550
0.656000,463.792000,1.084774
13.776000,1117.168000,0.729382
16.400000,2002.768000,2.006577
7.216000,873.136000,1.469007
12.464000,1106.672000,0.687948
26.896000,281.424000,0.978853
3.280000,2181.200000,0.832108
21.648000,2052.624000,0.849022
26.896000,303.728000,0.734542
7.216000,1056.816000,0.754083
4.592000,600.240000,0.883303
34.768000,617.296000,1.201757
4.592000,277.488000,0.732203
20.336000,290.608000,1.038463
0.656000,2671.888000,0.894449
21.648000,2060.496000,0.869746
0.656000,2513.136000,0.873083
20.336000,1786.288000,0.700021
28.208000,3075.984000,0.801613
15.088000,3002.512000,0.736535
3.280000,2880.496000,1.218894
3.280000,2440.976000,0.668714
12.464000,2528.880000,0.999591
24.272000,55.760000,0.736628
1.968000,1702.320000,0.844483
1.968000,924.304000,0.662009
12.464000,2262.544000,0.971837
30.832000,1904.368000,1.559150
22.960000,916.432000,0.811148
15.088000,1307.408000,0.685342
38.704000,942.672000,0.733920
1.968000,1920.112000,0.948523
1.968000,2515.760000,0.718496
12.464000,11.152000,0.688885
21.648000,668.464000,0.883087
3.280000,437.552000,1.233655
28.208000,987.280000,0.727615
11.152000,3039.248000,0.782755
11.152000,184.336000,1.072431
21.648000,907.248000,0.937306
3.280000,1766.608000,0.698802
17.712000,2046.064000,1.884136
17.712000,164.656000,0.696229
37.392000,152.848000,0.725363
9.840000,1470.096000,0.702224
24.272000,381.136000,1.155755
3.280000,398.192000,0.966936
37.392000,3096.976000,0.727805
36.080000,2193.008000,1.625598
30.832000,1068.624000,0.795189
33.456000,1390.064000,0.757095
4.592000,2610.224000,0.705258
11.152000,413.936000,1.546851
19.024000,2187.760000,0.854920
38.704000,2413.424000,1.184711
29.520000,1350.704000,0.855394
12.464000,511.024000,0.813578
29.520000,122.672000,0.917885
38.704000,1855.824000,0.758460
20.336000,2925.104000,1.596611
7.216000,353.584000,0.905338
0.656000,1652.464000,1.453057
8.528000,2008.016000,0.809611
20.336000,412.624000,2.038925
0.656000,3142.896000,0.729527
5.904000,966.288000,1.661353
24.272000,2305.840000,1.014835
9.840000,1303.472000,1.903065
37.392000,205.328000,1.163074
11.152000,1387.440000,1.126175
21.648000,2128.720000,1.188514
1.968000,2166.768000,0.788997
29.520000,2695.504000,1.210814
3.280000,1493.712000,1.399561
16.400000,512.336000,0.762169
29.520000,501.840000,0.797162
9.840000,2165.456000,0.816857
13.776000,3036.624000,0.926628
5.904000,1045.008000,0.752531
1.968000,1782.352000,0.695287
22.960000,2736.176000,1.500413
33.456000,2437.040000,0.771641
21.648000,2612.848000,1.060204
32.144000,2225.808000,1.218841
17.712000,1659.024000,1.025436
13.776000,1681.328000,1.557475
21.648000,1662.960000,0.672641
33.456000,3140.272000,0.838124
22.960000,2359.632000,0.813989
34.768000,651.408000,0.942778
24.272000,256.496000,1.302166
29.520000,930.864000,0.714697
29.520000,1202.448000,0.842387
13.776000,2656.144000,0.824978
38.704000,1723.312000,0.787339
21.648000,465.104000,1.148827
1.968000,125.296000,0.949659
25.584000,849.520000,0.678243
22.960000,444.112000,0.828547
12.464000,1710.192000,1.170167
16.400000,369.328000,0.815865
28.208000,148.912000,0.919219
26.896000,1151.280000,1.365123
1.968000,2364.880000,1.352705
5.904000,396.880000,1.198147
22.960000,2812.272000,0.956205
19.024000,3034.000000,0.991743
37.392000,2099.856000,0.799572
33.456000,1001.712000,1.409372
9.840000,2649.584000,0.966947
0.656000,1798.096000,1.169241
8.528000,728.816000,1.578142
36.080000,1003.024000,0.787428
19.024000,2614.160000,0.950018
4.592000,2182.512000,0.906666
17.712000,1481.904000,0.911179
26.896000,661.904000,0.760623
28.208000,1627.536000,0.913201
33.456000,2674.512000,0.902160
7.216000,3208.496000,1.446264
21.648000,2951.344000,1.016441
3.280000,1619.664000,3.071046
20.336000,1697.072000,0.930840
15.088000,371.952000,1.510627
3.280000,2765.040000,0.900238
20.336000,96.432000,0.777439
19.024000,2577.424000,0.673053
36.080000,1459.600000,1.896844
32.144000,2854.256000,0.984998
16.400000,1203.760000,1.091900
13.776000,30.832000,0.923072
12.464000,2603.664000,1.388355
37.392000,155.472000,0.821851
28.208000,858.704000,1.202256
32.144000,1281.168000,0.885190
37.392000,1123.728000,0.757283
15.088000,1887.312000,0.932602
26.896000,1836.144000,1.165435
29.520000,816.720000,0.781142
13.776000,2774.224000,1.194736
37.392000,1731.184000,0.799523
4.592000,2458.032000,0.741515
32.144000,2998.576000,0.685656
25.584000,2110.352000,1.083931
7.216000,289.296000,1.100430
25.584000,1778.416000,1.610877
29.520000,728.816000,1.066677
4.592000,1994.896000,0.977816
20.336000,1960.784000,0.942557
1.968000,413.936000,1.099582
21.648000,249.936000,0.921165
4.592000,1018.768000,0.974012
16.400000,1661.648000,0.869253
32.144000,1157.840000,0.783815
26.896000,1047.632000,0.785289
11.152000,1090.928000,1.287273
24.272000,2342.576000,0.919261
29.520000,2611.536000,0.786309
8.528000,522.832000,1.044691
32.144000,1139.472000,0.842331
38.704000,1417.616000,0.902019
36.080000,3040.560000,1.070517
38.704000,992.528000,1.475721
9.840000,1921.424000,1.442572
34.768000,2721.744000,0.877856
34.768000,879.696000,1.063369
12.464000,867.888000,0.840832
22.960000,144.976000,0.800963
9.840000,2750.608000,1.024456
3.280000,1546.192000,0.816889
16.400000,3054.992000,0.813876
30.832000,1882.064000,1.273719
7.216000,1838.768000,1.237526
36.080000,1783.664000,0.725774
3.280000,436.240000,0.744325
26.896000,148.912000,0.692590
16.400000,810.160000,0.666485
20.336000,382.448000,0.923432
26.896000,945.296000,0.778285
8.528000,1237.872000,1.484707
36.080000,1555.376000,0.749871
24.272000,303.728000,1.168510
11.152000,1560.624000,0.738203
29.520000,2164.144000,0.981248
7.216000,1748.240000,0.809988
5.904000,2189.072000,1.122407
11.152000,2224.496000,0.724337
26.896000,1430.736000,0.799846
33.456000,1232.624000,0.695580
17.712000,1699.696000,1.040768
15.088000,1819.088000,0.761063
9.840000,361.456000,0.927625
13.776000,520.208000,0.928339
26.896000,1185.392000,0.720973
26.896000,2375.376000,0.771221
17.712000,2755.856000,1.289249
16.400000,1296.912000,0.702448
15.088000,765.552000,1.923212
24.272000,144.976000,0.762601
5.904000,1400.560000,0.766946
24.272000,1194.576000,0.692268
24.272000,164.656000,1.371830
11.152000,757.680000,0.856614
15.088000,2219.248000,0.736155
33.456000,2433.104000,1.014687
28.208000,2215.312000,0.860591
4.592000,1420.240000,1.166809
9.840000,2318.960000,0.761030
17.712000,1429.424000,0.859643
8.528000,1439.920000,0.800351
16.400000,3068.112000,0.699111
9.840000,2708.624000,1.010021
4.592000,3124.528000,0.833400
16.400000,114.800000,1.099476
4.592000,2780.784000,1.600760
11.152000,2599.728000,0.704105
22.960000,1449.104000,1.045674
28.208000,1808.592000,1.024048
19.024000,2381.936000,0.718501
13.776000,1480.592000,0.801984
30.832000,732.752000,1.092462
1.968000,1589.488000,1.176586
15.088000,2148.400000,0.808722
37.392000,2456.720000,0.797421
28.208000,1160.464000,0.763729
13.776000,1748.240000,1.130344
38.704000,1030.576000,0.835684
4.592000,1493.712000,0.680725
12.464000,22.960000,0.880249
11.152000,1763.984000,1.132962
12.464000,714.384000,1.345251
38.704000,2052.624000,0.661944
12.464000,2911.984000,1.077789
15.088000,869.200000,0.996797
17.712000,697.328000,0.840746
11.152000,1362.512000,0.824356
22.960000,2120.848000,1.303491
9.840000,551.696000,1.069699
17.712000,692.080000,1.014458
9.840000,1336.272000,0.936870
16.400000,2214.000000,0.748054
37.392000,2509.200000,1.139263
1.968000,2551.184000,1.113592
20.336000,3199.312000,1.001484
34.768000,2177.264000,1.210740
16.400000,898.064000,0.898779
7.216000,951.856000,0.720525
3.280000,2154.960000,0.819483
33.456000,2061.808000,0.790564
33.456000,749.808000,0.674610
30.832000,1475.344000,1.015396
22.960000,2308.464000,0.740761
15.088000,1761.360000,1.231012
25.584000,1956.848000,0.842703
3.280000,1075.184000,0.828959
9.840000,2934.288000,1.011559
8.528000,1568.496000,0.813062
24.272000,1088.304000,1.155067
15.088000,3149.456000,1.289094
4.592000,756.368000,2.273936
4.592000,1165.712000,0.819415
28.208000,1250.992000,1.301394
12.464000,791.792000,0.891737
30.832000,1125.040000,0.664631
7.216000,104.304000,0.660003
9.840000,630.416000,0.924400
11.152000,1749.552000,1.184683
29.520000,118.736000,0.769614
16.400000,2921.168000,1.668279
38.704000,566.128000,0.794170
34.768000,890.192000,0.822459
4.592000,749.808000,0.877279
28.208000,570.064000,1.507307
25.584000,895.440000,0.760252
0.656000,188.272000,0.700626
32.144000,667.152000,1.027765
12.464000,1064.688000,1.079349
33.456000,3191.440000,0.747113
36.080000,1698.384000,1.272632
0.656000,1449.104000,1.232385
21.648000,1117.168000,2.078389
20.336000,85.936000,0.835576
29.520000,1216.880000,1.006111
37.392000,861.328000,0.927953
33.456000,1664.272000,0.673873
0.656000,1098.800000,0.724019
32.144000,1543.568000,0.700045
36.080000,1930.608000,1.099250
8.528000,457.232000,0.919842
36.080000,1164.400000,0.789605
37.392000,549.072000,1.205416
32.144000,2078.864000,0.696157
29.520000,2255.984000,1.030842
17.712000,2814.896000,1.307635
26.896000,471.664000,0.666036
22.960000,629.104000,0.941998
11.152000,2157.584000,0.743727
20.336000,1474.032000,0.931200
33.456000,3157.328000,0.741987
11.152000,1865.008000,0.910829
33.456000,764.240000,0.807788
24.272000,629.104000,1.062714
25.584000,2706.000000,0.710845
24.272000,1160.464000,0.663714
12.464000,322.096000,0.821210
3.280000,2543.312000,0.840771
12.464000,1611.792000,0.783035
3.280000,2548.560000,0.874663
17.712000,400.816000,1.459312
0.656000,915.120000,1.232485
4.592000,337.840000,1.652684
11.152000,70.192000,1.020063
33.456000,2194.320000,0.845598
24.272000,2711.248000,0.793402
16.400000,1230.000000,1.054643
36.080000,972.848000,0.686938
34.768000,2364.880000,1.162375
20.336000,1680.016000,0.882236
20.336000,379.824000,1.135115
13.776000,1123.728000,0.737646
26.896000,3103.536000,0.776509
15.088000,2421.296000,0.821783
29.520000,1980.464000,1.410617
3.280000,2969.712000,0.673245
34.768000,596.304000,0.703876
24.272000,1954.224000,1.380884
7.216000,2317.648000,0.820968
36.080000,1008.272000,0.844374
33.456000,1628.848000,1.281280
25.584000,2633.840000,0.690620
19.024000,2032.944000,0.669077
13.776000,3117.968000,1.130403
21.648000,1824.336000,1.030425
17.712000,1537.008000,1.139406
1.968000,194.832000,0.742853
12.464000,2497.392000,0.836096
30.832000,3068.112000,0.852269
20.336000,841.648000,0.838515
33.456000,1922.736000,1.098786
1.968000,1386.128000,1.522815
8.528000,74.128000,0.945266
12.464000,2236.304000,1.269369
11.152000,1290.352000,0.760811
15.088000,1144.720000,0.718003
22.960000,2203.504000,0.863432
4.592000,2931.664000,1.187225
19.024000,606.800000,1.006960
21.648000,2115.600000,0.774793
30.832000,1034.512000,0.864972
37.392000,1781.040000,0.661493
1.968000,37.392000,0.753417
29.520000,231.568000,1.371838
15.088000,1169.648000,0.773402
7.216000,1710.192000,0.955783
7.216000,2270.416000,0.735406
0.656000,2515.760000,0.746156
5.904000,2639.088000,1.763503
22.960000,1374.320000,0.742236
26.896000,2540.688000,1.227474
21.648000,2957.904000,0.687158
30.832000,2095.920000,0.696586
7.216000,631.728000,0.724538
5.904000,2267.792000,0.706251
16.400000,2089.360000,1.115270
19.024000,1350.704000,0.771914
1.968000,3115.344000,0.665013
36.080000,1056.816000,0.944031
1.968000,1390.064000,1.006675
17.712000,1476.656000,1.358790
25.584000,501.840000,0.748953
34.768000,1771.856000,0.811712
15.088000,1644.592000,0.815355
8.528000,1487.152000,1.358115
30.832000,2747.984000,1.037623
11.152000,1689.200000,0.776987
5.904000,2254.672000,0.675468
0.656000,244.688000,0.746232
0.656000,3207.184000,0.936280
15.088000,1379.568000,1.776893
17.712000,2581.360000,0.807738
26.896000,2401.616000,1.088366
28.208000,34.768000,0.712218
34.768000,2548.560000,0.788150
3.280000,2627.280000,0.992518
9.840000,2551.184000,0.684039
17.712000,3148.144000,0.742906
34.768000,643.536000,1.824233
1.968000,3149.456000,0.777997
13.776000,475.600000,0.666683
34.768000,568.752000,1.751420
7.216000,1975.216000,1.104815
28.208000,2030.320000,0.675145
3.280000,51.824000,0.848069
3.280000,589.744000,0.676930
25.584000,496.592000,1.019414
34.768000,913.808000,1.786323
32.144000,980.720000,1.047314
15.088000,874.448000,0.836706
4.592000,1686.576000,0.801292
28.208000,1666.896000,0.850001
9.840000,499.216000,0.919391
8.528000,967.600000,0.733432
28.208000,2309.776000,0.662259
5.904000,790.480000,1.246487
24.272000,2742.736000,0.939001
24.272000,736.688000,0.759155
24.272000,382.448000,1.843095
19.024000,1148.656000,0.768398
22.960000,1324.464000,0.830167
13.776000,2650.896000,0.939798
19.024000,1311.344000,1.755895
24.272000,1374.320000,0.936820
15.088000,3186.192000,1.590939
4.592000,2650.896000,0.767048
29.520000,2607.600000,1.362870
29.520000,730.128000,0.753052
12.464000,597.616000,0.745526
24.272000,2288.784000,0.793915
32.144000,848.208000,1.219844
15.088000,2362.256000,0.716001
24.272000,2967.088000,1.784397
9.840000,1711.504000,0.868433
4.592000,3136.336000,0.814797
8.528000,943.984000,0.861203
24.272000,1211.632000,1.111432
3.280000,144.976000,2.608443
1.968000,2716.496000,0.856614
38.704000,1568.496000,0.829490
0.656000,2214.000000,0.885950
24.272000,618.608000,0.676726
38.704000,2812.272000,1.278683
32.144000,261.744000,1.366517
0.656000,1741.680000,0.986794
19.024000,1651.152000,0.989131
37.392000,2787.344000,1.044621
19.024000,3103.536000,0.677572
16.400000,88.560000,1.110521
5.904000,223.696000,1.166277
28.208000,312.912000,1.189962
29.520000,89.872000,0.725632
36.080000,572.688000,0.821926
28.208000,1904.368000,1.509620
22.960000,2534.128000,0.914726
21.648000,2021.136000,0.728980
32.144000,1878.128000,1.036463
7.216000,192.208000,0.922576
11.152000,929.552000,0.716653
22.960000,398.192000,1.124284
37.392000,106.928000,1.128222
26.896000,3020.880000,0.969274
37.392000,934.800000,0.854072
38.704000,2847.696000,0.665571
17.712000,2064.432000,1.379809
29.520000,1249.680000,0.743669
1.968000,2736.176000,1.345223
34.768000,2345.200000,0.770537
30.832000,1456.976000,0.728546
9.840000,526.768000,0.714979
0.656000,832.464000,1.259769
32.144000,3073.360000,0.743083
15.088000,738.000000,1.086187
16.400000,1560.624000,1.206347
34.768000,179.088000,1.123957
15.088000,1098.800000,0.732638
16.400000,3083.856000,2.038012
11.152000,3152.080000,2.680391
37.392000,13.776000,0.683047
22.960000,2619.408000,1.264356
32.144000,860.016000,1.310953
37.392000,2338.640000,1.488500
5.904000,2128.720000,0.704764
13.776000,3047.120000,0.753238
32.144000,114.800000,0.726553
19.024000,2269.104000,1.091278
30.832000,1296.912000,0.886551
29.520000,445.424000,0.913151
1.968000,516.272000,0.684843
25.584000,2644.336000,0.728557
21.648000,2841.136000,1.110867
8.528000,1093.552000,0.740622
5.904000,1622.288000,0.683226
36.080000,269.616000,0.867717
25.584000,1781.040000,0.894909
5.904000,1407.120000,0.767706
11.152000,588.432000,0.830844
21.648000,2430.480000,0.908208
1.968000,1777.104000,0.978290
25.584000,958.416000,0.738910
1.968000,1834.832000,0.709890
28.208000,2527.568000,0.789724
33.456000,1954.224000,0.678611
36.080000,2088.048000,1.070236
4.592000,2278.288000,1.061903
33.456000,2210.064000,0.908993
13.776000,928.240000,0.925602
12.464000,2526.256000,1.669120
0.656000,3157.328000,1.125055
1.968000,824.592000,1.300670
21.648000,1029.264000,1.122413
9.840000,2867.376000,0.736280
25.584000,2255.984000,1.540962
20.336000,1643.280000,0.909388
28.208000,545.136000,0.994618
30.832000,43.952000,1.527103
3.280000,137.104000,0.662987
17.712000,259.120000,0.812611
0.656000,1502.896000,1.062186
28.208000,230.256000,0.775793
0.656000,576.624000,0.989442
37.392000,496.592000,0.855823
32.144000,718.320000,2.527573
29.520000,2926.416000,0.721110
36.080000,1660.336000,0.907558
32.144000,3093.040000,0.680861
29.520000,2304.528000,0.691237
11.152000,3110.096000,1.145549
34.768000,2524.944000,1.857858
5.904000,2337.328000,1.115314
33.456000,1630.160000,0.785893
21.648000,2565.616000,1.310963
13.776000,2011.952000,0.736596
33.456000,1231.312000,0.965706
21.648000,878.384000,1.623674
26.896000,2325.520000,0.883359
11.152000,2505.264000,0.821669
32.144000,2842.448000,1.882999
30.832000,891.504000,0.693029
29.520000,2725.680000,0.798483
4.592000,3048.432000,1.040116
16.400000,385.072000,0.743504
25.584000,2164.144000,0.704902
26.896000,1933.232000,0.798290
1.968000,933.488000,0.725694
20.336000,2002.768000,0.770724
11.152000,1035.824000,0.799196
34.768000,1115.856000,1.365059
22.960000,395.568000,1.029395
32.144000,466.416000,1.483435
17.712000,1500.272000,0.915772
7.216000,3106.160000,0.800969
16.400000,3057.616000,0.720179
37.392000,219.760000,1.221089
4.592000,2791.280000,1.245976
29.520000,2738.800000,0.823378
24.272000,755.056000,1.070843
22.960000,2761.104000,0.843927
17.712000,2149.712000,0.893914
13.776000,1740.368000,0.813507
13.776000,571.376000,1.019183
16.400000,1029.264000,0.678259
8.528000,1462.224000,0.996821
34.768000,745.872000,0.680685
3.280000,984.656000,1.234048
8.528000,1334.960000,1.334740
24.272000,1712.816000,1.021972
17.712000,1131.600000,0.709522
7.216000,3044.496000,1.171100
30.832000,1766.608000,0.963918
20.336000,995.152000,0.807134
3.280000,2796.528000,0.861994
24.272000,2872.624000,0.738007
5.904000,246.000000,0.667417
29.520000,972.848000,0.896146
4.592000,1606.544000,0.718191
11.152000,2467.216000,2.000659
11.152000,925.616000,1.988706
9.840000,951.856000,0.688580
36.080000,1479.280000,0.738688
1.968000,1652.464000,0.859628
21.648000,215.824000,0.901798
7.216000,137.104000,0.680320
20.336000,1613.104000,0.753021
19.024000,2709.936000,0.848341
4.592000,1195.888000,0.810673
13.776000,2065.744000,0.885734
25.584000,621.232000,0.687559
24.272000,1943.728000,0.879496
21.648000,1735.120000,0.870720
29.520000,2897.552000,1.204102
32.144000,2238.928000,2.301619
22.960000,2459.344000,1.426987
38.704000,2667.952000,0.714797
16.400000,3195.376000,1.071893
9.840000,617.296000,0.790041
15.088000,1084.368000,0.824543
9.840000,1182.768000,0.677491
0.656000,1750.864000,0.702518
20.336000,3051.056000,1.797996
8.528000,987.280000,0.749945
19.024000,3.280000,1.387511
21.648000,1716.752000,0.695740
19.024000,2837.200000,2.410220
21.648000,2751.920000,1.061575
12.464000,2981.520000,0.757172
13.776000,2119.536000,1.001180
16.400000,2455.408000,0.688169
24.272000,196.144000,0.693236
29.520000,1678.704000,1.368652
16.400000,2431.792000,0.682400
29.520000,2065.744000,1.939873
25.584000,1638.032000,1.384160
26.896000,3069.424000,0.754991
9.840000,2880.496000,1.227680
13.776000,1261.488000,0.931515
36.080000,2976.272000,1.303124
1.968000,2650.896000,0.765830
34.768000,896.752000,1.429375
8.528000,3034.000000,1.438919
4.592000,1922.736000,0.820957
29.520000,3026.128000,0.856969
5.904000,922.992000,0.973764
20.336000,1455.664000,0.657194
38.704000,1041.072000,0.707998
15.088000,3177.008000,1.067605
16.400000,1215.568000,0.773902
28.208000,1013.520000,1.367663
32.144000,2650.896000,0.808528
4.592000,1273.296000,0.656610
38.704000,2901.488000,0.737569
17.712000,1878.128000,0.811320
4.592000,724.880000,0.962993
9.840000,217.136000,0.766242
13.776000,268.304000,1.072353
25.584000,1331.024000,1.047974
11.152000,2629.904000,1.123940
0.656000,922.992000,1.829739
37.392000,1690.512000,0.666284
1.968000,29.520000,0.928796
28.208000,1513.392000,0.882894
20.336000,2118.224000,0.788942
30.832000,955.792000,1.230842
32.144000,2362.256000,0.902273
26.896000,1064.688000,0.685523
1.968000,1879.440000,0.931224
38.704000,1487.152000,1.907920
8.528000,1109.296000,0.689563
34.768000,387.696000,0.716785
38.704000,2427.856000,0.656254
5.904000,1110.608000,0.721769
17.712000,1502.896000,1.403199
20.336000,1993.584000,1.306688
16.400000,1006.960000,0.737918
1.968000,2034.256000,0.867538
29.520000,421.808000,1.609105
11.152000,209.264000,0.912104
28.208000,2762.416000,1.043034
33.456000,364.080000,0.834866
37.392000,2839.824000,1.452336
30.832000,722.256000,0.898483
32.144000,2736.176000,1.612168
3.280000,1232.624000,1.855871
13.776000,1807.280000,1.185067
36.080000,2429.168000,0.909753
26.896000,2780.784000,1.256934
17.712000,2460.656000,1.065771
29.520000,811.472000,1.379080
33.456000,1308.720000,0.915072
24.272000,902.000000,0.667901
38.704000,11.152000,1.004535
11.152000,2641.712000,0.698367
38.704000,1437.296000,0.884552
0.656000,2736.176000,1.091057
30.832000,2992.016000,0.880899
32.144000,802.288000,0.715718
16.400000,2223.184000,0.939576
29.520000,436.240000,0.798838
4.592000,1535.696000,0.673655
26.896000,1052.880000,1.223276
5.904000,382.448000,0.678101
9.840000,474.288000,0.856967
24.272000,1874.192000,1.171843
19.024000,1265.424000,0.677003
34.768000,30.832000,2.880432
38.704000,1498.960000,1.415019
1.968000,2578.736000,0.998663
13.776000,2221.872000,1.482799
34.768000,2778.160000,0.936049
26.896000,2396.368000,0.705364
37.392000,2988.080000,0.904898
7.216000,64.944000,0.823962
1.968000,702.576000,0.699367
7.216000,131.856000,0.978033
15.088000,1094.864000,0.748779
30.832000,1369.072000,0.941404
8.528000,596.304000,0.668995
8.528000,2031.632000,0.753800
0.656000,1056.816000,0.722659
30.832000,1371.696000,1.556882
36.080000,1849.264000,0.661837
12.464000,470.352000,1.104216
25.584000,386.384000,0.832830
20.336000,260.432000,0.790653
11.152000,2716.496000,0.773681
25.584000,538.576000,0.765201
20.336000,448.048000,0.704930
17.712000,995.152000,1.253112
4.592000,1799.408000,1.164180
13.776000,1085.680000,0.978256
16.400000,242.064000,2.307899
20.336000,455.920000,1.014504
33.456000,2400.304000,0.699347
7.216000,2093.296000,1.222269
25.584000,2316.336000,0.843164
1.968000,887.568000,1.649655
13.776000,2053.936000,0.708395
7.216000,758.992000,0.852406
34.768000,2498.704000,0.880798
12.464000,1220.816000,0.904288
37.392000,2290.096000,0.850135
13.776000,2410.800000,0.908118
30.832000,639.600000,0.874485
22.960000,697.328000,0.932595
13.776000,602.864000,0.692206
15.088000,2484.272000,1.920653
33.456000,2480.336000,0.744458
20.336000,3056.304000,1.530606
15.088000,580.560000,1.172725
8.528000,2923.792000,0.863333
11.152000,2883.120000,0.662391
3.280000,933.488000,0.750093
8.528000,2953.968000,1.826827
7.216000,1502.896000,0.881758
28.208000,2152.336000,0.881873
4.592000,2161.520000,1.496536
3.280000,2524.944000,0.842279
19.024000,1832.208000,0.859841
36.080000,2507.888000,1.131247
5.904000,164.656000,0.846458
30.832000,2786.032000,0.675249
13.776000,598.928000,0.852804
0.656000,2673.200000,1.080888
32.144000,1548.816000,0.670538
15.088000,705.200000,0.954766
28.208000,1062.064000,0.893182
8.528000,1865.008000,0.898508
5.904000,924.304000,1.168595
0.656000,3068.112000,1.122312
30.832000,190.896000,1.334462
25.584000,2102.480000,0.740564
7.216000,354.896000,1.014170
26.896000,541.200000,0.750197
4.592000,2974.960000,1.062942
11.152000,1098.800000,1.130559
12.464000,550.384000,0.659135
32.144000,1021.392000,1.044080
36.080000,1809.904000,2.301734
28.208000,2978.896000,0.912064
32.144000,2145.776000,0.740874
4.592000,1370.384000,0.736980
25.584000,1874.192000,0.902973
37.392000,2755.856000,0.891249
9.840000,1968.656000,0.663384
20.336000,358.832000,1.039365
29.520000,3037.936000,1.078076
37.392000,2242.864000,1.109735
4.592000,2665.328000,1.302432
34.768000,2938.224000,1.301211
37.392000,546.448000,0.855324
20.336000,337.840000,0.673340
21.648000,3035.312000,0.768609
0.656000,2644.336000,0.715544
28.208000,2929.040000,0.877983
12.464000,1043.696000,0.750413
33.456000,887.568000,0.879300
37.392000,619.920000,0.802121
15.088000,1927.984000,0.691726
28.208000,1815.152000,0.662895
17.712000,3204.560000,0.864095
0.656000,390.320000,0.979704
36.080000,395.568000,1.110994
1.968000,2732.240000,0.774211
24.272000,840.336000,1.262335
32.144000,3035.312000,0.912509
25.584000,793.104000,1.179252
33.456000,1551.440000,0.856699
11.152000,884.944000,1.493293
7.216000,1992.272000,1.417314
34.768000,865.264000,0.684787
0.656000,2688.944000,0.708616
13.776000,123.984000,1.219277
1.968000,147.600000,0.715628
13.776000,1694.448000,0.715379
17.712000,2875.248000,1.008946
25.584000,588.432000,1.155983
26.896000,518.896000,0.718359
4.592000,2517.072000,1.257668
8.528000,1205.072000,0.849595
0.656000,693.392000,0.848671
1.968000,2458.032000,0.741311
25.584000,2048.688000,0.729717
22.960000,211.888000,1.470996
15.088000,276.176000,1.120178
37.392000,2859.504000,0.665642
28.208000,761.616000,0.882471
5.904000,32.144000,0.733251
22.960000,1580.304000,0.838802
38.704000,491.344000,0.667132
30.832000,82.000000,0.730665
3.280000,2534.128000,0.963692
36.080000,2433.104000,0.809230
8.528000,105.616000,1.263379
25.584000,1417.616000,0.677977
38.704000,2706.000000,0.902064
8.528000,749.808000,1.101904
20.336000,2888.368000,0.785619
33.456000,814.096000,0.860771
21.648000,2796.528000,0.822817
36.080000,1727.248000,1.203002
3.280000,909.872000,0.978765
32.144000,1844.016000,0.661656
26.896000,793.104000,1.567578
30.832000,1161.776000,1.314945
4.592000,1191.952000,0.661159
9.840000,635.664000,1.662577
17.712000,1334.960000,0.845922
4.592000,1815.152000,0.758778
28.208000,2387.184000,1.241812
34.768000,0.656000,1.026522
28.208000,348.336000,0.772682
13.776000,2700.752000,0.700363
33.456000,278.800000,1.123243
11.152000,1096.176000,0.965985
24.272000,259.120000,0.795551
34.768000,63.632000,0.817328
29.520000,2233.680000,1.084764
37.392000,2421.296000,1.224623
17.712000,3068.112000,1.650906
17.712000,2854.256000,0.789965
15.088000,2577.424000,0.755844
19.024000,726.192000,0.786111
21.648000,2643.024000,1.023218
15.088000,878.384000,0.683803
28.208000,1373.008000,1.236306
5.904000,655.344000,1.054496
36.080000,453.296000,0.859641
0.656000,2540.688000,0.661288
1.968000,2288.784000,0.766132
33.456000,1000.400000,0.657821
34.768000,2237.616000,1.339984
28.208000,3132.400000,0.922790
16.400000,831.152000,0.674368
24.272000,2674.512000,1.766812
24.272000,1434.672000,0.958881
26.896000,1031.888000,0.774766
36.080000,936.112000,1.238275
16.400000,2162.832000,1.819626
33.456000,2893.616000,0.816023
36.080000,2585.296000,0.712902
34.768000,2047.376000,0.754627
16.400000,232.880000,1.396790
25.584000,3006.448000,0.689410
21.648000,2359.632000,1.584510
38.704000,147.600000,1.010115
4.592000,345.712000,0.980595
17.712000,2258.608000,0.999720
33.456000,2357.008000,1.175523
16.400000,2618.096000,0.716573
13.776000,814.096000,1.298140
28.208000,158.096000,0.669013
24.272000,398.192000,0.904952
32.144000,992.528000,0.764241
32.144000,2278.288000,0.724971
37.392000,3001.200000,0.833444
11.152000,3166.512000,0.808996
38.704000,2136.592000,1.405843
29.520000,950.544000,0.707404
12.464000,1352.016000,1.203283
30.832000,148.912000,1.411237
15.088000,2252.048000,0.734987
3.280000,3089.104000,0.983870
17.712000,1144.720000,0.731863
38.704000,1808.592000,0.813123
1.968000,857.392000,1.044761
8.528000,2027.696000,1.189814
37.392000,295.856000,0.667704
13.776000,2995.952000,1.046709
28.208000,290.608000,0.756079
7.216000,3157.328000,1.033203
21.648000,1704.944000,0.717278
22.960000,934.800000,0.771789
38.704000,462.480000,1.421417
25.584000,1126.352000,0.696300
11.152000,324.720000,0.906525
15.088000,525.456000,0.686676
5.904000,1660.336000,1.290289
17.712000,1934.544000,1.043923
19.024000,1250.992000,0.771098
3.280000,2410.800000,0.965217
1.968000,1868.944000,1.126573
30.832000,1657.712000,0.851557
37.392000,2583.984000,1.043868
37.392000,3166.512000,0.669508
37.392000,3006.448000,1.637643
13.776000,1648.528000,0.719409
9.840000,1429.424000,0.836350
21.648000,462.480000,0.740355
33.456000,12.464000,0.705984
15.088000,475.600000,1.183909
20.336000,1117.168000,0.806972
38.704000,2535.440000,0.979056
17.712000,1331.024000,0.861484
19.024000,1474.032000,0.710362
29.520000,499.216000,0.989708
38.704000,2383.248000,0.836459
19.024000,3171.760000,0.978729
20.336000,59.696000,2.487725
36.080000,1013.520000,0.727234
8.528000,731.440000,0.810677
3.280000,1652.464000,1.183705
5.904000,892.816000,0.765416
5.904000,2736.176000,0.890401
22.960000,1265.424000,0.752225
25.584000,2492.144000,1.361882
3.280000,812.784000,1.019719
33.456000,2402.928000,0.811942
38.704000,2978.896000,0.702302
30.832000,1159.152000,0.801761
24.272000,2629.904000,1.015852
16.400000,1943.728000,0.939867
8.528000,1042.384000,1.507620
25.584000,1910.928000,0.819115
1.968000,596.304000,1.251287
17.712000,1632.784000,0.855109
7.216000,1111.920000,0.887257
25.584000,3205.872000,1.080286
9.840000,1558.000000,0.739860
29.520000,1689.200000,1.188088
3.280000,2849.008000,0.810810
26.896000,276.176000,1.138807
3.280000,3002.512000,0.815232
17.712000,2489.520000,2.387963
29.520000,2797.840000,1.619806
9.840000,3002.512000,0.783565
33.456000,1219.504000,1.117699
22.960000,204.016000,1.756911
33.456000,1855.824000,0.715732
38.704000,2410.800000,0.694807
15.088000,2532.816000,1.758914
19.024000,633.040000,0.844012
15.088000,2342.576000,1.201321
30.832000,1342.832000,1.101758
7.216000,1891.248000,0.697695
28.208000,2173.328000,0.696850
38.704000,1441.232000,0.703982
8.528000,230.256000,1.110741
36.080000,1601.296000,0.918569
36.080000,698.640000,0.746375
38.704000,2038.192000,0.979868
37.392000,432.304000,0.679599
4.592000,11.152000,0.790175
34.768000,894.128000,0.909777
13.776000,3208.496000,1.140288
20.336000,2162.832000,1.563512
22.960000,2288.784000,0.940455
5.904000,2514.448000,1.329214
5.904000,2964.464000,0.969491
11.152000,1252.304000,1.217731
16.400000,3027.440000,0.708111
21.648000,1257.552000,0.834220
19.024000,1197.200000,0.791767
25.584000,2771.600000,0.805105
25.584000,399.504000,0.658038
37.392000,2628.592000,0.664618
17.712000,1884.688000,0.776343
16.400000,1569.808000,0.724382
26.896000,2229.744000,0.684041
26.896000,2901.488000,1.839848
33.456000,2471.152000,0.881713
3.280000,273.552000,0.979147
1.968000,297.168000,1.315026
13.776000,1152.592000,0.931154
37.392000,2322.896000,0.735278
34.768000,221.072000,0.748016
25.584000,2527.568000,0.724484
29.520000,2855.568000,0.981744
21.648000,2255.984000,0.753458
1.968000,138.416000,1.721262
20.336000,867.888000,1.305772
5.904000,2854.256000,1.220076
19.024000,106.928000,1.090312
29.520000,3019.568000,0.908129
17.712000,2985.456000,0.953165
17.712000,3159.952000,1.164357
15.088000,610.736000,0.934085
15.088000,1416.304000,0.853554
1.968000,1209.008000,0.697596
4.592000,1611.792000,0.862107
34.768000,1729.872000,0.722612
15.088000,2085.424000,1.857603
4.592000,1107.984000,0.656461
29.520000,555.632000,1.565134
36.080000,281.424000,0.947663
0.656000,1981.776000,0.699093
13.776000,896.752000,1.288702
12.464000,2324.208000,0.761423
30.832000,2210.064000,0.695066
21.648000,214.512000,0.782154
15.088000,1291.664000,0.679299
24.272000,163.344000,0.846061
22.960000,2589.232000,0.666479
12.464000,375.888000,0.951727
16.400000,2943.472000,1.727160
29.520000,902.000000,1.087742
0.656000,1937.168000,0.747198
7.216000,1850.576000,0.833853
26.896000,2237.616000,0.757864
29.520000,1857.136000,1.916310
38.704000,1334.960000,0.915484
11.152000,1034.512000,1.173798
25.584000,3209.808000,0.863437
38.704000,3180.944000,1.138434
25.584000,89.872000,1.656280
15.088000,2126.096000,1.246617
9.840000,1769.232000,1.959117
20.336000,3221.616000,1.487834
0.656000,2336.016000,1.111331
8.528000,2162.832000,0.757519
16.400000,1030.576000,1.029361
38.704000,2787.344000,1.223760
28.208000,2267.792000,0.896529
0.656000,438.864000,1.008287
21.648000,1281.168000,1.048425
5.904000,1316.592000,1.316107
21.648000,116.112000,0.721569
26.896000,392.944000,1.530898
7.216000,1773.168000,0.793826
29.520000,1334.960000,0.975043
20.336000,3212.432000,0.889697
15.088000,1808.592000,0.706883
21.648000,3079.920000,0.748599
8.528000,1396.624000,1.062381
0.656000,1038.448000,1.375662
16.400000,1184.080000,0.694592
21.648000,1152.592000,0.675074
3.280000,2633.840000,0.702527
37.392000,2670.576000,0.690110
28.208000,235.504000,2.264861
12.464000,2015.888000,1.085338
21.648000,1018.768000,0.687230
37.392000,260.432000,0.973220
37.392000,2396.368000,1.183084
7.216000,1795.472000,0.661602
12.464000,185.648000,0.808398
0.656000,1442.544000,0.912843
28.208000,54.448000,0.697962
26.896000,1308.720000,1.222179
37.392000,2834.576000,1.185250
12.464000,1714.128000,0.673440
1.968000,874.448000,1.054556
38.704000,1891.248000,1.173422
28.208000,354.896000,0.882753
12.464000,1230.000000,0.859822
24.272000,1219.504000,0.929100
15.088000,1988.336000,1.362041
25.584000,1745.616000,0.672102
15.088000,2591.856000,0.780654
38.704000,2252.048000,1.061436
0.656000,1668.208000,0.800044
5.904000,995.152000,0.841018
19.024000,1098.800000,0.680151
24.272000,2946.096000,0.904163
26.896000,2749.296000,0.757293
34.768000,1883.376000,1.138835
36.080000,322.096000,0.814893
29.520000,22.960000,0.764064
17.712000,1962.096000,0.885124
19.024000,2349.136000,0.661542
29.520000,2401.616000,1.305126
28.208000,3040.560000,0.664808
24.272000,15.088000,0.674447
1.968000,789.168000,1.436856
9.840000,139.728000,0.931065
16.400000,646.160000,1.100727
30.832000,2238.928000,0.887086
11.152000,3096.976000,0.811031
24.272000,2238.928000,0.686115
20.336000,1537.008000,1.057949
5.904000,1055.504000,0.724865
38.704000,2818.832000,1.329999
0.656000,109.552000,0.697563
9.840000,1952.912000,0.699542
12.464000,1090.928000,0.882781
38.704000,1529.136000,0.969702
36.080000,1661.648000,0.692072
16.400000,1866.320000,1.104762
1.968000,1820.400000,0.788205
19.024000,3190.128000,0.657234
17.712000,1352.016000,0.682536
38.704000,246.000000,2.148774
25.584000,2211.376000,0.723127
0.656000,2632.528000,0.663163
21.648000,1782.352000,0.755136
3.280000,887.568000,0.919502
5.904000,2982.832000,1.042259
16.400000,3013.008000,1.097213
26.896000,2591.856000,0.690980
9.840000,2527.568000,0.760072
20.336000,370.640000,0.736946
17.712000,1316.592000,0.962491
22.960000,2977.584000,0.921064
28.208000,504.464000,1.121292
0.656000,593.680000,0.690729
19.024000,1899.120000,1.187731
19.024000,1948.976000,1.874790
8.528000,2065.744000,0.983928
22.960000,2759.792000,1.517017
38.704000,883.632000,0.753593
37.392000,1834.832000,0.869978
21.648000,2492.144000,2.023114
3.280000,277.488000,1.025591
17.712000,1567.184000,1.057006
22.960000,553.008000,1.020360
28.208000,539.888000,1.690516
26.896000,2732.240000,0.695499
37.392000,819.344000,0.913045
28.208000,1929.296000,1.171475
4.592000,2067.056000,1.160157
8.528000,2234.992000,0.776324
38.704000,1109.296000,0.897682
17.712000,2375.376000,0.909657
21.648000,291.920000,0.708189
21.648000,646.160000,0.675488
16.400000,2953.968000,0.667141
5.904000,2489.520000,0.662288
33.456000,2897.552000,1.135696
15.088000,1510.768000,1.489200
8.528000,592.368000,0.707490
21.648000,2351.760000,0.888520
4.592000,1845.328000,0.775384
25.584000,3051.056000,0.718239
12.464000,2494.768000,0.887281
0.656000,2611.536000,0.794975
30.832000,1424.176000,0.699507
30.832000,1139.472000,1.534211
20.336000,2207.440000,1.042506
32.144000,2494.768000,0.756167
4.592000,1823.024000,0.695246
4.592000,592.368000,0.908520
15.088000,2132.656000,0.881916
20.336000,444.112000,1.416954
19.024000,971.536000,0.780092
25.584000,3180.944000,0.783239
13.776000,1914.864000,0.796885
17.712000,1736.432000,0.711597
34.768000,335.216000,1.191351
37.392000,2782.096000,1.049216
17.712000,1509.456000,2.115965
20.336000,1580.304000,0.703102
22.960000,256.496000,0.910061
38.704000,1820.400000,0.723099
9.840000,2215.312000,0.788533
20.336000,1022.704000,0.694424
11.152000,1093.552000,1.375508
12.464000,3065.488000,0.671203
12.464000,76.752000,1.029086
0.656000,2376.688000,0.657117
21.648000,2944.784000,1.126845
33.456000,2287.472000,0.780254
36.080000,1092.240000,0.675998
16.400000,386.384000,0.765598
26.896000,1900.432000,0.894808
5.904000,2137.904000,0.675109
4.592000,1426.800000,0.909748
8.528000,2944.784000,1.007559
17.712000,968.912000,1.417509
13.776000,139.728000,0.761809
26.896000,2357.008000,0.931485
28.208000,1826.960000,1.618623
9.840000,987.280000,0.986842
34.768000,137.104000,1.021815
3.280000,2704.688000,2.058410
38.704000,634.352000,2.049093
29.520000,2807.024000,0.817434
5.904000,492.656000,0.861732
38.704000,3010.384000,1.228237
37.392000,2347.824000,0.791154
19.024000,2502.640000,0.766878
26.896000,576.624000,2.477375
25.584000,2442.288000,0.760140
26.896000,1253.616000,0.815812
21.648000,1000.400000,1.412950
3.280000,2616.784000,0.968852
17.712000,2141.840000,1.595150
34.768000,2341.264000,1.420785
17.712000,390.320000,1.071053
9.840000,118.736000,0.681884
19.024000,951.856000,0.881345
11.152000,1173.584000,0.851840
17.712000,1556.688000,1.509152
36.080000,1715.440000,0.796284
13.776000,3104.848000,0.724157
21.648000,2458.032000,0.897002
13.776000,2412.112000,1.118651
0.656000,2606.288000,0.877362
15.088000,1615.728000,1.107730
16.400000,444.112000,0.802677
0.656000,579.248000,0.868876
13.776000,404.752000,1.390867
20.336000,2734.864000,1.477930
24.272000,891.504000,1.163396
17.712000,403.440000,0.697016
4.592000,887.568000,0.686265
13.776000,757.680000,0.888788
3.280000,2545.936000,1.503281
29.520000,3015.632000,0.758348
20.336000,2835.888000,0.679535
12.464000,404.752000,0.818995
17.712000,1758.736000,0.709298
3.280000,2151.024000,0.881665
1.968000,3133.712000,0.740920
32.144000,1017.456000,1.114281
0.656000,3074.672000,0.855612
22.960000,165.968000,2.163494
28.208000,2519.696000,1.223935
9.840000,1077.808000,0.786936
33.456000,964.976000,0.721359
37.392000,786.544000,0.726433
3.280000,2465.904000,1.233796
37.392000,1555.376000,0.711432
26.896000,1727.248000,0.755133
28.208000,360.144000,0.790465
4.592000,1792.848000,0.772054
22.960000,2522.320000,1.297696
21.648000,509.712000,1.355952
1.968000,1416.304000,1.145489
19.024000,242.064000,0.684222
15.088000,108.240000,1.082327
8.528000,1746.928000,0.726448
7.216000,2446.224000,0.739027
32.144000,744.560000,1.203259
28.208000,3006.448000,1.068083
36.080000,42.640000,0.727465
15.088000,1446.480000,0.922931
20.336000,1582.928000,0.763598
38.704000,286.672000,0.906117
24.272000,1753.488000,0.912203
9.840000,2524.944000,0.737531
21.648000,1205.072000,0.906282
9.840000,2311.088000,0.761708
33.456000,2295.344000,1.232090
33.456000,1578.992000,0.657380
20.336000,2974.960000,0.666193
20.336000,2057.872000,0.900213
36.080000,2784.720000,0.770548
0.656000,2459.344000,0.979539
16.400000,1817.776000,1.068430
7.216000,3015.632000,1.036735
16.400000,1708.880000,1.053236
4.592000,1073.872000,0.756172
36.080000,1769.232000,0.913802
12.464000,341.776000,1.080660
36.080000,2021.136000,0.732200
16.400000,2248.112000,1.613409
11.152000,1165.712000,0.690009
0.656000,671.088000,1.894597
3.280000,1845.328000,1.865769
22.960000,446.736000,0.864643
15.088000,1896.496000,0.885476
29.520000,362.768000,0.811903
1.968000,2749.296000,0.801394
8.528000,445.424000,0.927434
20.336000,2296.656000,1.420596
34.768000,1261.488000,0.959177
15.088000,2625.968000,0.671034
16.400000,837.712000,0.965362
36.080000,1623.600000,1.189110
19.024000,1807.280000,1.314934
33.456000,209.264000,0.755432
29.520000,350.960000,0.700654
20.336000,1134.224000,0.762006
5.904000,239.440000,0.806727
5.904000,1950.288000,1.027550
11.152000,1651.152000,0.735172
12.464000,3115.344000,1.071416
34.768000,1117.168000,1.078597
8.528000,2174.640000,0.721161
15.088000,2772.912000,0.808883
29.520000,266.992000,0.949382
25.584000,1056.816000,0.885832
17.712000,74.128000,0.715582
16.400000,432.304000,0.925010
32.144000,1181.456000,1.461217
24.272000,1119.792000,0.955252
3.280000,99.056000,0.817442
15.088000,2246.800000,0.858943
22.960000,732.752000,0.774174
28.208000,3049.744000,0.678360
33.456000,553.008000,0.664753
22.960000,1035.824000,0.907274
24.272000,1256.240000,0.860432
38.704000,1641.968000,1.803630
25.584000,2548.560000,0.979045
33.456000,87.248000,1.650067
4.592000,1105.360000,0.997752
11.152000,1973.904000,0.827122
12.464000,848.208000,1.825703
5.904000,2374.064000,0.842065
1.968000,2147.088000,1.012405
33.456000,2616.784000,1.143330
11.152000,1240.496000,0.672756
36.080000,2656.144000,0.723038
15.088000,2556.432000,0.947484
24.272000,1724.624000,1.085518
25.584000,1951.600000,1.029999
5.904000,1489.776000,0.772513
26.896000,1039.760000,0.732135
4.592000,673.712000,0.718032
26.896000,2931.664000,0.688953
7.216000,2636.464000,1.061321
4.592000,1231.312000,0.806998
16.400000,2496.080000,0.947835
29.520000,71.504000,0.728194
37.392000,2837.200000,0.811418
25.584000,2244.176000,0.700632
29.520000,1201.136000,1.710354
33.456000,2736.176000,0.742697
25.584000,3083.856000,0.971096
4.592000,2031.632000,0.851523
28.208000,1123.728000,1.563878
26.896000,1699.696000,0.748893
15.088000,482.160000,0.928366
26.896000,361.456000,0.928282
38.704000,1220.816000,1.092326
36.080000,2442.288000,1.639587
34.768000,2992.016000,1.010355
9.840000,3075.984000,0.889522
22.960000,127.920000,0.773051
20.336000,1165.712000,0.913355
37.392000,511.024000,1.115998
36.080000,1875.504000,0.719529
17.712000,1177.520000,1.964047
17.712000,1020.080000,0.765372
16.400000,2580.048000,1.730846
34.768000,2593.168000,0.885897
29.520000,410.000000,0.734176
22.960000,1462.224000,0.774866
30.832000,1966.032000,0.677216
29.520000,2497.392000,1.001128
9.840000,1281.168000,0.771349
33.456000,2021.136000,1.163282
30.832000,690.768000,0.705304
33.456000,3095.664000,1.321967
21.648000,2758.480000,0.951618
11.152000,1100.112000,0.695335
28.208000,2178.576000,0.769885
29.520000,2173.328000,1.132343
29.520000,2186.448000,0.762843
5.904000,3201.936000,0.759815
26.896000,1313.968000,0.774197
17.712000,795.728000,1.185097
5.904000,1808.592000,0.705659
28.208000,3123.216000,0.715377
38.704000,1062.064000,1.184967
37.392000,479.536000,1.895265
3.280000,2395.056000,0.701395
0.656000,1756.112000,0.911388
38.704000,1660.336000,1.124182
24.272000,1483.216000,1.030941
28.208000,2985.456000,0.736917
7.216000,2918.544000,0.772211
36.080000,2405.552000,1.252608
8.528000,3141.584000,0.746223
29.520000,1732.496000,0.703213
38.704000,1823.024000,0.826382
17.712000,1083.056000,0.665177
30.832000,2182.512000,0.802760
0.656000,2438.352000,1.057955
7.216000,423.120000,0.812249
19.024000,350.960000,0.745916
37.392000,2238.928000,0.872817
34.768000,1283.792000,0.677101
33.456000,207.952000,1.235869
7.216000,877.072000,0.916756
28.208000,1502.896000,1.156353
0.656000,202.704000,0.893555
33.456000,2570.864000,2.597665
3.280000,1929.296000,0.678992
11.152000,123.984000,0.718406
36.080000,1866.320000,0.672241
12.464000,219.760000,1.297147
11.152000,1365.136000,0.755328
1.968000,2611.536000,0.919676
13.776000,760.304000,0.928160
24.272000,734.064000,0.849019
13.776000,511.024000,0.710109
26.896000,3200.624000,1.026489
3.280000,2561.680000,0.714082
12.464000,299.792000,0.848436
15.088000,1778.416000,1.015579
28.208000,1786.288000,0.870446
20.336000,542.512000,0.798945
16.400000,511.024000,0.859361
38.704000,2355.696000,1.104280
3.280000,2034.256000,0.917153
4.592000,1682.640000,0.661547
33.456000,507.088000,0.698066
11.152000,390.320000,1.505666
22.960000,1820.400000,0.877764
29.520000,1456.976000,0.999303
13.776000,350.960000,1.100477
15.088000,151.536000,0.827449
21.648000,1687.888000,0.897136
34.768000,2914.608000,0.783659
5.904000,1206.384000,1.053415
9.840000,1605.232000,0.795649
13.776000,2976.272000,0.774031
9.840000,794.416000,0.976967
4.592000,516.272000,1.521569
19.024000,3100.912000,0.700853
29.520000,3140.272000,0.675018
17.712000,1115.856000,2.532133
8.528000,3048.432000,0.806947
13.776000,2936.912000,0.763977
15.088000,1883.376000,1.523944
28.208000,514.960000,0.989429
9.840000,2124.784000,0.885828
32.144000,3177.008000,0.915150
4.592000,193.520000,1.071911
36.080000,2688.944000,2.214863
11.152000,2884.432000,1.420931
24.272000,2919.856000,0.769257
16.400000,2862.128000,0.774727
25.584000,1564.560000,0.751884
11.152000,3069.424000,0.677051
0.656000,2233.680000,0.934800
15.088000,133.168000,1.124316
11.152000,117.424000,0.687160
12.464000,921.680000,1.481928
26.896000,246.000000,0.763261
29.520000,735.376000,0.690369
26.896000,160.720000,0.736468
11.152000,1403.184000,0.825666
3.280000,3035.312000,0.841183
33.456000,3171.760000,0.824182
21.648000,246.000000,0.660358
28.208000,2914.608000,0.998077
26.896000,3112.720000,0.781172
22.960000,3054.992000,1.314493
15.088000,2860.816000,0.794339
25.584000,30.832000,1.603139
38.704000,891.504000,0.668265
8.528000,215.824000,0.814135
24.272000,2795.216000,0.708810
13.776000,222.384000,0.720205
13.776000,1578.992000,0.669295
7.216000,1506.832000,0.792999
9.840000,2509.200000,1.741171
1.968000,2408.176000,1.608887
20.336000,492.656000,0.794683
29.520000,1643.280000,1.309907
13.776000,1098.800000,0.737052
15.088000,1815.152000,0.662674
15.088000,2623.344000,0.700752
8.528000,2053.936000,0.774306
36.080000,1551.440000,0.965904
8.528000,255.184000,1.009427
34.768000,1240.496000,1.014868
13.776000,1686.576000,0.801640
36.080000,2040.816000,0.999475
20.336000,1253.616000,0.689137
34.768000,1480.592000,1.023298
37.392000,713.072000,1.378137
33.456000,2767.664000,0.668938
8.528000,1840.080000,0.902201
8.528000,3045.808000,1.317211
9.840000,1435.984000,0.694000
37.392000,2858.192000,1.222426
25.584000,1350.704000,1.048507
30.832000,2488.208000,0.697905
33.456000,1391.376000,0.825926
24.272000,1491.088000,0.700275
17.712000,938.736000,0.658757
3.280000,1492.400000,1.211281
3.280000,1063.376000,2.766026
20.336000,601.552000,0.683512
19.024000,1933.232000,0.748455
17.712000,2667.952000,1.417365
9.840000,3196.688000,0.759163
37.392000,2521.008000,0.953582
25.584000,1484.528000,0.935329
0.656000,110.864000,0.711879
1.968000,1479.280000,0.956597
25.584000,2518.384000,1.418868
34.768000,407.376000,0.994819
33.456000,685.520000,1.414883
7.216000,958.416000,1.742240
13.776000,1131.600000,1.075735
37.392000,2475.088000,0.882837
22.960000,2292.720000,0.847045
20.336000,777.360000,2.036278
26.896000,58.384000,2.387287
25.584000,597.616000,0.982384
16.400000,2286.160000,0.860157
30.832000,1355.952000,0.687971
12.464000,1.968000,0.852799
15.088000,2730.928000,0.670688
17.712000,396.880000,0.657182
25.584000,915.120000,0.721615
34.768000,3082.544000,0.691307
30.832000,1010.896000,1.083911
24.272000,1794.160000,1.170669
37.392000,3213.744000,0.682852
32.144000,1850.576000,0.720687
17.712000,1278.544000,0.768527
16.400000,1514.704000,0.886820
32.144000,1084.368000,1.100400
25.584000,41.328000,1.156611
25.584000,2370.128000,0.910080
28.208000,1422.864000,0.664289
33.456000,1092.240000,0.778281
33.456000,650.096000,0.706027
17.712000,2473.776000,0.739663
25.584000,1803.344000,0.739481
0.656000,3102.224000,0.804321
37.392000,92.496000,0.995235
19.024000,657.968000,0.919620
28.208000,425.744000,1.083392
26.896000,1283.792000,1.128121
25.584000,239.440000,1.109721
3.280000,3047.120000,1.653236
9.840000,341.776000,1.188950
25.584000,493.968000,0.769922
36.080000,635.664000,1.436061
29.520000,95.120000,0.714421
32.144000,293.232000,0.908473
28.208000,2419.984000,0.657885
20.336000,1792.848000,0.941402
34.768000,1763.984000,0.685286
24.272000,1135.536000,0.801350
34.768000,968.912000,0.881620
29.520000,2521.008000,0.846981
24.272000,798.352000,0.666903
11.152000,1177.520000,0.857162
33.456000,2532.816000,0.812018
19.024000,1102.736000,0.853413
37.392000,1144.720000,0.846442
28.208000,1963.408000,0.865917
28.208000,2370.128000,0.692635
7.216000,441.488000,0.962676
13.776000,988.592000,1.141384
22.960000,3207.184000,0.851465
30.832000,979.408000,0.721604
15.088000,3006.448000,0.695491
16.400000,2700.752000,0.832267
13.776000,1264.112000,1.145343
13.776000,642.224000,1.136937
13.776000,2178.576000,0.738874
4.592000,657.968000,0.763457
5.904000,730.128000,1.887189
8.528000,2963.152000,0.757955
12.464000,2766.352000,1.186282
30.832000,619.920000,0.669783
37.392000,2860.816000,0.746215
15.088000,2164.144000,0.695812
16.400000,1266.736000,1.008896
4.592000,455.920000,1.387137
12.464000,2707.312000,0.663574
8.528000,1152.592000,0.850486
26.896000,1379.568000,0.816239
12.464000,55.760000,1.020139
7.216000,2321.584000,0.973821
26.896000,1058.128000,0.833754
19.024000,1168.336000,0.775347
8.528000,2570.864000,0.792486
37.392000,577.936000,0.896887
3.280000,1450.416000,0.763166
33.456000,2284.848000,0.791835
34.768000,1073.872000,1.469992
4.592000,2236.304000,0.748151
25.584000,2622.032000,1.052219
17.712000,553.008000,0.731279
21.648000,378.512000,0.995145
11.152000,1858.448000,1.103198
29.520000,1470.096000,0.694662
33.456000,1425.488000,1.619619
26.896000,1707.568000,0.698490
16.400000,1136.848000,0.842901
5.904000,146.288000,1.133600
11.152000,2111.664000,0.887727
9.840000,2955.280000,1.085407
11.152000,3049.744000,0.806366
1.968000,0.656000,1.273797
7.216000,1483.216000,1.212854
11.152000,844.272000,0.684552
34.768000,697.328000,0.694452
9.840000,2042.128000,0.807115
22.960000,516.272000,0.885302
1.968000,299.792000,0.827199
26.896000,1085.680000,1.511871
29.520000,3178.320000,0.678884
21.648000,299.792000,0.927010
0.656000,2046.064000,1.699712
1.968000,551.696000,0.743230
34.768000,979.408000,0.755212
28.208000,3010.384000,1.044693
9.840000,1708.880000,0.706858
7.216000,3107.472000,1.472180
36.080000,323.408000,0.888448
5.904000,1967.344000,0.698478
0.656000,2660.080000,1.003715
1.968000,1844.016000,0.790824
11.152000,297.168000,1.040678
21.648000,2321.584000,1.837251
4.592000,1699.696000,0.695463
8.528000,285.360000,1.428047
33.456000,2451.472000,1.203773
12.464000,1543.568000,0.813475
3.280000,2981.520000,1.149979
11.152000,1130.288000,0.897625
12.464000,389.008000,1.208440
30.832000,848.208000,0.658895
5.904000,3058.928000,0.865681
26.896000,493.968000,1.898992
38.704000,38.704000,0.821370
7.216000,736.688000,0.864062
34.768000,158.096000,0.704356
29.520000,19.024000,1.249272
30.832000,2106.416000,0.966500
8.528000,2203.504000,0.779551
24.272000,1474.032000,0.988756
15.088000,1454.352000,1.068407
24.272000,2873.936000,0.973951
28.208000,1577.680000,0.793643
1.968000,189.584000,1.041201
7.216000,1571.120000,0.949724
4.592000,442.800000,0.840288
11.152000,391.632000,0.893553
30.832000,559.568000,0.693905
19.024000,1519.952000,1.159230
3.280000,2871.312000,0.707879
29.520000,1882.064000,1.354528
36.080000,298.480000,0.805562
12.464000,1740.368000,1.505680
37.392000,2650.896000,0.709596
20.336000,1892.560000,0.723659
26.896000,736.688000,1.491160
21.648000,1758.736000,1.106683
24.272000,185.648000,0.834288
11.152000,2791.280000,0.684530
12.464000,83.312000,1.595439
37.392000,1265.424000,1.602087
19.024000,256.496000,1.999365
0.656000,2417.360000,0.708910
8.528000,2381.936000,1.671163
0.656000,2900.176000,1.021422
3.280000,2038.192000,0.701167
28.208000,2824.080000,0.799532
38.704000,375.888000,0.687459
16.400000,3222.928000,1.073330
22.960000,314.224000,1.122362
0.656000,1250.992000,0.828651
22.960000,1834.832000,0.782710
1.968000,1349.392000,1.010760
24.272000,890.192000,0.792917
25.584000,1237.872000,0.724089
25.584000,2654.832000,0.666641
5.904000,2717.808000,0.819528
25.584000,881.008000,0.995391
17.712000,371.952000,0.671135
37.392000,1823.024000,0.820973
17.712000,319.472000,0.792669
12.464000,125.296000,0.747128
25.584000,1863.696000,1.134483
19.024000,967.600000,0.957720
24.272000,1075.184000,0.979212
33.456000,1438.608000,0.724086
8.528000,1359.888000,0.672016
12.464000,1013.520000,1.076264
11.152000,2463.280000,1.111192
17.712000,105.616000,1.101393
1.968000,326.032000,0.768815
1.968000,2465.904000,0.670010
28.208000,919.056000,0.859341
20.336000,2657.456000,1.045070
17.712000,440.176000,2.025081
1.968000,715.696000,0.923495
4.592000,2404.240000,0.899622
9.840000,2900.176000,1.328650
36.080000,1230.000000,1.075074
15.088000,816.720000,0.811264
15.088000,554.320000,0.866379
20.336000,810.160000,0.981783
9.840000,2602.352000,1.537438
4.592000,2843.760000,0.707258
34.768000,2068.368000,0.710776
5.904000,911.184000,0.976988
16.400000,3167.824000,1.212305
3.280000,2751.920000,1.261158
29.520000,61.008000,0.800337
16.400000,1548.816000,1.328420
13.776000,2751.920000,0.729993
19.024000,3179.632000,1.589892
3.280000,177.776000,0.732269
38.704000,281.424000,0.983374
24.272000,2320.272000,0.959396
28.208000,1631.472000,1.323596
19.024000,108.240000,0.727984
26.896000,845.584000,1.429745
38.704000,2757.168000,0.806323
0.656000,2547.248000,0.898734
16.400000,2530.192000,1.077818
19.024000,1527.824000,1.585683
33.456000,2614.160000,1.087826
36.080000,790.480000,1.511983
25.584000,2469.840000,0.657217
22.960000,2332.080000,0.670757
29.520000,1359.888000,1.196235
37.392000,783.920000,1.784651
29.520000,584.496000,1.067398
1.968000,2354.384000,0.857763
24.272000,1771.856000,0.942866
25.584000,419.184000,1.320251
32.144000,2010.640000,0.989769
12.464000,335.216000,0.657183
5.904000,2300.592000,0.727468
5.904000,2452.784000,1.384405
12.464000,349.648000,0.739677
29.520000,385.072000,0.813470
9.840000,1307.408000,0.721379
12.464000,1319.216000,0.831692
8.528000,349.648000,1.005472
17.712000,2468.528000,0.745859
8.528000,2255.984000,1.042958
12.464000,1475.344000,0.926798
19.024000,689.456000,1.097395
5.904000,816.720000,0.907753
17.712000,2422.608000,1.022413
4.592000,971.536000,1.228984
13.776000,891.504000,0.724185
12.464000,985.968000,1.073881
29.520000,2587.920000,0.657521
34.768000,1593.424000,0.826502
8.528000,1146.032000,0.752626
21.648000,1649.840000,1.111147
9.840000,1325.776000,0.908266
21.648000,755.056000,0.737605
7.216000,535.952000,1.443131
4.592000,680.272000,1.015253
29.520000,1340.208000,0.984077
9.840000,1774.480000,0.669512
33.456000,905.936000,0.714210
19.024000,2111.664000,0.847355
11.152000,1998.832000,0.695104
15.088000,2607.600000,0.719318
5.904000,1285.104000,0.675459
0.656000,240.752000,1.180752
13.776000,1727.248000,0.900308
0.656000,1758.736000,0.917183
16.400000,2136.592000,0.906793
15.088000,423.120000,0.919231
24.272000,2069.680000,0.905160
9.840000,404.752000,0.673334
30.832000,1295.600000,0.723212
21.648000,2228.432000,0.710521
0.656000,1542.256000,1.586917
9.840000,1502.896000,0.785569
34.768000,720.944000,0.724544
17.712000,2006.704000,0.699429
24.272000,2332.080000,0.941726
3.280000,2259.920000,0.725586
9.840000,2691.568000,0.846756
5.904000,3200.624000,0.887211
8.528000,1731.184000,0.685410
37.392000,2585.296000,0.808986
15.088000,487.408000,0.976802
1.968000,842.960000,0.793785
15.088000,19.024000,0.711010
28.208000,183.024000,0.661035
11.152000,80.688000,0.939272
37.392000,2602.352000,0.771248
20.336000,2723.056000,0.678232
9.840000,480.848000,1.160670
33.456000,1058.128000,0.656309
8.528000,2463.280000,0.922558
5.904000,1636.720000,1.109658
32.144000,64.944000,0.856464
9.840000,2269.104000,0.778730
25.584000,2119.536000,0.774507
26.896000,1230.000000,0.950107
32.144000,2332.080000,1.777598
36.080000,1773.168000,1.368425
0.656000,2951.344000,1.466139
21.648000,1767.920000,1.757932
13.776000,1897.808000,0.757827
20.336000,892.816000,1.126147
28.208000,445.424000,0.891699
12.464000,1641.968000,0.825861
33.456000,3051.056000,0.958039
21.648000,390.320000,0.740931
22.960000,2077.552000,1.129686
33.456000,517.584000,0.775002
17.712000,638.288000,0.885902
13.776000,2295.344000,0.709952
7.216000,1151.280000,0.785059
20.336000,1769.232000,0.683176
28.208000,1366.448000,0.995115
4.592000,427.056000,0.936453
37.392000,211.888000,1.223134
34.768000,3006.448000,0.754441
32.144000,1210.320000,0.865940
4.592000,2118.224000,1.227367
5.904000,798.352000,0.736081
11.152000,2614.160000,0.690104
8.528000,3039.248000,0.733475
9.840000,289.296000,0.809879
9.840000,2358.320000,0.688689
32.144000,731.440000,1.099599
30.832000,332.592000,0.680285
21.648000,248.624000,0.783826
22.960000,2711.248000,1.301658
32.144000,2880.496000,0.875357
32.144000,921.680000,0.876696
29.520000,846.896000,0.707742
7.216000,1729.872000,0.986678
0.656000,3036.624000,1.088899
30.832000,2576.112000,1.615987
30.832000,1739.056000,0.740282
25.584000,316.848000,0.882112
3.280000,2517.072000,0.871631
15.088000,302.416000,0.678857
5.904000,2850.320000,1.644616
9.840000,3082.544000,0.727388
11.152000,2523.632000,1.323622
5.904000,741.936000,0.917123
24.272000,1896.496000,1.070694
1.968000,1046.320000,1.288983
33.456000,410.000000,0.738854
38.704000,2456.720000,0.848771
24.272000,1543.568000,1.157322
3.280000,1589.488000,0.998055
15.088000,2795.216000,1.393386
1.968000,190.896000,1.119876
26.896000,1157.840000,0.687128
25.584000,68.880000,0.672597
26.896000,1892.560000,0.747035
25.584000,1110.608000,0.844467
24.272000,3043.184000,1.360294
29.520000,493.968000,1.945931
5.904000,2674.512000,1.849069
29.520000,1370.384000,0.771829
36.080000,3159.952000,0.720365
1.968000,1358.576000,0.798079
28.208000,1917.488000,1.099352
34.768000,633.040000,0.726473
3.280000,1674.768000,1.399656
19.024000,2379.312000,1.532036
33.456000,441.488000,0.808155
8.528000,1697.072000,0.660853
25.584000,476.912000,0.720268
37.392000,2318.960000,0.887512
34.768000,991.216000,1.408782
7.216000,143.664000,1.354131
16.400000,1235.248000,0.806751
0.656000,513.648000,1.130028
37.392000,1512.080000,1.239874
32.144000,836.400000,0.679798
13.776000,2266.480000,1.541881
36.080000,757.680000,2.494870
20.336000,1899.120000,0.710460
0.656000,967.600000,1.034389
1.968000,3005.136000,0.987687
36.080000,860.016000,0.664113
25.584000,1849.264000,1.294459
25.584000,1481.904000,0.681066
0.656000,120.048000,0.693890
33.456000,2219.248000,0.742565
33.456000,1240.496000,0.820721
16.400000,2536.752000,1.217964
8.528000,903.312000,1.143753
28.208000,2698.128000,0.662492
34.768000,588.432000,0.833318
0.656000,1298.224000,0.765768
9.840000,1198.512000,0.669799
0.656000,2427.856000,0.854632
7.216000,2315.024000,0.679754
25.584000,3162.576000,0.658514
21.648000,644.848000,1.044576
16.400000,2566.928000,1.803760
20.336000,2505.264000,0.794679
9.840000,2611.536000,0.964035
0.656000,366.704000,0.893285
22.960000,1666.896000,0.893450
16.400000,2809.648000,1.041650
13.776000,530.704000,1.163255
19.024000,3047.120000,0.899737
1.968000,1552.752000,0.680192
24.272000,2278.288000,0.869464
22.960000,2685.008000,0.748269
32.144000,1599.984000,0.675530
19.024000,214.512000,0.974324
29.520000,3192.752000,0.813043
17.712000,2244.176000,0.905596
22.960000,2492.144000,1.514041
37.392000,2391.120000,0.684252
28.208000,1475.344000,0.732713
30.832000,1051.568000,0.861259
3.280000,895.440000,1.244666
32.144000,58.384000,0.995580
37.392000,2657.456000,0.697120
36.080000,2671.888000,0.857683
4.592000,2098.544000,0.717869
9.840000,1872.880000,0.822488
37.392000,626.480000,1.331559
8.528000,347.024000,0.900194
16.400000,1727.248000,0.822345
28.208000,2265.168000,1.921598
12.464000,1310.032000,0.875303
1.968000,2761.104000,0.711047
19.024000,2770.288000,0.777304
22.960000,3148.144000,0.917995
15.088000,1718.064000,0.821559
16.400000,1832.208000,0.916831
37.392000,1569.808000,0.786677
28.208000,1983.088000,0.658928
25.584000,1113.232000,1.302622
36.080000,1316.592000,1.105213
0.656000,377.200000,1.147798
28.208000,0.656000,1.051355
7.216000,2523.632000,0.705230
4.592000,2412.112000,0.827349
33.456000,2919.856000,1.112689
1.968000,1481.904000,1.290063
5.904000,1505.520000,0.820611
26.896000,1033.200000,0.859617
0.656000,1327.088000,0.767467
17.712000,2988.080000,1.717585
16.400000,1763.984000,0.809335
21.648000,188.272000,0.874422
22.960000,2919.856000,1.144489
0.656000,294.544000,0.801846
17.712000,177.776000,1.321479
37.392000,1390.064000,1.826300
34.768000,1929.296000,1.322180
30.832000,3078.608000,0.725388
12.464000,1941.104000,0.888928
26.896000,2053.936000,1.540441
19.024000,210.576000,0.723936
34.768000,2183.824000,1.022667
3.280000,2421.296000,1.525699
8.528000,1148.656000,0.960737
12.464000,971.536000,0.970098
22.960000,875.760000,1.373108
1.968000,719.632000,1.293407
33.456000,331.280000,1.245569
11.152000,1531.760000,1.005789
8.528000,1504.208000,0.984743
13.776000,1750.864000,1.081485
30.832000,1055.504000,1.941154
16.400000,972.848000,0.970206
0.656000,1977.840000,0.724680
13.776000,476.912000,0.739482
25.584000,28.208000,0.737592
17.712000,2589.232000,1.047362
30.832000,130.544000,0.753920
19.024000,3032.688000,1.782730
12.464000,2591.856000,0.804775
15.088000,2868.688000,0.877040
16.400000,1846.640000,0.888794
0.656000,1989.648000,0.711139
21.648000,2446.224000,1.150167
13.776000,438.864000,0.754373
13.776000,1363.824000,1.321974
29.520000,290.608000,1.320622
3.280000,1660.336000,1.553104
25.584000,2862.128000,0.753693
5.904000,1740.368000,1.387654
25.584000,287.984000,0.672306
19.024000,2406.864000,0.738191
20.336000,1720.688000,1.469656
3.280000,726.192000,1.119550
34.768000,905.936000,1.219870
21.648000,2965.776000,0.658092
32.144000,307.664000,1.022800
12.464000,972.848000,1.479691
24.272000,22.960000,0.734613
24.272000,1459.600000,1.332660
24.272000,2011.952000,0.943999
11.152000,110.864000,0.676839
34.768000,1865.008000,0.848470
19.024000,13.776000,0.778068
0.656000,966.288000,0.869191
22.960000,58.384000,0.853936
8.528000,613.360000,0.664583
36.080000,2691.568000,1.122269
0.656000,2943.472000,1.235998
9.840000,297.168000,0.698422
11.152000,1537.008000,0.702638
29.520000,201.392000,0.737564
26.896000,971.536000,0.896123
24.272000,1373.008000,0.993273
9.840000,3005.136000,0.726210
34.768000,2080.176000,0.676091
22.960000,2210.064000,0.708140
22.960000,2561.680000,0.715032
37.392000,1257.552000,1.205158
28.208000,470.352000,0.735912
0.656000,2604.976000,0.793032
28.208000,2426.544000,1.334981
15.088000,543.824000,0.791421
17.712000,2242.864000,1.012754
13.776000,1951.600000,2.635346
26.896000,5.904000,0.727693
16.400000,2202.192000,1.647882
28.208000,1832.208000,0.678747
9.840000,600.240000,1.091917
29.520000,2383.248000,0.821661
11.152000,2202.192000,2.141389
19.024000,1467.472000,0.723797
32.144000,978.096000,0.780792
3.280000,3030.064000,0.900536
12.464000,1146.032000,0.816209
20.336000,3100.912000,0.665985
8.528000,1172.272000,0.890845
29.520000,454.608000,0.684182
32.144000,1582.928000,0.762612
4.592000,2679.760000,1.045841
20.336000,2530.192000,0.832887
0.656000,985.968000,0.772033
26.896000,1706.256000,1.377292
25.584000,1800.720000,1.098289
33.456000,1719.376000,0.964371
30.832000,1569.808000,0.938532
5.904000,1392.688000,0.663620
22.960000,821.968000,0.995516
38.704000,924.304000,0.786792
0.656000,315.536000,1.065403
32.144000,492.656000,1.029292
3.280000,2498.704000,0.754576
3.280000,2625.968000,0.883970
21.648000,2738.800000,1.152829
17.712000,419.184000,1.148058
20.336000,3001.200000,1.052709
7.216000,1458.288000,1.031541
34.768000,2212.688000,1.051947
11.152000,2953.968000,0.763746
38.704000,2464.592000,0.909512
20.336000,3150.768000,0.798305
5.904000,2443.600000,0.843181
26.896000,2473.776000,0.898745
13.776000,2657.456000,0.964909
34.768000,2109.040000,0.787512
33.456000,1261.488000,1.800810
37.392000,1329.712000,0.743707
32.144000,2787.344000,0.808658
38.704000,1733.808000,1.249406
29.520000,1282.480000,1.034901
4.592000,1786.288000,0.898412
11.152000,534.640000,0.709781
25.584000,2562.992000,0.832356
9.840000,242.064000,1.086725
12.464000,1798.096000,0.658643
24.272000,2307.152000,1.243819
33.456000,2473.776000,1.072635
32.144000,1371.696000,0.677741
20.336000,3032.688000,0.715454
9.840000,1993.584000,0.876865
22.960000,884.944000,1.913345
30.832000,2855.568000,1.570597
24.272000,684.208000,1.748329
3.280000,491.344000,1.507508
12.464000,678.960000,0.925619
9.840000,888.880000,0.927341
29.520000,2918.544000,1.863731
38.704000,403.440000,0.723448
32.144000,1152.592000,1.413027
16.400000,2443.600000,0.801086
12.464000,2237.616000,0.682016
22.960000,3216.368000,1.659294
20.336000,74.128000,0.918101
11.152000,2105.104000,0.869984
21.648000,2479.024000,0.787046
32.144000,1105.360000,0.685598
33.456000,929.552000,0.722566
33.456000,577.936000,0.937695
8.528000,2232.368000,0.656539
15.088000,209.264000,0.753802
0.656000,1550.128000,1.146843
37.392000,3061.552000,1.115955
30.832000,2810.960000,0.659981
19.024000,99.056000,0.810356
11.152000,2761.104000,1.051169
26.896000,630.416000,1.067366
30.832000,488.720000,1.251459
30.832000,450.672000,0.884964
3.280000,3203.248000,0.730621
1.968000,270.928000,1.790831
13.776000,2854.256000,0.761522
20.336000,2287.472000,0.974426
1.968000,2080.176000,0.940152
9.840000,3078.608000,0.995027
7.216000,2204.816000,1.169601
34.768000,2789.968000,0.955044
7.216000,1669.520000,0.850305
24.272000,2833.264000,0.680029
17.712000,1866.320000,1.667509
5.904000,2527.568000,0.930886
1.968000,564.816000,0.803460
12.464000,2175.952000,1.949141
13.776000,66.256000,1.739519
15.088000,1433.360000,0.690969
22.960000,2531.504000,0.739808
36.080000,1859.760000,0.678921
34.768000,2783.408000,1.621657
33.456000,365.392000,0.972288
25.584000,2904.112000,1.001601
30.832000,696.016000,0.937403
13.776000,303.728000,0.717469
5.904000,315.536000,2.476796
22.960000,1689.200000,0.750603
37.392000,888.880000,0.691207
25.584000,1620.976000,1.320613
3.280000,772.112000,0.778044
12.464000,2246.800000,0.875764
4.592000,2866.064000,0.983514
12.464000,3161.264000,1.160802
7.216000,886.256000,1.031345
4.592000,1959.472000,0.936050
29.520000,1636.720000,0.828157
19.024000,963.664000,1.060275
38.704000,2118.224000,0.847924
0.656000,2463.280000,0.674315
29.520000,2245.488000,0.680088
34.768000,2488.208000,1.056473
34.768000,828.528000,1.302934
16.400000,1589.488000,0.808074
7.216000,1564.560000,0.656043
24.272000,2443.600000,0.668996
12.464000,2448.848000,1.068133
7.216000,1971.280000,0.817329
34.768000,2716.496000,1.210580
19.024000,2768.976000,0.783664
3.280000,2549.872000,1.231236
37.392000,2555.120000,1.069738
21.648000,2803.088000,0.887264
29.520000,1422.864000,1.179782
29.520000,2893.616000,0.839211
33.456000,514.960000,1.133369
29.520000,1235.248000,1.196025
37.392000,3074.672000,0.661717
5.904000,1767.920000,0.711298
34.768000,2137.904000,0.947268
15.088000,581.872000,1.313541
12.464000,377.200000,1.019225
3.280000,1672.144000,1.509326
5.904000,2077.552000,0.762585
0.656000,1804.656000,1.105138
12.464000,1786.288000,1.103443
24.272000,2078.864000,0.790745
20.336000,2211.376000,0.899501
13.776000,260.432000,1.657792
17.712000,511.024000,0.703476
22.960000,3159.952000,0.891344
22.960000,3200.624000,0.741896
22.960000,106.928000,0.740180
36.080000,2459.344000,1.768544
7.216000,2935.600000,1.197031
11.152000,793.104000,1.061083
34.768000,1935.856000,1.457450
7.216000,2813.584000,0.981892
38.704000,1331.024000,0.813303
4.592000,735.376000,0.871683
17.712000,2939.536000,0.785932
7.216000,2953.968000,0.817868
16.400000,1857.136000,1.249369
22.960000,1993.584000,0.809091
11.152000,2543.312000,0.732001
3.280000,3124.528000,0.711567
22.960000,773.424000,0.726891
9.840000,736.688000,1.150679
24.272000,2518.384000,1.190756
15.088000,358.832000,1.071739
17.712000,2389.808000,1.497722
25.584000,58.384000,1.253244
16.400000,46.576000,1.027877
20.336000,949.232000,1.058859
3.280000,386.384000,0.971420
24.272000,113.488000,0.725833
34.768000,2977.584000,1.487452
25.584000,943.984000,1.452632
1.968000,2783.408000,0.865121
24.272000,1544.880000,0.934447
11.152000,2944.784000,1.134510
20.336000,2538.064000,0.789534
16.400000,636.976000,0.726842
17.712000,2334.704000,1.461519
11.152000,2606.288000,0.687420
16.400000,2059.184000,0.685657
25.584000,1769.232000,0.834703
0.656000,1605.232000,0.791411
19.024000,3154.704000,1.286552
7.216000,2393.744000,1.621640
37.392000,2047.376000,0.811507
16.400000,1417.616000,0.669468
33.456000,1858.448000,1.229596
36.080000,122.672000,0.736470
12.464000,2767.664000,1.177102
22.960000,202.704000,0.707223
16.400000,2859.504000,0.712205
11.152000,886.256000,0.725762
3.280000,3057.616000,0.887297
20.336000,0.656000,1.376837
15.088000,1653.776000,0.780212
8.528000,518.896000,1.076628
26.896000,1068.624000,0.956544
1.968000,2162.832000,0.955983
4.592000,2064.432000,1.014700
20.336000,1118.480000,1.379499
9.840000,416.560000,1.658749
15.088000,2547.248000,1.642139
20.336000,243.376000,0.942941
13.776000,2706.000000,0.661777
26.896000,2607.600000,0.845836
37.392000,1884.688000,2.169243
0.656000,2036.880000,0.688069
13.776000,424.432000,1.036688
3.280000,1271.984000,0.786038
22.960000,226.320000,0.928021
20.336000,1151.280000,0.932562
11.152000,2456.720000,1.138367
29.520000,606.800000,0.832633
25.584000,1691.824000,0.900233
15.088000,1328.400000,0.698488
21.648000,2145.776000,1.246753
19.024000,1064.688000,0.803821
1.968000,1514.704000,1.006632
7.216000,618.608000,1.262077
12.464000,727.504000,0.671793
11.152000,3201.936000,0.859785
5.904000,1076.496000,0.795298
11.152000,1886.000000,1.030420
22.960000,1463.536000,0.740045
11.152000,319.472000,0.799510
7.216000,970.224000,1.057857
33.456000,2860.816000,0.760708
37.392000,942.672000,0.684156
3.280000,1973.904000,0.763446
15.088000,2572.176000,0.828840
34.768000,3075.984000,0.684054
34.768000,3052.368000,0.751865
28.208000,1412.368000,0.944781
30.832000,1847.952000,0.775405
29.520000,1374.320000,0.851069
33.456000,165.968000,1.431648
33.456000,858.704000,1.314202
8.528000,605.488000,1.613810
30.832000,3009.072000,1.101364
15.088000,2667.952000,0.801484
22.960000,1741.680000,0.710789
36.080000,2812.272000,0.792863
36.080000,2416.048000,0.673333
15.088000,776.048000,0.687125
21.648000,2639.088000,1.230862
19.024000,732.752000,0.804310
26.896000,3028.752000,0.948664
16.400000,93.808000,0.702079
17.712000,1122.416000,0.908440
37.392000,984.656000,1.227966
37.392000,1886.000000,0.846727
30.832000,1913.552000,0.998747
21.648000,933.488000,0.807289
9.840000,2317.648000,1.030111
19.024000,2179.888000,0.937840
11.152000,2371.440000,0.885187
20.336000,2225.808000,1.243966
29.520000,2271.728000,2.391343
20.336000,2846.384000,0.876859
1.968000,2073.616000,1.354331
24.272000,345.712000,0.707049
5.904000,470.352000,0.806723
36.080000,505.776000,0.704937
21.648000,1727.248000,0.970192
16.400000,320.784000,1.547879
37.392000,2112.976000,1.019566
28.208000,2290.096000,0.853211
20.336000,3036.624000,0.687694
25.584000,542.512000,0.849578
29.520000,3039.248000,0.771657
29.520000,1824.336000,0.805706
30.832000,521.520000,1.245916
24.272000,772.112000,1.743505
17.712000,1994.896000,0.703068
5.904000,1924.048000,1.349824
17.712000,1719.376000,1.073848
12.464000,1262.800000,1.270517
29.520000,2485.584000,0.725422
33.456000,282.736000,1.382178
12.464000,1203.760000,0.958219
11.152000,2181.200000,1.324052
0.656000,911.184000,1.235683
5.904000,2968.400000,0.781342
3.280000,2993.328000,0.882975
8.528000,3023.504000,1.108716
28.208000,1355.952000,1.480351
11.152000,2022.448000,0.767226
3.280000,2017.200000,0.699740
19.024000,150.224000,0.809671
1.968000,2923.792000,1.268084
32.144000,2808.336000,1.043182
34.768000,1430.736000,0.827915
13.776000,2614.160000,1.258758
26.896000,593.680000,1.520259
8.528000,198.768000,1.245154
17.712000,2091.984000,0.989015
30.832000,1223.440000,0.747151
37.392000,2168.080000,0.860770
20.336000,3066.800000,1.216527
12.464000,2014.576000,0.908097
3.280000,2761.104000,0.730593
24.272000,2221.872000,0.910190
0.656000,1749.552000,0.713542
8.528000,2737.488000,1.121542
9.840000,833.776000,0.814462
4.592000,1404.496000,1.474222
37.392000,2761.104000,0.951609
26.896000,824.592000,1.092350
19.024000,2813.584000,1.269928
24.272000,751.120000,1.416061
21.648000,1332.336000,0.818262
26.896000,1723.312000,1.132406
21.648000,999.088000,0.928755
16.400000,3216.368000,0.738301
29.520000,1577.680000,1.098613
0.656000,1411.056000,0.888997
1.968000,962.352000,0.681465
17.712000,3091.728000,1.786003
15.088000,1560.624000,0.757176
37.392000,1891.248000,1.072444
4.592000,2109.040000,0.720205
3.280000,1958.160000,0.880471
0.656000,2812.272000,0.692894
20.336000,3028.752000,0.755760
11.152000,260.432000,1.452056
30.832000,3045.808000,0.668184
30.832000,378.512000,0.978502
30.832000,2901.488000,1.072886
22.960000,1859.760000,0.718699
11.152000,1862.384000,0.836256
38.704000,1432.048000,1.427966
36.080000,1161.776000,1.432651
7.216000,1033.200000,1.501635
17.712000,1601.296000,0.936483
15.088000,2296.656000,0.735397
13.776000,2252.048000,1.113638
21.648000,630.416000,1.232230
15.088000,3125.840000,0.745909
21.648000,2913.296000,1.415523
37.392000,2620.720000,1.341089
17.712000,2946.096000,0.820185
0.656000,2562.992000,0.828158
8.528000,761.616000,1.031423
15.088000,1543.568000,1.296782
8.528000,1404.496000,1.745200
30.832000,675.024000,0.861147
4.592000,2875.248000,0.999191
24.272000,2884.432000,1.732042
26.896000,2536.752000,0.871727
28.208000,1193.264000,0.937730
33.456000,129.232000,2.517123
19.024000,3215.056000,0.681782
8.528000,1006.960000,0.876384
12.464000,1170.960000,1.148132
33.456000,2754.544000,0.691153
9.840000,1056.816000,0.724692
4.592000,2559.056000,0.892225
16.400000,2896.240000,0.917611
11.152000,3199.312000,0.941833
9.840000,1101.424000,1.488558
17.712000,1501.584000,0.659303
28.208000,1491.088000,0.976039
16.400000,1467.472000,0.773970
16.400000,553.008000,1.075677
1.968000,2290.096000,1.547600
38.704000,982.032000,1.215375
34.768000,937.424000,0.669896
12.464000,1884.688000,1.059376
24.272000,2754.544000,1.072069
9.840000,383.760000,1.090291
34.768000,105.616000,1.005136
37.392000,2624.656000,1.023052
19.024000,43.952000,0.844755
34.768000,1311.344000,0.783679
26.896000,1786.288000,1.555077
24.272000,263.056000,0.776958
24.272000,638.288000,1.144681
21.648000,900.688000,1.303372
38.704000,2143.152000,0.901806
30.832000,1412.368000,1.147901
11.152000,2653.520000,1.008731
36.080000,210.576000,0.804629
0.656000,2669.264000,1.733275
37.392000,2206.128000,0.859612
11.152000,2904.112000,0.795533
33.456000,2005.392000,0.688359
29.520000,1821.712000,1.023279
4.592000,1950.288000,0.742379
20.336000,1319.216000,2.011711
30.832000,1895.184000,0.768453
1.968000,1425.488000,0.828521
5.904000,2889.680000,1.087566
7.216000,882.320000,0.829386
38.704000,2010.640000,0.721315
17.712000,202.704000,0.931523
20.336000,2210.064000,1.390770
7.216000,1454.352000,1.767689
32.144000,1891.248000,0.739032
16.400000,2889.680000,1.446106
19.024000,2084.112000,0.741592
4.592000,219.760000,1.208683
17.712000,1609.168000,0.926401
38.704000,547.760000,0.707263
25.584000,1935.856000,0.860809
26.896000,2818.832000,1.405063
36.080000,575.312000,0.806276
3.280000,824.592000,0.844943
34.768000,497.904000,0.766886
13.776000,3156.016000,2.140932
24.272000,782.608000,0.809025
26.896000,1800.720000,0.925682
24.272000,2482.960000,1.106991
3.280000,3040.560000,1.200533
7.216000,1292.976000,0.842046
0.656000,1395.312000,1.308174
30.832000,171.216000,0.740937
12.464000,2378.000000,0.752485
29.520000,1153.904000,0.967939
4.592000,2611.536000,0.761009
20.336000,1980.464000,0.662968
30.832000,3083.856000,0.718515
0.656000,1230.000000,1.411310
24.272000,764.240000,0.801099
15.088000,194.832000,0.768741
21.648000,2678.448000,1.317368
12.464000,2292.720000,0.833051
28.208000,1680.016000,0.822905
4.592000,425.744000,0.980600
28.208000,2581.360000,1.468768
21.648000,87.248000,1.280235
36.080000,448.048000,0.875962
25.584000,2994.640000,1.187964
16.400000,2280.912000,2.663628
25.584000,1641.968000,0.804431
34.768000,682.896000,2.191282
8.528000,45.264000,0.815377
38.704000,1094.864000,0.680411
3.280000,1266.736000,1.064635
17.712000,123.984000,0.770721
5.904000,130.544000,0.775959
15.088000,1979.152000,0.662105
26.896000,3026.128000,1.060570
8.528000,252.560000,0.782641
3.280000,949.232000,1.025481
0.656000,2464.592000,1.648907
34.768000,1882.064000,0.738215
13.776000,2102.480000,0.720116
33.456000,2582.672000,0.961221
0.656000,2400.304000,1.991508
12.464000,1576.368000,0.686795
36.080000,538.576000,0.761745
28.208000,2224.496000,0.693531
37.392000,277.488000,0.786286
13.776000,2602.352000,0.889029
24.272000,1258.864000,0.828141
30.832000,1294.288000,1.220875
29.520000,113.488000,1.484347
12.464000,1100.112000,0.810506
37.392000,117.424000,0.796598
30.832000,423.120000,0.726566
4.592000,2237.616000,1.545596
38.704000,2713.872000,0.731286
3.280000,163.344000,0.725342
32.144000,1462.224000,0.657258
34.768000,1786.288000,0.664182
24.272000,2968.400000,0.886748
37.392000,2405.552000,1.520542
15.088000,160.720000,0.867295
20.336000,2702.064000,0.764368
0.656000,1997.520000,0.797195
1.968000,2856.880000,1.422706
16.400000,1744.304000,1.047035
11.152000,1283.792000,0.689410
15.088000,2885.744000,1.369216
3.280000,678.960000,0.669531
26.896000,1808.592000,0.916438
13.776000,1774.480000,0.842221
25.584000,1464.848000,1.717395
30.832000,2120.848000,0.788787
32.144000,2917.232000,0.722343
30.832000,1399.248000,0.690623
0.656000,34.768000,1.433830
4.592000,1756.112000,0.802791
7.216000,239.440000,0.771566
33.456000,259.120000,0.945480
0.656000,1066.000000,1.255487
20.336000,3041.872000,0.724246
28.208000,263.056000,1.043424
26.896000,1239.184000,0.877305
0.656000,848.208000,1.242814
33.456000,2829.328000,1.353741
9.840000,2758.480000,0.829960
29.520000,91.184000,0.813219
3.280000,2910.672000,1.250891
38.704000,84.624000,1.208462
8.528000,57.072000,1.174184
20.336000,594.992000,1.270624
3.280000,541.200000,0.955521
33.456000,1558.000000,0.688793
15.088000,2234.992000,0.694830
1.968000,651.408000,0.920604
33.456000,797.040000,1.724931
29.520000,2784.720000,1.335503
32.144000,3028.752000,0.715128
28.208000,478.224000,1.097849
24.272000,1813.840000,0.686539
16.400000,978.096000,1.118297
15.088000,2489.520000,0.738077
9.840000,2888.368000,0.687711
22.960000,2124.784000,0.880896
15.088000,1429.424000,0.852464
3.280000,736.688000,0.738088
5.904000,1943.728000,1.761748
19.024000,1744.304000,0.713407
1.968000,1809.904000,0.691863
22.960000,1073.872000,0.693761
36.080000,121.360000,1.109386
38.704000,3070.736000,0.907751
20.336000,1376.944000,1.045974
32.144000,2172.016000,0.670201
9.840000,2105.104000,0.658529
7.216000,699.952000,0.661807
11.152000,2687.632000,0.777190
13.776000,2085.424000,0.839633
32.144000,2144.464000,0.992122
33.456000,1152.592000,0.664371
0.656000,1850.576000,0.663293
3.280000,842.960000,1.027966
0.656000,2652.208000,1.384668
9.840000,1670.832000,1.029945
0.656000,1413.680000,1.627233
12.464000,878.384000,1.854564
17.712000,2214.000000,0.720991
34.768000,1718.064000,1.580247
0.656000,2273.040000,1.101503
15.088000,1950.288000,1.523997
15.088000,1935.856000,0.699870
37.392000,352.272000,1.126751
29.520000,2586.608000,0.785274
8.528000,2132.656000,0.965763
11.152000,2646.960000,0.973307
36.080000,1358.576000,0.657031
13.776000,2745.360000,1.308809
3.280000,2635.152000,0.677657
26.896000,1216.880000,1.040557
37.392000,1790.224000,0.850998
34.768000,1626.224000,2.757126
4.592000,1712.816000,0.704265
12.464000,3211.120000,2.030643
24.272000,2402.928000,1.195996
36.080000,1119.792000,1.305215
24.272000,1649.840000,0.706765
30.832000,375.888000,1.308718
11.152000,2950.032000,1.390175
24.272000,3040.560000,0.995489
25.584000,2637.776000,1.372460
34.768000,2821.456000,0.825505
9.840000,503.152000,0.713749
24.272000,3177.008000,0.874760
16.400000,1719.376000,0.948508
5.904000,745.872000,0.819324
25.584000,2410.800000,0.956686
19.024000,2585.296000,1.022376
22.960000,1456.976000,0.672712
13.776000,583.184000,0.714192
5.904000,1447.792000,0.716849
11.152000,1538.320000,0.659055
11.152000,660.592000,0.670272
21.648000,2755.856000,0.802099
9.840000,2147.088000,1.010506
12.464000,2032.944000,0.968735
19.024000,1702.320000,1.217469
34.768000,2786.032000,0.888164
7.216000,2576.112000,1.128661
21.648000,2433.104000,0.783003
36.080000,1981.776000,0.699717
5.904000,776.048000,0.702121
19.024000,1802.032000,1.058990
30.832000,2165.456000,1.504140
32.144000,1195.888000,1.063322
24.272000,2708.624000,0.707632
29.520000,433.616000,0.738674
3.280000,1191.952000,2.196797
9.840000,264.368000,1.143148
21.648000,1463.536000,0.768053
15.088000,2056.560000,1.224097
13.776000,719.632000,1.001533
38.704000,636.976000,0.827454
32.144000,2667.952000,1.182525
25.584000,2887.056000,0.897390
11.152000,1782.352000,0.909222
0.656000,3100.912000,1.221982
30.832000,2635.152000,1.008280
36.080000,2614.160000,1.866737
7.216000,2320.272000,0.842648
9.840000,1727.248000,1.149225
13.776000,1879.440000,0.759166
37.392000,3129.776000,1.033388
34.768000,625.168000,0.831768
17.712000,189.584000,0.733612
28.208000,1752.176000,1.215984
32.144000,3166.512000,0.905553
29.520000,2500.016000,0.894129
24.272000,451.984000,0.963843
30.832000,223.696000,1.626329
32.144000,2942.160000,0.943233
21.648000,210.576000,1.583342
26.896000,2030.320000,1.091276
13.776000,461.168000,0.741492
15.088000,2454.096000,0.730594
7.216000,1380.880000,0.746244
1.968000,538.576000,0.741682
7.216000,3103.536000,0.833660
19.024000,1266.736000,1.112775
12.464000,1871.568000,0.883111
26.896000,1353.328000,0.747120
8.528000,1083.056000,0.896163
8.528000,2431.792000,2.280042
11.152000,839.024000,0.776125
36.080000,2354.384000,0.695239
4.592000,1056.816000,0.873661
0.656000,2136.592000,0.784018
33.456000,2242.864000,1.033125
0.656000,2090.672000,1.059381
32.144000,197.456000,0.893047
30.832000,1875.504000,0.678689
21.648000,1256.240000,0.697078
26.896000,1543.568000,0.781861
13.776000,2401.616000,0.763036
32.144000,891.504000,0.761889
22.960000,1186.704000,0.670461
38.704000,82.000000,1.014888
20.336000,1261.488000,0.776499
36.080000,378.512000,0.825406
38.704000,2046.064000,0.744447
17.712000,891.504000,1.001105
15.088000,446.736000,1.210566
3.280000,1319.216000,0.675844
0.656000,2379.312000,0.748740
11.152000,2476.400000,1.038395
17.712000,2542.000000,1.473313
13.776000,2473.776000,1.191988
28.208000,344.400000,1.121904
36.080000,2707.312000,0.724531
13.776000,2582.672000,0.748544
1.968000,213.200000,0.926645
17.712000,1555.376000,1.032146
29.520000,1657.712000,0.878535
38.704000,3045.808000,0.873510
21.648000,677.648000,0.665142
15.088000,1435.984000,1.108412
30.832000,2375.376000,0.794948
7.216000,2923.792000,0.964421
11.152000,940.048000,0.684131
0.656000,1950.288000,1.975888
32.144000,1333.648000,0.778248
28.208000,2635.152000,1.296905
17.712000,486.096000,0.699531
13.776000,3048.432000,0.838085
7.216000,2629.904000,0.820240
1.968000,2782.096000,0.781612
24.272000,541.200000,0.971922
16.400000,1160.464000,0.684304
24.272000,1844.016000,0.788639
17.712000,2952.656000,0.908952
7.216000,633.040000,1.643812
32.144000,1610.480000,1.507557
3.280000,2069.680000,1.117150
29.520000,1662.960000,0.682938
4.592000,551.696000,0.765919
38.704000,282.736000,0.804313
21.648000,2786.032000,0.743529
12.464000,892.816000,0.803871
28.208000,469.040000,0.692424
34.768000,3180.944000,0.734278
29.520000,3125.840000,0.695211
37.392000,354.896000,1.100840
36.080000,1791.536000,1.345549
22.960000,3182.256000,0.673965
15.088000,1673.456000,0.780287
32.144000,1584.240000,1.178431
21.648000,3066.800000,1.039329
4.592000,1001.712000,1.154475
17.712000,1872.880000,0.840613
4.592000,2838.512000,0.715428
16.400000,2793.904000,1.068170
37.392000,276.176000,2.166886
20.336000,634.352000,1.241715
25.584000,415.248000,0.862241
3.280000,740.624000,0.659303
34.768000,3191.440000,0.960569
8.528000,659.280000,0.711560
29.520000,2745.360000,0.712433
30.832000,2723.056000,0.882259
32.144000,2317.648000,0.749055
3.280000,1315.280000,0.985802
15.088000,455.920000,0.948319
28.208000,871.824000,0.966545
30.832000,1641.968000,0.919906
19.024000,3007.760000,0.678000
4.592000,3174.384000,0.659102
22.960000,1985.712000,0.693824
8.528000,99.056000,1.639187
12.464000,370.640000,1.388447
16.400000,99.056000,0.870930
17.712000,955.792000,1.609141
8.528000,881.008000,0.731727
30.832000,2093.296000,0.746124
20.336000,1077.808000,1.529361
30.832000,1619.664000,1.193171
24.272000,2788.656000,1.095974
15.088000,2496.080000,0.730559
8.528000,1765.296000,1.049524
26.896000,1733.808000,1.111514
24.272000,2434.416000,0.782749
17.712000,2143.152000,0.904628
9.840000,1662.960000,0.718801
17.712000,2095.920000,0.901539
15.088000,2611.536000,0.825341
8.528000,1556.688000,0.866488
5.904000,446.736000,0.878078
11.152000,1434.672000,0.673014
33.456000,2332.080000,0.808395
24.272000,2182.512000,0.731402
38.704000,1674.768000,1.768709
34.768000,1122.416000,1.034721
4.592000,3161.264000,0.810483
37.392000,2828.016000,0.670380
32.144000,1954.224000,0.880149
29.520000,1155.216000,0.673020
29.520000,1683.952000,1.071270
17.712000,996.464000,1.104067
24.272000,3022.192000,1.022567
4.592000,1993.584000,0.939510
28.208000,3144.208000,0.674455
1.968000,3138.960000,0.779654
19.024000,2295.344000,1.178403
0.656000,512.336000,0.678395
17.712000,2751.920000,0.964663
1.968000,2632.528000,0.731663
20.336000,1729.872000,0.719412
4.592000,718.320000,1.365036
37.392000,932.176000,1.328883
19.024000,1537.008000,1.247583
12.464000,1365.136000,1.307065
8.528000,3058.928000,0.753260
11.152000,336.528000,0.761819
11.152000,1719.376000,1.153922
22.960000,2824.080000,0.660772
17.712000,766.864000,0.766151
29.520000,490.032000,0.670793
21.648000,2023.760000,0.710289
21.648000,1254.928000,0.889664
3.280000,1270.672000,1.003443
25.584000,389.008000,0.679485
20.336000,2706.000000,0.680960
30.832000,2416.048000,1.343310
5.904000,1479.280000,0.768209
4.592000,228.944000,1.044311
30.832000,2910.672000,1.266668
0.656000,478.224000,1.590314
29.520000,55.760000,1.069184
12.464000,1282.480000,0.827484
34.768000,1383.504000,1.160125
12.464000,787.856000,0.706941
33.456000,1135.536000,0.656639
16.400000,1463.536000,0.821842
30.832000,711.760000,0.746195
26.896000,1551.440000,0.769394
30.832000,99.056000,1.356915
19.024000,1963.408000,0.779959
9.840000,1105.360000,0.844997
20.336000,41.328000,1.473211
21.648000,466.416000,0.843270
9.840000,2796.528000,0.684451
15.088000,1471.408000,1.133187
30.832000,2616.784000,0.974481
34.768000,151.536000,0.824821
19.024000,692.080000,1.086372
5.904000,2004.080000,1.169508
1.968000,2093.296000,0.976641
12.464000,2994.640000,0.661582
9.840000,1386.128000,0.733810
36.080000,1952.912000,0.913036
24.272000,2965.776000,0.781198
13.776000,688.144000,0.867292
28.208000,2699.440000,0.899483
20.336000,230.256000,0.806239
11.152000,2800.464000,0.749782
19.024000,2266.480000,0.718826
37.392000,2409.488000,0.686924
26.896000,1773.168000,0.710665
22.960000,579.248000,0.815680
32.144000,2261.232000,0.781323
29.520000,332.592000,0.786735
0.656000,2901.488000,0.762620
11.152000,2822.768000,0.689308
33.456000,2822.768000,0.979557
8.528000,1617.040000,0.662901
22.960000,1442.544000,1.129253
38.704000,328.656000,1.478795
34.768000,1809.904000,1.239738
15.088000,1152.592000,1.366317
11.152000,1521.264000,0.702529
20.336000,3070.736000,0.741497
4.592000,2103.792000,0.720831
5.904000,305.040000,0.939478
21.648000,2334.704000,1.463798
1.968000,920.368000,1.294099
32.144000,133.168000,0.983673
1.968000,2231.056000,0.924151
4.592000,398.192000,0.962647
15.088000,553.008000,0.694998
16.400000,618.608000,0.703809
25.584000,1344.144000,0.975903
4.592000,2337.328000,1.126075
28.208000,705.200000,1.090128
33.456000,324.720000,1.545391
33.456000,75.440000,1.328752
28.208000,1690.512000,1.279203
37.392000,895.440000,1.108691
29.520000,2754.544000,0.876197
9.840000,606.800000,1.191094
25.584000,2069.680000,1.193368
38.704000,1479.280000,0.835543
30.832000,5.904000,0.825449
0.656000,1623.600000,0.738327
0.656000,2766.352000,1.092209
8.528000,1640.656000,1.007722
24.272000,2503.952000,0.781990
1.968000,898.064000,0.931061
15.088000,448.048000,0.790603
28.208000,3146.832000,1.203165
20.336000,188.272000,2.389699
11.152000,366.704000,0.716531
38.704000,2343.888000,0.918039
32.144000,520.208000,0.824643
36.080000,2620.720000,0.799824
11.152000,2208.752000,0.793178
13.776000,2619.408000,0.669036
16.400000,920.368000,0.777918
30.832000,322.096000,0.657478
9.840000,2017.200000,1.148993
20.336000,1378.256000,0.765230
15.088000,1516.016000,0.735474
26.896000,1182.768000,0.911239
16.400000,1611.792000,0.745790
29.520000,1655.088000,0.890841
17.712000,827.216000,0.840754
1.968000,3026.128000,0.916251
7.216000,2854.256000,0.694735
25.584000,1136.848000,1.325735
4.592000,755.056000,1.217083
8.528000,2216.624000,1.942259
8.528000,2013.264000,0.674627
12.464000,821.968000,0.666450
32.144000,1534.384000,0.956387
9.840000,200.080000,0.937790
20.336000,959.728000,1.170086
20.336000,21.648000,0.703591
16.400000,1254.928000,0.697319
33.456000,1375.632000,0.790715
15.088000,1075.184000,1.022131
21.648000,3058.928000,0.697157
33.456000,2452.784000,0.847036
1.968000,1733.808000,1.255954
28.208000,1501.584000,0.779728
20.336000,1298.224000,0.915905
12.464000,1110.608000,1.486501
5.904000,2114.288000,0.905773
28.208000,3180.944000,1.773516
29.520000,438.864000,0.678579
22.960000,722.256000,1.288046
29.520000,638.288000,0.718260
11.152000,2871.312000,0.918466
34.768000,2061.808000,0.976023
5.904000,2715.184000,0.857327
25.584000,2105.104000,1.021262
28.208000,1303.472000,0.769986
1.968000,2481.648000,0.977484
29.520000,471.664000,0.683722
36.080000,1627.536000,1.141656
5.904000,2699.440000,1.451127
16.400000,727.504000,1.049968
5.904000,1197.200000,1.088409
5.904000,1017.456000,0.812120
15.088000,1620.976000,0.688079
16.400000,703.888000,1.464139
36.080000,3166.512000,0.893891
26.896000,341.776000,0.773501
30.832000,2776.848000,0.836340
34.768000,433.616000,0.877697
24.272000,2671.888000,0.809511
5.904000,1445.168000,0.687479
22.960000,2989.392000,0.689929
34.768000,176.464000,0.725376
38.704000,768.176000,0.872949
36.080000,722.256000,1.379369
8.528000,1018.768000,0.684926
29.520000,1706.256000,0.859295
33.456000,2821.456000,0.896613
32.144000,1148.656000,0.809508
19.024000,2712.560000,0.860936
8.528000,1767.920000,1.035377
28.208000,2921.168000,1.161064
7.216000,1704.944000,0.675605
11.152000,955.792000,1.161257
5.904000,1098.800000,0.715039
13.776000,2948.720000,0.740738
16.400000,1201.136000,0.770487
28.208000,1223.440000,0.705601
30.832000,1121.104000,1.105608
7.216000,934.800000,0.869418
28.208000,2115.600000,0.703982
7.216000,726.192000,0.696380
30.832000,736.688000,1.189861
8.528000,1265.424000,1.067963
28.208000,2564.304000,0.785467
20.336000,848.208000,0.922567
15.088000,2847.696000,0.838134
8.528000,1373.008000,1.008133
38.704000,1943.728000,0.950904
22.960000,2930.352000,0.921311
38.704000,2828.016000,0.916998
13.776000,1076.496000,0.944515
21.648000,3024.816000,0.820084
17.712000,1328.400000,0.704653
26.896000,2409.488000,0.686996
19.024000,285.360000,0.842871
3.280000,1475.344000,1.024845
33.456000,1367.760000,0.660484
28.208000,503.152000,1.186094
25.584000,469.040000,0.761039
24.272000,2576.112000,1.135779
34.768000,2911.984000,0.830270
29.520000,127.920000,0.671656
21.648000,1733.808000,0.754149
29.520000,1539.632000,0.997201
4.592000,2685.008000,1.151427
0.656000,1441.232000,0.683195
21.648000,3184.880000,0.795385
3.280000,2021.136000,1.060557
33.456000,1463.536000,0.659963
26.896000,2280.912000,0.769572
24.272000,3057.616000,1.310888
33.456000,1202.448000,1.032172
1.968000,1316.592000,0.712541
34.768000,1614.416000,1.647969
8.528000,1962.096000,3.068760
13.776000,1804.656000,0.848088
11.152000,1778.416000,1.662019
38.704000,807.536000,3.674948
17.712000,3094.352000,0.948167
12.464000,600.240000,0.992616
0.656000,1774.480000,1.219559
13.776000,723.568000,0.793354
20.336000,240.752000,0.865180
0.656000,430.992000,0.749907
15.088000,180.400000,0.714197
7.216000,1320.528000,0.790201
38.704000,1941.104000,1.010089
24.272000,681.584000,0.749843
29.520000,940.048000,0.858335
28.208000,3095.664000,0.801323
12.464000,2489.520000,0.705247
15.088000,1383.504000,0.768941
25.584000,1563.248000,0.660332
34.768000,572.688000,0.692090
16.400000,1786.288000,0.863858
13.776000,2654.832000,0.892566
16.400000,1386.128000,1.224500
15.088000,2217.936000,0.827570
37.392000,2265.168000,1.193246
25.584000,2090.672000,0.678978
9.840000,1059.440000,0.951804
38.704000,1363.824000,1.339122
38.704000,64.944000,1.053440
12.464000,8.528000,0.725139
21.648000,912.496000,0.666689
9.840000,2193.008000,0.752794
8.528000,249.936000,0.900042
8.528000,2677.136000,0.736418
4.592000,1635.408000,1.120904
29.520000,714.384000,1.077563
25.584000,2557.744000,0.807462
8.528000,2144.464000,0.851884
0.656000,2330.768000,0.666215
30.832000,580.560000,0.677851
11.152000,2313.712000,1.150797
29.520000,913.808000,0.863777
25.584000,2130.032000,0.898552
17.712000,713.072000,1.119030
1.968000,238.128000,1.010724
7.216000,1189.328000,1.224530
29.520000,2199.568000,0.919012
29.520000,724.880000,1.292079
7.216000,2284.848000,0.870422
34.768000,2953.968000,1.076441
22.960000,642.224000,0.791445
30.832000,335.216000,1.144041
0.656000,950.544000,0.806660
0.656000,350.960000,0.795898
24.272000,3028.752000,0.897908
4.592000,1226.064000,1.476747
33.456000,2927.728000,2.081672
26.896000,1100.112000,1.045731
1.968000,1334.960000,1.196899
21.648000,1635.408000,0.731997
20.336000,1812.528000,0.831695
17.712000,626.480000,0.695917
11.152000,598.928000,0.989620
17.712000,1333.648000,0.941909
12.464000,1867.632000,0.658618
19.024000,2479.024000,1.704962
4.592000,3020.880000,0.777169
29.520000,58.384000,0.700240
32.144000,2395.056000,0.732980
17.712000,845.584000,1.182311
25.584000,2902.800000,1.231056
36.080000,1289.040000,0.930364
7.216000,2372.752000,1.204738
8.528000,598.928000,1.196921
28.208000,722.256000,1.471176
15.088000,457.232000,0.677093
20.336000,2595.792000,0.763497
7.216000,1077.808000,0.672273
5.904000,845.584000,1.451116
5.904000,1586.864000,0.666022
29.520000,694.704000,0.970078
32.144000,437.552000,1.138926
15.088000,1861.072000,1.012280
3.280000,1433.360000,0.806885
7.216000,457.232000,1.170683
32.144000,2851.632000,0.889488
38.704000,2868.688000,0.722346
16.400000,574.000000,0.849172
5.904000,1041.072000,0.678866
37.392000,1855.824000,1.190415
15.088000,2724.368000,1.033241
26.896000,2367.504000,1.694521
19.024000,2359.632000,0.819156
8.528000,1716.752000,0.669139
20.336000,1055.504000,1.482590
25.584000,1020.080000,1.426459
12.464000,2330.768000,1.127676
19.024000,1073.872000,0.941797
22.960000,1598.672000,1.281965
12.464000,2097.232000,0.844602
7.216000,761.616000,0.913903
28.208000,2161.520000,1.031281
33.456000,3135.024000,0.929322
26.896000,2301.904000,1.022674
0.656000,2198.256000,0.863834
8.528000,2842.448000,0.829549
7.216000,2305.840000,0.771866
36.080000,627.792000,0.715591
26.896000,2728.304000,0.725636
36.080000,2583.984000,0.809069
30.832000,1157.840000,0.670503
15.088000,1862.384000,0.920994
17.712000,2968.400000,0.777568
24.272000,454.608000,1.073015
19.024000,385.072000,0.692244
4.592000,2682.384000,0.681729
36.080000,2324.208000,0.829054
3.280000,907.248000,1.422431
28.208000,3222.928000,1.402776
36.080000,832.464000,1.491563
4.592000,1412.368000,1.558163
30.832000,949.232000,0.940167
17.712000,542.512000,0.836966
30.832000,3131.088000,0.879114
36.080000,2870.000000,2.180601
8.528000,2910.672000,0.958730
12.464000,1615.728000,1.067639
26.896000,2690.256000,0.671807
36.080000,3089.104000,1.023387
4.592000,1723.312000,1.048007
21.648000,408.688000,0.840003
36.080000,2149.712000,0.665399
36.080000,221.072000,0.766279
15.088000,1320.528000,0.974170
32.144000,532.016000,0.922479
8.528000,2751.920000,0.932919
20.336000,1184.080000,1.044788
34.768000,2678.448000,0.663331
19.024000,664.528000,1.261379
24.272000,2034.256000,0.967709
12.464000,2934.288000,0.755516
8.528000,626.480000,0.802013
12.464000,2469.840000,0.678371
30.832000,1009.584000,1.298440
38.704000,890.192000,0.977157
17.712000,1302.160000,1.152168
33.456000,2217.936000,0.920455
11.152000,2539.376000,0.733906
4.592000,2947.408000,0.935129
12.464000,2430.480000,0.926211
38.704000,2948.720000,0.957252
37.392000,2708.624000,0.880715
21.648000,1464.848000,0.782454
24.272000,343.088000,0.756502
9.840000,1449.104000,0.683139
33.456000,2675.824000,0.768098
9.840000,3204.560000,0.658690
24.272000,3116.656000,0.860611
17.712000,1640.656000,0.962485
1.968000,2343.888000,0.730163
33.456000,631.728000,0.792030
37.392000,389.008000,1.216208
34.768000,2796.528000,0.759449
11.152000,328.656000,0.896482
3.280000,2779.472000,0.789580
16.400000,2770.288000,0.907528
4.592000,2128.720000,1.152334
13.776000,2498.704000,0.879604
1.968000,2401.616000,0.705282
19.024000,75.440000,1.225735
22.960000,1312.656000,0.804309
29.520000,2968.400000,0.755973
11.152000,1804.656000,0.674019
13.776000,1561.936000,0.752035
4.592000,3047.120000,1.571553
36.080000,837.712000,0.930241
37.392000,5.904000,1.025101
21.648000,629.104000,0.721474
20.336000,1271.984000,1.106859
30.832000,2829.328000,1.139730
16.400000,2060.496000,0.710180
13.776000,2540.688000,0.704289
20.336000,787.856000,0.742365
28.208000,3133.712000,1.278639
33.456000,1691.824000,0.741861
15.088000,1013.520000,0.853326
3.280000,2581.360000,1.124136
7.216000,2312.400000,1.497001
37.392000,821.968000,0.875173
25.584000,964.976000,0.758376
36.080000,1711.504000,0.921150
21.648000,118.736000,0.910079
1.968000,1767.920000,1.202711
34.768000,2543.312000,0.955041
17.712000,1367.760000,0.702312
25.584000,685.520000,0.718849
22.960000,1710.192000,0.795632
28.208000,1518.640000,1.216541
32.144000,1295.600000,1.165075
21.648000,3183.568000,0.696328
8.528000,446.736000,2.392290
13.776000,2347.824000,1.156340
25.584000,2950.032000,0.758339
21.648000,2489.520000,1.064410
15.088000,2328.144000,0.788388
32.144000,3060.240000,1.200614
36.080000,2194.320000,0.731902
9.840000,1111.920000,0.668081
24.272000,2021.136000,0.820070
36.080000,1382.192000,0.891116
21.648000,2482.960000,0.826856
28.208000,2280.912000,1.002043
32.144000,3149.456000,0.954247
25.584000,2986.768000,0.927482
20.336000,798.352000,0.979376
25.584000,854.768000,1.490528
7.216000,2578.736000,0.917701
17.712000,2345.200000,0.797287
34.768000,1114.544000,0.806558
16.400000,218.448000,1.246423
17.712000,1462.224000,1.162489
3.280000,2018.512000,0.862880
36.080000,2084.112000,0.737827
4.592000,789.168000,0.667320
19.024000,793.104000,0.800272
38.704000,2750.608000,1.200402
25.584000,243.376000,0.896634
26.896000,327.344000,0.978947
0.656000,713.072000,0.656134
15.088000,1934.544000,1.477942
11.152000,1324.464000,0.802445
13.776000,1220.816000,0.821375
12.464000,287.984000,0.787177
8.528000,1468.784000,0.812531
34.768000,1796.784000,1.190516
28.208000,196.144000,0.724377
9.840000,1603.920000,1.147574
26.896000,574.000000,0.877725
19.024000,488.720000,0.969764
16.400000,129.232000,0.863609
0.656000,2172.016000,0.715321
1.968000,2633.840000,0.662203
9.840000,992.528000,0.674404
37.392000,83.312000,0.836103
3.280000,2867.376000,1.109434
24.272000,2181.200000,1.489459
34.768000,2870.000000,0.671442
25.584000,2341.264000,0.682423
15.088000,1093.552000,0.717186
38.704000,71.504000,0.961369
9.840000,2843.760000,0.963321
32.144000,537.264000,0.677838
26.896000,3192.752000,0.818491
16.400000,2894.928000,0.928190
11.152000,493.968000,0.762100
21.648000,2195.632000,0.970062
16.400000,992.528000,0.960854
7.216000,2010.640000,0.717087
38.704000,1892.560000,0.801766
4.592000,1233.936000,0.691053
32.144000,2224.496000,0.658534
22.960000,318.160000,1.264691
16.400000,1244.432000,1.023889
24.272000,3184.880000,0.796449
12.464000,572.688000,1.087629
0.656000,398.192000,0.710081
19.024000,2868.688000,0.678885
36.080000,1254.928000,0.926590
16.400000,1.968000,0.844086
32.144000,663.216000,0.694321
32.144000,1230.000000,0.899134
8.528000,1533.072000,1.180207
4.592000,1237.872000,1.079416
8.528000,1715.440000,0.838324
7.216000,1026.640000,0.804638
1.968000,1997.520000,1.016166
37.392000,2535.440000,0.829675
17.712000,1025.328000,0.996766
19.024000,2896.240000,0.920345
13.776000,672.400000,0.673087
37.392000,378.512000,1.420823
3.280000,1299.536000,0.926561
13.776000,1803.344000,0.703132
15.088000,675.024000,0.671157
21.648000,305.040000,0.710505
11.152000,2122.160000,0.955909
25.584000,2568.240000,0.685570
9.840000,85.936000,1.711864
19.024000,1728.560000,0.689073
9.840000,1400.560000,0.845367
1.968000,2565.616000,1.839353
4.592000,2015.888000,1.048539
34.768000,2753.232000,0.862290
20.336000,207.952000,0.702570
9.840000,797.040000,1.057239
19.024000,231.568000,0.738134
13.776000,2332.080000,0.821559
36.080000,3045.808000,0.724410
20.336000,1466.160000,0.890700
7.216000,1998.832000,1.631052
15.088000,1104.048000,0.872549
9.840000,2168.080000,0.814269
17.712000,863.952000,1.187445
36.080000,755.056000,1.360410
24.272000,75.440000,0.668074
34.768000,724.880000,1.490259
25.584000,1813.840000,0.677206
36.080000,727.504000,0.891632
29.520000,324.720000,1.074177
36.080000,1636.720000,0.915315
38.704000,3221.616000,0.679653
19.024000,615.984000,1.107767
33.456000,2985.456000,0.713819
16.400000,2266.480000,1.532266
19.024000,1312.656000,0.770888
13.776000,795.728000,1.176183
16.400000,2317.648000,0.725154
37.392000,2808.336000,0.690177
24.272000,2812.272000,1.221019
29.520000,239.440000,0.707151
1.968000,5.904000,0.878478
16.400000,1798.096000,0.796517
9.840000,211.888000,0.726982
15.088000,137.104000,1.120723
19.024000,1353.328000,0.727951
26.896000,2031.632000,0.665817
9.840000,993.840000,1.030456
33.456000,2729.616000,0.808883
34.768000,2214.000000,0.809407
25.584000,2199.568000,0.776042
25.584000,3.280000,1.114616
15.088000,3039.248000,1.146165
21.648000,2223.184000,1.382041
22.960000,1632.784000,0.745064
38.704000,2467.216000,1.271618
0.656000,2523.632000,1.486555
21.648000,354.896000,0.998533
20.336000,971.536000,0.660982
19.024000,598.928000,0.905935
29.520000,84.624000,0.999142
25.584000,3137.648000,0.723174
25.584000,2721.744000,1.143617
29.520000,852.144000,0.956313
13.776000,1390.064000,0.847492
7.216000,230.256000,0.801268
25.584000,1403.184000,0.894870
26.896000,724.880000,1.038235
24.272000,3023.504000,0.715837
25.584000,1719.376000,0.973334
9.840000,483.472000,0.700334
4.592000,465.104000,0.661410
37.392000,232.880000,1.550126
5.904000,2582.672000,0.702250
4.592000,361.456000,0.708028
13.776000,209.264000,0.775168
5.904000,1606.544000,1.046306
20.336000,2341.264000,1.372332
36.080000,526.768000,0.833274
4.592000,594.992000,0.951185
37.392000,1906.992000,0.685268
22.960000,2980.208000,1.139026
3.280000,655.344000,1.451695
19.024000,777.360000,0.734274
29.520000,3180.944000,1.840436
15.088000,2433.104000,0.680984
0.656000,1964.720000,0.966816
38.704000,1504.208000,0.769301
24.272000,2042.128000,1.714216
38.704000,2623.344000,2.142195
16.400000,3145.520000,0.797907
25.584000,1081.744000,1.119133
3.280000,2729.616000,1.343308
32.144000,1918.800000,1.143670
15.088000,2498.704000,0.706734
29.520000,597.616000,1.374553
24.272000,2818.832000,0.824794
26.896000,1214.256000,0.724171
17.712000,251.248000,0.675714
13.776000,1546.192000,0.657989
1.968000,3002.512000,0.693022
26.896000,2619.408000,0.818086
5.904000,2198.256000,0.914515
25.584000,2231.056000,0.994419
26.896000,186.960000,0.659793
26.896000,383.760000,1.365509
12.464000,364.080000,0.966454
34.768000,127.920000,1.224496
29.520000,453.296000,0.958227
26.896000,2170.704000,2.140296
19.024000,3053.680000,1.443334
5.904000,253.872000,0.839348
13.776000,1994.896000,1.125006
38.704000,1353.328000,0.806421
34.768000,2763.728000,1.579946
36.080000,1702.320000,0.888397
1.968000,2082.800000,0.957235
9.840000,2729.616000,0.850146
0.656000,2786.032000,1.074999
12.464000,2879.184000,1.269955
26.896000,2342.576000,0.738164
30.832000,3060.240000,0.717052
0.656000,1109.296000,0.739391
34.768000,2770.288000,1.909108
7.216000,3039.248000,1.077430
32.144000,1282.480000,1.176094
25.584000,1283.792000,0.760649
34.768000,1669.520000,0.900400
26.896000,797.040000,1.230350
4.592000,1728.560000,1.432518
33.456000,416.560000,0.866222
16.400000,2391.120000,0.706195
9.840000,1115.856000,1.043757
37.392000,1155.216000,1.500235
36.080000,2505.264000,0.775540
28.208000,2640.400000,1.093262
34.768000,1006.960000,0.742026
1.968000,1439.920000,1.062547
33.456000,155.472000,0.834734
0.656000,1047.632000,0.751345
25.584000,2501.328000,0.873656
15.088000,1212.944000,1.291300
13.776000,1148.656000,1.129483
21.648000,2097.232000,0.715418
3.280000,2120.848000,1.173314
3.280000,2318.960000,1.151277
38.704000,1686.576000,1.074324
0.656000,1872.880000,0.691903
5.904000,1131.600000,1.083453
30.832000,1964.720000,0.836429
33.456000,1102.736000,0.819320
24.272000,375.888000,0.968722
22.960000,1426.800000,0.769735
5.904000,1876.816000,0.757322
3.280000,1628.848000,0.804787
8.528000,1378.256000,1.142522
17.712000,800.976000,0.762046
5.904000,188.272000,1.617643
29.520000,2371.440000,0.660689
1.968000,1446.480000,0.891211
12.464000,1379.568000,0.699718
33.456000,483.472000,0.747463
11.152000,2145.776000,1.815567
37.392000,17.712000,1.876249
21.648000,3048.432000,1.133133
25.584000,1289.040000,0.706562
29.520000,1648.528000,0.888942
34.768000,1623.600000,0.807571
36.080000,1201.136000,1.772473
22.960000,1924.048000,0.905113
17.712000,1551.440000,1.153061
17.712000,1219.504000,0.726922
4.592000,597.616000,1.245871
38.704000,3161.264000,1.694795
30.832000,1795.472000,1.787963
30.832000,2053.936000,1.119259
26.896000,336.528000,0.881071
32.144000,2552.496000,0.901742
26.896000,1391.376000,0.707391
19.024000,1685.264000,0.964391
28.208000,22.960000,1.425518
28.208000,1636.720000,1.152908
8.528000,2829.328000,1.150462
37.392000,3022.192000,1.488570
24.272000,2270.416000,0.717200
17.712000,1390.064000,1.072353
0.656000,1492.400000,0.802917
24.272000,2650.896000,0.724516
34.768000,2240.240000,2.859734
22.960000,2357.008000,0.745784
25.584000,709.136000,0.668258
26.896000,562.192000,1.263655
4.592000,2056.560000,1.488077
8.528000,1670.832000,1.494945
26.896000,2145.776000,1.122178
19.024000,1147.344000,1.298856
19.024000,1854.512000,1.000644
34.768000,647.472000,1.161282
30.832000,2114.288000,1.469030
33.456000,66.256000,0.857922
28.208000,458.544000,0.936664
25.584000,1660.336000,1.003069
15.088000,1647.216000,0.746779
34.768000,1252.304000,0.935818
5.904000,186.960000,0.833029
19.024000,1674.768000,0.770135
38.704000,1739.056000,1.116519
9.840000,121.360000,0.822624
13.776000,310.288000,1.633658
15.088000,2233.680000,0.801892
33.456000,756.368000,0.661487
0.656000,3010.384000,1.534958
13.776000,1224.752000,0.905736
9.840000,2678.448000,0.660053
16.400000,3137.648000,0.680682
11.152000,1395.312000,0.879915
12.464000,190.896000,1.151468
13.776000,311.600000,0.879223
1.968000,232.880000,0.931974
37.392000,715.696000,0.941707
12.464000,1420.240000,0.817517
11.152000,5.904000,0.715056
26.896000,1418.928000,0.908651
7.216000,1851.888000,0.671292
7.216000,1779.728000,0.879392
3.280000,3216.368000,0.760159
22.960000,2911.984000,0.718458
19.024000,2287.472000,1.014571
28.208000,957.104000,0.709961
21.648000,2427.856000,0.916082
12.464000,2942.160000,1.302886
7.216000,1605.232000,0.719490
7.216000,3135.024000,0.924706
15.088000,2195.632000,0.886899
17.712000,2514.448000,1.284401
33.456000,210.576000,0.915411
12.464000,1800.720000,0.665179
0.656000,2309.776000,0.848588
24.272000,332.592000,0.820498
26.896000,1416.304000,1.207169
0.656000,1214.256000,0.971429
1.968000,978.096000,1.640131
19.024000,1668.208000,0.670833
20.336000,2494.768000,0.664418
28.208000,829.840000,1.671141
26.896000,331.280000,0.782835
22.960000,2262.544000,0.889680
17.712000,2623.344000,0.836487
25.584000,1174.896000,0.992466
9.840000,958.416000,1.023261
20.336000,1492.400000,1.052098
11.152000,113.488000,1.067289
21.648000,183.024000,0.726078
7.216000,1157.840000,0.767486
3.280000,1547.504000,0.729702
1.968000,1691.824000,1.622967
4.592000,2225.808000,0.658575
36.080000,76.752000,1.017157
13.776000,38.704000,0.832619
30.832000,3077.296000,0.688417
20.336000,3030.064000,0.745393
15.088000,2967.088000,1.212361
8.528000,43.952000,0.807608
26.896000,853.456000,0.673574
7.216000,2283.536000,0.674714
34.768000,318.160000,0.667978
4.592000,1855.824000,1.296574
25.584000,427.056000,0.848529
3.280000,2496.080000,1.840366
5.904000,1073.872000,0.679543
26.896000,2482.960000,0.818707
30.832000,2698.128000,0.758841
20.336000,3213.744000,0.677559
9.840000,1408.432000,1.741323
12.464000,3093.040000,1.307470
32.144000,3169.136000,1.410165
36.080000,1821.712000,0.915708
37.392000,303.728000,0.728383
13.776000,2641.712000,0.805308
19.024000,72.816000,0.760636
29.520000,235.504000,0.996864
9.840000,2519.696000,0.690522
19.024000,829.840000,0.799028
28.208000,1664.272000,0.749092
26.896000,301.104000,0.702516
22.960000,1455.664000,0.890758
24.272000,1278.544000,0.935764
1.968000,773.424000,0.774942
37.392000,1782.352000,0.933325
25.584000,2366.192000,1.238926
11.152000,374.576000,0.963316
12.464000,555.632000,0.968778
15.088000,320.784000,1.150091
11.152000,2788.656000,1.229374
9.840000,185.648000,1.741136
32.144000,1235.248000,0.774412
19.024000,368.016000,1.465831
37.392000,1247.056000,1.309459
22.960000,3140.272000,0.965230
1.968000,1289.040000,0.712129
29.520000,1361.200000,0.922847
28.208000,1880.752000,0.838951
15.088000,2010.640000,0.720506
37.392000,1422.864000,1.237544
9.840000,193.520000,0.707757
1.968000,1113.232000,0.986092
8.528000,2014.576000,1.072790
15.088000,1886.000000,0.755805
8.528000,3167.824000,0.870131
25.584000,50.512000,2.197637
28.208000,1649.840000,1.191573
16.400000,766.864000,2.458107
1.968000,466.416000,1.022352
32.144000,2322.896000,0.726868
34.768000,2292.720000,1.383203
15.088000,51.824000,1.148967
5.904000,1977.840000,1.140685
25.584000,2543.312000,0.778066
3.280000,1052.880000,0.667475
21.648000,2662.704000,1.758096
19.024000,2095.920000,1.196662
17.712000,70.192000,2.003381
37.392000,2081.488000,1.138170
16.400000,3135.024000,0.785738
1.968000,17.712000,0.736274
29.520000,1715.440000,1.110061
37.392000,1493.712000,0.668432
13.776000,479.536000,0.798892
7.216000,1980.464000,1.394761
9.840000,2337.328000,1.465222
5.904000,1878.128000,0.953323
37.392000,2955.280000,0.800127
1.968000,1964.720000,1.052179
12.464000,2305.840000,0.735358
21.648000,1047.632000,1.822646
34.768000,1414.992000,0.855889
0.656000,787.856000,1.271826
0.656000,2261.232000,1.040079
22.960000,1977.840000,0.970659
37.392000,242.064000,0.843923
28.208000,1903.056000,0.973507
30.832000,916.432000,0.936783
12.464000,541.200000,0.843515
15.088000,1248.368000,0.708167
30.832000,83.312000,0.869448
16.400000,333.904000,0.711013
7.216000,2338.640000,0.883581
13.776000,2206.128000,0.683758
9.840000,1169.648000,1.080522
29.520000,432.304000,1.384756
17.712000,2013.264000,1.037957
38.704000,2078.864000,1.100567
38.704000,2416.048000,1.563527
37.392000,2193.008000,0.922502
0.656000,2068.368000,0.794515
20.336000,2509.200000,0.850748
29.520000,1647.216000,0.684010
15.088000,1325.776000,0.956240
26.896000,693.392000,0.778868
33.456000,1669.520000,0.881798
32.144000,2443.600000,0.820562
9.840000,777.360000,1.190280
7.216000,1518.640000,0.922388
24.272000,1193.264000,1.074835
12.464000,2107.728000,1.168054
19.024000,968.912000,0.844955
29.520000,2061.808000,1.032248
29.520000,1408.432000,1.111966
25.584000,694.704000,0.949235
25.584000,706.512000,0.812045
24.272000,230.256000,0.892060
12.464000,1387.440000,0.753588
38.704000,1010.896000,0.743689
33.456000,2518.384000,0.708698
26.896000,988.592000,1.026252
22.960000,80.688000,0.792267
28.208000,1648.528000,0.707002
3.280000,1993.584000,0.675727
28.208000,198.768000,0.850782
15.088000,572.688000,0.981617
29.520000,768.176000,1.143610
25.584000,1972.592000,1.166959
21.648000,1349.392000,1.004605
1.968000,371.952000,0.764468
3.280000,2712.560000,0.987942
5.904000,2490.832000,1.300053
36.080000,1350.704000,0.697900
9.840000,1795.472000,0.713482
30.832000,1761.360000,0.770910
36.080000,2999.888000,0.961851
38.704000,2890.992000,0.969517
16.400000,835.088000,1.141446
28.208000,1046.320000,0.742171
15.088000,3061.552000,0.888248
12.464000,2090.672000,1.159622
19.024000,1000.400000,0.788716
26.896000,2629.904000,1.422553
34.768000,1703.632000,0.670789
8.528000,2128.720000,0.682477
0.656000,602.864000,1.133928
33.456000,1109.296000,1.367697
29.520000,1506.832000,0.819864
4.592000,1446.480000,1.591323
12.464000,1589.488000,0.959700
15.088000,1893.872000,0.689798
4.592000,47.888000,0.724908
0.656000,2614.160000,0.875913
5.904000,2767.664000,0.685451
38.704000,1977.840000,0.997439
12.464000,382.448000,0.658376
11.152000,2862.128000,0.677359
32.144000,358.832000,0.808179
17.712000,1563.248000,0.660440
17.712000,2366.192000,0.731381
15.088000,34.768000,0.799330
37.392000,2902.800000,2.134194
22.960000,1094.864000,0.885753
37.392000,769.488000,0.666785
38.704000,1230.000000,0.692582
33.456000,930.864000,0.732303
24.272000,2644.336000,1.478953
30.832000,2536.752000,1.411959
8.528000,1895.184000,1.167165
36.080000,491.344000,1.065448
4.592000,1341.520000,1.286226
11.152000,2136.592000,0.983947
37.392000,2233.680000,0.729808
26.896000,1114.544000,0.730556
20.336000,2200.880000,0.879193
1.968000,1565.872000,1.073052
15.088000,698.640000,0.992705
11.152000,3132.400000,0.707291
37.392000,1401.872000,0.759320
16.400000,3141.584000,0.907322
5.904000,2768.976000,0.951718
24.272000,936.112000,1.167385
25.584000,255.184000,0.661408
34.768000,1323.152000,0.795980
36.080000,1068.624000,0.763144
30.832000,556.944000,0.765942
17.712000,3222.928000,0.920859
33.456000,1533.072000,0.678263
32.144000,2628.592000,1.723973
13.776000,507.088000,1.814206
16.400000,514.960000,1.231650
38.704000,1775.792000,1.098819
1.968000,1796.784000,0.741425
38.704000,1170.960000,0.699225
17.712000,2649.584000,0.806062
25.584000,402.128000,0.710344
0.656000,1030.576000,1.438367
22.960000,987.280000,0.753867
1.968000,256.496000,0.710094
30.832000,2984.144000,0.756808
1.968000,627.792000,0.919877
9.840000,881.008000,0.921972
3.280000,3015.632000,1.042367
0.656000,1480.592000,0.787488
3.280000,276.176000,1.616604
24.272000,108.240000,1.410671
15.088000,2681.072000,0.711863
1.968000,2240.240000,0.923236
34.768000,1341.520000,1.016952
28.208000,911.184000,0.862504
29.520000,1588.176000,0.954814
1.968000,672.400000,0.679039
0.656000,2880.496000,0.676612
12.464000,1577.680000,1.129899
26.896000,1093.552000,0.747698
24.272000,43.952000,0.688277
37.392000,3069.424000,0.987520
29.520000,745.872000,0.756463
17.712000,1754.800000,0.893122
9.840000,732.752000,0.847629
8.528000,421.808000,1.090805
16.400000,1795.472000,0.836436
37.392000,1808.592000,0.743781
3.280000,3188.816000,0.961700
33.456000,2774.224000,1.786841
28.208000,1001.712000,1.189209
25.584000,3207.184000,0.914790
11.152000,159.408000,0.809112
3.280000,929.552000,0.735936
8.528000,2177.264000,2.324900
19.024000,2674.512000,0.831003
11.152000,832.464000,1.263009
9.840000,206.640000,1.513477
0.656000,85.936000,0.787890
7.216000,1996.208000,0.673958
28.208000,714.384000,1.152945
38.704000,1268.048000,0.744331
28.208000,1571.120000,1.360129
7.216000,57.072000,0.875052
0.656000,3047.120000,0.988317
8.528000,2870.000000,1.036039
11.152000,2211.376000,0.858317
19.024000,1321.840000,0.837953
13.776000,946.608000,1.024509
34.768000,1155.216000,0.904412
28.208000,2353.072000,0.824428
20.336000,2240.240000,1.167975
28.208000,1470.096000,0.707189
5.904000,1233.936000,0.841374
19.024000,280.112000,0.900229
8.528000,1838.768000,0.992340
16.400000,2906.736000,0.686950
5.904000,2237.616000,1.455888
21.648000,2972.336000,0.775349
12.464000,899.376000,1.020234
24.272000,929.552000,1.233430
24.272000,172.528000,0.734655
19.024000,3148.144000,0.780449
32.144000,1897.808000,3.009128
12.464000,2164.144000,1.067819
12.464000,1530.448000,0.681675
3.280000,2461.968000,0.918424
13.776000,1146.032000,0.963290
1.968000,1697.072000,1.020814
15.088000,471.664000,0.735992
28.208000,491.344000,0.704004
1.968000,534.640000,0.820275
26.896000,3041.872000,1.098390
25.584000,1147.344000,1.102893
7.216000,1517.328000,0.733361
19.024000,1278.544000,0.810780
15.088000,1476.656000,0.910528
29.520000,2196.944000,0.860859
25.584000,29.520000,1.164539
12.464000,1917.488000,0.670691
29.520000,2885.744000,0.672942
0.656000,181.712000,1.484418
7.216000,710.448000,1.843774
32.144000,1159.152000,2.217444
17.712000,2015.888000,0.674204
24.272000,1405.808000,0.673483
25.584000,1657.712000,0.751991
13.776000,608.112000,0.730016
24.272000,2753.232000,1.015041
25.584000,1699.696000,0.976852
20.336000,2119.536000,0.760423
16.400000,312.912000,0.709307
28.208000,1003.024000,0.796139
3.280000,162.032000,0.870029
32.144000,1329.712000,1.470089
13.776000,2599.728000,0.730733
37.392000,1922.736000,0.898772
15.088000,3173.072000,1.606542
29.520000,379.824000,1.102853
9.840000,1585.552000,0.797510
0.656000,907.248000,0.810814
20.336000,315.536000,1.192282
8.528000,812.784000,0.811448
25.584000,583.184000,0.757518
38.704000,354.896000,0.798107
36.080000,2089.360000,1.587892
4.592000,2346.512000,1.118549
37.392000,1349.392000,0.857616
12.464000,1899.120000,1.331501
28.208000,1184.080000,0.661606
36.080000,294.544000,0.737262
28.208000,962.352000,1.163119
11.152000,1504.208000,0.807585
13.776000,734.064000,0.748841
30.832000,181.712000,0.797032
16.400000,3115.344000,0.767656
38.704000,2080.176000,1.256781
21.648000,3016.944000,0.962401
26.896000,1632.784000,0.662095
5.904000,2153.648000,0.899084
33.456000,357.520000,0.803708
33.456000,2375.376000,0.684184
22.960000,2065.744000,1.237845
7.216000,1210.320000,1.007082
3.280000,1811.216000,2.352844
8.528000,2888.368000,0.889574
11.152000,647.472000,0.722999
1.968000,3201.936000,1.561518
20.336000,142.352000,0.701764
12.464000,2511.824000,1.198833
29.520000,335.216000,1.016309
1.968000,2921.168000,0.784414
3.280000,835.088000,0.945605
9.840000,240.752000,0.842205
1.968000,1701.008000,1.236916
34.768000,209.264000,0.936061
15.088000,2040.816000,0.868737
4.592000,1071.248000,1.260802
12.464000,755.056000,0.960339
30.832000,1373.008000,1.066217
20.336000,1243.120000,0.892385
8.528000,2266.480000,0.690218
5.904000,2280.912000,0.778296
5.904000,1714.128000,0.720494
11.152000,3103.536000,0.741678
38.704000,1439.920000,0.921097
12.464000,1359.888000,1.150706
13.776000,1104.048000,0.719827
16.400000,1841.392000,0.720672
24.272000,2065.744000,0.946871
29.520000,720.944000,1.032733
28.208000,862.640000,1.214957
4.592000,554.320000,0.930896
37.392000,2048.688000,0.671155
15.088000,3066.800000,1.190448
3.280000,1226.064000,1.064991
8.528000,3170.448000,1.756149
26.896000,323.408000,1.090329
32.144000,2649.584000,0.699945
36.080000,1235.248000,0.688615
17.712000,1899.120000,0.834294
30.832000,584.496000,1.149366
9.840000,675.024000,1.413847
37.392000,434.928000,0.714765
24.272000,1041.072000,0.698663
17.712000,1857.136000,0.698887
38.704000,1833.520000,1.302155
15.088000,1538.320000,1.532219
26.896000,308.976000,1.138089
9.840000,3094.352000,0.665355
8.528000,274.864000,0.750812
20.336000,2678.448000,2.318963
1.968000,2570.864000,1.471940
16.400000,2989.392000,0.868487
21.648000,1202.448000,0.793836
1.968000,1704.944000,0.825917
1.968000,2139.216000,0.952423
7.216000,2614.160000,0.757335
5.904000,3194.064000,0.804421
15.088000,2863.440000,0.862691
16.400000,181.712000,0.667351
1.968000,1001.712000,0.891526
7.216000,1552.752000,1.222664
38.704000,856.080000,0.724169
3.280000,1281.168000,0.948319
19.024000,2973.648000,1.098702
33.456000,761.616000,0.783971
25.584000,2486.896000,0.954934
1.968000,2044.752000,1.182377
7.216000,1258.864000,0.802567
36.080000,547.760000,2.265301
32.144000,223.696000,1.229045
16.400000,1830.896000,0.755620
12.464000,629.104000,0.868931
7.216000,827.216000,0.681702
12.464000,2446.224000,0.826938
9.840000,3213.744000,0.713636
19.024000,765.552000,0.698767
38.704000,711.760000,0.672559
13.776000,3203.248000,1.474137
32.144000,2187.760000,1.155737
13.776000,2914.608000,0.678870
25.584000,504.464000,0.767910
0.656000,870.512000,0.844530
36.080000,1191.952000,0.700135
17.712000,1841.392000,1.737540
5.904000,1640.656000,1.151599
26.896000,2153.648000,0.656310
36.080000,677.648000,1.798493
7.216000,204.016000,1.022835
33.456000,942.672000,1.061635
8.528000,3057.616000,1.703710
0.656000,1859.760000,0.935643
32.144000,1383.504000,0.899545
19.024000,2452.784000,0.934647
16.400000,2960.528000,0.776023
38.704000,839.024000,0.878569
8.528000,3104.848000,0.674573
12.464000,886.256000,0.979208
9.840000,1320.528000,0.755089
4.592000,2172.016000,1.022296
30.832000,227.632000,0.795721
19.024000,2036.880000,0.687118
30.832000,668.464000,0.665621
33.456000,806.224000,0.667708
33.456000,1227.376000,0.942002
22.960000,148.912000,0.721303
5.904000,1035.824000,0.733647
21.648000,2085.424000,0.715670
32.144000,1468.784000,1.051813
12.464000,560.880000,0.929137
16.400000,2514.448000,0.791744
0.656000,710.448000,1.482583
17.712000,2817.520000,1.420020
0.656000,968.912000,0.718031
3.280000,2414.736000,0.768346
16.400000,214.512000,0.680261
13.776000,1551.440000,0.854967
30.832000,968.912000,1.032777
28.208000,1428.112000,0.670746
19.024000,1754.800000,0.751142
21.648000,1628.848000,0.948830
22.960000,328.656000,0.895989
22.960000,2102.480000,0.848040
24.272000,307.664000,0.792377
4.592000,3141.584000,0.849959
19.024000,1729.872000,0.850904
24.272000,1315.280000,0.755638
26.896000,1564.560000,0.700806
34.768000,1964.720000,0.871921
28.208000,581.872000,0.880847
22.960000,833.776000,0.974042
3.280000,1479.280000,0.888037
22.960000,1342.832000,0.727169
22.960000,1597.360000,0.821949
22.960000,209.264000,1.114729
36.080000,1220.816000,1.168525
20.336000,2360.944000,0.756093
33.456000,404.752000,1.507857
33.456000,1908.304000,0.860911
12.464000,825.904000,0.841286
3.280000,2730.928000,0.726462
5.904000,307.664000,0.909519
16.400000,1256.240000,0.895593
13.776000,2286.160000,1.444845
11.152000,2481.648000,1.090202
22.960000,1758.736000,1.258727
26.896000,2287.472000,0.686983
1.968000,1968.656000,1.121421
36.080000,651.408000,0.694652
20.336000,2914.608000,0.931378
5.904000,2013.264000,0.742126
24.272000,954.480000,1.712890
3.280000,3001.200000,0.749746
22.960000,1245.744000,0.738197
11.152000,204.016000,0.788278
21.648000,962.352000,0.847580
38.704000,2488.208000,0.848204
1.968000,2145.776000,1.186102
33.456000,1413.680000,0.657748
4.592000,1609.168000,1.454126
38.704000,1048.944000,0.724020
4.592000,3022.192000,0.831883
34.768000,1722.000000,0.971691
0.656000,3002.512000,0.914018
19.024000,743.248000,1.559222
36.080000,1062.064000,0.991457
8.528000,829.840000,1.332416
16.400000,717.008000,0.914607
7.216000,3179.632000,1.300725
21.648000,1489.776000,1.485953
15.088000,2723.056000,0.729758
8.528000,257.808000,0.713082
38.704000,1922.736000,0.999490
34.768000,1395.312000,0.996854
13.776000,1763.984000,1.163895
30.832000,828.528000,1.016156
16.400000,2271.728000,0.692718
38.704000,1537.008000,1.384987
0.656000,293.232000,1.061776
29.520000,731.440000,0.756117
19.024000,2841.136000,0.873631
33.456000,954.480000,1.071285
22.960000,85.936000,1.122000
1.968000,243.376000,0.811562
3.280000,575.312000,0.817355
4.592000,2048.688000,1.120735
37.392000,594.992000,0.768746
9.840000,117.424000,0.931338
26.896000,1750.864000,0.828905
7.216000,1174.896000,1.247580
37.392000,947.920000,1.216826
21.648000,3203.248000,0.913315
9.840000,3123.216000,0.701731
19.024000,576.624000,2.698905
20.336000,1412.368000,0.816109
28.208000,621.232000,0.995228
20.336000,940.048000,0.676616
32.144000,2599.728000,0.960193
8.528000,2250.736000,0.820678
33.456000,379.824000,0.672314
30.832000,1408.432000,1.415544
38.704000,3216.368000,1.197195
7.216000,854.768000,1.783134
21.648000,2633.840000,1.021425
25.584000,181.712000,0.862645
13.776000,247.312000,1.335967
20.336000,887.568000,1.338886
37.392000,1872.880000,0.684538
37.392000,101.680000,1.275222
25.584000,2988.080000,0.749482
12.464000,1569.808000,0.787222
33.456000,2859.504000,1.192471
28.208000,3089.104000,0.956030
32.144000,2612.848000,0.715188
37.392000,2982.832000,1.285153
38.704000,654.032000,0.738643
7.216000,1450.416000,0.918099
37.392000,1278.544000,1.044625
22.960000,305.040000,1.635050
7.216000,231.568000,0.687091
25.584000,1224.752000,1.318111
25.584000,1568.496000,1.093989
15.088000,829.840000,0.666325
11.152000,1573.744000,1.310240
32.144000,3212.432000,0.940353
25.584000,814.096000,0.881131
30.832000,1289.040000,0.843588
0.656000,690.768000,1.283422
25.584000,3170.448000,0.840964
26.896000,3083.856000,0.725409
5.904000,2585.296000,0.715327
21.648000,1547.504000,0.677431
7.216000,974.160000,0.677630
29.520000,2367.504000,0.682688
15.088000,2253.360000,0.695528
34.768000,2990.704000,0.891751
11.152000,3144.208000,1.508107
16.400000,2758.480000,0.995512
24.272000,2389.808000,0.957817
29.520000,1191.952000,0.689860
17.712000,2812.272000,0.813322
3.280000,594.992000,1.212526
30.832000,2843.760000,0.775644
32.144000,1703.632000,0.837577
30.832000,1417.616000,0.752732
36.080000,1247.056000,0.834212
38.704000,46.576000,0.804210
36.080000,1138.160000,0.696394
30.832000,2252.048000,0.661595
8.528000,1060.752000,0.694144
15.088000,2242.864000,0.789821
34.768000,1353.328000,1.366901
9.840000,1418.928000,0.981666
17.712000,2950.032000,0.690794
34.768000,448.048000,0.752593
28.208000,462.480000,0.672635
28.208000,1964.720000,0.674148
25.584000,366.704000,0.663576
5.904000,217.136000,0.758003
3.280000,196.144000,1.253989
0.656000,1498.960000,1.413931
12.464000,2778.160000,1.083443
17.712000,1984.400000,0.808314
9.840000,2636.464000,0.697007
9.840000,2419.984000,1.007072
37.392000,2076.240000,0.763690
0.656000,1295.600000,0.817449
13.776000,2754.544000,1.128421
0.656000,1769.232000,1.382346
26.896000,438.864000,0.739257
13.776000,2196.944000,0.951487
4.592000,3220.304000,0.755260
13.776000,1405.808000,0.791679
11.152000,476.912000,1.057441
34.768000,857.392000,0.731411
4.592000,1830.896000,0.708345
0.656000,2349.136000,0.716158
20.336000,1547.504000,0.761802
12.464000,797.040000,1.050769
9.840000,1836.144000,0.721776
7.216000,997.776000,0.686698
26.896000,428.368000,1.874478
37.392000,3165.200000,0.883955
37.392000,2324.208000,0.713428
37.392000,1101.424000,0.893481
13.776000,1228.688000,1.085271
13.776000,50.512000,0.720432
33.456000,248.624000,1.134615
36.080000,953.168000,0.769078
26.896000,1464.848000,0.744477
1.968000,1788.912000,0.838652
1.968000,282.736000,1.264408
11.152000,2106.416000,0.834812
33.456000,2461.968000,0.997014
38.704000,524.144000,1.140413
33.456000,2248.112000,0.734043
32.144000,2303.216000,1.284228
13.776000,1459.600000,0.666703
33.456000,205.328000,0.755020
19.024000,1076.496000,1.284507
37.392000,705.200000,1.716087
3.280000,122.672000,0.674083
26.896000,2381.936000,0.733551
0.656000,526.768000,0.717952
13.776000,978.096000,1.117277
3.280000,297.168000,0.730540
26.896000,1879.440000,0.781424
34.768000,1857.136000,0.826681
30.832000,1546.192000,0.981106
5.904000,2707.312000,0.815082
1.968000,793.104000,0.693445
0.656000,1451.728000,1.213469
32.144000,1123.728000,0.833254
17.712000,1868.944000,1.109465
4.592000,2426.544000,1.080977
13.776000,2245.488000,1.474520
3.280000,1106.672000,0.773892
29.520000,908.560000,0.694788
30.832000,785.232000,1.615814
4.592000,891.504000,2.377521
11.152000,1202.448000,1.606573
36.080000,1664.272000,0.841087
15.088000,2194.320000,0.669099
15.088000,1046.320000,0.935024
30.832000,699.952000,1.178069
11.152000,1285.104000,1.046653
33.456000,2934.288000,0.930892
26.896000,2765.040000,0.755550
15.088000,2530.192000,0.952534
30.832000,1017.456000,0.791814
11.152000,497.904000,0.924648
7.216000,395.568000,1.458452
24.272000,160.720000,1.049934
4.592000,2728.304000,1.094657
22.960000,1199.824000,0.724356
1.968000,2713.872000,1.620642
34.768000,1808.592000,0.777886
26.896000,2890.992000,0.684108
37.392000,357.520000,1.078255
30.832000,734.064000,0.764678
20.336000,1963.408000,0.763576
5.904000,2542.000000,0.678778
8.528000,50.512000,0.674063
15.088000,1937.168000,0.755306
29.520000,2517.072000,1.316051
37.392000,1048.944000,0.692944
8.528000,1611.792000,0.686954
30.832000,1067.312000,1.070826
9.840000,37.392000,0.819979
13.776000,2427.856000,0.826607
17.712000,753.744000,0.909271
13.776000,1277.232000,0.749667
12.464000,242.064000,0.688836
30.832000,2326.832000,0.847719
12.464000,521.520000,0.770092
22.960000,142.352000,0.678973
28.208000,3.280000,0.839826
38.704000,1522.576000,1.358266
20.336000,782.608000,0.813687
29.520000,2252.048000,2.146663
20.336000,609.424000,1.651066
13.776000,873.136000,0.714653
26.896000,1981.776000,1.425913
11.152000,2374.064000,0.829357
15.088000,2488.208000,0.978349
37.392000,1449.104000,1.028284
15.088000,951.856000,0.745076
17.712000,3047.120000,0.659717
0.656000,1530.448000,0.859108
28.208000,1460.912000,1.218812
30.832000,2534.128000,0.778214
22.960000,2793.904000,1.275863
22.960000,654.032000,0.906475
5.904000,2101.168000,1.071700
33.456000,1766.608000,0.793621
21.648000,594.992000,0.686014
28.208000,736.688000,0.722941
19.024000,17.712000,0.725543
5.904000,1778.416000,0.675394
12.464000,344.400000,0.823873
12.464000,1375.632000,0.751455
36.080000,2528.880000,0.711941
3.280000,1382.192000,1.191547
30.832000,1623.600000,0.669184
1.968000,610.736000,0.932948
32.144000,130.544000,1.419758
8.528000,1985.712000,0.737146
26.896000,1575.056000,1.357560
8.528000,1727.248000,0.905882
19.024000,2758.480000,0.839446
33.456000,1941.104000,0.676648
5.904000,1038.448000,0.797990
38.704000,1197.200000,0.700853
24.272000,2568.240000,0.770603
29.520000,2867.376000,0.831486
7.216000,1651.152000,0.701273
22.960000,125.296000,0.684127
21.648000,1185.392000,1.210530
15.088000,345.712000,1.112027
9.840000,2316.336000,0.690513
12.464000,2437.040000,0.755321
16.400000,3081.232000,0.874837
38.704000,461.168000,0.703013
26.896000,1060.752000,1.072937
26.896000,2839.824000,0.779288
25.584000,344.400000,0.933427
25.584000,1736.432000,0.827939
3.280000,627.792000,1.321126
30.832000,999.088000,1.008507
26.896000,1252.304000,1.383508
16.400000,2590.544000,0.695953
9.840000,1312.656000,1.405811
33.456000,1223.440000,0.711299
17.712000,297.168000,1.004092
20.336000,2856.880000,1.029890
17.712000,1909.616000,0.716606
20.336000,2599.728000,0.690232
9.840000,671.088000,0.950902
8.528000,1866.320000,1.096647
32.144000,2486.896000,0.996639
3.280000,1216.880000,1.060027
36.080000,1130.288000,0.777555
3.280000,2185.136000,0.821645
33.456000,375.888000,0.997090
36.080000,2749.296000,1.604629
3.280000,890.192000,0.875363
25.584000,1631.472000,1.031538
24.272000,461.168000,0.838264
26.896000,2300.592000,0.775192
15.088000,2543.312000,0.703259
0.656000,490.032000,1.564201
0.656000,2089.360000,1.355863
12.464000,1493.712000,1.141928
26.896000,277.488000,0.971281
21.648000,823.280000,0.916126
4.592000,3120.592000,2.498263
28.208000,2237.616000,0.749025
5.904000,1853.200000,0.995616
4.592000,667.152000,0.776318
12.464000,28.208000,0.775310
21.648000,1796.784000,0.846656
1.968000,1373.008000,0.692827
5.904000,2766.352000,1.526857
19.024000,1037.136000,1.542738
8.528000,2830.640000,0.828779
7.216000,2660.080000,1.612793
0.656000,757.680000,0.823477
19.024000,492.656000,0.706812
33.456000,2611.536000,0.714666
28.208000,1854.512000,0.814583
5.904000,1880.752000,0.746819
0.656000,1533.072000,1.175617
17.712000,961.040000,1.018470
8.528000,2460.656000,1.082004
21.648000,59.696000,1.297181
15.088000,1711.504000,0.977125
33.456000,1568.496000,0.976028
1.968000,692.080000,1.482602
36.080000,2755.856000,1.896515
33.456000,1934.544000,0.658450
5.904000,2291.408000,0.819988
37.392000,455.920000,0.821128
7.216000,197.456000,0.841599
19.024000,718.320000,1.032558
17.712000,3023.504000,0.884260
26.896000,1163.088000,0.802088
16.400000,1424.176000,1.104658
32.144000,2091.984000,0.860625
25.584000,693.392000,0.825558
11.152000,2586.608000,0.713601
26.896000,1191.952000,1.253892
16.400000,995.152000,1.427461
34.768000,1140.784000,0.788989
4.592000,3195.376000,1.035225
38.704000,2977.584000,0.831432
12.464000,1723.312000,0.666784
22.960000,2259.920000,0.906880
0.656000,3116.656000,0.674341
15.088000,2871.312000,1.561222
36.080000,2489.520000,1.120334
13.776000,2573.488000,1.023418
9.840000,2640.400000,1.884112
7.216000,3072.048000,2.006672
30.832000,2851.632000,1.466922
36.080000,2540.688000,0.755986
13.776000,2433.104000,0.971685
19.024000,2291.408000,1.432350
38.704000,1018.768000,0.969702
32.144000,59.696000,1.538789
36.080000,2378.000000,0.859727
11.152000,2758.480000,0.664006
33.456000,606.800000,0.936531
20.336000,2120.848000,0.728731
30.832000,2332.080000,0.855881
24.272000,2911.984000,0.838133
36.080000,870.512000,0.805650
34.768000,2947.408000,0.663553
34.768000,2515.760000,0.802235
12.464000,1180.144000,0.878526
21.648000,537.264000,0.893038
38.704000,1299.536000,0.701899
36.080000,1564.560000,1.251819
8.528000,1157.840000,0.754805
26.896000,3078.608000,1.214296
15.088000,1565.872000,1.200222
25.584000,1611.792000,0.916072
16.400000,343.088000,0.836558
25.584000,3196.688000,0.796700
19.024000,1813.840000,0.672211
17.712000,3115.344000,0.773387
1.968000,265.680000,1.468484
37.392000,1645.904000,0.709701
22.960000,2551.184000,1.515062
21.648000,2047.376000,1.277697
0.656000,610.736000,0.745711
34.768000,1143.408000,1.396016
9.840000,1596.048000,1.254933
33.456000,2223.184000,0.864462
33.456000,2389.808000,0.732452
33.456000,1475.344000,2.269736
7.216000,3049.744000,0.893502
13.776000,2059.184000,0.858158
5.904000,2115.600000,0.960744
8.528000,738.000000,0.825099
15.088000,2601.040000,0.872255
7.216000,322.096000,1.935079
16.400000,1212.944000,0.825945
26.896000,2610.224000,0.695357
20.336000,2097.232000,0.935797
33.456000,505.776000,0.705312
34.768000,1313.968000,0.886219
32.144000,2636.464000,1.289491
37.392000,2999.888000,1.166103
0.656000,2237.616000,0.784877
1.968000,2322.896000,1.794732
3.280000,2002.768000,0.702013
32.144000,900.688000,0.684887
7.216000,1694.448000,0.930933
15.088000,2604.976000,0.987525
8.528000,1434.672000,0.733584
9.840000,1725.936000,0.857995
7.216000,49.200000,0.714697
11.152000,1665.584000,0.771549
28.208000,2316.336000,0.730793
34.768000,907.248000,1.092780
25.584000,526.768000,1.216673
36.080000,2421.296000,0.822333
8.528000,2440.976000,1.232516
33.456000,995.152000,0.687889
30.832000,2978.896000,1.088892
28.208000,3070.736000,0.980531
34.768000,347.024000,1.163699
9.840000,106.928000,0.754130
22.960000,377.200000,1.098064
13.776000,2309.776000,0.892980
20.336000,1353.328000,0.661273
24.272000,2118.224000,0.738415
3.280000,1732.496000,1.239220
8.528000,173.840000,0.724106
17.712000,2072.304000,1.251461
5.904000,850.832000,0.812750
21.648000,2759.792000,1.302797
0.656000,1081.744000,0.778399
15.088000,2472.464000,0.670947
9.840000,2535.440000,0.840995
13.776000,3192.752000,0.674213
38.704000,2442.288000,0.850228
38.704000,1438.608000,0.659474
29.520000,646.160000,0.854654
26.896000,2444.912000,0.792326
17.712000,1121.104000,0.911240
34.768000,1500.272000,1.011809
17.712000,101.680000,0.896994
8.528000,1723.312000,0.986036
8.528000,924.304000,1.022853
37.392000,312.912000,1.710268
19.024000,1186.704000,0.694958
3.280000,947.920000,1.313477
25.584000,228.944000,0.723345
34.768000,2791.280000,0.836400
25.584000,395.568000,0.774050
13.776000,2736.176000,0.657802
30.832000,2730.928000,1.067865
5.904000,1781.040000,1.007998
30.832000,1727.248000,0.719700
24.272000,2263.856000,1.400852
37.392000,970.224000,0.768881
1.968000,291.920000,0.882760
7.216000,773.424000,0.694214
17.712000,118.736000,0.802982
4.592000,738.000000,0.924113
17.712000,1022.704000,1.014826
19.024000,1930.608000,0.973762
16.400000,3016.944000,1.016311
36.080000,2468.528000,0.787756
30.832000,2532.816000,0.915325
9.840000,2940.848000,1.349382
0.656000,2800.464000,0.741826
34.768000,2115.600000,1.300444
28.208000,1395.312000,0.692525
37.392000,2498.704000,0.806270
0.656000,2700.752000,0.704965
38.704000,2043.440000,0.720304
34.768000,1645.904000,0.831744
1.968000,1771.856000,1.378682
4.592000,1075.184000,0.800062
22.960000,1682.640000,0.711562
38.704000,2565.616000,1.015481
30.832000,1437.296000,0.763147
3.280000,584.496000,0.689339
21.648000,2657.456000,0.903831
22.960000,953.168000,0.979532
24.272000,40.016000,0.673486
3.280000,550.384000,1.303977
24.272000,2997.264000,0.893630
29.520000,256.496000,0.843093
3.280000,450.672000,0.658488
30.832000,671.088000,0.826969
17.712000,581.872000,0.795659
32.144000,3148.144000,0.928925
9.840000,3003.824000,0.904947
12.464000,62.320000,1.556481
12.464000,2846.384000,1.214100
30.832000,11.152000,0.873245
36.080000,2514.448000,0.718633
15.088000,762.928000,0.689045
5.904000,955.792000,0.903931
17.712000,370.640000,0.669156
34.768000,1811.216000,0.999766
22.960000,1231.312000,0.928586
20.336000,2109.040000,1.063085
26.896000,17.712000,0.766704
0.656000,2383.248000,0.776331
8.528000,745.872000,0.684553
9.840000,2780.784000,0.842615
7.216000,2193.008000,1.093259
19.024000,2318.960000,1.162182
30.832000,647.472000,1.606683
24.272000,2212.688000,1.092495
34.768000,1757.424000,0.801022
5.904000,373.264000,0.817940
28.208000,493.968000,0.911882
1.968000,513.648000,0.716933
26.896000,861.328000,0.960617
32.144000,1404.496000,1.095241
22.960000,38.704000,0.794370
36.080000,1643.280000,0.665210
25.584000,673.712000,1.203396
34.768000,1775.792000,0.669472
9.840000,1680.016000,0.733503
4.592000,818.032000,1.284422
26.896000,141.040000,0.789885
20.336000,3054.992000,1.011146
25.584000,841.648000,1.041923
0.656000,839.024000,0.894401
25.584000,3166.512000,1.087167
21.648000,626.480000,0.918600
4.592000,898.064000,0.964179
0.656000,3019.568000,0.729954
20.336000,1374.320000,1.166963
5.904000,3077.296000,1.037035
3.280000,2458.032000,1.117896
7.216000,1206.384000,1.059585
22.960000,3085.168000,1.993510
21.648000,1586.864000,0.893548
13.776000,699.952000,2.112470
13.776000,1247.056000,0.690513
5.904000,1951.600000,1.203448
19.024000,2846.384000,0.824241
34.768000,3049.744000,0.807496
3.280000,256.496000,0.751794
5.904000,869.200000,0.661114
0.656000,8.528000,1.060737
26.896000,2368.816000,1.299304
29.520000,2288.784000,0.889963
22.960000,1956.848000,1.346380
24.272000,1741.680000,0.985990
22.960000,945.296000,0.786316
34.768000,2628.592000,0.867795
38.704000,968.912000,1.204143
33.456000,1277.232000,0.832681
12.464000,529.392000,0.665052
22.960000,1593.424000,0.669858
11.152000,2576.112000,0.845276
28.208000,1635.408000,0.783232
26.896000,1173.584000,1.003652
33.456000,2315.024000,0.924980
3.280000,1212.944000,1.258875
12.464000,2328.144000,1.264144
5.904000,1075.184000,0.866030
21.648000,2011.952000,0.808076
38.704000,2240.240000,1.278300
13.776000,745.872000,0.726200
12.464000,3157.328000,0.904209
25.584000,3009.072000,0.754598
26.896000,701.264000,1.061444
17.712000,2025.072000,0.743215
0.656000,257.808000,1.034043
0.656000,3191.440000,1.106018
1.968000,3116.656000,1.069973
26.896000,781.296000,0.820056
16.400000,387.696000,0.883182
26.896000,2339.952000,0.979753
4.592000,2147.088000,0.898679
13.776000,2831.952000,1.090262
11.152000,2976.272000,1.159297
4.592000,2276.976000,0.779421
15.088000,3166.512000,0.914747
15.088000,496.592000,0.982917
22.960000,2245.488000,1.182116
38.704000,2189.072000,0.876710
34.768000,358.832000,1.419229
7.216000,89.872000,0.663263
0.656000,1626.224000,0.959834
1.968000,1829.584000,0.789238
34.768000,278.800000,0.899236
13.776000,1286.416000,0.845724
0.656000,1264.112000,0.658149
38.704000,2127.408000,1.019275
21.648000,1416.304000,0.951295
32.144000,1205.072000,1.124942
38.704000,1497.648000,1.050219
19.024000,2767.664000,0.704524
0.656000,1529.136000,0.772414
3.280000,1411.056000,0.671725
29.520000,1788.912000,1.941538
25.584000,2440.976000,1.297784
20.336000,1556.688000,0.773587
33.456000,1257.552000,0.928152
8.528000,572.688000,0.824102
13.776000,863.952000,0.825718
32.144000,1627.536000,1.114819
26.896000,1875.504000,0.745357
11.152000,348.336000,0.993046
22.960000,2350.448000,1.056625
9.840000,163.344000,1.899498
13.776000,1954.224000,0.959311
0.656000,2817.520000,1.049518
37.392000,852.144000,0.657180
38.704000,2931.664000,0.677851
16.400000,3077.296000,0.863227
9.840000,362.768000,1.057061
16.400000,1250.992000,0.837310
1.968000,1825.648000,2.549411
33.456000,2354.384000,0.843203
7.216000,2971.024000,0.709119
30.832000,1893.872000,1.112556
28.208000,2194.320000,0.857770
20.336000,2724.368000,0.680961
3.280000,49.200000,0.683915
1.968000,706.512000,1.107788
12.464000,1190.640000,1.137504
7.216000,928.240000,1.141783
34.768000,688.144000,1.155153
7.216000,28.208000,0.838794
26.896000,2583.984000,0.768171
3.280000,2637.776000,0.657690
25.584000,2943.472000,1.116804
0.656000,2779.472000,0.971698
7.216000,1214.256000,0.993411
17.712000,1561.936000,0.657392
36.080000,479.536000,1.243195
13.776000,2839.824000,0.994455
4.592000,1254.928000,0.962777
5.904000,3011.696000,1.733764
34.768000,190.896000,0.905194
16.400000,2300.592000,0.948886
26.896000,270.928000,1.565186
38.704000,2077.552000,1.108915
17.712000,2599.728000,1.374285
38.704000,3106.160000,0.697810
37.392000,113.488000,0.801063
32.144000,2355.696000,1.346401
1.968000,2992.016000,0.852549
26.896000,2141.840000,1.106109
22.960000,1250.992000,0.973067
24.272000,30.832000,0.749303
30.832000,3005.136000,0.740386
5.904000,2692.880000,1.560461
4.592000,3091.728000,0.730216
28.208000,213.200000,1.005602
11.152000,1945.040000,0.671887
26.896000,2309.776000,0.768171
33.456000,2627.280000,0.723425
7.216000,2244.176000,0.700563
12.464000,1556.688000,0.885404
1.968000,1546.192000,1.783945
34.768000,2216.624000,0.809669
17.712000,2762.416000,1.563616
20.336000,2221.872000,0.780172
24.272000,1311.344000,1.002556
21.648000,846.896000,0.754314
7.216000,1161.776000,0.891781
12.464000,2950.032000,0.762137
21.648000,2870.000000,0.749759
5.904000,1565.872000,1.308298
9.840000,467.728000,1.295214
34.768000,2726.992000,1.185468
24.272000,930.864000,0.666258
7.216000,740.624000,0.898307
3.280000,1160.464000,0.699433
36.080000,1340.208000,1.192179
1.968000,148.912000,1.011987
22.960000,2944.784000,1.242349
5.904000,2011.952000,0.938441
21.648000,3117.968000,1.956599
16.400000,1521.264000,0.934779
22.960000,2081.488000,0.678303
1.968000,1859.760000,0.836670
11.152000,197.456000,0.898580
36.080000,811.472000,1.721912
37.392000,1331.024000,0.846536
21.648000,1216.880000,0.961654
29.520000,1107.984000,0.716141
11.152000,2413.424000,0.996008
36.080000,818.032000,0.862349
24.272000,344.400000,0.905600
12.464000,3078.608000,0.807008
25.584000,2186.448000,0.695280
9.840000,1516.016000,1.930237
38.704000,2026.384000,1.235971
13.776000,2862.128000,0.897613
8.528000,1037.136000,1.652621
21.648000,503.152000,0.826351
3.280000,2961.840000,0.761592
37.392000,2263.856000,0.717203
15.088000,1722.000000,0.982977
29.520000,1487.152000,0.837517
37.392000,374.576000,0.786085
32.144000,108.240000,0.820663
0.656000,1037.136000,1.306427
25.584000,1996.208000,1.370781
4.592000,1588.176000,0.890731
13.776000,240.752000,0.922376
3.280000,2530.192000,0.870193
7.216000,2364.880000,1.154593
11.152000,1110.608000,1.496354
15.088000,717.008000,0.932372
19.024000,1407.120000,0.709310
11.152000,214.512000,0.880082
0.656000,1101.424000,0.714331
1.968000,3058.928000,1.198882
22.960000,1719.376000,1.378219
19.024000,1773.168000,0.949752
19.024000,3079.920000,1.240206
13.776000,1771.856000,0.916416
9.840000,1976.528000,1.331339
0.656000,407.376000,0.817889
38.704000,1683.952000,1.321037
3.280000,1653.776000,1.819448
36.080000,458.544000,0.685859
5.904000,3090.416000,0.918818
29.520000,1168.336000,0.691050
4.592000,823.280000,1.443351
28.208000,1226.064000,1.364887
3.280000,2950.032000,1.047976
22.960000,105.616000,0.839590
29.520000,2120.848000,1.754016
24.272000,685.520000,0.744778
32.144000,2776.848000,0.700458
33.456000,2321.584000,1.129651
11.152000,225.008000,1.185615
33.456000,2304.528000,0.863435
8.528000,1391.376000,1.440785
4.592000,1559.312000,1.130395
8.528000,3124.528000,0.822106
7.216000,1628.848000,0.819911
25.584000,554.320000,0.728043
8.528000,2211.376000,1.378223
24.272000,1971.280000,0.759105
4.592000,949.232000,0.980560
19.024000,846.896000,1.058263
29.520000,2459.344000,0.821604
12.464000,2608.912000,0.945579
12.464000,862.640000,0.937103
36.080000,532.016000,0.788651
9.840000,795.728000,0.849767
25.584000,2347.824000,0.822004
9.840000,3058.928000,0.826811
11.152000,654.032000,0.924749
15.088000,1164.400000,0.675616
36.080000,2068.368000,0.717182
29.520000,954.480000,1.096972
17.712000,2300.592000,0.856066
26.896000,1945.040000,0.709305
22.960000,3203.248000,0.865511
8.528000,1712.816000,0.676684
32.144000,1097.488000,0.987555
7.216000,425.744000,0.852833
11.152000,1967.344000,2.155173
17.712000,1527.824000,0.799459
19.024000,419.184000,0.895721
0.656000,1767.920000,0.726746
21.648000,1035.824000,0.971614
1.968000,790.480000,1.001769
7.216000,2860.816000,0.904637
7.216000,2355.696000,1.422683
0.656000,1609.168000,0.926274
5.904000,360.144000,0.732967
24.272000,762.928000,1.582754
4.592000,249.936000,1.194936
22.960000,2417.360000,1.047334
24.272000,278.800000,1.258088
24.272000,871.824000,1.212173
24.272000,1701.008000,0.681592
28.208000,2782.096000,1.487640
1.968000,1227.376000,0.916099
32.144000,609.424000,0.818089
11.152000,1563.248000,0.679175
22.960000,2309.776000,0.908100
30.832000,1883.376000,0.883474
37.392000,1432.048000,0.833214
1.968000,88.560000,0.831122
7.216000,2661.392000,2.047950
13.776000,2165.456000,0.705695
26.896000,2986.768000,1.087906
17.712000,2894.928000,0.661493
22.960000,3150.768000,0.773059
12.464000,3183.568000,1.981360
29.520000,1138.160000,0.668584
9.840000,1269.360000,1.261813
15.088000,1585.552000,1.254641
5.904000,2165.456000,0.671530
33.456000,387.696000,0.712809
4.592000,1757.424000,0.831135
33.456000,2530.192000,1.368662
17.712000,1906.992000,0.758789
16.400000,860.016000,2.276441
36.080000,2842.448000,0.660326
25.584000,1502.896000,0.667856
13.776000,1836.144000,0.733962
12.464000,2831.952000,0.766691
3.280000,2639.088000,0.677800
11.152000,2720.432000,0.894939
9.840000,1847.952000,0.889738
19.024000,2047.376000,0.984059
3.280000,2244.176000,0.935285
1.968000,412.624000,1.001614
9.840000,1477.968000,0.659754
9.840000,1644.592000,1.695804
7.216000,1664.272000,1.949247
5.904000,1321.840000,0.717132
15.088000,2551.184000,0.855551
36.080000,38.704000,1.100719
26.896000,929.552000,0.788998
15.088000,2186.448000,1.011651
0.656000,2753.232000,1.379180
28.208000,2843.760000,1.130151
28.208000,1753.488000,0.941161
32.144000,2993.328000,0.661676
21.648000,482.160000,0.903874
32.144000,1958.160000,1.674204
33.456000,3081.232000,0.943772
25.584000,1371.696000,1.058287
5.904000,1266.736000,0.865672
1.968000,430.992000,0.755217
7.216000,1906.992000,1.296550
5.904000,2093.296000,0.867384
25.584000,156.784000,0.728172
30.832000,29.520000,1.121837
19.024000,2675.824000,1.266321
28.208000,2172.016000,1.116345
1.968000,587.120000,0.845801
32.144000,1525.200000,0.810037
19.024000,276.176000,0.828760
25.584000,2643.024000,2.646087
36.080000,1624.912000,0.987133
24.272000,1441.232000,1.633994
1.968000,1680.016000,1.685308
17.712000,947.920000,0.945809
29.520000,2952.656000,0.717007
36.080000,386.384000,1.171992
33.456000,1235.248000,0.696630
26.896000,1325.776000,1.113738
17.712000,2590.544000,1.234124
28.208000,585.808000,0.688823
38.704000,484.784000,1.121273
33.456000,829.840000,0.719558
26.896000,1193.264000,1.249746
8.528000,2172.016000,1.268095
21.648000,1014.832000,2.541715
26.896000,1874.192000,0.723941
17.712000,2359.632000,0.681174
4.592000,347.024000,0.671042
7.216000,564.816000,0.764844
13.776000,32.144000,0.699372
4.592000,2782.096000,1.152111
33.456000,677.648000,1.004300
9.840000,1286.416000,0.678710
21.648000,2203.504000,0.715325
17.712000,2721.744000,1.354001
1.968000,3162.576000,0.752516
34.768000,2762.416000,0.867345
33.456000,156.784000,0.806297
20.336000,291.920000,0.711768
0.656000,563.504000,0.693180
13.776000,2467.216000,0.697925
36.080000,1613.104000,0.956963
13.776000,278.800000,0.800280
9.840000,113.488000,0.870167
22.960000,2555.120000,0.995811
19.024000,650.096000,1.829720
19.024000,789.168000,0.918199
20.336000,1884.688000,1.052563
20.336000,168.592000,0.890645
12.464000,2597.104000,0.886784
30.832000,3065.488000,0.713535
19.024000,2500.016000,1.089754
15.088000,1439.920000,0.944877
29.520000,1913.552000,0.689330
7.216000,680.272000,1.044947
0.656000,2500.016000,0.674741
1.968000,1832.208000,0.855540
12.464000,2118.224000,0.730222
9.840000,2069.680000,0.697817
16.400000,1994.896000,0.837046
22.960000,2168.080000,0.685029
17.712000,2522.320000,1.433779
4.592000,964.976000,0.892448
12.464000,2513.136000,1.112422
0.656000,2715.184000,1.207884
12.464000,1176.208000,1.209799
36.080000,1770.544000,0.751975
32.144000,2738.800000,1.458378
7.216000,2662.704000,1.009075
1.968000,3119.280000,0.697504
36.080000,3170.448000,0.906087
20.336000,1258.864000,1.140143
0.656000,2961.840000,0.678584
24.272000,1352.016000,0.873131
1.968000,844.272000,0.986652
7.216000,1046.320000,1.805635
25.584000,448.048000,0.897173
33.456000,1063.376000,0.713800
26.896000,34.768000,1.314704
11.152000,92.496000,0.834835
8.528000,2099.856000,0.792113
38.704000,2337.328000,0.664254
32.144000,896.752000,1.771972
21.648000,260.432000,0.657775
38.704000,1533.072000,1.198985
32.144000,858.704000,0.726540
11.152000,2282.224000,0.844655
20.336000,2955.280000,0.697358
20.336000,1598.672000,1.223826
25.584000,2324.208000,0.729581
25.584000,988.592000,0.736032
8.528000,2189.072000,0.663115
8.528000,1803.344000,1.025263
17.712000,1859.760000,0.884110
0.656000,341.776000,0.859801
29.520000,2902.800000,0.691327
22.960000,982.032000,1.107667
34.768000,521.520000,0.707345
34.768000,2076.240000,1.005352
15.088000,280.112000,0.723303
26.896000,1798.096000,0.710776
9.840000,644.848000,0.665848
15.088000,2707.312000,0.870084
28.208000,2712.560000,0.736630
21.648000,1575.056000,0.666424
16.400000,1231.312000,1.335407
11.152000,2494.768000,0.932691
38.704000,2851.632000,0.784401
22.960000,1190.640000,1.299673
26.896000,2849.008000,0.847264
15.088000,2615.472000,0.734818
33.456000,919.056000,1.254255
33.456000,1030.576000,0.784888
8.528000,2551.184000,1.037774
12.464000,2294.032000,1.304834
30.832000,1079.120000,1.418585
12.464000,1114.544000,0.667518
7.216000,2527.568000,0.768217
37.392000,1092.240000,1.183579
0.656000,2207.440000,0.723651
24.272000,1152.592000,0.713106
17.712000,2341.264000,1.096729
34.768000,1302.160000,0.749059
15.088000,2641.712000,0.733063
7.216000,1905.680000,0.846946
0.656000,2538.064000,0.855730
24.272000,198.768000,0.927118
36.080000,2834.576000,1.188170
21.648000,1731.184000,0.817825
26.896000,2269.104000,1.271791
24.272000,2446.224000,1.614568
11.152000,134.480000,1.269367
3.280000,2379.312000,0.896507
37.392000,2873.936000,0.916617
20.336000,2577.424000,1.083272
13.776000,741.936000,1.317955
8.528000,2253.360000,0.746254
7.216000,181.712000,1.362294
28.208000,2598.416000,0.848540
20.336000,192.208000,0.747171
26.896000,2332.080000,1.540743
20.336000,318.160000,0.836227
13.776000,1745.616000,0.873798
9.840000,1219.504000,0.831450
17.712000,790.480000,1.840599
25.584000,1900.432000,0.739912
29.520000,794.416000,0.963141
3.280000,1939.792000,1.537700
3.280000,3131.088000,1.167793
4.592000,2144.464000,0.857674
21.648000,3094.352000,1.530331
28.208000,1845.328000,1.307424
0.656000,1426.800000,0.909687
28.208000,1008.272000,1.029257
37.392000,2792.592000,0.703076
0.656000,2784.720000,0.736032
16.400000,2875.248000,0.729069
16.400000,853.456000,0.791921
32.144000,1391.376000,1.109296
19.024000,655.344000,0.900325
30.832000,2640.400000,0.813347
24.272000,529.392000,0.708186
21.648000,1874.192000,0.838250
13.776000,387.696000,0.825077
17.712000,681.584000,0.960102
12.464000,1929.296000,0.737405
16.400000,2463.280000,0.846014
19.024000,1767.920000,1.025000
19.024000,3024.816000,0.878258
36.080000,3116.656000,0.670930
17.712000,3099.600000,0.871402
21.648000,1916.176000,0.734054
36.080000,2925.104000,1.034875
17.712000,2434.416000,0.885629
19.024000,2950.032000,0.893831
38.704000,2780.784000,1.411006
37.392000,2800.464000,0.703462
28.208000,2787.344000,0.676653
13.776000,1657.712000,0.733816
15.088000,972.848000,1.006046
11.152000,1964.720000,1.174407
19.024000,213.200000,0.738035
33.456000,1687.888000,0.879724
25.584000,1285.104000,0.808275
4.592000,682.896000,0.767382
25.584000,970.224000,0.906679
16.400000,1453.040000,1.236490
24.272000,141.040000,1.342712
20.336000,1265.424000,1.059450
38.704000,2698.128000,0.892836
17.712000,1660.336000,1.052506
26.896000,3006.448000,1.428898
1.968000,1370.384000,1.044516
24.272000,240.752000,1.080077
3.280000,1083.056000,0.859891
19.024000,147.600000,0.741407
32.144000,2669.264000,0.903913
22.960000,1118.480000,0.749660
22.960000,472.976000,1.020123
15.088000,2726.992000,1.122189
1.968000,1100.112000,0.889605
1.968000,1458.288000,1.664321
1.968000,1424.176000,0.727844
5.904000,2036.880000,1.265980
15.088000,846.896000,0.920376
13.776000,1913.552000,0.679772
16.400000,1497.648000,0.846721
28.208000,2503.952000,1.488596
29.520000,1041.072000,0.733529
26.896000,718.320000,0.728949
29.520000,176.464000,1.222018
17.712000,2528.880000,0.761724
13.776000,2604.976000,1.080426
11.152000,1977.840000,0.943312
26.896000,1561.936000,2.041686
32.144000,2740.112000,0.666992
38.704000,1963.408000,0.879847
0.656000,1135.536000,0.895703
9.840000,2598.416000,0.668226
28.208000,2269.104000,0.788334
24.272000,2513.136000,0.813454
25.584000,2870.000000,1.246880
37.392000,2653.520000,1.088598
8.528000,406.064000,1.123012
9.840000,2198.256000,0.778931
21.648000,2127.408000,0.994648
1.968000,650.096000,0.984685
29.520000,214.512000,1.346714
12.464000,2825.392000,0.942885
32.144000,1722.000000,1.825808
8.528000,1038.448000,1.782191
16.400000,1050.256000,0.740910
28.208000,1985.712000,0.876085
5.904000,88.560000,1.659865
13.776000,3148.144000,1.492653
29.520000,5.904000,2.333190
1.968000,1147.344000,0.957233
38.704000,294.544000,1.196804
29.520000,2514.448000,0.923929
30.832000,1167.024000,1.449345
17.712000,993.840000,1.522260
28.208000,2158.896000,0.813136
4.592000,365.392000,0.663175
1.968000,2602.352000,1.159061
24.272000,2194.320000,0.932538
4.592000,2622.032000,1.744215
33.456000,1655.088000,0.824614
19.024000,2766.352000,1.132110
20.336000,2011.952000,1.256459
30.832000,382.448000,1.129383
29.520000,1674.768000,1.540933
15.088000,1079.120000,1.065251
13.776000,811.472000,1.079747
19.024000,2354.384000,0.817761
25.584000,865.264000,0.724112
37.392000,486.096000,1.343871
8.528000,2696.816000,1.001777
0.656000,2938.224000,0.962277
15.088000,1274.608000,0.901897
32.144000,861.328000,0.718825
11.152000,2829.328000,1.660031
12.464000,1635.408000,1.001153
12.464000,2147.088000,0.833030
20.336000,1816.464000,1.446664
15.088000,352.272000,0.784766
26.896000,1866.320000,1.029736
30.832000,1841.392000,0.843091
19.024000,2303.216000,0.903979
13.776000,765.552000,1.382323
12.464000,1300.848000,1.155523
38.704000,1519.952000,1.599048
11.152000,1838.768000,0.974842
30.832000,391.632000,1.209163
26.896000,1176.208000,1.760236
36.080000,1983.088000,0.812196
16.400000,1840.080000,0.988258
8.528000,1400.560000,1.219931
13.776000,2300.592000,0.669626
4.592000,340.464000,1.066033
3.280000,2419.984000,1.023096
9.840000,593.680000,0.922378
1.968000,1464.848000,0.810309
9.840000,2351.760000,1.500280
29.520000,1097.488000,0.764141
5.904000,2929.040000,1.452322
7.216000,2927.728000,0.960700
19.024000,337.840000,2.452140
8.528000,593.680000,0.852494
15.088000,1101.424000,1.061126
19.024000,2650.896000,1.263018
30.832000,2828.016000,1.481820
30.832000,1564.560000,1.617830
37.392000,1235.248000,1.850039
21.648000,1853.200000,0.802574
34.768000,1638.032000,1.241111
0.656000,402.128000,1.046466
30.832000,453.296000,2.434592
21.648000,91.184000,0.676652
3.280000,2527.568000,0.678726
1.968000,2615.472000,0.790863
36.080000,1795.472000,0.984879
37.392000,2890.992000,0.699832
0.656000,1584.240000,0.807412
19.024000,2961.840000,0.800695
33.456000,820.656000,0.748857
30.832000,246.000000,1.301925
1.968000,40.016000,0.692458
8.528000,711.760000,0.735087
19.024000,1518.640000,0.890528
12.464000,2593.168000,1.297326
9.840000,2804.400000,0.784605
16.400000,2839.824000,1.119302
8.528000,1405.808000,0.712469
20.336000,655.344000,0.792030
29.520000,3207.184000,0.885058
16.400000,1320.528000,0.801433
12.464000,127.920000,0.913422
34.768000,2372.752000,0.845356
9.840000,2517.072000,1.234932
1.968000,2894.928000,1.725470
38.704000,2528.880000,0.703215
25.584000,903.312000,1.489460
37.392000,2115.600000,0.656277
25.584000,1906.992000,0.696212
21.648000,1702.320000,1.484183
4.592000,13.776000,0.669326
0.656000,2971.024000,0.941056
36.080000,1055.504000,0.704837
11.152000,1012.208000,1.721876
36.080000,1823.024000,1.074498
19.024000,2212.688000,0.680866
29.520000,293.232000,1.279449
26.896000,3187.504000,0.969014
34.768000,1009.584000,1.173521
16.400000,425.744000,0.912860
21.648000,1592.112000,1.421782
1.968000,2148.400000,0.892094
11.152000,82.000000,0.791262
3.280000,1223.440000,0.719655
13.776000,2069.680000,1.144616
25.584000,2880.496000,1.000396
38.704000,2200.880000,1.123564
1.968000,175.152000,0.934981
5.904000,176.464000,0.850824
11.152000,2414.736000,0.894566
3.280000,404.752000,0.690732
1.968000,3154.704000,1.184174
8.528000,142.352000,0.871873
24.272000,444.112000,1.281749
15.088000,1295.600000,0.878113
9.840000,707.824000,0.744443
33.456000,917.744000,0.675271
20.336000,3173.072000,0.808853
33.456000,686.832000,0.670872
1.968000,3142.896000,0.756235
0.656000,458.544000,1.559643
8.528000,449.360000,0.817272
15.088000,1464.848000,0.764185
11.152000,1987.024000,0.819318
36.080000,2751.920000,1.100409
11.152000,1695.760000,0.934314
32.144000,1550.128000,0.839107
28.208000,1079.120000,1.600286
30.832000,2333.392000,0.905293
32.144000,751.120000,0.860873
38.704000,1983.088000,1.911997
22.960000,800.976000,0.845686
3.280000,28.208000,0.860572
13.776000,3083.856000,1.423144
5.904000,2479.024000,1.054350
22.960000,1502.896000,0.730923
0.656000,2019.824000,1.569138
17.712000,282.736000,0.681862
15.088000,3024.816000,1.263184
12.464000,1533.072000,0.685278
22.960000,562.192000,0.730397
32.144000,1104.048000,0.886517
4.592000,121.360000,0.996903
29.520000,2624.656000,0.729099
36.080000,553.008000,1.134494
19.024000,3121.904000,0.879675
1.968000,2321.584000,0.756046
33.456000,642.224000,1.527466
1.968000,2977.584000,1.065128
36.080000,3106.160000,0.934931
15.088000,720.944000,0.748949
19.024000,2547.248000,0.889798
33.456000,532.016000,0.862786
30.832000,2740.112000,1.770238
3.280000,457.232000,1.237751
30.832000,1442.544000,0.913737
29.520000,3078.608000,0.949141
5.904000,2351.760000,0.771776
28.208000,2637.776000,1.139345
37.392000,1636.720000,0.823983
36.080000,240.752000,0.759551
30.832000,500.528000,1.349128
36.080000,2484.272000,0.966141
21.648000,905.936000,0.789549
11.152000,1550.128000,0.665483
28.208000,2678.448000,0.721587
38.704000,920.368000,0.892420
32.144000,773.424000,1.301277
13.776000,253.872000,0.695433
4.592000,1278.544000,0.657886
28.208000,2509.200000,0.778010
37.392000,657.968000,0.938088
29.520000,1879.440000,0.740222
22.960000,374.576000,0.959433
26.896000,3116.656000,0.977655
7.216000,715.696000,0.713799
15.088000,803.600000,0.724212
8.528000,1433.360000,0.756521
24.272000,2067.056000,0.789873
32.144000,2101.168000,1.209887
17.712000,1176.208000,0.725776
26.896000,664.528000,1.528268
17.712000,2572.176000,0.693752
22.960000,0.656000,1.068040
7.216000,2359.632000,0.903828
3.280000,2448.848000,0.845830
19.024000,3014.320000,0.794018
3.280000,1868.944000,0.671571
1.968000,1474.032000,0.942513
32.144000,2426.544000,0.895435
30.832000,2657.456000,0.675390
3.280000,2829.328000,1.032978
36.080000,1561.936000,0.794900
24.272000,1037.136000,0.663669
15.088000,2324.208000,1.479091
22.960000,631.728000,0.787791
15.088000,2248.112000,1.623956
21.648000,2076.240000,1.450113
1.968000,306.352000,0.712826
38.704000,2562.992000,1.027707
24.272000,2479.024000,0.768677
38.704000,961.040000,1.082161
37.392000,1098.800000,0.850902
15.088000,175.152000,0.697560
15.088000,266.992000,0.927481
36.080000,1847.952000,0.873646
26.896000,204.016000,0.870933
36.080000,2305.840000,1.000836
0.656000,1428.112000,1.942076
29.520000,38.704000,0.786091
20.336000,570.064000,0.680991
24.272000,800.976000,0.784061
13.776000,3005.136000,0.770793
30.832000,2557.744000,1.729248
13.776000,314.224000,0.961780
38.704000,1383.504000,0.907007
8.528000,1967.344000,0.675759
8.528000,2582.672000,1.358318
34.768000,1656.400000,1.315225
36.080000,1313.968000,2.067208
5.904000,42.640000,0.658889
21.648000,1122.416000,0.821592
8.528000,1610.480000,0.730993
21.648000,2473.776000,0.673610
4.592000,2871.312000,0.665911
26.896000,563.504000,1.027825
33.456000,2040.816000,1.183468
22.960000,1836.144000,1.781198
19.024000,89.872000,1.178801
19.024000,1235.248000,0.687447
29.520000,2232.368000,0.702354
19.024000,373.264000,0.733763
7.216000,644.848000,0.762856
22.960000,1714.128000,1.058722
16.400000,800.976000,0.917074
19.024000,1896.496000,1.013530
3.280000,985.968000,0.805919
33.456000,1029.264000,1.309251
29.520000,1014.832000,1.345792
32.144000,710.448000,1.099012
37.392000,469.040000,0.908055
33.456000,3192.752000,0.883305
37.392000,158.096000,1.025207
1.968000,1807.280000,0.947799
29.520000,1665.584000,1.817491
25.584000,1026.640000,1.103302
32.144000,556.944000,0.758608
9.840000,2404.240000,0.694018
3.280000,2884.432000,0.680174
4.592000,1005.648000,0.763488
16.400000,705.200000,0.677208
22.960000,2826.704000,0.670537
9.840000,47.888000,0.954075
36.080000,2106.416000,0.677578
22.960000,2280.912000,0.826687
33.456000,623.856000,1.210175
34.768000,1178.832000,0.916577
38.704000,1939.792000,0.739085
36.080000,3074.672000,1.260217
11.152000,1416.304000,0.694959
22.960000,2182.512000,0.936209
5.904000,2644.336000,0.901662
26.896000,2867.376000,1.818166
30.832000,2778.160000,0.857667
9.840000,1107.984000,0.711702
16.400000,1475.344000,0.919219
1.968000,600.240000,1.679976
5.904000,958.416000,0.751885
24.272000,785.232000,0.719025
16.400000,2858.192000,0.825679
1.968000,2191.696000,0.676331
32.144000,772.112000,0.963972
5.904000,1897.808000,0.988672
20.336000,1211.632000,1.325173
4.592000,2740.112000,0.899471
21.648000,1533.072000,1.068379
29.520000,1226.064000,1.032575
1.968000,3060.240000,0.738433
33.456000,1510.768000,0.930224
9.840000,1021.392000,0.760989
30.832000,644.848000,0.790746
16.400000,2965.776000,1.171059
13.776000,588.432000,0.692431
28.208000,2618.096000,1.204590
32.144000,2179.888000,1.359865
7.216000,1178.832000,1.275277
13.776000,1788.912000,0.875390
17.712000,2153.648000,0.963995
12.464000,764.240000,0.757220
0.656000,2997.264000,0.697512
1.968000,1525.200000,1.652586
12.464000,1505.520000,0.915485
11.152000,353.584000,2.077500
30.832000,22.960000,0.962184
4.592000,43.952000,0.670087
12.464000,1657.712000,1.428292
24.272000,1821.712000,0.874478
36.080000,1851.888000,0.749881
17.712000,1470.096000,1.095788
16.400000,1304.784000,0.684913
38.704000,1851.888000,1.039918
5.904000,765.552000,0.756549
26.896000,895.440000,0.658729
26.896000,2553.808000,0.810806
34.768000,2675.824000,1.048491
32.144000,786.544000,0.899013
11.152000,2299.280000,0.716542
13.776000,528.080000,1.037410
34.768000,36.080000,0.902064
11.152000,1114.544000,0.709626
4.592000,2845.072000,0.984153
16.400000,291.920000,0.775586
21.648000,2090.672000,1.317623
1.968000,528.080000,0.867539
13.776000,631.728000,2.094067
29.520000,560.880000,0.786826
37.392000,2440.976000,0.741204
7.216000,915.120000,1.192957
1.968000,1746.928000,0.776237
32.144000,597.616000,0.753828
4.592000,2043.440000,1.343612
5.904000,513.648000,1.801692
9.840000,2847.696000,1.009739
38.704000,3079.920000,0.879472
20.336000,575.312000,0.666028
0.656000,2086.736000,0.877957
11.152000,273.552000,0.851078
26.896000,1186.704000,0.774909
33.456000,1560.624000,0.815298
36.080000,144.976000,0.869453
25.584000,134.480000,1.508040
12.464000,1412.368000,0.838549
38.704000,1845.328000,0.708991
20.336000,3091.728000,1.019378
8.528000,537.264000,0.673123
38.704000,1561.936000,1.051309
15.088000,2997.264000,0.825252
15.088000,2888.368000,0.786136
24.272000,194.832000,0.829939
12.464000,1421.552000,0.922909
24.272000,3085.168000,0.903861
32.144000,2385.872000,0.912356
37.392000,3079.920000,0.708951
26.896000,2640.400000,0.725190
12.464000,1945.040000,0.982101
33.456000,916.432000,0.928152
5.904000,808.848000,1.055720
36.080000,2591.856000,1.383042
4.592000,348.336000,0.680848
33.456000,1370.384000,0.711079
8.528000,1085.680000,0.722111
38.704000,2482.960000,1.529995
28.208000,2249.424000,0.752450
8.528000,1819.088000,0.830754
5.904000,2511.824000,1.661309
8.528000,2564.304000,0.708945
7.216000,3066.800000,0.979961
8.528000,2517.072000,0.751202
4.592000,40.016000,0.656537
1.968000,2299.280000,1.258661
21.648000,2229.744000,1.106250
8.528000,2242.864000,0.781889
12.464000,2132.656000,0.803447
28.208000,1030.576000,1.094243
3.280000,1470.096000,0.722646
8.528000,471.664000,1.308487
21.648000,1180.144000,1.000757
5.904000,2346.512000,0.775981
9.840000,92.496000,0.975154
0.656000,1408.432000,0.900621
25.584000,2383.248000,0.695585
4.592000,2488.208000,1.118004
11.152000,1908.304000,0.723207
37.392000,95.120000,0.945739
0.656000,1333.648000,0.825531
26.896000,213.200000,0.831243
28.208000,461.168000,0.869334
7.216000,1202.448000,0.796622
28.208000,3037.936000,1.501148
32.144000,2977.584000,0.812770
21.648000,807.536000,0.671802
13.776000,2177.264000,0.718312
16.400000,933.488000,1.303483
24.272000,1854.512000,0.780231
17.712000,727.504000,1.046378
22.960000,2123.472000,1.581019
5.904000,1190.640000,2.043941
7.216000,1942.416000,0.913149
32.144000,442.800000,0.761929
25.584000,1593.424000,0.821721
38.704000,1884.688000,1.644293
38.704000,382.448000,1.668864
13.776000,1428.112000,0.871876
33.456000,1725.936000,0.691394
21.648000,3099.600000,1.369162
38.704000,797.040000,2.636287
30.832000,692.080000,1.267902
15.088000,2265.168000,1.673908
34.768000,940.048000,0.983415
22.960000,2418.672000,1.125371
32.144000,1777.104000,0.743356
37.392000,1623.600000,0.829130
16.400000,1387.440000,1.143136
7.216000,450.672000,0.758804
32.144000,1163.088000,0.746789
3.280000,1296.912000,0.864575
30.832000,572.688000,0.824813
3.280000,240.752000,1.010155
12.464000,2166.768000,0.682990
26.896000,800.976000,0.745630
11.152000,2528.880000,0.728283
22.960000,928.240000,1.183775
19.024000,2519.696000,0.817844
16.400000,2623.344000,0.844935
29.520000,1042.384000,0.661035
0.656000,2038.192000,0.987165
19.024000,1942.416000,0.993149
1.968000,743.248000,1.007698
37.392000,3159.952000,0.763164
5.904000,1699.696000,1.311630
37.392000,294.544000,0.728665
28.208000,352.272000,2.147171
36.080000,1472.720000,1.057002
29.520000,2989.392000,1.275501
1.968000,3079.920000,0.702904
29.520000,2069.680000,1.339695
24.272000,2926.416000,1.116784
21.648000,1203.760000,0.909949
16.400000,354.896000,1.229259
26.896000,2682.384000,0.697058
19.024000,2578.736000,0.697324
0.656000,3089.104000,0.763646
26.896000,2438.352000,0.795951
29.520000,146.288000,1.238862
19.024000,2849.008000,1.506515
13.776000,2555.120000,0.947887
7.216000,2246.800000,1.287005
33.456000,1666.896000,0.961503
8.528000,64.944000,0.872792
15.088000,2173.328000,1.752626
30.832000,1025.328000,0.686284
21.648000,2405.552000,0.917887
3.280000,379.824000,0.948383
24.272000,269.616000,0.709753
11.152000,2283.536000,0.818201
8.528000,953.168000,1.209378
15.088000,3152.080000,0.656801
29.520000,394.256000,0.692976
7.216000,2601.040000,0.701860
37.392000,2307.152000,1.281306
0.656000,538.576000,0.755370
21.648000,3125.840000,0.795876
37.392000,2042.128000,0.657437
32.144000,2982.832000,0.712160
5.904000,1107.984000,1.331063
37.392000,2232.368000,0.710110
20.336000,846.896000,0.696908
16.400000,378.512000,0.708940
8.528000,2509.200000,1.117436
11.152000,2961.840000,0.699538
26.896000,1672.144000,0.838807
0.656000,495.280000,0.935519
32.144000,1666.896000,0.798942
15.088000,2339.952000,0.761404
3.280000,2793.904000,0.791665
8.528000,2999.888000,0.946538
37.392000,1778.416000,1.117181
17.712000,2724.368000,1.430995
33.456000,1226.064000,0.701243
3.280000,1214.256000,1.099921
25.584000,1375.632000,1.028324
25.584000,500.528000,1.570281
36.080000,1784.976000,1.085001
5.904000,2703.376000,0.892665
24.272000,1748.240000,1.208671
15.088000,1817.776000,0.718505
9.840000,365.392000,0.823701
5.904000,739.312000,0.950072
29.520000,1555.376000,0.680677
15.088000,2316.336000,0.946283
20.336000,1725.936000,0.711558
7.216000,753.744000,0.769916
30.832000,2287.472000,0.670052
11.152000,1117.168000,0.715833
13.776000,2212.688000,1.063273
8.528000,1475.344000,1.076189
28.208000,356.208000,0.708136
32.144000,290.608000,0.973233
16.400000,713.072000,1.338299
25.584000,979.408000,1.111031
24.272000,1819.088000,0.894040
20.336000,2017.200000,0.865645
12.464000,399.504000,0.910974
17.712000,1702.320000,0.678380
13.776000,1966.032000,1.165150
30.832000,2744.048000,1.037851
20.336000,1324.464000,0.691907
28.208000,2593.168000,1.782473
21.648000,3007.760000,0.746142
30.832000,2562.992000,1.225838
37.392000,2768.976000,2.220701
26.896000,1409.744000,1.698739
26.896000,2913.296000,1.350081
15.088000,412.624000,0.663928
8.528000,126.608000,0.890475
29.520000,2032.944000,0.790554
28.208000,55.760000,0.854571
15.088000,2665.328000,0.955728
7.216000,1962.096000,0.684715
28.208000,1517.328000,1.058593
4.592000,441.488000,1.000497
25.584000,626.480000,1.837122
9.840000,421.808000,1.346958
25.584000,1993.584000,0.803516
37.392000,256.496000,0.903462
16.400000,429.680000,0.790117
32.144000,945.296000,0.677840
25.584000,356.208000,0.738891
0.656000,1985.712000,0.698516
15.088000,774.736000,2.145098
25.584000,934.800000,1.209655
32.144000,3082.544000,1.029886
36.080000,1969.968000,0.702267
5.904000,2506.576000,0.998275
0.656000,3023.504000,0.664032
5.904000,235.504000,1.016761
5.904000,2898.864000,1.262151
33.456000,2109.040000,0.863331
0.656000,1450.416000,0.690164
5.904000,1884.688000,0.941154
1.968000,3072.048000,0.728273
9.840000,501.840000,0.957000
34.768000,1677.392000,0.912399
21.648000,1176.208000,0.784805
32.144000,2501.328000,0.843518
25.584000,2820.144000,0.766102
29.520000,1893.872000,0.754511
34.768000,1147.344000,0.884882
7.216000,391.632000,0.891985
25.584000,444.112000,1.084693
33.456000,2312.400000,1.037380
13.776000,1790.224000,0.678778
17.712000,1384.816000,1.598185
1.968000,2405.552000,0.792947
19.024000,2871.312000,1.116242
32.144000,3184.880000,0.761879
22.960000,3158.640000,0.724489
36.080000,442.800000,0.733606
0.656000,2892.304000,1.269597
22.960000,820.656000,0.852778
24.272000,694.704000,0.727317
29.520000,2548.560000,1.132602
12.464000,1893.872000,0.897784
30.832000,2224.496000,0.737656
26.896000,2072.304000,0.696189
21.648000,1742.992000,1.172095
28.208000,668.464000,1.050597
33.456000,2793.904000,0.786487
25.584000,127.920000,0.745595
15.088000,2172.016000,0.716317
17.712000,72.816000,0.694827
17.712000,3191.440000,0.802624
15.088000,761.616000,1.614714
29.520000,627.792000,1.328962
32.144000,1862.384000,0.674111
29.520000,2190.384000,1.228464
30.832000,1784.976000,0.901799
0.656000,1258.864000,0.712831
21.648000,1211.632000,0.704575
8.528000,774.736000,0.906920
12.464000,705.200000,1.163739
13.776000,47.888000,0.998257
24.272000,189.584000,1.363000
4.592000,341.776000,1.024277
36.080000,2770.288000,1.118749
34.768000,1123.728000,1.375793
20.336000,2380.624000,0.723578
0.656000,361.456000,1.150124
30.832000,2695.504000,0.902039
5.904000,3163.888000,0.861257
1.968000,2438.352000,1.003055
33.456000,1165.712000,0.753697
37.392000,773.424000,1.071783
37.392000,1580.304000,0.781770
28.208000,1572.432000,1.100585
38.704000,2438.352000,1.192843
26.896000,2635.152000,0.766673
11.152000,2174.640000,0.793450
0.656000,1727.248000,0.922435
1.968000,1148.656000,0.809789
33.456000,3089.104000,0.714099
29.520000,2890.992000,1.011832
5.904000,1558.000000,1.402780
32.144000,598.928000,0.829785
25.584000,740.624000,1.328961
8.528000,702.576000,1.138062
28.208000,2542.000000,0.785332
4.592000,404.752000,1.127085
19.024000,2877.872000,2.311148
26.896000,844.272000,0.804005
29.520000,3003.824000,0.799778
9.840000,2005.392000,1.301578
19.024000,2755.856000,1.022375
24.272000,2242.864000,0.700231
4.592000,165.968000,0.679696
33.456000,249.936000,0.956095
32.144000,1551.440000,0.761916
5.904000,466.416000,1.343562
38.704000,2582.672000,1.226480
22.960000,2926.416000,0.817832
21.648000,2450.160000,0.751425
5.904000,159.408000,0.713655
15.088000,89.872000,0.837024
3.280000,757.680000,0.666956
25.584000,1623.600000,0.659646
21.648000,198.768000,0.814368
9.840000,1787.600000,0.837483
28.208000,738.000000,1.058843
26.896000,2948.720000,1.393115
8.528000,266.992000,0.901409
38.704000,909.872000,1.105714
0.656000,2291.408000,0.833624
5.904000,2456.720000,1.036636
5.904000,453.296000,1.351456
15.088000,1257.552000,0.670891
20.336000,2376.688000,1.058311
20.336000,2145.776000,0.977196
28.208000,1584.240000,0.957072
7.216000,400.816000,2.297321
4.592000,2011.952000,1.564800
5.904000,1697.072000,0.719396
32.144000,619.920000,0.753250
37.392000,2433.104000,0.994324
37.392000,1097.488000,0.660894
0.656000,2732.240000,1.542931
22.960000,1388.752000,0.733717
1.968000,2496.080000,0.776567
22.960000,162.032000,1.198444
7.216000,1126.352000,0.762266
8.528000,1599.984000,0.683224
38.704000,1948.976000,1.241542
29.520000,1038.448000,0.786452
24.272000,1354.640000,0.773821
8.528000,2023.760000,0.890007
28.208000,2094.608000,1.084374
21.648000,1605.232000,0.805433
13.776000,1618.352000,1.529575
28.208000,2726.992000,0.776059
21.648000,1938.480000,1.096050
26.896000,2476.400000,0.943291
33.456000,1195.888000,1.672091
36.080000,713.072000,0.984423
4.592000,415.248000,0.711342
1.968000,2959.216000,1.273394
1.968000,1193.264000,0.682478
5.904000,2288.784000,0.678680
0.656000,2141.840000,0.985897
19.024000,926.928000,1.272279
3.280000,1512.080000,1.309056
12.464000,1605.232000,0.848011
37.392000,1833.520000,1.284796
25.584000,1962.096000,0.725358
5.904000,54.448000,1.343128
11.152000,2751.920000,0.994671
11.152000,2241.552000,0.712829
37.392000,1300.848000,0.860606
30.832000,1470.096000,0.964544
33.456000,2232.368000,0.704933
21.648000,820.656000,1.638608
36.080000,2919.856000,2.885369
19.024000,1552.752000,1.250695
5.904000,210.576000,0.970063
8.528000,2345.200000,1.073546
28.208000,490.032000,0.728933
30.832000,1093.552000,0.829028
30.832000,2931.664000,0.906209
25.584000,744.560000,1.256315
4.592000,169.904000,0.769395
22.960000,455.920000,0.828724
7.216000,1535.696000,1.588739
32.144000,2082.800000,1.019831
17.712000,654.032000,0.764618
38.704000,2618.096000,1.851265
11.152000,235.504000,1.158680
9.840000,354.896000,0.829721
19.024000,2856.880000,0.762460
21.648000,713.072000,0.781086
15.088000,587.120000,1.039624
13.776000,686.832000,0.859384
33.456000,2696.816000,0.914294
19.024000,2555.120000,1.666553
17.712000,2860.816000,0.715437
1.968000,594.992000,1.033454
16.400000,2347.824000,0.891978
25.584000,2301.904000,0.751357
4.592000,2199.568000,0.766946
29.520000,2753.232000,0.684269
38.704000,1298.224000,1.160626
30.832000,466.416000,0.858043
29.520000,525.456000,0.657899
4.592000,1052.880000,0.935665
12.464000,2595.792000,1.153529
22.960000,299.792000,0.664515
24.272000,2068.368000,0.897567
38.704000,2935.600000,0.942010
0.656000,2317.648000,0.974972
7.216000,1472.720000,0.720754
26.896000,2009.328000,0.988776
12.464000,1237.872000,1.025734
36.080000,808.848000,0.868292
3.280000,2423.920000,0.955941
25.584000,904.624000,1.039546
37.392000,3178.320000,0.972367
4.592000,2381.936000,2.165146
7.216000,961.040000,1.208189
16.400000,2673.200000,0.658443
19.024000,3132.400000,0.755031
21.648000,856.080000,0.922741
26.896000,1084.368000,1.082901
19.024000,97.744000,1.145015
9.840000,1363.824000,0.885186
37.392000,2922.480000,1.278021
24.272000,962.352000,1.566170
20.336000,270.928000,0.740690
11.152000,3082.544000,0.898247
5.904000,647.472000,0.676237
29.520000,3199.312000,0.668566
4.592000,289.296000,1.040644
19.024000,2501.328000,0.741206
37.392000,835.088000,0.978247
20.336000,849.520000,1.529292
25.584000,1430.736000,1.004835
28.208000,749.808000,0.682953
17.712000,1417.616000,0.905718
11.152000,1271.984000,0.994772
28.208000,1348.080000,1.039220
8.528000,3205.872000,0.990363
38.704000,2309.776000,1.040153
13.776000,1170.960000,1.359129
20.336000,1804.656000,1.099847
19.024000,1428.112000,1.092675
5.904000,1998.832000,1.399384
12.464000,929.552000,1.162379
1.968000,1926.672000,0.661240
28.208000,231.568000,0.660318
34.768000,2635.152000,0.783586
34.768000,602.864000,0.744996
20.336000,1946.352000,1.080256
19.024000,902.000000,1.406396
8.528000,375.888000,1.271421
11.152000,2572.176000,0.684352
15.088000,1475.344000,0.656076
17.712000,1782.352000,0.803749
9.840000,610.736000,0.677921
29.520000,732.752000,0.860651
26.896000,2349.136000,0.858450
30.832000,902.000000,0.704692
12.464000,2385.872000,1.000408
17.712000,2238.928000,1.188217
32.144000,2542.000000,0.852895
7.216000,730.128000,0.666085
15.088000,1603.920000,1.001711
22.960000,1422.864000,1.059352
26.896000,1271.984000,1.135169
12.464000,1803.344000,0.701572
26.896000,2834.576000,0.719626
28.208000,724.880000,2.254083
9.840000,1282.480000,0.935866
17.712000,2700.752000,0.709757
24.272000,2580.048000,0.743264
30.832000,1802.032000,0.683666
8.528000,2780.784000,0.993741
1.968000,2077.552000,1.413567
0.656000,76.752000,0.708708
20.336000,1614.416000,1.405527
21.648000,1080.432000,0.703942
26.896000,2172.016000,0.730827
12.464000,1122.416000,0.677236
1.968000,503.152000,0.718854
25.584000,2964.464000,0.924536
19.024000,3161.264000,0.850683
19.024000,2001.456000,1.666905
32.144000,3215.056000,1.147069
24.272000,1518.640000,1.515212
17.712000,1249.680000,1.111689
5.904000,1020.080000,0.734383
5.904000,2196.944000,0.765320
20.336000,1382.192000,1.651791
12.464000,1492.400000,0.904016
4.592000,2102.480000,0.880187
26.896000,558.256000,0.834698
16.400000,1275.920000,1.096049
21.648000,2909.360000,1.089067
3.280000,326.032000,0.776908
33.456000,2904.112000,1.129136
22.960000,1274.608000,0.660797
32.144000,2918.544000,0.969225
21.648000,261.744000,0.672392
21.648000,413.936000,1.407067
38.704000,1815.152000,1.017763
29.520000,2034.256000,0.850091
22.960000,2014.576000,0.945885
25.584000,1253.616000,0.806827
16.400000,559.568000,1.636822
16.400000,417.872000,0.872682
9.840000,1211.632000,1.169204
22.960000,1071.248000,0.827649
21.648000,1636.720000,0.764874
0.656000,0.656000,0.965271
29.520000,919.056000,1.068189
0.656000,2493.456000,0.985295
11.152000,2831.952000,0.669229
3.280000,1840.080000,1.284597
5.904000,1097.488000,1.211326
25.584000,571.376000,0.997752
25.584000,2295.344000,0.662653
24.272000,1687.888000,0.733102
13.776000,1572.432000,1.475609
25.584000,1753.488000,0.977718
12.464000,32.144000,2.903871
11.152000,604.176000,0.689545
0.656000,2935.600000,1.409919
3.280000,2351.760000,0.896387
29.520000,240.752000,0.661831
8.528000,635.664000,0.768065
7.216000,2396.368000,1.334694
26.896000,387.696000,0.738934
33.456000,213.200000,0.665937
25.584000,1273.296000,0.663542
11.152000,1453.040000,0.692862
8.528000,1258.864000,0.946391
24.272000,2666.640000,1.412840
7.216000,1086.992000,0.661787
9.840000,433.616000,0.879626
0.656000,2973.648000,0.887278
28.208000,399.504000,0.951253
11.152000,726.192000,1.523238
5.904000,1424.176000,1.381320
19.024000,3069.424000,0.748136
24.272000,36.080000,0.682680
36.080000,895.440000,0.716458
30.832000,2675.824000,0.933998
33.456000,2333.392000,1.224154
15.088000,50.512000,1.078436
37.392000,1581.616000,0.845787
28.208000,2246.800000,0.912627
8.528000,630.416000,0.796418
12.464000,2206.128000,1.068502
3.280000,1316.592000,0.899361
13.776000,627.792000,0.974403
22.960000,2370.128000,1.169018
11.152000,2047.376000,0.852132
24.272000,366.704000,1.172228
4.592000,2101.168000,1.211771
1.968000,74.128000,1.331566
12.464000,802.288000,1.310762
4.592000,1632.784000,0.752612
20.336000,1796.784000,0.773755
17.712000,1004.336000,0.947464
16.400000,82.000000,0.882920
3.280000,1836.144000,0.665217
16.400000,226.320000,0.843354
38.704000,571.376000,0.834612
0.656000,2279.600000,1.130774
7.216000,2755.856000,0.740797
32.144000,264.368000,0.852924
1.968000,1090.928000,1.046300
24.272000,425.744000,1.125809
5.904000,2951.344000,0.977193
29.520000,2988.080000,0.945573
11.152000,1914.864000,0.722431
22.960000,913.808000,0.781737
30.832000,1829.584000,0.719847
16.400000,1683.952000,0.745713
28.208000,176.464000,1.260002
3.280000,1477.968000,0.681949
1.968000,370.640000,0.892428
5.904000,1682.640000,0.914202
33.456000,2789.968000,0.786860
19.024000,2216.624000,0.677983
0.656000,1674.768000,0.757793
34.768000,2804.400000,0.797858
26.896000,368.016000,0.765306
13.776000,2130.032000,0.725529
8.528000,121.360000,0.670828
12.464000,774.736000,1.541374
24.272000,2917.232000,0.737239
28.208000,297.168000,1.115522
33.456000,2603.664000,0.766379
1.968000,1008.272000,2.366078
19.024000,2974.960000,0.796699
33.456000,684.208000,0.671710
0.656000,646.160000,0.720812
21.648000,954.480000,1.074815
20.336000,884.944000,0.911099
9.840000,574.000000,0.864816
8.528000,1277.232000,0.777300
25.584000,3194.064000,1.064977
4.592000,2712.560000,1.286205
17.712000,909.872000,1.385727
12.464000,390.320000,1.298391
11.152000,1125.040000,0.667626
37.392000,1292.976000,1.134467
13.776000,150.224000,0.688887
7.216000,1168.336000,0.988812
4.592000,1602.608000,1.106000
7.216000,2038.192000,0.867584
5.904000,1886.000000,0.909883
32.144000,2570.864000,1.338382
3.280000,1548.816000,0.890865
21.648000,369.328000,0.673817
26.896000,950.544000,0.823920
30.832000,147.600000,1.010948
22.960000,3106.160000,1.568162
16.400000,1480.592000,0.693797
22.960000,343.088000,0.713890
7.216000,2858.192000,0.862277
33.456000,966.288000,1.231892
19.024000,2851.632000,0.778067
3.280000,440.176000,0.833970
30.832000,1959.472000,0.745687
1.968000,347.024000,0.762693
30.832000,520.208000,0.777694
24.272000,2536.752000,0.839941
3.280000,1122.416000,1.340602
5.904000,916.432000,0.773498
21.648000,542.512000,0.775133
32.144000,3051.056000,0.804763
36.080000,892.816000,1.095043
29.520000,2043.440000,0.835808
12.464000,2961.840000,1.307356
24.272000,1589.488000,0.961622
20.336000,1531.760000,0.727619
34.768000,959.728000,0.730226
12.464000,894.128000,0.918446
37.392000,1959.472000,0.908220
33.456000,2913.296000,0.726907
16.400000,1098.800000,1.221548
1.968000,2473.776000,0.970162
21.648000,2730.928000,0.679321
33.456000,2469.840000,0.919336
19.024000,2597.104000,0.658208
17.712000,2414.736000,1.227485
12.464000,1693.136000,0.950641
12.464000,2889.680000,0.799753
20.336000,630.416000,0.975047
0.656000,1021.392000,0.930873
12.464000,1113.232000,1.185420
29.520000,3044.496000,0.964266
13.776000,1651.152000,0.964135
16.400000,104.304000,0.670519
4.592000,614.672000,0.668183
21.648000,3011.696000,0.656876
0.656000,1430.736000,0.820992
33.456000,2126.096000,0.775601
28.208000,1468.784000,1.225551
38.704000,2885.744000,0.843273
17.712000,694.704000,1.353331
9.840000,3163.888000,1.069290
16.400000,3009.072000,1.288328
32.144000,3222.928000,0.830208
11.152000,3203.248000,2.168918
25.584000,2879.184000,1.016339
19.024000,2498.704000,0.790082
26.896000,1471.408000,0.845076
5.904000,3096.976000,1.246377
1.968000,946.608000,0.843264
38.704000,1840.080000,1.100705
28.208000,1024.016000,0.940826
19.024000,328.656000,0.870329
32.144000,1847.952000,1.365439
7.216000,1424.176000,0.846333
28.208000,2261.232000,1.075913
32.144000,2618.096000,0.722184
15.088000,259.120000,0.891954
11.152000,1519.952000,1.648031
32.144000,1109.296000,0.710268
12.464000,845.584000,0.981531
3.280000,2455.408000,0.768315
28.208000,2706.000000,0.895296
37.392000,2921.168000,0.755866
17.712000,322.096000,1.641726
21.648000,1651.152000,0.695238
21.648000,800.976000,0.826304
19.024000,3082.544000,0.947109
8.528000,793.104000,0.658392
13.776000,1409.744000,0.771512
4.592000,2702.064000,1.221295
16.400000,892.816000,1.021292
12.464000,1939.792000,0.747415
4.592000,1683.952000,1.214883
33.456000,1586.864000,0.862146
28.208000,253.872000,0.712746
32.144000,259.120000,0.659372
16.400000,231.568000,0.728474
13.776000,2157.584000,1.120095
21.648000,2813.584000,0.831945
20.336000,828.528000,0.795048
29.520000,550.384000,1.396920
9.840000,2080.176000,0.712893
28.208000,2015.888000,1.180605
26.896000,3145.520000,1.115671
3.280000,335.216000,0.854928
4.592000,1214.256000,0.802744
38.704000,2409.488000,0.695959
15.088000,521.520000,0.952001
26.896000,1968.656000,1.011353
30.832000,1209.008000,0.953280
7.216000,1825.648000,1.037590
3.280000,467.728000,0.984911
19.024000,2119.536000,0.720512
16.400000,411.312000,1.110145
5.904000,711.760000,1.119670
15.088000,2250.736000,0.859882
33.456000,1250.992000,0.664626
32.144000,2368.816000,0.849563
3.280000,1598.672000,1.006122
5.904000,2783.408000,1.149225
13.776000,2645.648000,0.731037
24.272000,2921.168000,0.804746
11.152000,1624.912000,1.497091
34.768000,1878.128000,0.802205
22.960000,51.824000,0.736855
7.216000,894.128000,0.780218
13.776000,593.680000,1.090780
34.768000,635.664000,1.142275
36.080000,634.352000,0.884738
24.272000,1058.128000,0.783979
34.768000,2679.760000,0.889363
36.080000,789.168000,0.984701
8.528000,2362.256000,1.093396
11.152000,1206.384000,0.803996
32.144000,57.072000,1.052494
11.152000,993.840000,1.093471
36.080000,1375.632000,0.856470
29.520000,2652.208000,0.774880
11.152000,2165.456000,0.835740
30.832000,2946.096000,1.227815
26.896000,454.608000,1.000180
8.528000,2425.232000,1.082582
8.528000,1299.536000,1.431997
36.080000,1005.648000,1.106483
29.520000,2112.976000,0.814601
3.280000,654.032000,0.790572
33.456000,1205.072000,0.699112
9.840000,2791.280000,0.780699
33.456000,1648.528000,0.697460
36.080000,1850.576000,0.944874
9.840000,3221.616000,0.809517
36.080000,1813.840000,0.829068
25.584000,246.000000,0.832750
33.456000,2172.016000,1.095835
26.896000,1021.392000,0.723341
38.704000,1506.832000,0.795962
17.712000,739.312000,0.705208
28.208000,1421.552000,2.959840
13.776000,2393.744000,1.799557
8.528000,1609.168000,0.995522
0.656000,1870.256000,1.392249
25.584000,2446.224000,0.820251
19.024000,2990.704000,1.239485
37.392000,2981.520000,0.700984
20.336000,1596.048000,0.695372
32.144000,3137.648000,0.995467
24.272000,2175.952000,1.176973
7.216000,1307.408000,0.898837
38.704000,3125.840000,1.949089
24.272000,745.872000,0.822713
22.960000,406.064000,0.790743
33.456000,1529.136000,1.788028
16.400000,1973.904000,0.728283
16.400000,1829.584000,1.086098
15.088000,2725.680000,1.479889
20.336000,1622.288000,1.307018
4.592000,1357.264000,0.961473
9.840000,2392.432000,1.263104
17.712000,1539.632000,0.863555
24.272000,564.816000,1.224350
9.840000,323.408000,1.207987
22.960000,1202.448000,1.146486
3.280000,546.448000,1.211549
16.400000,2120.848000,0.854496
16.400000,146.288000,1.415579
32.144000,175.152000,1.111844
17.712000,1247.056000,0.785683
17.712000,2553.808000,1.522926
11.152000,635.664000,0.899200
3.280000,458.544000,0.931104
34.768000,2527.568000,0.772810
16.400000,2587.920000,1.093348
32.144000,2527.568000,0.834459
13.776000,705.200000,1.926647
1.968000,3187.504000,0.777495
16.400000,2379.312000,0.795271
12.464000,1529.136000,0.756029
11.152000,236.816000,1.269749
28.208000,3182.256000,0.943903
9.840000,1411.056000,1.016962
12.464000,1626.224000,1.326586
3.280000,945.296000,0.832990
3.280000,410.000000,1.549482
3.280000,1027.952000,0.673684
16.400000,2182.512000,1.099519
25.584000,118.736000,1.064701
5.904000,1849.264000,0.934566
8.528000,2157.584000,0.858500
5.904000,2410.800000,0.751300
20.336000,1173.584000,0.694626
22.960000,728.816000,0.715300
34.768000,1388.752000,0.940041
30.832000,684.208000,0.763427
3.280000,2896.240000,1.178234
19.024000,2963.152000,1.717034
4.592000,274.864000,1.343323
21.648000,276.176000,0.704178
1.968000,331.280000,0.873956
20.336000,783.920000,0.826522
11.152000,21.648000,0.703711
8.528000,1867.632000,0.670636
13.776000,1161.776000,1.347286
25.584000,992.528000,0.730208
34.768000,2540.688000,0.696568
3.280000,630.416000,0.707368
30.832000,753.744000,0.870206
3.280000,1153.904000,1.120290
37.392000,854.768000,2.163884
25.584000,1727.248000,1.018993
3.280000,1908.304000,1.095348
38.704000,2543.312000,0.891571
30.832000,2064.432000,0.793541
21.648000,764.240000,1.517175
26.896000,1704.944000,0.657592
8.528000,2035.568000,0.848852
12.464000,1333.648000,1.026326
12.464000,1731.184000,0.949879
3.280000,400.816000,0.726828
3.280000,411.312000,0.781527
16.400000,1425.488000,0.909380
33.456000,2643.024000,1.439797
25.584000,2326.832000,1.169883
20.336000,2792.592000,0.683173
20.336000,2174.640000,0.683557
4.592000,32.144000,0.706505
34.768000,2443.600000,1.331856
26.896000,1569.808000,0.807863
4.592000,3036.624000,0.764394
11.152000,516.272000,0.690688
24.272000,2768.976000,0.706142
21.648000,2185.136000,0.880330
20.336000,2740.112000,1.058926
9.840000,1610.480000,0.729871
7.216000,2099.856000,0.873143
37.392000,829.840000,0.857195
8.528000,926.928000,0.656367
9.840000,781.296000,0.727849
11.152000,2872.624000,1.327411
36.080000,1596.048000,0.947884
30.832000,2294.032000,1.347029
1.968000,2464.592000,0.677356
9.840000,2981.520000,1.041713
26.896000,51.824000,0.753396
21.648000,635.664000,0.842647
0.656000,755.056000,1.373420
34.768000,2258.608000,0.705882
20.336000,1765.296000,0.988191
33.456000,2089.360000,0.844444
11.152000,902.000000,0.798058
26.896000,2059.184000,1.041525
9.840000,3062.864000,2.197236
7.216000,2667.952000,0.850708
17.712000,642.224000,0.723005
15.088000,2509.200000,0.728974
29.520000,2109.040000,0.850005
15.088000,933.488000,0.754932
32.144000,995.152000,0.955085
36.080000,3065.488000,0.899717
29.520000,478.224000,1.116177
38.704000,2276.976000,1.493101
5.904000,3182.256000,0.661160
3.280000,3065.488000,0.835430
5.904000,1331.024000,2.457476
16.400000,533.328000,1.015410
1.968000,1017.456000,1.485999
30.832000,2715.184000,2.880234
12.464000,2992.016000,0.694849
32.144000,1630.160000,0.692454
36.080000,2261.232000,0.731845
33.456000,2077.552000,1.320071
19.024000,1295.600000,0.767247
22.960000,3100.912000,0.848092
26.896000,290.608000,0.668181
26.896000,2507.888000,0.858713
4.592000,2711.248000,0.929799
36.080000,639.600000,1.090522
28.208000,2574.800000,0.755543
9.840000,1195.888000,0.815019
30.832000,1547.504000,1.165017
12.464000,1866.320000,1.250434
8.528000,3150.768000,0.680723
21.648000,3165.200000,0.885447
34.768000,200.080000,1.328236
21.648000,360.144000,0.723319
26.896000,651.408000,1.076102
4.592000,2039.504000,2.028770
9.840000,743.248000,0.814404
26.896000,329.968000,0.751927
17.712000,819.344000,0.787257
30.832000,347.024000,1.080640
28.208000,920.368000,1.036142
32.144000,2364.880000,0.868616
38.704000,3167.824000,0.690960
11.152000,400.816000,1.513663
29.520000,2224.496000,1.343440
7.216000,432.304000,0.703277
29.520000,1098.800000,0.718344
38.704000,1043.696000,0.768333
12.464000,2029.008000,2.086870
36.080000,715.696000,0.682603
11.152000,3171.760000,1.208192
19.024000,903.312000,0.845050
24.272000,266.992000,0.716901
34.768000,88.560000,0.906348
20.336000,1840.080000,0.845323
21.648000,3175.696000,0.835948
16.400000,3149.456000,0.863678
26.896000,993.840000,1.067687
26.896000,1762.672000,0.805502
20.336000,462.480000,0.822466
5.904000,2614.160000,1.136883
37.392000,1529.136000,0.788700
11.152000,1656.400000,0.658727
3.280000,1708.880000,0.843377
20.336000,686.832000,1.549197
24.272000,2972.336000,1.334654
17.712000,1910.928000,0.860672
12.464000,3166.512000,0.931000
24.272000,1906.992000,0.694580
32.144000,2434.416000,0.748121
12.464000,165.968000,0.936778
34.768000,873.136000,0.861633
21.648000,1858.448000,0.932774
29.520000,1934.544000,0.909383
21.648000,2238.928000,1.039133
4.592000,2698.128000,0.687739
21.648000,3006.448000,1.080177
30.832000,2200.880000,0.945424
12.464000,2568.240000,0.707467
22.960000,1567.184000,0.661802
4.592000,1185.392000,1.658059
8.528000,22.960000,0.939188
4.592000,959.728000,0.809976
15.088000,1605.232000,1.126974
1.968000,988.592000,1.209781
11.152000,2484.272000,0.889301
30.832000,1407.120000,1.176116
36.080000,597.616000,0.761303
32.144000,790.480000,1.000844
16.400000,3104.848000,0.889825
25.584000,2172.016000,0.674022
17.712000,723.568000,1.309148
8.528000,1659.024000,1.160208
4.592000,2997.264000,1.349783
30.832000,1857.136000,1.217516
38.704000,2307.152000,1.285083
15.088000,2048.688000,1.074656
25.584000,3020.880000,0.749345
17.712000,2989.392000,0.800620
4.592000,1168.336000,0.683453
28.208000,2371.440000,1.102280
28.208000,2755.856000,0.846862
25.584000,281.424000,0.863898
30.832000,2997.264000,1.085220
13.776000,1861.072000,0.961071
17.712000,2493.456000,1.012625
17.712000,2472.464000,1.181101
32.144000,347.024000,1.985544
36.080000,1668.208000,1.517710
22.960000,383.760000,0.967324
22.960000,1779.728000,0.834022
15.088000,1708.880000,0.888892
9.840000,871.824000,0.794439
21.648000,1155.216000,0.933385
3.280000,571.376000,1.039252
34.768000,47.888000,0.922181
1.968000,755.056000,0.985621
5.904000,1361.200000,0.824235
16.400000,3023.504000,1.058298
26.896000,1428.112000,1.025488
26.896000,1399.248000,0.711040
11.152000,383.760000,1.173643
4.592000,301.104000,0.762739
26.896000,713.072000,0.831951
16.400000,2043.440000,2.169401
12.464000,2178.576000,0.670518
7.216000,3018.256000,1.245501
37.392000,1302.160000,1.070126
7.216000,3221.616000,0.777910
21.648000,934.800000,0.697769
9.840000,2497.392000,0.704433
29.520000,2932.976000,0.657176
5.904000,1605.232000,0.793339
11.152000,2556.432000,0.903774
24.272000,121.360000,0.866849
30.832000,2383.248000,0.667522
21.648000,314.224000,0.676815
7.216000,1342.832000,0.788128
34.768000,1971.280000,1.373587
17.712000,270.928000,1.035752
13.776000,2404.240000,0.667170
5.904000,1698.384000,0.896464
19.024000,1111.920000,0.731657
21.648000,562.192000,1.136200
0.656000,2826.704000,1.002994
16.400000,959.728000,0.976844
19.024000,2888.368000,1.123034
7.216000,2333.392000,0.766507
28.208000,682.896000,3.630522
5.904000,1148.656000,0.945328
37.392000,1243.120000,0.805719
20.336000,2549.872000,0.909049
37.392000,913.808000,0.785840
22.960000,341.776000,0.749065
30.832000,491.344000,0.927514
4.592000,1374.320000,0.658317
29.520000,2763.728000,0.921088
32.144000,2165.456000,1.042498
13.776000,955.792000,0.713320
17.712000,310.288000,0.761085
26.896000,2477.712000,0.742270
5.904000,1706.256000,1.082577
11.152000,950.544000,1.556048
21.648000,3153.392000,0.727834
5.904000,1501.584000,1.551137
12.464000,900.688000,0.835877
32.144000,558.256000,0.774538
37.392000,865.264000,1.558518
5.904000,2643.024000,0.700705
21.648000,1931.920000,0.770882
7.216000,993.840000,0.836774
8.528000,2208.752000,1.231707
24.272000,2699.440000,0.762238
28.208000,2469.840000,0.778906
8.528000,2645.648000,0.701056
20.336000,1262.800000,1.064096
17.712000,2498.704000,1.473380
34.768000,1069.936000,0.726636
19.024000,686.832000,0.875442
0.656000,400.816000,1.222519
33.456000,1728.560000,0.740960
21.648000,1603.920000,1.922534
8.528000,2929.040000,0.977835
17.712000,3135.024000,1.128048
5.904000,1304.784000,0.717348
37.392000,2056.560000,0.882218
38.704000,385.072000,0.800781
11.152000,2498.704000,0.799773
32.144000,1815.152000,0.964986
11.152000,1244.432000,0.758238
26.896000,1686.576000,1.428647
19.024000,3205.872000,1.095893
29.520000,1279.856000,2.255733
7.216000,1540.944000,0.771984
5.904000,2325.520000,0.872591
25.584000,1825.648000,0.780654
20.336000,349.648000,0.881574
34.768000,1610.480000,0.808969
20.336000,1315.280000,0.813023
34.768000,962.352000,1.258567
38.704000,1787.600000,0.845789
1.968000,2090.672000,0.932233
36.080000,43.952000,0.974728
36.080000,890.192000,1.103462
9.840000,1047.632000,0.848595
0.656000,971.536000,0.703078
21.648000,2774.224000,0.851042
25.584000,2625.968000,0.769080
32.144000,3108.784000,0.737224
1.968000,2837.200000,1.256248
17.712000,2511.824000,0.920318
9.840000,2556.432000,0.760623
20.336000,2059.184000,0.894668
20.336000,114.800000,1.035312
7.216000,66.256000,0.670148
33.456000,344.400000,0.776826
15.088000,685.520000,1.042394
24.272000,2401.616000,1.522444
16.400000,2165.456000,0.731144
36.080000,189.584000,1.296098
28.208000,2097.232000,1.113031
20.336000,1334.960000,0.792846
19.024000,2843.760000,0.857443
4.592000,1505.520000,0.752176
37.392000,471.664000,0.715920
9.840000,1189.328000,1.517414
8.528000,1808.592000,0.676928
21.648000,2053.936000,0.874605
12.464000,3192.752000,0.786685
11.152000,2409.488000,1.360646
30.832000,1016.144000,1.691238
1.968000,223.696000,0.854511
24.272000,2295.344000,1.325438
34.768000,2604.976000,0.657607
17.712000,84.624000,0.776913
1.968000,734.064000,0.889906
37.392000,454.608000,0.783528
20.336000,1025.328000,0.784046
34.768000,1412.368000,0.676555
37.392000,1306.096000,0.726072
19.024000,2174.640000,1.212506
21.648000,3087.792000,0.788933
12.464000,1279.856000,1.155339
22.960000,2485.584000,1.795366
20.336000,520.208000,0.877492
15.088000,1050.256000,1.001759
1.968000,186.960000,0.898660
22.960000,2468.528000,0.740417
25.584000,850.832000,1.435422
3.280000,1916.176000,0.815998
33.456000,1005.648000,0.819045
16.400000,1977.840000,0.824267
30.832000,2122.160000,0.688169
17.712000,1453.040000,0.727739
33.456000,1962.096000,0.911156
17.712000,438.864000,0.768028
15.088000,1590.800000,0.722208
19.024000,2981.520000,0.802025
32.144000,2107.728000,0.815984
12.464000,2947.408000,0.673627
29.520000,64.944000,0.720361
36.080000,2712.560000,1.046236
1.968000,2287.472000,0.887868
11.152000,985.968000,0.722985
34.768000,600.240000,0.725757
19.024000,2364.880000,0.919782
30.832000,1392.688000,1.024763
0.656000,1086.992000,0.860957
34.768000,1746.928000,0.768077
30.832000,654.032000,1.112711
19.024000,2039.504000,3.070010
12.464000,1614.416000,0.725767
38.704000,280.112000,0.824923
30.832000,1075.184000,0.776745
38.704000,413.936000,1.525163
37.392000,3045.808000,0.945535
5.904000,2240.240000,1.227240
5.904000,3022.192000,1.494213
30.832000,1636.720000,0.717425
21.648000,657.968000,0.804240
33.456000,1241.808000,1.167121
8.528000,1798.096000,0.798923
1.968000,2006.704000,0.769197
34.768000,845.584000,0.701715
34.768000,226.320000,1.145890
25.584000,49.200000,0.694074
7.216000,3056.304000,1.281935
16.400000,3091.728000,0.831861
0.656000,2505.264000,0.732061
3.280000,2569.552000,0.824698
26.896000,33.456000,0.821568
22.960000,2776.848000,1.417056
24.272000,1306.096000,0.718260
12.464000,970.224000,1.077629
26.896000,2562.992000,0.667968
32.144000,636.976000,0.699402
13.776000,833.776000,0.943497
19.024000,2935.600000,1.802213
36.080000,2101.168000,0.843767
12.464000,858.704000,1.030438
3.280000,574.000000,0.781175
16.400000,1328.400000,0.816202
20.336000,913.808000,1.035502
22.960000,2395.056000,0.798045
37.392000,1046.320000,1.273019
37.392000,478.224000,0.946509
29.520000,2391.120000,0.802655
5.904000,2080.176000,0.665021
13.776000,2742.736000,0.862208
16.400000,2675.824000,1.888922
28.208000,1430.736000,1.042159
32.144000,1594.736000,0.905372
17.712000,2675.824000,0.724062
20.336000,2624.656000,0.666551
0.656000,2266.480000,0.700891
22.960000,2244.176000,0.946688
24.272000,1766.608000,0.776513
34.768000,59.696000,1.148741
13.776000,2060.496000,1.211835
4.592000,2046.064000,0.667738
37.392000,2637.776000,0.722455
0.656000,1329.712000,0.668721
13.776000,379.824000,0.896349
4.592000,1979.152000,1.015999
20.336000,175.152000,0.804558
34.768000,495.280000,0.750999
33.456000,2076.240000,0.779485
21.648000,407.376000,0.841938
3.280000,1720.688000,1.389038
26.896000,379.824000,0.897349
5.904000,1439.920000,0.888962
34.768000,2632.528000,1.205403
22.960000,2623.344000,0.703759
0.656000,1253.616000,0.954141
9.840000,1244.432000,1.308452
15.088000,2078.864000,0.808785
24.272000,2851.632000,0.835075
3.280000,1317.904000,0.978772
7.216000,232.880000,1.014822
29.520000,1281.168000,1.065366
13.776000,521.520000,0.678635
37.392000,1757.424000,0.875493
20.336000,2984.144000,0.852873
19.024000,2708.624000,1.662080
29.520000,165.968000,0.713324
19.024000,2854.256000,0.795967
25.584000,1954.224000,2.041664
24.272000,1228.688000,0.816069
24.272000,3104.848000,1.411928
34.768000,3062.864000,0.713031
21.648000,1443.856000,0.910709
8.528000,2040.816000,0.713267
8.528000,239.440000,0.858231
5.904000,1784.976000,1.796616
19.024000,2986.768000,0.969307
30.832000,3104.848000,0.765503
24.272000,647.472000,0.909589
33.456000,2765.040000,0.678426
13.776000,2542.000000,0.975360
32.144000,727.504000,0.657604
4.592000,936.112000,0.926715
16.400000,1711.504000,0.940154
4.592000,525.456000,0.792546
26.896000,1710.192000,0.780899
36.080000,457.232000,0.660505
19.024000,1155.216000,1.194558
38.704000,2982.832000,1.311188
37.392000,1167.024000,1.060111
29.520000,2664.016000,0.806849
32.144000,1198.512000,0.880795
4.592000,411.312000,0.898125
16.400000,2130.032000,1.525424
32.144000,2315.024000,1.339692
37.392000,3014.320000,0.995719
20.336000,656.656000,0.738208
36.080000,989.904000,0.911245
29.520000,236.816000,1.211260
15.088000,1508.144000,1.236384
3.280000,2210.064000,0.694757
26.896000,3152.080000,1.231182
20.336000,1051.568000,1.037694
16.400000,803.600000,1.114977
19.024000,91.184000,0.876333
0.656000,934.800000,0.825536
32.144000,2488.208000,0.711815
29.520000,2350.448000,0.703151
22.960000,167.280000,0.828986
24.272000,2141.840000,0.870933
12.464000,1887.312000,0.852863
25.584000,608.112000,0.774952
37.392000,3073.360000,1.358562
13.776000,2342.576000,0.714233
32.144000,1896.496000,1.066912
0.656000,2706.000000,1.329406
9.840000,173.840000,0.686015
13.776000,1333.648000,0.675386
33.456000,2604.976000,0.656611
37.392000,1972.592000,1.520744
36.080000,427.056000,1.029551
7.216000,1698.384000,0.934091
4.592000,106.928000,0.841310
25.584000,2419.984000,0.811557
29.520000,1481.904000,1.162345
20.336000,2034.256000,1.043369
11.152000,3058.928000,0.960633
29.520000,1006.960000,0.678444
22.960000,1487.152000,1.274567
1.968000,975.472000,0.906141
4.592000,3052.368000,0.911519
16.400000,504.464000,1.199660
1.968000,1258.864000,0.719476
1.968000,922.992000,1.256373
30.832000,1849.264000,0.692065
21.648000,930.864000,1.205384
36.080000,1632.784000,1.803243
33.456000,1025.328000,1.050169
22.960000,882.320000,1.357717
11.152000,2204.816000,0.878612
25.584000,2762.416000,1.144200
1.968000,907.248000,0.835996
5.904000,2953.968000,1.014574
3.280000,2736.176000,0.909522
37.392000,1874.192000,1.465875
36.080000,2214.000000,1.056154
16.400000,2747.984000,0.721794
20.336000,2535.440000,0.656346
12.464000,2039.504000,0.660211
25.584000,2576.112000,0.915980
17.712000,1167.024000,0.840412
24.272000,1068.624000,0.778415
12.464000,1253.616000,0.914563
16.400000,1163.088000,1.087377
4.592000,1556.688000,1.026792
32.144000,1942.416000,0.967138
32.144000,738.000000,1.127722
7.216000,2509.200000,0.671306
11.152000,3218.992000,0.721711
28.208000,1614.416000,0.939469
29.520000,1565.872000,0.843383
0.656000,785.232000,0.666595
37.392000,2035.568000,0.772104
29.520000,3112.720000,0.851373
15.088000,2741.424000,1.504084
16.400000,1390.064000,0.851350
11.152000,2524.944000,1.382533
1.968000,882.320000,0.666919
3.280000,1127.664000,1.323159
5.904000,2206.128000,1.111804
8.528000,894.128000,1.350616
9.840000,1228.688000,0.679258
11.152000,2255.984000,1.383548
9.840000,991.216000,0.844644
17.712000,559.568000,0.754831
26.896000,340.464000,0.656893
20.336000,2031.632000,0.954403
3.280000,2402.928000,1.063584
0.656000,2542.000000,0.923297
38.704000,1397.936000,1.646398
33.456000,390.320000,1.084418
8.528000,1484.528000,0.751468
13.776000,2249.424000,0.675785
29.520000,1778.416000,0.785339
5.904000,1209.008000,0.926553
36.080000,568.752000,1.046247
32.144000,165.968000,0.696339
36.080000,1009.584000,0.902360
9.840000,2128.720000,0.986445
37.392000,3032.688000,0.786310
15.088000,2329.456000,0.700367
29.520000,1396.624000,1.222484
15.088000,118.736000,0.930770
19.024000,2030.320000,1.259484
4.592000,2328.144000,1.131855
28.208000,1463.536000,1.196148
17.712000,2820.144000,0.795133
36.080000,2517.072000,1.118057
34.768000,1186.704000,0.708936
1.968000,1291.664000,1.301976
3.280000,913.808000,1.900186
21.648000,790.480000,1.027126
9.840000,394.256000,0.691089
30.832000,535.952000,1.489471
36.080000,1336.272000,1.538775
22.960000,225.008000,0.685115
28.208000,377.200000,1.162387
32.144000,845.584000,0.695102
26.896000,2497.392000,0.835098
24.272000,1769.232000,0.968242
3.280000,92.496000,1.135300
37.392000,2417.360000,1.109032
7.216000,2506.576000,0.823497
11.152000,762.928000,0.746160
32.144000,1080.432000,1.782198
13.776000,2372.752000,1.391265
13.776000,266.992000,1.524597
5.904000,1840.080000,1.968978
21.648000,587.120000,0.943713
37.392000,1643.280000,1.062523
22.960000,87.248000,0.716069
38.704000,1746.928000,0.735067
16.400000,2606.288000,0.851075
16.400000,745.872000,0.673392
36.080000,705.200000,0.998630
17.712000,676.336000,1.668572
11.152000,941.360000,1.148952
33.456000,2583.984000,1.094478
11.152000,3065.488000,0.859369
4.592000,488.720000,0.801071
22.960000,2789.968000,0.669236
17.712000,24.272000,0.734953
33.456000,2244.176000,0.768337
13.776000,782.608000,0.749026
15.088000,2976.272000,1.295055
8.528000,1132.912000,0.895831
1.968000,3208.496000,0.809109
26.896000,1400.560000,1.408798
26.896000,2505.264000,0.883588
9.840000,934.800000,0.722384
32.144000,1066.000000,0.823328
1.968000,2463.280000,1.037293
32.144000,3167.824000,0.716779
30.832000,1247.056000,0.990249
8.528000,2719.120000,0.691504
5.904000,2048.688000,0.664960
36.080000,2005.392000,1.167508
38.704000,1853.200000,1.078520
20.336000,2091.984000,1.137097
30.832000,2509.200000,1.286504
21.648000,225.008000,0.814849
28.208000,904.624000,1.134104
22.960000,2300.592000,0.864697
7.216000,1386.128000,0.751627
8.528000,3049.744000,0.794150
25.584000,2467.216000,1.447541
13.776000,1969.968000,1.486531
0.656000,26.896000,0.787541
5.904000,2772.912000,1.424413
21.648000,547.760000,0.682778
37.392000,154.160000,0.725454
16.400000,1104.048000,0.919105
34.768000,1842.704000,0.849224
11.152000,563.504000,0.836180
11.152000,1396.624000,0.840412
24.272000,389.008000,1.044611
4.592000,2839.824000,0.832317
3.280000,2144.464000,1.549652
16.400000,1893.872000,0.659104
26.896000,1729.872000,1.003534
9.840000,392.944000,0.909018
4.592000,2308.464000,0.852823
17.712000,3175.696000,0.704134
13.776000,848.208000,0.742252
0.656000,2972.336000,0.883520
32.144000,2336.016000,1.083687
25.584000,2951.344000,1.395893
36.080000,2762.416000,0.677760
19.024000,2398.992000,0.805592
1.968000,697.328000,0.902437
3.280000,2374.064000,1.272673
5.904000,1342.832000,0.686243
5.904000,2246.800000,0.807502
28.208000,2681.072000,0.849546
9.840000,54.448000,0.694745
32.144000,310.288000,0.743811
34.768000,2943.472000,1.256904
8.528000,1459.600000,0.836232
20.336000,2661.392000,1.309904
25.584000,692.080000,1.155400
33.456000,2262.544000,1.162633
17.712000,1275.920000,1.438404
16.400000,2175.952000,0.703448
7.216000,284.048000,0.890490
21.648000,1439.920000,1.551154
29.520000,1799.408000,0.846009
28.208000,1547.504000,0.908665
24.272000,1390.064000,0.661868
8.528000,930.864000,0.818357
28.208000,2070.992000,1.111658
19.024000,1323.152000,0.858995
0.656000,860.016000,0.863275
37.392000,3081.232000,0.707053
1.968000,374.576000,0.775029
20.336000,999.088000,1.330714
29.520000,219.760000,1.618077
26.896000,2960.528000,0.877775
21.648000,1872.880000,1.097400
8.528000,332.592000,0.692401
34.768000,601.552000,1.777824
28.208000,1337.584000,0.862792
32.144000,360.144000,0.944008
38.704000,2738.800000,0.744565
36.080000,1828.272000,0.699307
16.400000,1950.288000,0.716378
4.592000,1024.016000,0.764480
7.216000,2799.152000,0.869877
22.960000,2006.704000,0.834831
26.896000,2506.576000,0.892445
19.024000,2792.592000,1.301480
15.088000,2818.832000,1.016525
9.840000,1753.488000,0.787632
34.768000,978.096000,1.258787
30.832000,1000.400000,0.674219
3.280000,171.216000,0.865209
26.896000,1901.744000,1.141201
4.592000,68.880000,0.798909
8.528000,905.936000,0.793153
30.832000,142.352000,0.879422
36.080000,1090.928000,0.688620
34.768000,2997.264000,0.998234
5.904000,84.624000,0.659966
13.776000,2776.848000,1.197042
22.960000,1130.288000,1.312748
24.272000,841.648000,1.667870
12.464000,2471.152000,0.893316
17.712000,884.944000,0.687911
29.520000,142.352000,0.768566
33.456000,2770.288000,1.203647
13.776000,1605.232000,0.734208
22.960000,601.552000,0.795591
9.840000,908.560000,1.130823
12.464000,2581.360000,1.017417
0.656000,1599.984000,0.685684
20.336000,3048.432000,1.167157
29.520000,2913.296000,1.202190
29.520000,1887.312000,0.760309
7.216000,2357.008000,0.657810
29.520000,1969.968000,0.886023
25.584000,2564.304000,1.033675
24.272000,1227.376000,1.107260
28.208000,1896.496000,0.887304
20.336000,794.416000,0.824747
26.896000,2824.080000,1.035883
22.960000,2568.240000,0.922896
26.896000,1190.640000,0.814634
5.904000,1290.352000,0.683672
7.216000,1796.784000,0.969631
34.768000,1823.024000,1.865932
16.400000,2593.168000,0.874033
30.832000,829.840000,0.706036
21.648000,985.968000,1.108877
33.456000,581.872000,1.335391
3.280000,1220.816000,0.749753
38.704000,368.016000,0.881716
17.712000,983.344000,0.690602
25.584000,83.312000,0.661182
11.152000,802.288000,1.230342
38.704000,349.648000,0.703089
29.520000,1285.104000,1.595487
17.712000,453.296000,1.003112
1.968000,2708.624000,0.855483
13.776000,3180.944000,1.074071
38.704000,963.664000,1.155711
22.960000,2143.152000,0.884170
13.776000,3013.008000,0.757846
19.024000,331.280000,0.673548
26.896000,587.120000,0.769080
5.904000,306.352000,0.661956
7.216000,2616.784000,0.663415
24.272000,2452.784000,0.993901
15.088000,2518.384000,0.684578
5.904000,1811.216000,1.141619
12.464000,2490.832000,0.732569
29.520000,1067.312000,1.358679
7.216000,2771.600000,0.671979
34.768000,2662.704000,0.936119
11.152000,61.008000,1.487478
11.152000,2813.584000,1.719299
22.960000,748.496000,1.094596
30.832000,2950.032000,0.781623
13.776000,419.184000,1.055202
16.400000,2105.104000,1.027968
3.280000,997.776000,0.760109
11.152000,2640.400000,0.698885
8.528000,811.472000,0.718514
1.968000,1434.672000,0.700176
7.216000,1615.728000,0.856285
1.968000,2712.560000,0.931599
5.904000,2431.792000,0.978013
38.704000,1265.424000,1.243210
4.592000,429.680000,1.710647
4.592000,1155.216000,0.718343
22.960000,2099.856000,0.788343
21.648000,171.216000,1.031460
28.208000,2555.120000,1.075262
12.464000,844.272000,0.761555
11.152000,1157.840000,1.099879
5.904000,1872.880000,0.754997
24.272000,316.848000,0.800667
37.392000,2522.320000,0.938479
8.528000,2715.184000,1.154727
11.152000,1740.368000,2.031732
26.896000,2400.304000,0.701085
20.336000,533.328000,0.772885
5.904000,1971.280000,1.794608
20.336000,2047.376000,0.892318
26.896000,3104.848000,0.797737
8.528000,2518.384000,1.424706
22.960000,1307.408000,0.736519
25.584000,612.048000,0.667176
12.464000,2908.048000,0.908916
17.712000,312.912000,0.684484
24.272000,549.072000,0.718033
19.024000,871.824000,0.852164
1.968000,2994.640000,0.670059
38.704000,2313.712000,0.657656
28.208000,1691.824000,0.699570
9.840000,2597.104000,0.710292
19.024000,3174.384000,1.322092
28.208000,1783.664000,0.975079
21.648000,368.016000,1.448898
19.024000,3089.104000,0.825071
15.088000,937.424000,0.791866
26.896000,2233.680000,0.882888
25.584000,200.080000,0.727348
29.520000,1121.104000,1.506797
15.088000,1382.192000,1.204644
0.656000,635.664000,0.717393
7.216000,584.496000,0.690473
19.024000,1913.552000,0.867693
24.272000,453.296000,0.796984
25.584000,2831.952000,0.732948
17.712000,1985.712000,1.015275
5.904000,1033.200000,1.036379
0.656000,1622.288000,0.696482
15.088000,2144.464000,0.989404
5.904000,1934.544000,0.696452
29.520000,1266.736000,1.020254
28.208000,3114.032000,0.830743
3.280000,260.432000,0.835873
1.968000,2864.752000,0.763840
0.656000,329.968000,1.415034
32.144000,2665.328000,0.798480
11.152000,3215.056000,0.863276
33.456000,735.376000,0.726502
30.832000,3180.944000,1.038644
21.648000,2826.704000,0.682714
9.840000,1491.088000,0.882921
3.280000,2393.744000,1.025564
34.768000,2816.208000,0.928283
0.656000,1632.784000,1.317554
5.904000,20.336000,0.723292
20.336000,2270.416000,2.791265
0.656000,3072.048000,0.823069
13.776000,441.488000,0.959327
4.592000,532.016000,0.928716
38.704000,34.768000,0.682960
9.840000,493.968000,2.320678
11.152000,1046.320000,1.126646
30.832000,2035.568000,0.907852
1.968000,3061.552000,0.684232
12.464000,2834.576000,0.793586
36.080000,1960.784000,0.692345
19.024000,1568.496000,0.925561
33.456000,2393.744000,0.663723
32.144000,3099.600000,0.677489
1.968000,106.928000,2.052098
24.272000,2190.384000,1.029873
19.024000,2396.368000,0.750227
34.768000,3078.608000,0.796042
32.144000,874.448000,0.957192
19.024000,383.760000,0.771338
34.768000,2065.744000,1.033763
26.896000,2410.800000,1.937344
34.768000,2723.056000,1.204465
21.648000,1985.712000,1.230763
0.656000,1188.016000,0.746983
37.392000,1513.392000,1.114678
9.840000,1084.368000,0.692920
7.216000,1893.872000,0.719198
34.768000,1534.384000,0.656832
9.840000,395.568000,0.675923
25.584000,2885.744000,0.744506
29.520000,1366.448000,0.738786
33.456000,1159.152000,0.846124
15.088000,2851.632000,0.880926
29.520000,2808.336000,0.688842
24.272000,2653.520000,0.822720
0.656000,61.008000,0.839191
17.712000,2530.192000,1.869437
33.456000,1038.448000,1.089954
15.088000,2905.424000,0.927181
16.400000,2039.504000,1.555581
25.584000,1388.752000,0.709510
33.456000,2633.840000,1.238128
19.024000,577.936000,0.909640
15.088000,1083.056000,0.820372
36.080000,535.952000,0.753834
11.152000,920.368000,2.519175
32.144000,1089.616000,1.387618
34.768000,875.760000,0.975215
3.280000,2193.008000,1.139045
22.960000,634.352000,1.398596
16.400000,61.008000,0.782493
22.960000,1925.360000,0.833090
37.392000,1804.656000,0.977886
26.896000,1605.232000,0.765723
36.080000,243.376000,0.683290
30.832000,2139.216000,0.981598
7.216000,2001.456000,0.717120
29.520000,1905.680000,0.852003
20.336000,2068.368000,1.475225
34.768000,1407.120000,0.707694
5.904000,147.600000,0.799089
4.592000,976.784000,1.363987
1.968000,3099.600000,0.684790
12.464000,2619.408000,1.205269
20.336000,1808.592000,1.249337
7.216000,2056.560000,0.721749
13.776000,1531.760000,0.808598
38.704000,1987.024000,0.914291
5.904000,1336.272000,0.905407
16.400000,1761.360000,0.682841
12.464000,2577.424000,1.382856
16.400000,867.888000,0.703490
28.208000,2421.296000,0.838417
33.456000,2677.136000,1.404241
36.080000,617.296000,2.154822
29.520000,2682.384000,0.778658
30.832000,1497.648000,0.927035
5.904000,1989.648000,1.367569
21.648000,2177.264000,0.937931
38.704000,1067.312000,0.909733
33.456000,2942.160000,0.970177
17.712000,1610.480000,1.429797
1.968000,1951.600000,1.027334
13.776000,1006.960000,0.807648
34.768000,707.824000,1.167206
1.968000,2989.392000,0.819961
30.832000,243.376000,0.863322
38.704000,2771.600000,1.047333
25.584000,911.184000,0.747483
13.776000,16.400000,1.161498
8.528000,854.768000,0.682852
8.528000,395.568000,1.023956
22.960000,3098.288000,1.065754
25.584000,2851.632000,0.927878
34.768000,755.056000,0.891703
24.272000,2338.640000,0.946655
21.648000,310.288000,0.850013
16.400000,1334.960000,1.091569
17.712000,2842.448000,0.678623
37.392000,900.688000,0.924242
11.152000,1197.200000,0.698074
21.648000,2296.656000,0.928259
11.152000,1586.864000,0.776573
8.528000,665.840000,0.862867
28.208000,2130.032000,1.608188
22.960000,2279.600000,0.872304
4.592000,1017.456000,0.817134
20.336000,1215.568000,0.735276
34.768000,862.640000,0.820486
37.392000,1067.312000,0.905927
29.520000,272.240000,0.711826
1.968000,1580.304000,0.875928
28.208000,1662.960000,0.739110
5.904000,244.688000,1.071457
7.216000,2679.760000,0.731714
16.400000,390.320000,0.706008
15.088000,840.336000,0.710142
25.584000,2700.752000,0.687364
32.144000,2236.304000,0.859898
20.336000,434.928000,0.711328
11.152000,642.224000,0.827515
34.768000,1527.824000,1.514223
7.216000,846.896000,0.896736
7.216000,668.464000,1.185475
34.768000,85.936000,0.661936
33.456000,3020.880000,0.755396
37.392000,2514.448000,1.144697
33.456000,709.136000,0.835666
0.656000,1582.928000,1.479959
38.704000,1101.424000,0.806705
32.144000,2698.128000,0.792310
20.336000,2799.152000,0.664434
29.520000,32.144000,0.879378
4.592000,1935.856000,0.699824
34.768000,169.904000,1.343360
12.464000,1937.168000,0.946576
16.400000,2157.584000,0.862799
33.456000,1611.792000,0.990266
21.648000,2713.872000,0.934207
36.080000,2019.824000,0.804364
13.776000,2109.040000,1.414381
1.968000,368.016000,0.774620
28.208000,147.600000,0.835272
8.528000,2814.896000,0.895612
32.144000,2875.248000,1.402189
12.464000,449.360000,1.044196
25.584000,284.048000,0.905165
25.584000,2001.456000,0.934658
4.592000,734.064000,0.967570
13.776000,46.576000,0.755480
22.960000,3010.384000,0.675345
7.216000,1824.336000,1.104764
24.272000,1976.528000,0.961106
5.904000,1581.616000,0.701340
30.832000,1988.336000,0.746497
24.272000,1178.832000,0.675867
24.272000,1997.520000,0.867034
24.272000,1661.648000,1.460171
38.704000,2908.048000,1.073332
22.960000,1411.056000,0.677609
21.648000,811.472000,0.723391
4.592000,2562.992000,1.030522
32.144000,2890.992000,0.856389
19.024000,723.568000,0.712528
15.088000,308.976000,0.773436
9.840000,1382.192000,0.671217
9.840000,933.488000,0.999769
5.904000,2549.872000,1.302127
1.968000,255.184000,0.672201
3.280000,2338.640000,0.666769
24.272000,1508.144000,0.783537
5.904000,247.312000,1.034907
25.584000,135.792000,0.768452
36.080000,1115.856000,0.982097
13.776000,3196.688000,1.062108
37.392000,337.840000,2.229247
21.648000,2900.176000,0.731709
9.840000,308.976000,0.879386
15.088000,741.936000,0.793317
38.704000,1766.608000,0.797963
12.464000,1805.968000,1.651362
11.152000,3001.200000,0.953568
12.464000,1313.968000,0.965352
28.208000,2730.928000,0.870947
16.400000,2930.352000,0.661083
15.088000,2523.632000,1.206600
34.768000,1249.680000,1.393153
30.832000,589.744000,1.562520
30.832000,1635.408000,0.988716
38.704000,676.336000,0.787459
22.960000,3009.072000,1.158591
30.832000,2646.960000,1.749612
0.656000,2721.744000,0.738832
7.216000,163.344000,0.807124
17.712000,1538.320000,0.774047
34.768000,2921.168000,1.029163
29.520000,2691.568000,0.890800
19.024000,1510.768000,0.792130
37.392000,1614.416000,0.705192
24.272000,3018.256000,1.197148
29.520000,2670.576000,0.720616
4.592000,1178.832000,0.664419
13.776000,121.360000,1.030903
3.280000,1913.552000,0.763703
12.464000,2085.424000,0.673662
24.272000,1098.800000,0.811423
26.896000,1883.376000,0.665990
9.840000,1367.760000,1.099923
1.968000,2671.888000,1.420054
37.392000,46.576000,0.928181
8.528000,95.120000,0.777534
16.400000,1518.640000,1.073688
9.840000,3135.024000,0.804107
12.464000,2070.992000,0.682258
4.592000,3175.696000,0.711387
1.968000,1484.528000,1.503471
30.832000,1050.256000,0.984197
3.280000,146.288000,1.068842
3.280000,1502.896000,0.686008
24.272000,2311.088000,0.850805
7.216000,1811.216000,0.706438
29.520000,2656.144000,0.998833
9.840000,1722.000000,0.964250
25.584000,916.432000,0.721653
17.712000,1329.712000,0.872480
20.336000,689.456000,0.705532
19.024000,377.200000,0.756333
36.080000,2250.736000,0.983825
28.208000,1766.608000,0.672904
32.144000,413.936000,0.721273
8.528000,1538.320000,1.721998
24.272000,1059.440000,0.868763
17.712000,1817.776000,0.664128
33.456000,109.552000,1.200883
33.456000,2671.888000,0.745540
3.280000,8.528000,0.781411
16.400000,2316.336000,0.669703
20.336000,3034.000000,0.683643
3.280000,1054.192000,0.932598
17.712000,2595.792000,0.969204
12.464000,539.888000,1.460159
34.768000,728.816000,1.506952
20.336000,2759.792000,2.308122
36.080000,282.736000,1.136437
25.584000,293.232000,0.919220
0.656000,1102.736000,0.738532
30.832000,1745.616000,0.871858
37.392000,425.744000,1.000342
38.704000,2278.288000,1.404915
11.152000,1683.952000,1.110444
1.968000,1418.928000,1.463786
0.656000,1770.544000,1.053577
32.144000,2318.960000,1.275627
16.400000,2418.672000,0.839415
29.520000,306.352000,0.659411
11.152000,2249.424000,0.792206
38.704000,172.528000,0.862226
19.024000,2139.216000,0.820834
30.832000,490.032000,0.665296
13.776000,301.104000,0.845045
37.392000,1143.408000,0.734335
24.272000,1446.480000,0.972285
4.592000,1816.464000,1.658481
19.024000,24.272000,0.760793
29.520000,1972.592000,0.688927
25.584000,2577.424000,0.789681
1.968000,2207.440000,0.766064
38.704000,2315.024000,0.776662
5.904000,92.496000,0.854491
30.832000,501.840000,1.728226
25.584000,2729.616000,1.100470
32.144000,445.424000,1.016905
38.704000,1257.552000,0.800884
24.272000,509.712000,0.979521
37.392000,1100.112000,1.002325
20.336000,722.256000,0.767238
7.216000,2212.688000,1.227350
16.400000,1567.184000,0.656737
33.456000,2177.264000,0.850763
8.528000,1003.024000,1.355979
21.648000,1569.808000,2.361198
37.392000,1172.272000,0.793741
38.704000,2404.240000,0.761606
32.144000,1678.704000,0.870006
38.704000,3041.872000,0.776849
34.768000,2502.640000,1.536142
13.776000,2919.856000,1.387687
8.528000,2926.416000,0.783026
0.656000,2723.056000,0.700765
24.272000,831.152000,0.714101
38.704000,1597.360000,0.807280
7.216000,585.808000,0.707250
28.208000,1151.280000,1.157493
25.584000,61.008000,0.688182
11.152000,2475.088000,1.432901
33.456000,256.496000,0.749431
9.840000,1447.792000,1.367994
20.336000,2514.448000,1.521742
21.648000,2846.384000,0.782894
33.456000,1128.976000,0.676684
32.144000,51.824000,1.035144
33.456000,2835.888000,0.666251
11.152000,608.112000,0.697515
7.216000,1066.000000,2.109943
24.272000,2039.504000,0.751778
0.656000,1998.832000,1.388528
11.152000,278.800000,0.705806
5.904000,1812.528000,0.720074
38.704000,1971.280000,0.946550
15.088000,2378.000000,0.958463
32.144000,2556.432000,2.137190
8.528000,579.248000,0.904388
21.648000,2862.128000,0.749808
5.904000,1718.064000,0.728661
19.024000,1735.120000,0.706130
20.336000,1312.656000,0.815132
3.280000,26.896000,1.148160
12.464000,3148.144000,2.120680
30.832000,2864.752000,0.810604
19.024000,2678.448000,1.099318
38.704000,2519.696000,0.942654
24.272000,2301.904000,0.962786
7.216000,2606.288000,0.773187
20.336000,2349.136000,0.833480
17.712000,2625.968000,0.696934
15.088000,1304.784000,0.775278
3.280000,2623.344000,1.261482
38.704000,598.928000,1.436006
26.896000,488.720000,1.055935
4.592000,2852.944000,1.347571
13.776000,173.840000,1.136619
36.080000,1680.016000,0.700691
0.656000,2707.312000,0.851968
37.392000,745.872000,1.121739
20.336000,2085.424000,0.870329
1.968000,545.136000,0.973584
9.840000,1376.944000,1.191610
0.656000,2064.432000,0.794327
21.648000,108.240000,1.276624
17.712000,1888.624000,0.761824
3.280000,1210.320000,1.076063
7.216000,1195.888000,0.956988
22.960000,1062.064000,0.673473
33.456000,432.304000,0.743317
28.208000,2307.152000,0.996581
4.592000,1142.096000,0.800981
21.648000,284.048000,0.981236
30.832000,2034.256000,0.741673
16.400000,2231.056000,1.047323
29.520000,2067.056000,0.937180
28.208000,3107.472000,1.061676
16.400000,2283.536000,0.793811
33.456000,71.504000,0.713186
33.456000,360.144000,0.713688
32.144000,1690.512000,0.842227
1.968000,1270.672000,0.945681
33.456000,1757.424000,0.982982
8.528000,427.056000,0.737877
30.832000,369.328000,0.763897
30.832000,421.808000,1.410615
8.528000,802.288000,0.664375
25.584000,394.256000,1.145609
25.584000,705.200000,0.859446
12.464000,3018.256000,1.460600
20.336000,963.664000,1.144413
13.776000,596.304000,1.202239
26.896000,2551.184000,0.726979
24.272000,2481.648000,0.673981
33.456000,1731.184000,1.240008
19.024000,696.016000,0.752504
4.592000,410.000000,0.707602
24.272000,2797.840000,1.517888
30.832000,1774.480000,1.059643
37.392000,1963.408000,1.254090
33.456000,1774.480000,1.480523
33.456000,1577.680000,0.757990
11.152000,1840.080000,0.782744
26.896000,3186.192000,0.826555
37.392000,908.560000,0.868313
3.280000,109.552000,0.863920
32.144000,215.824000,1.603005
0.656000,198.768000,0.931747
7.216000,626.480000,1.205164
4.592000,2724.368000,0.797160
32.144000,563.504000,0.749698
4.592000,1428.112000,0.750282
9.840000,273.552000,1.266609
26.896000,1548.816000,0.921558
26.896000,2452.784000,1.372111
4.592000,186.960000,0.905216
7.216000,472.976000,1.076453
4.592000,2318.960000,0.855363
12.464000,995.152000,1.213315
26.896000,483.472000,1.780208
36.080000,61.008000,0.737081
38.704000,1027.952000,0.870876
9.840000,1319.216000,0.792690
19.024000,432.304000,0.712787
29.520000,34.768000,0.735090
34.768000,2595.792000,0.882870
19.024000,631.728000,0.775022
13.776000,913.808000,1.208026
15.088000,206.640000,0.997531
5.904000,370.640000,0.716744
13.776000,344.400000,1.558320
24.272000,2947.408000,0.737986
38.704000,3140.272000,0.841685
21.648000,748.496000,0.745782
33.456000,501.840000,1.100039
38.704000,841.648000,1.610673
38.704000,2917.232000,1.501315
1.968000,2901.488000,1.479816
13.776000,2452.784000,0.902785
7.216000,1977.840000,1.078554
11.152000,2860.816000,0.777475
29.520000,2614.160000,0.665996
20.336000,2883.120000,0.692116
4.592000,3032.688000,0.922712
5.904000,2040.816000,1.315251
16.400000,345.712000,0.934468
3.280000,1752.176000,0.679876
3.280000,3146.832000,0.830308
3.280000,242.064000,0.741966
13.776000,257.808000,1.502599
4.592000,833.776000,0.663928
7.216000,2725.680000,0.716583
32.144000,888.880000,0.666789
29.520000,1844.016000,0.657995
38.704000,671.088000,1.207410
16.400000,3132.400000,0.890413
13.776000,3094.352000,0.927307
38.704000,3052.368000,1.079701
16.400000,1319.216000,1.042380
8.528000,1236.560000,1.154522
20.336000,2897.552000,1.340487
37.392000,2662.704000,0.770616
22.960000,2107.728000,0.701746
11.152000,1631.472000,0.749863
12.464000,25.584000,0.728720
5.904000,2601.040000,0.686514
30.832000,2265.168000,0.729975
7.216000,3028.752000,0.900739
33.456000,3003.824000,1.398492
1.968000,622.544000,0.893106
8.528000,2105.104000,0.820222
33.456000,1901.744000,0.832313
3.280000,1842.704000,1.205695
1.968000,1547.504000,0.789081
38.704000,1012.208000,1.220836
26.896000,878.384000,1.476000
25.584000,1895.184000,1.143027
4.592000,2881.808000,0.678186
36.080000,1626.224000,0.765963
8.528000,2540.688000,0.785982
17.712000,799.664000,0.823784
11.152000,1668.208000,1.186525
16.400000,1592.112000,0.719098
29.520000,2234.992000,0.905826
7.216000,2084.112000,0.746331
13.776000,1689.200000,1.199082
37.392000,2775.536000,0.739408
36.080000,1088.304000,1.638872
5.904000,686.832000,1.391092
15.088000,1059.440000,0.777245
3.280000,1076.496000,1.112779
34.768000,1760.048000,1.141715
22.960000,625.168000,1.555121
33.456000,247.312000,0.751603
17.712000,1781.040000,0.947462
7.216000,572.688000,1.305911
15.088000,402.128000,0.703011
11.152000,1467.472000,0.907787
7.216000,1939.792000,0.944117
11.152000,2566.928000,1.335733
15.088000,1763.984000,0.934391
13.776000,3161.264000,1.318083
3.280000,1931.920000,0.858983
30.832000,168.592000,0.800896
36.080000,1504.208000,1.109231
24.272000,38.704000,1.118303
7.216000,669.776000,1.179611
34.768000,184.336000,0.669530
3.280000,110.864000,1.921128
32.144000,1649.840000,1.212341
24.272000,1286.416000,1.318408
17.712000,2273.040000,0.770355
24.272000,2547.248000,1.511636
12.464000,1066.000000,0.822992
8.528000,2826.704000,0.667898
37.392000,2057.872000,0.845226
3.280000,1825.648000,1.178538
13.776000,1358.576000,1.249117
26.896000,1136.848000,1.212236
30.832000,2174.640000,1.041419
3.280000,2090.672000,1.143210
12.464000,194.832000,1.365401
17.712000,583.184000,0.722333
0.656000,1320.528000,1.008782
7.216000,404.752000,0.991048
12.464000,1353.328000,0.978125
9.840000,856.080000,1.076971
34.768000,2654.832000,1.145305
34.768000,135.792000,0.675566
33.456000,2666.640000,1.286433
33.456000,1176.208000,0.969199
24.272000,270.928000,1.709258
25.584000,2787.344000,0.724288
12.464000,2807.024000,1.428419
30.832000,329.968000,0.735646
17.712000,1147.344000,0.948988
9.840000,1226.064000,1.268672
32.144000,1618.352000,0.932223
11.152000,3148.144000,1.326211
13.776000,1568.496000,0.787405
37.392000,344.400000,0.838650
36.080000,2569.552000,1.539880
22.960000,676.336000,1.362346
20.336000,1722.000000,0.769104
37.392000,1599.984000,0.859122
21.648000,2169.392000,0.899267
7.216000,2726.992000,0.656486
29.520000,116.112000,0.809328
8.528000,2597.104000,0.764258
24.272000,312.912000,1.343843
0.656000,1140.784000,1.639569
20.336000,1113.232000,0.751719
28.208000,2297.968000,1.278060
19.024000,2852.944000,0.774626
15.088000,1879.440000,1.079239
29.520000,2685.008000,0.704511
8.528000,1834.832000,1.141527
33.456000,370.640000,0.862819
1.968000,588.432000,0.750392
16.400000,1868.944000,1.037171
5.904000,1530.448000,1.067165
30.832000,1328.400000,1.050004
26.896000,1630.160000,1.165794
34.768000,3203.248000,0.912842
29.520000,2337.328000,0.759571
32.144000,2658.768000,0.953088
36.080000,2238.928000,0.682340
4.592000,1123.728000,0.906819
38.704000,2679.760000,1.117396
0.656000,1771.856000,1.561735
20.336000,3177.008000,0.872727
25.584000,2013.264000,1.138088
12.464000,2115.600000,0.953692
0.656000,3058.928000,1.167917
38.704000,366.704000,0.741107
1.968000,881.008000,0.669743
38.704000,623.856000,1.472726
11.152000,1367.760000,0.756655
34.768000,248.624000,1.448252
13.776000,644.848000,1.274886
26.896000,1613.104000,0.747774
19.024000,779.984000,1.940244
3.280000,441.488000,1.289474
38.704000,2552.496000,1.028576
25.584000,3044.496000,1.205924
3.280000,1320.528000,0.897390
4.592000,538.576000,0.680768
15.088000,862.640000,1.674197
9.840000,1321.840000,1.177458
25.584000,3159.952000,1.557311
28.208000,2595.792000,0.697078
12.464000,2522.320000,1.111982
3.280000,1977.840000,1.080223
24.272000,1781.040000,1.279249
12.464000,2284.848000,0.926475
0.656000,2318.960000,0.681357
34.768000,50.512000,1.469914
12.464000,1063.376000,1.059457
9.840000,757.680000,1.013922
4.592000,1281.168000,0.749757
29.520000,37.392000,0.783751
13.776000,1895.184000,0.807388
28.208000,2822.768000,0.662408
19.024000,1009.584000,1.046066
13.776000,2888.368000,0.792698
33.456000,534.640000,0.811450
32.144000,1073.872000,1.341400
1.968000,2770.288000,0.738611
12.464000,1471.408000,0.963959
26.896000,2426.544000,0.698746
8.528000,1111.920000,0.751035
11.152000,2375.376000,0.987502
30.832000,1156.528000,0.801943
22.960000,2628.592000,1.690973
1.968000,193.520000,0.783215
16.400000,587.120000,0.811269
1.968000,3156.016000,0.888817
37.392000,1921.424000,0.758903
34.768000,2736.176000,1.149989
30.832000,1638.032000,1.118950
21.648000,3188.816000,1.215751
24.272000,3086.480000,0.827733
24.272000,1673.456000,1.275937
37.392000,904.624000,0.698327
33.456000,2612.848000,1.123950
26.896000,2370.128000,0.836491
34.768000,898.064000,0.706811
26.896000,1279.856000,1.085318
8.528000,1480.592000,0.866129
12.464000,1933.232000,0.840701
37.392000,747.184000,0.872726
24.272000,3190.128000,1.150562
15.088000,2542.000000,0.880394
11.152000,636.976000,1.237290
12.464000,1000.400000,1.290046
15.088000,413.936000,0.762979
17.712000,972.848000,0.837703
17.712000,333.904000,0.821270
7.216000,1414.992000,1.061665
0.656000,2101.168000,1.917790
8.528000,1980.464000,0.782749
26.896000,2560.368000,0.829027
22.960000,2299.280000,0.882753
22.960000,1568.496000,0.701214
4.592000,2122.160000,1.670578
34.768000,192.208000,0.838607
36.080000,1047.632000,0.913334
0.656000,2158.896000,1.721296
20.336000,2849.008000,0.799674
15.088000,1746.928000,0.860225
5.904000,839.024000,0.943081
34.768000,1281.168000,0.669418
36.080000,714.384000,0.823944
33.456000,1136.848000,0.849654
28.208000,1897.808000,1.267126
29.520000,2542.000000,1.618314
34.768000,2944.784000,0.881650
38.704000,907.248000,0.733379
3.280000,3102.224000,0.656805
26.896000,222.384000,0.744201
30.832000,2561.680000,1.273440
4.592000,1672.144000,0.744709
34.768000,450.672000,0.937444
19.024000,776.048000,0.982637
0.656000,1930.608000,1.051320
29.520000,537.264000,1.441909
20.336000,112.176000,1.118177
1.968000,2576.112000,0.691616
24.272000,2881.808000,1.217764
30.832000,1752.176000,1.156030
15.088000,2359.632000,0.930568
34.768000,2894.928000,0.724451
16.400000,416.560000,0.703615
26.896000,1611.792000,1.471666
25.584000,139.728000,1.772351
36.080000,1001.712000,1.150642
28.208000,1589.488000,0.836440
9.840000,1714.128000,1.128124
25.584000,270.928000,0.843321
38.704000,2561.680000,0.774772
3.280000,120.048000,0.743757
9.840000,419.184000,0.677771
22.960000,1287.728000,1.105855
13.776000,2616.784000,0.955488
30.832000,2890.992000,0.816183
26.896000,2564.304000,1.858994
15.088000,2776.848000,0.993379
16.400000,2578.736000,1.101965
22.960000,2296.656000,0.919867
21.648000,1807.280000,0.877957
24.272000,1500.272000,1.793172
21.648000,1673.456000,0.871438
11.152000,1341.520000,0.968303
29.520000,799.664000,1.133374
9.840000,689.456000,0.859558
22.960000,972.848000,0.772843
25.584000,2257.296000,1.246405
19.024000,1337.584000,0.677234
32.144000,2423.920000,1.461384
4.592000,2758.480000,1.870834
30.832000,2543.312000,0.901879
12.464000,3171.760000,0.760694
22.960000,567.440000,1.833115
30.832000,2288.784000,0.802615
0.656000,43.952000,1.086830
29.520000,697.328000,1.393185
34.768000,95.120000,1.022530
24.272000,1909.616000,0.861908
16.400000,1729.872000,0.947697
9.840000,2694.192000,1.379840
3.280000,1218.192000,1.153166
29.520000,542.512000,0.937358
25.584000,1169.648000,1.039522
24.272000,354.896000,1.080060
29.520000,1774.480000,0.727824
25.584000,2713.872000,1.076141
19.024000,2833.264000,0.833139
12.464000,2601.040000,0.843162
28.208000,777.360000,1.749539
21.648000,844.272000,0.760141
0.656000,265.680000,1.098921
3.280000,1760.048000,1.038278
20.336000,2168.080000,1.114685
32.144000,2807.024000,0.888085
20.336000,1460.912000,0.687227
37.392000,2549.872000,0.753081
5.904000,1844.016000,0.718645
5.904000,1164.400000,0.776433
30.832000,2531.504000,1.021037
4.592000,1706.256000,0.729118
32.144000,2109.040000,1.068051
3.280000,979.408000,0.831827
20.336000,3175.696000,1.108990
21.648000,765.552000,0.834133
21.648000,1514.704000,1.031937
13.776000,2258.608000,0.773797
7.216000,2346.512000,0.888914
25.584000,812.784000,0.770091
28.208000,1900.432000,0.900707
19.024000,2362.256000,1.007060
34.768000,1331.024000,1.060733
9.840000,2315.024000,1.113332
1.968000,46.576000,0.723511
15.088000,2384.560000,1.721380
26.896000,1161.776000,0.726008
19.024000,1016.144000,0.767514
11.152000,247.312000,0.734410
22.960000,201.392000,0.840376
32.144000,2320.272000,0.838431
24.272000,3112.720000,1.395358
38.704000,2048.688000,0.680987
17.712000,1222.128000,0.836121
36.080000,3007.760000,0.892832
21.648000,2818.832000,0.778007
4.592000,50.512000,0.803015
28.208000,2604.976000,1.114175
29.520000,2338.640000,0.938029
32.144000,1366.448000,0.755726
21.648000,694.704000,0.783559
8.528000,1737.744000,0.973409
16.400000,1828.272000,0.921810
7.216000,2116.912000,1.179345
19.024000,1013.520000,1.233332
8.528000,1790.224000,0.983738
24.272000,2043.440000,1.121881
15.088000,1266.736000,0.688025
5.904000,1690.512000,0.793995
29.520000,1590.800000,0.903480
19.024000,125.296000,0.947553
11.152000,1597.360000,1.126734
5.904000,2301.904000,0.825163
24.272000,1580.304000,0.799585
11.152000,1185.392000,0.763004
24.272000,2380.624000,0.843274
1.968000,2295.344000,0.753743
4.592000,856.080000,0.722700
4.592000,2040.816000,0.847904
34.768000,2503.952000,0.788636
11.152000,492.656000,0.666754
8.528000,559.568000,0.900953
32.144000,2905.424000,0.662953
13.776000,394.256000,0.869878
29.520000,25.584000,0.734259
38.704000,1304.784000,1.025704
19.024000,810.160000,1.034192
32.144000,2957.904000,1.241524
28.208000,2341.264000,0.812991
12.464000,15.088000,0.931884
21.648000,3142.896000,3.019973
16.400000,2845.072000,0.657660
19.024000,2098.544000,0.701942
9.840000,1025.328000,1.145526
13.776000,2953.968000,0.779144
7.216000,2948.720000,1.201165
21.648000,476.912000,1.120595
22.960000,467.728000,0.729804
4.592000,339.152000,0.880335
28.208000,3044.496000,0.786843
4.592000,155.472000,0.730635
22.960000,2111.664000,1.237705
4.592000,772.112000,0.831867
32.144000,1677.392000,0.746465
28.208000,1686.576000,0.759443
37.392000,488.720000,0.805846
17.712000,1847.952000,0.726567
30.832000,1826.960000,0.703267
11.152000,2968.400000,0.794416
8.528000,1206.384000,0.729446
22.960000,1739.056000,0.968544
11.152000,1704.944000,1.012049
19.024000,2073.616000,0.934152
17.712000,2889.680000,0.666923
36.080000,3195.376000,1.097924
7.216000,688.144000,0.789779
24.272000,2490.832000,0.727999
11.152000,1791.536000,0.791363
24.272000,2484.272000,1.130497
16.400000,709.136000,0.808889
20.336000,386.384000,0.823719
38.704000,680.272000,1.238168
37.392000,458.544000,0.682584
15.088000,1215.568000,0.659118
16.400000,3190.128000,0.833709
28.208000,1884.688000,0.882288
4.592000,1396.624000,0.916039
7.216000,2290.096000,1.211641
4.592000,2864.752000,0.915919
11.152000,2438.352000,0.778143
5.904000,1544.880000,0.729906
20.336000,992.528000,0.847762
28.208000,1872.880000,1.148084
30.832000,919.056000,0.726386
15.088000,1037.136000,0.861105
37.392000,2061.808000,0.910532
21.648000,20.336000,1.197093
33.456000,883.632000,1.664682
32.144000,1362.512000,1.863276
11.152000,2670.576000,0.855073
8.528000,2254.672000,1.136895
25.584000,831.152000,0.800640
37.392000,1825.648000,0.764094
36.080000,2911.984000,1.162604
20.336000,3209.808000,0.832204
38.704000,1778.416000,1.128643
36.080000,2565.616000,1.408432
12.464000,3002.512000,0.959896
7.216000,159.408000,1.489759
11.152000,2938.224000,0.821952
21.648000,567.440000,1.388254
4.592000,1321.840000,1.106278
33.456000,2960.528000,0.927500
38.704000,606.800000,0.964981
8.528000,2301.904000,0.711387
12.464000,1031.888000,0.811586
29.520000,734.064000,0.711169
3.280000,1865.008000,0.732019
5.904000,2112.976000,0.663962
34.768000,1021.392000,0.722287
37.392000,1168.336000,1.201631
12.464000,2939.536000,1.610431
7.216000,2513.136000,0.816727
22.960000,2476.400000,1.029481
21.648000,1317.904000,1.032817
8.528000,2774.224000,0.950038
5.904000,2332.080000,0.764340
29.520000,1664.272000,0.689547
12.464000,400.816000,0.766161
5.904000,609.424000,0.856239
28.208000,1268.048000,0.702713
37.392000,686.832000,1.037672
26.896000,2040.816000,1.132122
32.144000,2888.368000,0.710825
26.896000,1886.000000,0.949079
36.080000,2780.784000,0.726048
16.400000,1993.584000,0.872550
29.520000,2038.192000,1.578516
26.896000,1188.016000,0.659476
9.840000,1239.184000,1.221899
11.152000,1474.032000,1.427114
5.904000,2590.544000,0.780618
32.144000,2287.472000,0.765687
0.656000,781.296000,0.694589
34.768000,2353.072000,0.742160
1.968000,581.872000,1.536765
16.400000,2435.728000,0.966773
25.584000,1847.952000,0.727581
22.960000,1592.112000,0.859566
29.520000,2128.720000,0.808080
38.704000,2884.432000,0.689077
36.080000,2130.032000,0.680510
22.960000,511.024000,0.730465
17.712000,1294.288000,0.713652
30.832000,2397.680000,0.790099
33.456000,3127.152000,0.942966
11.152000,2955.280000,0.826204
12.464000,491.344000,0.667050
0.656000,756.368000,0.702511
11.152000,1429.424000,0.875644
24.272000,2410.800000,0.904441
21.648000,2513.136000,0.667080
19.024000,635.664000,1.122838
20.336000,1512.080000,0.915413
3.280000,169.904000,0.659128
36.080000,873.136000,0.911578
17.712000,1977.840000,1.618390
38.704000,1779.728000,0.784846
7.216000,310.288000,1.246472
24.272000,1384.816000,0.721582
4.592000,625.168000,1.270727
4.592000,766.864000,0.809500
38.704000,340.464000,2.031364
12.464000,831.152000,0.773272
7.216000,158.096000,1.268611
19.024000,2448.848000,1.239677
0.656000,314.224000,0.761732
30.832000,200.080000,0.990953
19.024000,449.360000,0.726884
9.840000,862.640000,0.907057
4.592000,1397.936000,0.732449
33.456000,783.920000,0.834043
36.080000,1348.080000,0.798584
24.272000,2594.480000,1.070723
5.904000,593.680000,0.827850
34.768000,3153.392000,0.932354
0.656000,1883.376000,0.725027
5.904000,698.640000,0.798693
29.520000,756.368000,0.667297
34.768000,3043.184000,1.231482
24.272000,2944.784000,1.044594
0.656000,2084.112000,0.698318
26.896000,1867.632000,0.691045
0.656000,225.008000,1.656048
3.280000,3019.568000,1.214195
26.896000,3150.768000,1.288720
11.152000,1564.560000,0.765056
0.656000,2524.944000,0.969449
26.896000,1865.008000,0.999467
19.024000,1799.408000,0.867190
25.584000,745.872000,0.670561
25.584000,2934.288000,1.181706
5.904000,231.568000,0.786701
13.776000,564.816000,1.276877
8.528000,583.184000,0.673391
1.968000,2964.464000,1.206968
33.456000,1811.216000,1.215400
19.024000,3221.616000,0.792753
5.904000,1976.528000,1.045659
32.144000,15.088000,0.958073
19.024000,1893.872000,1.464179
16.400000,1034.512000,0.736222
37.392000,3123.216000,0.712521
12.464000,2156.272000,0.913756
26.896000,3070.736000,0.705628
22.960000,1643.280000,0.781771
16.400000,2152.336000,0.735520
15.088000,841.648000,1.207885
7.216000,378.512000,1.221244
7.216000,1921.424000,0.939106
29.520000,2135.280000,1.117138
37.392000,1391.376000,0.908912
17.712000,671.088000,0.745991
22.960000,1355.952000,0.823277
30.832000,985.968000,0.969890
37.392000,659.280000,0.759141
34.768000,469.040000,0.715129
37.392000,2795.216000,1.003682
13.776000,1588.176000,0.698404
25.584000,1182.768000,2.354231
22.960000,3114.032000,1.132004
19.024000,2754.544000,1.295424
4.592000,3064.176000,0.980136
29.520000,2530.192000,1.395741
21.648000,1362.512000,0.707092
21.648000,570.064000,0.834147
1.968000,1232.624000,0.874715
38.704000,878.384000,0.841562
17.712000,29.520000,0.671098
17.712000,3074.672000,1.424360
28.208000,437.552000,0.829657
30.832000,3200.624000,1.188266
7.216000,138.416000,0.889219
19.024000,1655.088000,0.695159
36.080000,1317.904000,0.776730
26.896000,1639.344000,1.160695
30.832000,786.544000,1.032170
13.776000,2022.448000,0.804435
32.144000,202.704000,0.780139
24.272000,2734.864000,0.851290
30.832000,1218.192000,0.745757
3.280000,1596.048000,1.100602
30.832000,265.680000,0.698913
9.840000,2229.744000,0.740259
12.464000,13.776000,0.671068
25.584000,2967.088000,0.967314
3.280000,3048.432000,0.990240
16.400000,3169.136000,1.484495
1.968000,1033.200000,0.958610
38.704000,2776.848000,1.141107
5.904000,2744.048000,0.884025
24.272000,3150.768000,1.128582
16.400000,2179.888000,0.746576
30.832000,318.160000,0.663915
3.280000,2946.096000,0.728117
8.528000,2805.712000,1.017535
1.968000,2953.968000,0.856149
12.464000,937.424000,0.669112
3.280000,1510.768000,0.731773
16.400000,248.624000,0.729432
30.832000,1724.624000,1.024459
26.896000,3016.944000,1.307943
29.520000,651.408000,1.799792
17.712000,2803.088000,0.659792
30.832000,1720.688000,0.757883
11.152000,2893.616000,0.658535
13.776000,1601.296000,0.712223
28.208000,1823.024000,0.985906
1.968000,382.448000,0.731326
21.648000,1159.152000,0.953843
5.904000,1644.592000,0.980565
25.584000,2649.584000,0.830358
19.024000,1106.672000,1.409982
17.712000,1043.696000,0.758284
20.336000,3064.176000,1.092068
4.592000,2585.296000,0.682933
33.456000,190.896000,0.676900
24.272000,1624.912000,0.839473
28.208000,2056.560000,1.013397
16.400000,2789.968000,0.974359
29.520000,2354.384000,1.287075
19.024000,3013.008000,1.011511
8.528000,55.760000,0.669982
5.904000,2860.816000,1.592905
1.968000,1441.232000,0.776882
4.592000,2229.744000,0.814715
0.656000,1504.208000,0.880190
15.088000,2223.184000,0.940010
8.528000,1603.920000,0.678003
4.592000,64.944000,1.391612
38.704000,1126.352000,0.735276
20.336000,1138.160000,0.841225
1.968000,2385.872000,0.788257
16.400000,155.472000,0.960359
25.584000,2461.968000,0.841439
24.272000,2586.608000,0.794710
19.024000,806.224000,0.682531
0.656000,730.128000,0.987507
25.584000,1590.800000,0.841847
1.968000,1369.072000,0.813512
36.080000,2336.016000,1.183210
16.400000,905.936000,1.243104
37.392000,2111.664000,0.812690
33.456000,630.416000,0.669623
32.144000,2286.160000,1.673595
29.520000,2900.176000,0.863910
3.280000,839.024000,0.997262
22.960000,1997.520000,1.121009
19.024000,808.848000,0.660758
36.080000,2102.480000,1.190150
36.080000,2877.872000,0.656399
4.592000,2951.344000,0.743015
19.024000,2820.144000,1.501218
24.272000,2280.912000,1.097422
9.840000,3112.720000,0.748265
15.088000,2942.160000,0.684194
13.776000,1439.920000,1.611734
25.584000,2688.944000,0.712473
38.704000,1001.712000,1.845914
21.648000,371.952000,0.739866
24.272000,92.496000,0.720859
26.896000,2812.272000,0.748262
34.768000,207.952000,0.746169
20.336000,1236.560000,1.359574
4.592000,2990.704000,1.381393
37.392000,757.680000,0.927065
20.336000,221.072000,0.722281
20.336000,818.032000,1.289522
11.152000,88.560000,0.686945
0.656000,1601.296000,1.195886
33.456000,554.320000,1.457917
20.336000,236.816000,0.756485
32.144000,2732.240000,0.957052
0.656000,1792.848000,0.828550
34.768000,2114.288000,0.919706
8.528000,913.808000,0.898407
4.592000,2656.144000,0.669706
34.768000,287.984000,1.318335
8.528000,2214.000000,0.889652
29.520000,553.008000,0.772362
4.592000,2893.616000,0.845137
21.648000,2761.104000,1.112757
15.088000,1870.256000,0.725198
21.648000,62.320000,0.785980
13.776000,1837.456000,1.061545
21.648000,955.792000,0.779405
17.712000,776.048000,1.000418
38.704000,1391.376000,0.847735
21.648000,1252.304000,1.403334
30.832000,1403.184000,0.789232
34.768000,2573.488000,1.028981
12.464000,2006.704000,1.045229
8.528000,184.336000,0.970528
15.088000,2877.872000,0.667239
17.712000,636.976000,0.769320
5.904000,541.200000,1.330115
1.968000,2976.272000,2.573636
32.144000,2269.104000,0.698982
4.592000,2249.424000,0.771248
26.896000,285.360000,0.973490
4.592000,70.192000,0.922368
22.960000,2787.344000,0.676599
20.336000,1397.936000,1.406416
37.392000,2713.872000,1.089900
15.088000,1327.088000,0.780299
33.456000,993.840000,0.723933
32.144000,1817.776000,1.053893
9.840000,2914.608000,0.816826
28.208000,2566.928000,0.819293
30.832000,2660.080000,0.962668
21.648000,2797.840000,0.677417
11.152000,2866.064000,0.778958
9.840000,1678.704000,0.809764
0.656000,2816.208000,0.931034
19.024000,2258.608000,0.961816
38.704000,3100.912000,1.451625
22.960000,530.704000,0.676514
30.832000,3170.448000,0.829337
15.088000,400.816000,0.688267
11.152000,1132.912000,0.764871
16.400000,1355.952000,0.906892
33.456000,818.032000,1.205636
24.272000,671.088000,1.313460
38.704000,1841.392000,0.823864
17.712000,2187.760000,0.711083
22.960000,932.176000,0.737611
12.464000,2749.296000,0.660763
4.592000,521.520000,0.678145
17.712000,1426.800000,1.156047
0.656000,2002.768000,1.226714
17.712000,521.520000,0.897903
3.280000,1043.696000,0.689299
15.088000,844.272000,1.061773
5.904000,560.880000,1.986045
24.272000,2178.576000,0.779321
7.216000,2963.152000,1.485408
9.840000,711.760000,0.659828
11.152000,507.088000,0.902318
24.272000,337.840000,0.779176
1.968000,399.504000,0.911307
25.584000,828.528000,0.825352
0.656000,1404.496000,1.286068
0.656000,863.952000,1.003011
26.896000,2696.816000,0.824717
32.144000,1803.344000,1.015074
4.592000,2639.088000,0.808798
8.528000,1315.280000,0.962434
3.280000,528.080000,1.002734
8.528000,3083.856000,1.048596
24.272000,96.432000,1.354732
33.456000,2776.848000,1.067575
30.832000,3144.208000,1.170984
25.584000,2026.384000,1.396410
11.152000,2345.200000,0.957005
29.520000,1100.112000,1.069903
36.080000,2653.520000,0.727336
9.840000,1383.504000,1.057816
19.024000,366.704000,0.856257
17.712000,2189.072000,0.803062
11.152000,2068.368000,0.776949
29.520000,2130.032000,1.124265
1.968000,2704.688000,0.833654
25.584000,404.752000,0.756699
21.648000,227.632000,1.162120
19.024000,1672.144000,1.191373
22.960000,1508.144000,0.756022
20.336000,640.912000,0.733148
26.896000,2418.672000,1.123473
20.336000,1287.728000,0.680779
26.896000,2225.808000,0.888378
37.392000,1277.232000,1.060246
34.768000,1715.440000,2.014322
25.584000,2493.456000,0.683733
0.656000,1752.176000,1.795255
37.392000,1611.792000,0.985932
30.832000,327.344000,0.794770
33.456000,2063.120000,0.660870
1.968000,2475.088000,0.968423
19.024000,3087.792000,0.953269
16.400000,777.360000,1.872843
7.216000,818.032000,1.115759
21.648000,1052.880000,1.001899
8.528000,2580.048000,1.352397
12.464000,488.720000,0.765252
11.152000,3208.496000,0.955020
33.456000,1661.648000,0.684263
9.840000,2245.488000,0.760213
22.960000,2917.232000,0.740832
25.584000,1716.752000,0.693628
12.464000,437.552000,0.678696
30.832000,192.208000,0.829750
0.656000,1701.008000,0.936665
33.456000,2814.896000,0.701887
34.768000,671.088000,0.826294
24.272000,2787.344000,0.916850
0.656000,442.800000,0.751433
33.456000,1808.592000,0.714247
28.208000,608.112000,0.715051
26.896000,1121.104000,0.682828
5.904000,833.776000,1.003016
19.024000,2433.104000,1.375731
9.840000,390.320000,0.802509
7.216000,1723.312000,0.864245
5.904000,1226.064000,0.720312
24.272000,2704.688000,0.701857
19.024000,2151.024000,0.789110
12.464000,1128.976000,1.208594
34.768000,2245.488000,1.027779
13.776000,433.616000,0.798830
28.208000,2048.688000,2.175934
26.896000,2864.752000,0.855941
21.648000,983.344000,0.861187
37.392000,1353.328000,0.925072
38.704000,476.912000,0.815577
28.208000,2082.800000,0.722410
19.024000,3016.944000,0.670786
34.768000,2890.992000,0.669884
9.840000,874.448000,0.798727
17.712000,1714.128000,1.085742
33.456000,3187.504000,1.134361
36.080000,1177.520000,0.873536
11.152000,2086.736000,1.536878
12.464000,554.320000,1.196609
32.144000,454.608000,1.412670
26.896000,2692.880000,0.854373
4.592000,1228.688000,0.972609
29.520000,1083.056000,1.388561
4.592000,1817.776000,1.118545
12.464000,1143.408000,0.970426
33.456000,509.712000,0.957890
1.968000,2927.728000,0.742276
17.712000,1186.704000,1.239396
16.400000,1863.696000,1.679968
16.400000,2905.424000,0.768368
16.400000,1853.200000,1.320445
9.840000,2531.504000,0.715801
3.280000,303.728000,0.968506
30.832000,2500.016000,0.989931
8.528000,496.592000,0.670739
33.456000,1651.152000,0.960606
30.832000,2835.888000,0.669915
4.592000,1041.072000,0.936764
28.208000,1551.440000,0.874731
9.840000,2625.968000,0.817330
21.648000,2131.344000,0.849697
16.400000,2909.360000,2.465261
34.768000,2925.104000,1.197241
26.896000,1576.368000,0.822721
4.592000,1411.056000,0.670243
20.336000,1711.504000,0.836585
0.656000,3045.808000,1.260329
15.088000,2135.280000,0.897004
19.024000,1489.776000,0.765067
36.080000,2521.008000,1.525513
0.656000,3149.456000,1.230377
38.704000,33.456000,1.016532
33.456000,1086.992000,0.961432
3.280000,1131.600000,1.261220
16.400000,206.640000,0.769086
13.776000,1917.488000,0.663230
19.024000,2010.640000,1.023088
15.088000,3035.312000,1.359833
7.216000,1836.144000,1.253818
3.280000,2619.408000,0.778253
9.840000,1514.704000,1.077478
16.400000,787.856000,1.299932
20.336000,2234.992000,0.909529
32.144000,866.576000,0.725771
19.024000,472.976000,1.291151
9.840000,1762.672000,0.693572
25.584000,361.456000,0.658378
11.152000,1237.872000,0.934138
1.968000,908.560000,1.603074
33.456000,164.656000,1.106360
34.768000,2859.504000,0.765214
26.896000,1016.144000,0.659256
22.960000,3170.448000,0.947224
19.024000,1853.200000,0.989024
7.216000,1530.448000,1.484616
4.592000,1605.232000,0.942849
1.968000,896.752000,0.968859
16.400000,2767.664000,0.857399
28.208000,2716.496000,1.077296
8.528000,705.200000,1.273281
38.704000,470.352000,1.762026
28.208000,1803.344000,0.749316
38.704000,1876.816000,1.093581
21.648000,2956.592000,1.302290
24.272000,2969.712000,0.941700
33.456000,920.368000,1.259538
15.088000,1707.568000,0.879449
0.656000,2650.896000,0.741885
30.832000,1967.344000,0.943574
3.280000,2143.152000,0.877248
4.592000,1392.688000,0.697826
24.272000,1927.984000,0.936320
0.656000,1720.688000,0.765820
1.968000,675.024000,0.818918
26.896000,337.840000,0.698409
36.080000,1026.640000,1.171611
1.968000,1568.496000,0.699436
36.080000,991.216000,0.693568
37.392000,1400.560000,1.028920
3.280000,221.072000,1.351257
1.968000,926.928000,1.062123
7.216000,261.744000,0.688933
25.584000,1264.112000,1.421358
28.208000,2221.872000,1.024939
11.152000,2839.824000,0.858487
19.024000,1115.856000,0.784641
36.080000,958.416000,0.724173
34.768000,1458.288000,0.669798
7.216000,15.088000,1.416097
15.088000,3190.128000,0.813425
25.584000,1084.368000,0.856398
37.392000,2673.200000,0.931784
36.080000,1328.400000,0.841866
13.776000,2124.784000,0.754792
26.896000,196.144000,0.790030
17.712000,1109.296000,2.731666
32.144000,246.000000,1.520036
30.832000,1001.712000,0.853280
30.832000,2510.512000,0.715008
5.904000,266.992000,1.135275
28.208000,3016.944000,1.051049
3.280000,3053.680000,0.666930
4.592000,3082.544000,0.753756
17.712000,2427.856000,0.757413
37.392000,3182.256000,1.041317
12.464000,933.488000,1.542801
33.456000,1714.128000,1.492552
11.152000,1222.128000,0.864707
1.968000,764.240000,1.081314
4.592000,644.848000,0.749686
26.896000,3163.888000,1.739074
11.152000,2069.680000,0.758480
5.904000,1220.816000,0.898972
25.584000,949.232000,0.972073
0.656000,192.208000,0.681546
22.960000,2477.712000,1.248650
32.144000,1207.696000,0.871694
32.144000,1164.400000,0.739713
20.336000,1394.000000,0.886046
37.392000,1719.376000,0.697086
9.840000,1264.112000,0.693978
37.392000,1996.208000,0.966037
30.832000,1354.640000,1.325973
17.712000,3040.560000,0.943995
5.904000,3212.432000,0.702621
7.216000,2122.160000,0.715011
4.592000,2141.840000,0.774721
7.216000,703.888000,0.796533
28.208000,339.152000,0.856799
12.464000,236.816000,1.075599
24.272000,1080.432000,2.161788
22.960000,1349.392000,0.943228
29.520000,1819.088000,1.022160
11.152000,2603.664000,1.003819
22.960000,2011.952000,0.744420
3.280000,799.664000,0.810762
19.024000,2662.704000,0.797036
30.832000,2008.016000,1.021793
4.592000,2754.544000,0.870928
38.704000,2799.152000,1.296750
17.712000,875.760000,0.692326
9.840000,1773.168000,1.087711
5.904000,428.368000,0.726731
5.904000,2154.960000,0.690296
37.392000,711.760000,0.886687
4.592000,444.112000,0.661750
26.896000,1590.800000,0.817566
25.584000,276.176000,0.721130
30.832000,1236.560000,0.713444
28.208000,2497.392000,1.396993
7.216000,2574.800000,0.693463
25.584000,1223.440000,1.215943
13.776000,1673.456000,0.821138
1.968000,432.304000,1.125224
1.968000,1298.224000,0.840140
29.520000,1304.784000,1.423110
25.584000,3216.368000,0.718539
28.208000,505.776000,0.677669
8.528000,1068.624000,0.872065
36.080000,1884.688000,0.864204
34.768000,2932.976000,1.172924
26.896000,2673.200000,1.318814
8.528000,1365.136000,1.040056
34.768000,522.832000,1.540001
5.904000,2451.472000,0.732117
1.968000,340.464000,0.708138
26.896000,1585.552000,0.906911
7.216000,1521.264000,1.001174
20.336000,2450.160000,1.021323
30.832000,206.640000,1.450829
37.392000,3208.496000,0.890642
12.464000,1079.120000,1.059197
33.456000,1745.616000,1.470347
16.400000,732.752000,0.871582
38.704000,588.432000,0.717969
16.400000,1613.104000,1.534420
20.336000,2915.920000,0.738277
11.152000,1960.784000,0.825746
12.464000,104.304000,1.326206
29.520000,1904.368000,0.765671
28.208000,617.296000,1.514301
3.280000,71.504000,0.794100
29.520000,1425.488000,0.777505
15.088000,436.240000,1.573786
30.832000,1291.664000,0.728164
28.208000,1796.784000,1.973588
19.024000,1517.328000,0.913058
22.960000,1870.256000,0.670397
12.464000,2343.888000,1.001137
36.080000,5.904000,0.725974
12.464000,1952.912000,0.967948
38.704000,1261.488000,0.937197
7.216000,1184.080000,1.219522
38.704000,72.816000,0.801281
3.280000,1399.248000,0.984596
29.520000,2879.184000,0.706197
36.080000,2952.656000,1.463215
32.144000,1882.064000,0.739326
13.776000,3201.936000,0.891304
7.216000,1146.032000,0.721804
9.840000,3051.056000,0.754720
8.528000,2648.272000,0.811559
34.768000,223.696000,0.999131
15.088000,382.448000,0.902060
22.960000,155.472000,0.858114
15.088000,2846.384000,0.939684
4.592000,1581.616000,1.348145
11.152000,2036.880000,0.917768
19.024000,2107.728000,1.079150
32.144000,1617.040000,0.993657
32.144000,3023.504000,0.818065
0.656000,2586.608000,0.941356
36.080000,1060.752000,0.682873
1.968000,530.704000,1.453184
21.648000,287.984000,2.314949
21.648000,2995.952000,1.130010
8.528000,499.216000,1.066257
33.456000,1635.408000,1.130587
34.768000,892.816000,0.915220
8.528000,1392.688000,0.805119
29.520000,3119.280000,0.678018
21.648000,89.872000,1.266231
29.520000,1114.544000,1.153519
37.392000,127.920000,0.668371
30.832000,2694.192000,0.981057
3.280000,1031.888000,0.801651
13.776000,2817.520000,0.758388
33.456000,3132.400000,1.208065
28.208000,1906.992000,0.799748
11.152000,753.744000,0.686227
37.392000,1430.736000,0.739643
17.712000,2607.600000,1.745540
17.712000,942.672000,1.378669
19.024000,2304.528000,1.908527
32.144000,1994.896000,1.274270
29.520000,333.904000,0.890972
33.456000,3204.560000,0.710191
0.656000,3137.648000,0.666427
16.400000,1223.440000,0.798197
12.464000,1767.920000,0.988482
8.528000,2173.328000,0.964165
11.152000,1269.360000,0.753704
22.960000,1929.296000,0.964155
9.840000,285.360000,0.737650
8.528000,13.776000,1.100146
4.592000,1889.936000,0.673913
20.336000,605.488000,0.690378
22.960000,2440.976000,1.269984
28.208000,2852.944000,1.798651
21.648000,2240.240000,1.201290
24.272000,2241.552000,0.721615
15.088000,2507.888000,0.849770
13.776000,2275.664000,0.675688
24.272000,2476.400000,1.236792
25.584000,722.256000,1.098502
33.456000,1374.320000,0.954779
36.080000,101.680000,1.311484
32.144000,169.904000,0.659999
36.080000,841.648000,1.236381
12.464000,2141.840000,1.017566
34.768000,2426.544000,0.670423
8.528000,2279.600000,1.837315
15.088000,1742.992000,0.943327
11.152000,484.784000,1.023676
15.088000,532.016000,0.901569
9.840000,2008.016000,0.703180
38.704000,1836.144000,1.549528
5.904000,589.744000,0.996267
37.392000,1374.320000,0.862666
7.216000,714.384000,0.843654
11.152000,619.920000,1.446182
36.080000,392.944000,1.608054
1.968000,240.752000,0.940751
25.584000,0.656000,0.962122
36.080000,2240.240000,0.739731
29.520000,1363.824000,1.538011
7.216000,1435.984000,0.683466
33.456000,2648.272000,0.690272
4.592000,2578.736000,1.244195
30.832000,3163.888000,0.661958
3.280000,152.848000,0.721029
34.768000,1380.880000,0.782990
3.280000,2349.136000,0.889654
34.768000,1580.304000,1.055016
34.768000,1594.736000,0.793106
16.400000,221.072000,0.697365
30.832000,1627.536000,1.388512
3.280000,2364.880000,0.860223
22.960000,2401.616000,1.366731
8.528000,503.152000,0.754257
5.904000,1481.904000,0.909429
30.832000,78.064000,1.222078
33.456000,974.160000,0.759142
3.280000,669.776000,1.462626
13.776000,3121.904000,0.793983
38.704000,1173.584000,0.856625
7.216000,491.344000,0.835148
37.392000,2518.384000,0.917397
20.336000,2280.912000,1.401031
33.456000,1615.728000,0.690752
24.272000,467.728000,0.803567
1.968000,2896.240000,1.417250
3.280000,1079.120000,0.941897
7.216000,874.448000,0.905215
30.832000,963.664000,1.006958
13.776000,534.640000,0.807129
24.272000,1787.600000,0.970256
33.456000,1403.184000,0.843452
19.024000,1849.264000,0.839590
3.280000,1594.736000,1.190912
7.216000,1882.064000,0.948512
24.272000,1205.072000,0.698762
19.024000,842.960000,0.857881
32.144000,1512.080000,0.682276
26.896000,2035.568000,2.752403
34.768000,366.704000,1.255997
24.272000,3060.240000,1.532917
12.464000,2099.856000,0.673943
9.840000,2273.040000,1.369923
8.528000,2711.248000,0.691493
26.896000,3220.304000,0.814279
26.896000,1795.472000,0.679003
22.960000,560.880000,0.752971
28.208000,2998.576000,1.085168
15.088000,508.400000,1.259162
26.896000,1521.264000,0.750795
29.520000,878.384000,0.769406
37.392000,2805.712000,0.786215
30.832000,925.616000,1.548445
38.704000,1264.112000,0.948191
29.520000,366.704000,1.152345
12.464000,949.232000,1.323470
7.216000,604.176000,0.993624
0.656000,954.480000,0.722334
30.832000,3221.616000,1.213757
4.592000,2652.208000,1.751613
3.280000,2673.200000,1.014621
9.840000,1439.920000,0.871652
34.768000,1332.336000,0.760030
15.088000,1643.280000,1.236853
7.216000,2482.960000,0.810070
38.704000,514.960000,1.010634
38.704000,877.072000,0.706906
32.144000,423.120000,0.750152
17.712000,600.240000,0.832989
29.520000,2303.216000,1.007316
20.336000,932.176000,0.710420
17.712000,2039.504000,0.784946
37.392000,753.744000,1.128444
1.968000,2728.304000,1.014691
32.144000,962.352000,0.900870
16.400000,1205.072000,0.705886
25.584000,102.992000,0.801237
8.528000,1077.808000,1.082037
5.904000,3006.448000,0.860295
8.528000,1802.032000,0.820233
22.960000,2696.816000,0.974536
25.584000,2342.576000,1.078323
37.392000,857.392000,0.947086
8.528000,828.528000,0.799361
33.456000,2111.664000,1.039001
34.768000,1584.240000,1.258665
1.968000,450.672000,0.706852
30.832000,1942.416000,1.113424
5.904000,648.784000,0.775718
34.768000,2603.664000,0.902488
21.648000,1794.160000,0.783202
12.464000,1750.864000,1.788077
24.272000,430.992000,0.833307
24.272000,2890.992000,0.949219
11.152000,2817.520000,1.346711
9.840000,462.480000,1.100149
7.216000,1312.656000,1.286924
26.896000,1577.680000,1.023258
7.216000,2229.744000,0.702621
25.584000,1151.280000,0.830195
30.832000,1104.048000,1.593860
37.392000,1038.448000,0.719216
12.464000,1476.656000,0.720806
22.960000,3205.872000,0.702584
11.152000,1969.968000,0.684263
30.832000,1391.376000,2.102181
22.960000,358.832000,1.216202
29.520000,383.760000,0.723404
21.648000,2325.520000,0.660181
9.840000,751.120000,1.585880
19.024000,597.616000,1.917204
16.400000,718.320000,1.045437
3.280000,1241.808000,0.853612
19.024000,1727.248000,0.909565
30.832000,1450.416000,1.179620
22.960000,2112.976000,0.889014
3.280000,2254.672000,0.712176
30.832000,626.480000,0.673614
12.464000,631.728000,0.664019
20.336000,1760.048000,1.077368
5.904000,2460.656000,1.285711
28.208000,2591.856000,1.152830
1.968000,2400.304000,2.708035
29.520000,2297.968000,0.708580
22.960000,25.584000,1.620999
24.272000,1417.616000,0.723776
37.392000,1474.032000,0.761297
19.024000,3157.328000,1.432295
16.400000,3102.224000,0.779441
7.216000,705.200000,1.565327
9.840000,1373.008000,0.839802
19.024000,1409.744000,1.076607
19.024000,1362.512000,0.672036
36.080000,3069.424000,0.722507
25.584000,2978.896000,0.944281
1.968000,349.648000,0.854641
21.648000,1875.504000,2.508491
30.832000,713.072000,1.054522
38.704000,215.824000,0.779213
7.216000,2838.512000,0.782565
11.152000,108.240000,1.178742
0.656000,2161.520000,1.064426
16.400000,2598.416000,0.765850
9.840000,900.688000,0.671034
22.960000,3169.136000,1.686223
11.152000,525.456000,0.956722
19.024000,164.656000,1.202704
17.712000,1138.160000,0.704402
9.840000,2353.072000,1.485294
24.272000,3011.696000,2.417728
21.648000,2768.976000,1.060918
5.904000,908.560000,1.216907
13.776000,2559.056000,0.887320
16.400000,2610.224000,0.948315
19.024000,476.912000,0.809123
20.336000,1256.240000,0.780279
34.768000,988.592000,0.742300
32.144000,99.056000,0.961078
19.024000,2105.104000,0.661764
29.520000,2526.256000,0.814277
4.592000,1449.104000,1.746264
30.832000,268.304000,0.818116
19.024000,1046.320000,1.000427
5.904000,2426.544000,1.038335
12.464000,1472.720000,0.669440
25.584000,186.960000,0.880887
8.528000,1800.720000,0.680818
22.960000,1367.760000,0.873812
0.656000,2447.536000,0.990805
15.088000,799.664000,0.877175
19.024000,3187.504000,1.091372
0.656000,1699.696000,0.876980
33.456000,612.048000,0.662946
24.272000,204.016000,0.713667
37.392000,2623.344000,0.680368
30.832000,2156.272000,0.862183
12.464000,2753.232000,0.752130
11.152000,172.528000,0.976302
34.768000,512.336000,0.683056
29.520000,665.840000,1.113249
15.088000,968.912000,0.686965
22.960000,2896.240000,0.665314
7.216000,1937.168000,1.524202
32.144000,985.968000,0.761975
15.088000,84.624000,0.872532
1.968000,1407.120000,0.846784
4.592000,1732.496000,0.916766
0.656000,3106.160000,0.702454
26.896000,1779.728000,0.780144
34.768000,1647.216000,1.201553
11.152000,362.768000,0.899303
22.960000,3190.128000,1.079796
13.776000,1299.536000,0.892602
33.456000,1059.440000,1.198978
29.520000,184.336000,1.143057
0.656000,2467.216000,0.829283
7.216000,3191.440000,0.759011
16.400000,808.848000,1.130800
13.776000,2524.944000,1.168564
17.712000,1795.472000,1.120853
25.584000,1959.472000,0.689416
8.528000,1631.472000,1.472405
17.712000,286.672000,0.682177
8.528000,2212.688000,0.857802
24.272000,789.168000,0.939344
12.464000,1361.200000,0.718644
37.392000,137.104000,0.759014
33.456000,1077.808000,0.679966
12.464000,1228.688000,1.010547
26.896000,41.328000,0.840943
33.456000,739.312000,0.777834
9.840000,287.984000,0.722065
21.648000,940.048000,0.850818
32.144000,183.024000,0.782344
30.832000,2409.488000,0.698604
28.208000,2669.264000,0.794478
3.280000,2043.440000,0.843812
12.464000,2559.056000,0.811100
29.520000,1353.328000,1.252574
13.776000,180.400000,0.698276
30.832000,2316.336000,0.934701
25.584000,3149.456000,0.751624
34.768000,1619.664000,1.687841
0.656000,1239.184000,0.852370
7.216000,1899.120000,0.885952
4.592000,589.744000,0.732764
28.208000,1498.960000,0.909257
5.904000,2051.312000,0.776793
29.520000,2803.088000,0.771671
17.712000,1399.248000,1.198071
1.968000,1773.168000,0.817846
33.456000,1173.584000,0.718326
26.896000,1312.656000,0.867074
28.208000,2034.256000,0.660150
8.528000,3156.016000,0.764897
0.656000,323.408000,1.045571
34.768000,1943.728000,1.385871
3.280000,2137.904000,0.669766
30.832000,886.256000,2.275569
8.528000,306.352000,0.713290
36.080000,703.888000,1.089416
25.584000,3222.928000,1.019384
4.592000,2898.864000,0.735701
1.968000,1224.752000,1.035580
21.648000,1467.472000,0.757576
36.080000,141.040000,0.794871
36.080000,2204.816000,0.940020
20.336000,799.664000,0.901722
36.080000,699.952000,1.379285
13.776000,1947.664000,0.691334
13.776000,2063.120000,1.854392
5.904000,2172.016000,1.014628
4.592000,2926.416000,0.768761
9.840000,634.352000,0.739514
26.896000,3146.832000,1.540765
22.960000,1701.008000,0.922755
15.088000,1313.968000,1.496847
26.896000,1003.024000,0.671543
36.080000,1397.936000,0.893306
12.464000,2286.160000,1.366875
26.896000,1337.584000,1.051714
21.648000,2708.624000,0.896326
12.464000,751.120000,0.724046
24.272000,1207.696000,0.826028
0.656000,2851.632000,1.343702
17.712000,2396.368000,0.814308
17.712000,2849.008000,0.841883
19.024000,2879.184000,0.664517
12.464000,1222.128000,1.075235
5.904000,1691.824000,1.688975
26.896000,1006.960000,1.305746
5.904000,2657.456000,0.698229
7.216000,2877.872000,2.091206
29.520000,357.520000,0.739467
22.960000,2807.024000,1.014550
26.896000,2313.712000,1.098982
8.528000,699.952000,1.628715
11.152000,1340.208000,0.784968
12.464000,1950.288000,0.701920
21.648000,1993.584000,1.490234
30.832000,3108.784000,1.105737
3.280000,563.504000,0.884231
9.840000,2022.448000,1.198784
38.704000,542.512000,0.699046
12.464000,722.256000,0.717853
5.904000,1624.912000,0.949709
17.712000,635.664000,0.670571
11.152000,2988.080000,1.618652
28.208000,2069.680000,0.734313
32.144000,2080.176000,0.946435
12.464000,160.720000,0.836827
34.768000,1599.984000,0.889780
12.464000,211.888000,1.133968
13.776000,1026.640000,1.137488
9.840000,920.368000,1.067175
0.656000,1569.808000,0.829019
3.280000,2774.224000,1.181503
9.840000,1139.472000,0.733270
16.400000,1775.792000,0.821093
34.768000,2207.440000,0.786766
9.840000,819.344000,1.016447
36.080000,2896.240000,0.749095
30.832000,273.552000,1.008324
29.520000,2257.296000,0.944613
29.520000,465.104000,1.731657
28.208000,163.344000,0.763161
22.960000,526.768000,1.572047
7.216000,3140.272000,1.183897
4.592000,2695.504000,0.868056
13.776000,1159.152000,0.843462
3.280000,770.800000,0.751894
21.648000,1157.840000,1.020098
32.144000,1552.752000,0.674197
4.592000,568.752000,1.245499
34.768000,432.304000,0.907642
15.088000,2758.480000,0.754768
21.648000,2046.064000,0.860042
16.400000,2013.264000,1.454665
28.208000,2656.144000,0.972952
8.528000,392.944000,1.283684
8.528000,118.736000,0.781648
21.648000,568.752000,1.835087
17.712000,789.168000,1.309433
20.336000,898.064000,0.731115
29.520000,530.704000,1.636303
24.272000,2561.680000,1.029775
3.280000,647.472000,0.927249
29.520000,1889.936000,0.715270
38.704000,1475.344000,0.716435
15.088000,425.744000,0.660493
19.024000,2646.960000,0.681587
16.400000,643.536000,0.857081
38.704000,2229.744000,0.986477
11.152000,2406.864000,0.941732
12.464000,2938.224000,0.771136
26.896000,476.912000,0.934086
7.216000,1329.712000,1.496364
32.144000,769.488000,1.366691
17.712000,213.200000,1.372096
34.768000,2677.136000,0.727666
29.520000,2657.456000,0.834896
36.080000,967.600000,1.848197
0.656000,503.152000,1.327061
8.528000,2368.816000,0.678881
8.528000,1139.472000,0.730031
13.776000,1903.056000,0.948246
26.896000,3007.760000,0.659762
29.520000,2686.320000,0.857839
33.456000,1386.128000,0.664161
37.392000,898.064000,1.815108
22.960000,1428.112000,0.659231
32.144000,2841.136000,0.954868
19.024000,1128.976000,0.850305
20.336000,156.784000,0.854218
8.528000,1092.240000,0.897661
30.832000,2674.512000,0.771212
3.280000,644.848000,0.676866
9.840000,1404.496000,0.720186
37.392000,2357.008000,0.737805
12.464000,291.920000,0.845117
3.280000,1421.552000,1.440261
12.464000,1468.784000,0.683200
0.656000,979.408000,0.705498
30.832000,2346.512000,1.062769
5.904000,201.392000,1.198067
34.768000,549.072000,0.939766
11.152000,3031.376000,0.962566
8.528000,1677.392000,0.929326
0.656000,1880.752000,0.955990
16.400000,256.496000,1.121686
0.656000,2010.640000,1.019728
28.208000,1781.040000,1.098581
34.768000,1236.560000,1.293519
38.704000,3186.192000,0.980740
1.968000,1223.440000,0.671901
22.960000,319.472000,0.693097
37.392000,1560.624000,1.530358
33.456000,3145.520000,1.500855
29.520000,2717.808000,0.969694
30.832000,3146.832000,0.732288
11.152000,2284.848000,0.879351
37.392000,349.648000,0.680796
3.280000,1724.624000,0.719696
19.024000,3222.928000,1.026530
28.208000,411.312000,0.821789
22.960000,47.888000,1.016463
19.024000,1118.480000,1.329007
29.520000,1295.600000,1.093680
17.712000,1548.816000,1.111814
4.592000,3002.512000,1.220300
28.208000,2910.672000,0.876578
28.208000,2164.144000,1.175019
12.464000,1565.872000,0.764991
34.768000,1026.640000,0.857250
32.144000,1635.408000,0.861689
17.712000,2220.560000,0.774821
11.152000,2570.864000,1.064567
15.088000,1270.672000,0.790535
28.208000,1379.568000,0.666983
0.656000,2442.288000,1.438972
32.144000,2915.920000,1.187284
1.968000,474.288000,0.737875
28.208000,1051.568000,1.003817
37.392000,2118.224000,1.426137
19.024000,2788.656000,0.792887
34.768000,841.648000,0.664144
11.152000,219.760000,1.016079
24.272000,3068.112000,0.738344
3.280000,856.080000,0.723587
38.704000,217.136000,0.901079
12.464000,2519.696000,1.141711
33.456000,226.320000,0.741365
11.152000,1867.632000,0.859573
33.456000,1550.128000,1.164352
36.080000,2178.576000,0.679577
1.968000,1168.336000,0.700630
33.456000,2309.776000,0.827293
26.896000,2019.824000,1.169039
24.272000,1291.664000,0.739614
29.520000,1017.456000,1.161129
29.520000,3018.256000,1.242584
28.208000,160.720000,0.928486
36.080000,1614.416000,0.896251
15.088000,2311.088000,0.826504
3.280000,2022.448000,0.845763
38.704000,1508.144000,0.957768
32.144000,511.024000,0.845386
5.904000,459.856000,0.829294
25.584000,2667.952000,0.776434
32.144000,1798.096000,0.932027
0.656000,2389.808000,0.899014
33.456000,1880.752000,0.733302
25.584000,1428.112000,0.771866
30.832000,2734.864000,1.548813
7.216000,2644.336000,1.385310
38.704000,458.544000,0.681141
28.208000,16.400000,0.700644
36.080000,1712.816000,0.731213
24.272000,2750.608000,0.945260
1.968000,2779.472000,0.665600
22.960000,344.400000,1.021248
25.584000,1585.552000,0.708940
26.896000,2511.824000,1.106205
21.648000,2810.960000,0.664498
11.152000,329.968000,1.049891
20.336000,1105.360000,0.873684
7.216000,1203.760000,0.682605
28.208000,1533.072000,0.942907
30.832000,2667.952000,0.731631
1.968000,2330.768000,0.714854
21.648000,1079.120000,0.688902
29.520000,849.520000,0.943758
13.776000,736.688000,0.899042
36.080000,1819.088000,0.739758
33.456000,903.312000,1.343974
16.400000,152.848000,0.973903
26.896000,478.224000,0.875601
1.968000,1142.096000,1.084454
20.336000,1432.048000,0.756088
5.904000,1551.440000,0.827485
25.584000,997.776000,0.803232
7.216000,1016.144000,0.738767
1.968000,883.632000,0.660264
37.392000,916.432000,1.093140
19.024000,2080.176000,0.681543
15.088000,1114.544000,1.334273
26.896000,610.736000,1.152421
33.456000,2717.808000,0.998410
8.528000,2444.912000,0.662431
13.776000,2341.264000,0.738454
4.592000,970.224000,0.690990
28.208000,1630.160000,0.774804
32.144000,2004.080000,0.701042
21.648000,2380.624000,0.813969
0.656000,1277.232000,0.760792
11.152000,2544.624000,1.066663
11.152000,1649.840000,0.755149
19.024000,1748.240000,1.211946
29.520000,381.136000,0.696104
12.464000,903.312000,0.762035
19.024000,2786.032000,0.704364
36.080000,82.000000,0.746052
19.024000,707.824000,0.936675
8.528000,2161.520000,0.756547
33.456000,2599.728000,1.616985
16.400000,76.752000,0.852716
11.152000,2110.352000,0.917436
38.704000,2775.536000,0.875675
34.768000,284.048000,0.980999
19.024000,579.248000,0.842015
7.216000,1661.648000,1.099290
0.656000,2744.048000,0.680535
5.904000,257.808000,0.768677
11.152000,1254.928000,0.737977
7.216000,80.688000,0.867998
21.648000,1329.712000,0.781191
19.024000,773.424000,1.412588
26.896000,912.496000,1.022688
5.904000,1693.136000,1.274488
32.144000,2873.936000,0.674102
19.024000,3104.848000,0.769310
11.152000,1742.992000,0.988750
28.208000,459.856000,0.984515
19.024000,169.904000,1.499940
5.904000,190.896000,0.720342
15.088000,2090.672000,0.687745
15.088000,2510.512000,0.914244
26.896000,1177.520000,1.050115
29.520000,1939.792000,0.756310
7.216000,2535.440000,0.668827
19.024000,495.280000,1.238401
26.896000,1405.808000,0.756101
1.968000,2814.896000,0.941517
13.776000,1404.496000,0.757338
12.464000,1861.072000,0.898533
5.904000,1274.608000,0.834114
24.272000,2860.816000,1.165545
3.280000,2452.784000,0.723282
29.520000,2744.048000,2.956167
37.392000,1542.256000,1.475912
8.528000,2265.168000,1.087710
28.208000,1111.920000,0.744349
38.704000,120.048000,0.758636
21.648000,2842.448000,1.121688
29.520000,1355.952000,0.724928
17.712000,622.544000,0.670664
26.896000,2484.272000,0.715921
13.776000,1306.096000,0.792313
37.392000,1382.192000,0.692824
16.400000,576.624000,0.659770
36.080000,2682.384000,0.762826
4.592000,1126.352000,0.835200
37.392000,1912.240000,1.565777
30.832000,2274.352000,1.321899
25.584000,141.040000,0.833156
38.704000,1357.264000,0.713792
30.832000,2253.360000,0.818720
11.152000,1813.840000,0.824379
17.712000,2972.336000,1.118686
22.960000,831.152000,1.018649
21.648000,2577.424000,0.686250
37.392000,26.896000,0.657031
4.592000,2421.296000,1.086556
38.704000,3114.032000,1.248499
13.776000,1054.192000,0.711713
9.840000,2892.304000,1.052266
28.208000,2585.296000,0.748845
28.208000,2703.376000,0.764081
11.152000,1358.576000,1.057237
5.904000,1144.720000,1.733800
9.840000,2300.592000,0.975325
17.712000,1250.992000,0.829675
21.648000,2224.496000,0.796668
38.704000,3117.968000,1.429521
13.776000,1540.944000,1.119493
38.704000,3011.696000,1.145169
16.400000,3031.376000,0.707026
21.648000,1476.656000,0.879120
17.712000,888.880000,1.022268
13.776000,522.832000,0.715257
1.968000,1336.272000,0.722475
17.712000,1342.832000,0.974403
12.464000,164.656000,0.673081
11.152000,189.584000,0.780640
3.280000,1740.368000,0.896341
13.776000,329.968000,1.476340
20.336000,1403.184000,0.673995
1.968000,1791.536000,1.169002
24.272000,711.760000,1.059744
34.768000,3065.488000,0.674289
4.592000,150.224000,1.385678
13.776000,29.520000,1.157956
15.088000,3213.744000,0.704069
37.392000,2812.272000,0.910016
12.464000,2758.480000,1.052365
21.648000,1725.936000,0.912492
32.144000,3120.592000,1.019399
8.528000,2120.848000,0.802742
19.024000,134.480000,1.476816
8.528000,2795.216000,0.758979
9.840000,584.496000,0.908604
26.896000,957.104000,0.878990
19.024000,1635.408000,1.116114
13.776000,2828.016000,0.882995
36.080000,1841.392000,0.741271
15.088000,2754.544000,1.009914
26.896000,1437.296000,1.740459
3.280000,2833.264000,0.724163
37.392000,803.600000,1.204826
1.968000,1540.944000,0.972737
1.968000,1533.072000,0.827537
1.968000,2507.888000,1.133430
38.704000,719.632000,2.324206
37.392000,55.760000,1.425754
15.088000,860.016000,1.380676
3.280000,375.888000,0.676545
13.776000,739.312000,1.951435
28.208000,1480.592000,0.815632
20.336000,1502.896000,0.745341
36.080000,3073.360000,0.713226
30.832000,2257.296000,0.811304
13.776000,504.464000,0.743053
28.208000,247.312000,0.997800
11.152000,3075.984000,0.781601
34.768000,904.624000,0.701542
32.144000,1941.104000,1.024919
20.336000,1853.200000,0.695012
26.896000,444.112000,0.820141
16.400000,268.304000,1.057365
16.400000,758.992000,0.904406
32.144000,3009.072000,0.857820
4.592000,1320.528000,1.083185
19.024000,2700.752000,1.220922
28.208000,856.080000,1.139792
30.832000,1063.376000,0.745067
28.208000,2496.080000,1.165293
33.456000,1336.272000,0.764923
21.648000,908.560000,0.867200
38.704000,726.192000,1.325120
12.464000,1844.016000,0.725431
38.704000,429.680000,0.931453
16.400000,1509.456000,0.966776
17.712000,1750.864000,0.799747
26.896000,2160.208000,0.752594
9.840000,1790.224000,0.708435
28.208000,1369.072000,2.821687
15.088000,0.656000,0.802065
32.144000,2011.952000,1.300711
28.208000,1387.440000,0.915344
19.024000,3209.808000,1.291273
37.392000,2786.032000,1.369247
29.520000,2650.896000,0.670719
30.832000,1548.816000,1.163828
24.272000,117.424000,0.740738
28.208000,1774.480000,0.887270
8.528000,2169.392000,0.919368
7.216000,2189.072000,1.297982
22.960000,1039.760000,0.749944
34.768000,1578.992000,0.774455
26.896000,3022.192000,1.507449
3.280000,118.736000,1.406649
32.144000,1951.600000,0.838407
38.704000,104.304000,0.721366
17.712000,731.440000,0.860377
26.896000,968.912000,0.733295
26.896000,904.624000,0.748989
37.392000,2131.344000,0.739648
25.584000,3074.672000,2.036588
5.904000,1009.584000,1.047965
33.456000,1548.816000,0.684802
3.280000,430.992000,0.752821
4.592000,3128.464000,0.945111
21.648000,2829.328000,0.700531
38.704000,427.056000,1.318047
21.648000,1714.128000,1.031471
3.280000,1394.000000,1.170224
4.592000,2763.728000,0.716216
32.144000,3006.448000,1.033288
28.208000,1241.808000,1.179315
4.592000,450.672000,0.873752
34.768000,2153.648000,1.281163
17.712000,1066.000000,1.101701
12.464000,2392.432000,0.836098
29.520000,100.368000,0.888504
22.960000,3183.568000,0.858146
33.456000,421.808000,1.648802
24.272000,680.272000,1.001600
13.776000,2267.792000,1.038734
8.528000,865.264000,1.222493
37.392000,1732.496000,0.880177
4.592000,1666.896000,1.605276
12.464000,2009.328000,0.743504
19.024000,1110.608000,0.725896
11.152000,1997.520000,1.105468
11.152000,2258.608000,0.874579
8.528000,2318.960000,0.814736
17.712000,3035.312000,0.787050
9.840000,1741.680000,1.155831
1.968000,987.280000,0.989816
29.520000,942.672000,0.842229
22.960000,512.336000,1.623029
9.840000,2282.224000,0.731912
0.656000,920.368000,1.110652
24.272000,594.992000,0.781167
24.272000,2927.728000,0.810002
38.704000,2804.400000,1.073336
24.272000,698.640000,1.583174
13.776000,2461.968000,0.792940
29.520000,2502.640000,0.660185
33.456000,72.816000,0.791790
7.216000,8.528000,0.758460
37.392000,1668.208000,1.747932
37.392000,566.128000,0.879030
24.272000,2765.040000,0.754610
3.280000,1203.760000,0.828849
8.528000,1791.536000,0.844710
13.776000,3003.824000,1.020695
25.584000,961.040000,0.821765
4.592000,1969.968000,1.085052
19.024000,883.632000,0.838113
17.712000,1938.480000,0.896666
38.704000,425.744000,0.796071
4.592000,2240.240000,0.841171
36.080000,432.304000,1.377478
11.152000,2677.136000,1.409360
5.904000,143.664000,1.328940
32.144000,2039.504000,1.972399
37.392000,3131.088000,0.697300
16.400000,2345.200000,1.425228
4.592000,2683.696000,1.595373
15.088000,984.656000,0.690060
30.832000,2923.792000,0.807373
3.280000,2307.152000,0.686703
17.712000,957.104000,0.941632
4.592000,1337.584000,1.058279
0.656000,574.000000,0.831167
4.592000,1673.456000,0.779952
26.896000,59.696000,0.800902
26.896000,2745.360000,2.353755
30.832000,3220.304000,1.550228
33.456000,841.648000,0.892297
19.024000,835.088000,1.133793
34.768000,285.360000,0.924606
8.528000,2816.208000,1.476009
36.080000,2589.232000,0.686774
5.904000,1014.832000,0.888874
8.528000,1438.608000,0.662204
37.392000,2688.944000,1.016195
16.400000,866.576000,1.058771
13.776000,1349.392000,0.798010
8.528000,680.272000,0.778540
9.840000,3026.128000,1.026585
22.960000,829.840000,0.735569
16.400000,638.288000,0.753410
28.208000,488.720000,1.221276
9.840000,280.112000,0.658133
36.080000,1526.512000,1.247838
33.456000,3078.608000,0.835755
38.704000,329.968000,0.852761
21.648000,1546.192000,1.049489
20.336000,308.976000,0.710487
29.520000,1787.600000,1.072852
38.704000,179.088000,0.720419
33.456000,731.440000,0.863965
28.208000,660.592000,1.229719
38.704000,2401.616000,1.750318
29.520000,2498.704000,0.935144
12.464000,243.376000,0.657620
24.272000,543.824000,1.126852
4.592000,3191.440000,0.673191
28.208000,1550.128000,1.221111
28.208000,2011.952000,0.902322
26.896000,2254.672000,1.387346
7.216000,1316.592000,0.900364
9.840000,2347.824000,0.772644
25.584000,1732.496000,1.731124
16.400000,348.336000,0.896579
9.840000,1344.144000,0.992808
36.080000,604.176000,1.423025
37.392000,1303.472000,0.889181
25.584000,2821.456000,1.002846
3.280000,2182.512000,0.712461
20.336000,2502.640000,0.739957
11.152000,937.424000,0.682965
22.960000,2345.200000,0.893106
34.768000,1582.928000,2.291899
25.584000,1100.112000,0.802341
33.456000,1411.056000,0.683727
24.272000,2287.472000,2.014709
15.088000,602.864000,2.036080
38.704000,2318.960000,0.942767
5.904000,3064.176000,1.045128
25.584000,1622.288000,1.548951
32.144000,3048.432000,0.692891
34.768000,148.912000,0.922114
3.280000,1041.072000,1.203827
32.144000,2871.312000,0.692112
36.080000,2826.704000,1.878375
8.528000,1071.248000,0.899813
37.392000,1325.776000,0.657413
24.272000,1913.552000,0.817311
36.080000,2881.808000,0.792971
16.400000,1260.176000,1.522854
22.960000,3016.944000,1.609268
26.896000,1533.072000,1.147735
8.528000,2646.960000,0.975106
36.080000,1198.512000,1.057809
8.528000,3014.320000,1.034759
28.208000,1439.920000,0.740785
38.704000,3007.760000,0.673491
0.656000,1476.656000,1.222873
17.712000,344.400000,0.758540
9.840000,1931.920000,1.010256
20.336000,2421.296000,1.459047
20.336000,678.960000,0.723029
12.464000,421.808000,1.276955
24.272000,937.424000,0.889657
38.704000,442.800000,0.862639
11.152000,1155.216000,1.179163
38.704000,1336.272000,2.098313
16.400000,1210.320000,0.898363
33.456000,1418.928000,0.687347
17.712000,1783.664000,0.683366
36.080000,1760.048000,1.434028
28.208000,2072.304000,0.824868
9.840000,207.952000,1.229202
7.216000,196.144000,1.041315
1.968000,2872.624000,0.990186
21.648000,1282.480000,0.903741
17.712000,1.968000,1.163872
13.776000,129.232000,1.595371
9.840000,298.480000,0.896958
20.336000,734.064000,0.705102
28.208000,1376.944000,0.720510
8.528000,2973.648000,0.992113
29.520000,1010.896000,1.251769
26.896000,1122.416000,1.032260
8.528000,1725.936000,1.373575
38.704000,2459.344000,0.685518
24.272000,450.672000,1.283211
13.776000,3166.512000,1.414622
20.336000,2569.552000,0.985593
5.904000,2263.856000,0.808077
38.704000,581.872000,0.715167
32.144000,3191.440000,0.657980
8.528000,904.624000,0.849991
21.648000,1837.456000,0.941744
16.400000,2750.608000,0.737926
25.584000,604.176000,1.029981
9.840000,1346.768000,0.919809
7.216000,1198.512000,1.238109
37.392000,2332.080000,1.027874
16.400000,2211.376000,0.967375
12.464000,3216.368000,0.753018
25.584000,2459.344000,0.690448
16.400000,2715.184000,1.349254
21.648000,2362.256000,0.684540
16.400000,3215.056000,1.086152
21.648000,2103.792000,0.858218
30.832000,2822.768000,1.376415
37.392000,2767.664000,1.098292
17.712000,3123.216000,1.015847
7.216000,2175.952000,0.755317
1.968000,2730.928000,0.796808
17.712000,2200.880000,1.307575
30.832000,819.344000,0.803597
19.024000,2751.920000,0.675905
3.280000,2757.168000,1.071432
5.904000,150.224000,0.873664
26.896000,644.848000,0.747006
13.776000,2826.704000,0.861174
33.456000,204.016000,1.196811
28.208000,1140.784000,0.923089
26.896000,2657.456000,1.773008
34.768000,2385.872000,1.561227
16.400000,2976.272000,0.706206
32.144000,1312.656000,0.790233
4.592000,3192.752000,0.782251
30.832000,451.984000,0.854291
11.152000,2304.528000,1.355539
28.208000,2084.112000,0.805077
30.832000,1689.200000,0.851344
30.832000,1098.800000,1.135263
37.392000,789.168000,1.140807
12.464000,2050.000000,0.808301
16.400000,3217.680000,1.177908
33.456000,4.592000,0.682824
1.968000,972.848000,0.671427
28.208000,798.352000,0.895698
28.208000,2126.096000,0.693402
15.088000,2379.312000,0.894761
8.528000,2479.024000,0.661653
34.768000,2234.992000,0.863146
17.712000,1394.000000,1.259215
13.776000,1205.072000,0.766239
30.832000,2507.888000,1.308713
26.896000,1123.728000,0.945369
8.528000,1784.976000,1.571302
33.456000,3186.192000,1.416333
34.768000,1909.616000,0.777170
11.152000,2929.040000,1.091487
36.080000,2906.736000,0.851402
1.968000,2395.056000,0.894000
33.456000,1640.656000,1.063611
7.216000,1241.808000,0.734438
29.520000,2090.672000,0.845874
12.464000,2872.624000,0.731064
3.280000,2252.048000,0.694941
34.768000,214.512000,0.800955
26.896000,332.592000,0.798952
5.904000,2039.504000,1.223507
28.208000,1384.816000,1.111892
30.832000,2387.184000,0.814844
11.152000,470.352000,1.203458
37.392000,2064.432000,1.092702
7.216000,1749.552000,1.535526
21.648000,2346.512000,1.175476
33.456000,705.200000,0.921648
0.656000,2608.912000,0.798087
8.528000,2202.192000,0.845844
21.648000,1186.704000,1.393809
16.400000,505.776000,0.790137
7.216000,2905.424000,0.807092
33.456000,1754.800000,0.721855
38.704000,1320.528000,0.656643
34.768000,1914.864000,0.936191
17.712000,946.608000,1.457925
36.080000,2173.328000,1.131245
29.520000,2524.944000,1.102068
29.520000,47.888000,0.695068
25.584000,1236.560000,0.941038
11.152000,2616.784000,0.853006
9.840000,589.744000,0.895602
15.088000,3015.632000,2.260792
21.648000,144.976000,0.778940
32.144000,3146.832000,0.759305
38.704000,249.936000,1.074978
17.712000,3002.512000,1.244291
26.896000,2363.568000,1.016662
37.392000,961.040000,1.135551
25.584000,2147.088000,1.732864
5.904000,2486.896000,1.808961
0.656000,327.344000,0.801505
29.520000,1967.344000,0.823172
11.152000,3054.992000,1.142141
19.024000,88.560000,0.873944
1.968000,2778.160000,0.965510
20.336000,353.584000,1.004031
34.768000,3137.648000,0.696403
22.960000,9.840000,1.111433
12.464000,984.656000,1.050580
17.712000,2822.768000,0.968278
26.896000,2266.480000,1.283191
16.400000,1878.128000,0.817650
3.280000,1496.336000,2.222132
7.216000,2389.808000,1.165274
15.088000,2271.728000,0.786921
8.528000,278.800000,1.035710
4.592000,2211.376000,0.900631
17.712000,121.360000,0.701224
29.520000,1701.008000,0.665718
25.584000,2632.528000,0.847090
21.648000,1530.448000,1.608753
22.960000,2898.864000,0.667580
0.656000,411.312000,0.784206
26.896000,2502.640000,0.702684
20.336000,120.048000,0.851607
22.960000,3162.576000,0.877643
8.528000,2475.088000,0.844079
8.528000,2784.720000,1.115681
21.648000,2343.888000,0.985224
3.280000,1092.240000,1.450261
21.648000,3095.664000,0.995222
22.960000,146.288000,1.455487
22.960000,665.840000,0.705870
20.336000,2347.824000,0.835493
19.024000,748.496000,0.767023
37.392000,2572.176000,1.086469
25.584000,440.176000,0.698825
32.144000,673.712000,0.997175
4.592000,1741.680000,0.845062
5.904000,827.216000,0.750231
11.152000,350.960000,0.777915
26.896000,615.984000,0.995470
7.216000,2329.456000,0.832874
12.464000,2754.544000,0.709009
21.648000,51.824000,1.424816
25.584000,1298.224000,0.956515
20.336000,71.504000,0.723878
12.464000,3049.744000,0.862625
29.520000,2976.272000,0.914702
7.216000,1142.096000,0.916616
28.208000,976.784000,0.947596
26.896000,1223.440000,0.792931
22.960000,37.392000,0.989149
9.840000,158.096000,1.695921
26.896000,1648.528000,1.165408
5.904000,1404.496000,0.726591
0.656000,811.472000,0.830104
13.776000,2435.728000,0.691053
21.648000,2711.248000,0.712843
32.144000,1892.560000,0.763591
30.832000,1702.320000,0.746341
21.648000,1374.320000,0.707333
24.272000,887.568000,0.699437
28.208000,929.552000,1.073537
8.528000,1495.024000,1.158002
5.904000,2286.160000,1.170633
19.024000,3150.768000,0.928388
32.144000,1138.160000,0.859204
36.080000,3019.568000,0.857143
4.592000,2532.816000,1.007017
24.272000,922.992000,0.687565
36.080000,3140.272000,1.251615
32.144000,1258.864000,0.868691
30.832000,2631.216000,0.668596
15.088000,2022.448000,0.734862
7.216000,612.048000,0.990125
7.216000,799.664000,0.903782
8.528000,1279.856000,1.648622
15.088000,723.568000,1.714188
37.392000,617.296000,0.656660
13.776000,251.248000,0.684915
25.584000,811.472000,1.016752
25.584000,520.208000,0.802943
13.776000,1218.192000,1.504960
33.456000,717.008000,1.391425
13.776000,2086.736000,0.668958
28.208000,1605.232000,1.533444
21.648000,705.200000,0.765049
13.776000,244.688000,1.335017
13.776000,2780.784000,0.969265
19.024000,1670.832000,0.738938
36.080000,91.184000,0.840005
32.144000,7.216000,0.835524
37.392000,537.264000,0.673648
0.656000,1367.760000,1.384110
36.080000,2273.040000,1.293343
0.656000,1249.680000,0.835477
38.704000,1791.536000,0.702402
16.400000,407.376000,1.289042
16.400000,794.416000,0.706559
32.144000,512.336000,0.878922
36.080000,133.168000,0.782007
9.840000,2052.624000,1.863454
24.272000,987.280000,0.661390
33.456000,1021.392000,1.242861
24.272000,2456.720000,1.024508
5.904000,542.512000,0.906838
22.960000,2740.112000,1.680893
36.080000,2371.440000,0.672605
26.896000,110.864000,0.789863
17.712000,311.600000,0.706794
24.272000,701.264000,1.181905
17.712000,2523.632000,0.917271
5.904000,1930.608000,0.661395
12.464000,2053.936000,0.876780
38.704000,1390.064000,0.764103
29.520000,1538.320000,0.795458
15.088000,2964.464000,0.972443
16.400000,825.904000,1.172362
25.584000,2799.152000,0.946561
32.144000,2788.656000,0.782450
4.592000,192.208000,1.390727
26.896000,1922.736000,0.742894
21.648000,344.400000,0.964940
28.208000,2532.816000,0.943157
38.704000,2232.368000,0.748865
30.832000,2094.608000,1.812091
28.208000,217.136000,0.945056
5.904000,1799.408000,1.078766
29.520000,106.928000,1.128565
0.656000,982.032000,0.957224
7.216000,13.776000,0.767272
22.960000,496.592000,0.810653
24.272000,656.656000,1.822892
28.208000,430.992000,0.673733
36.080000,1153.904000,1.519939
16.400000,2187.760000,0.717472
12.464000,29.520000,0.700795
3.280000,1606.544000,1.395420
38.704000,1569.808000,0.851477
5.904000,2367.504000,1.552593
1.968000,1269.360000,0.705280
0.656000,16.400000,0.712703
26.896000,144.976000,1.312767
33.456000,2721.744000,0.780687
15.088000,2812.272000,0.770239
17.712000,349.648000,0.665038
26.896000,1567.184000,1.330178
21.648000,1138.160000,1.233187
11.152000,1069.936000,0.681556
8.528000,1994.896000,0.751583
20.336000,2481.648000,0.707908
20.336000,1404.496000,0.730005
24.272000,1865.008000,1.319150
38.704000,190.896000,1.531738
33.456000,1748.240000,1.045574
30.832000,2477.712000,0.966921
29.520000,2911.984000,1.348830
11.152000,2064.432000,1.400913
38.704000,2526.256000,0.850358
17.712000,924.304000,0.727704
22.960000,2250.736000,1.359582
33.456000,3056.304000,0.884711
5.904000,1222.128000,1.058430
3.280000,462.480000,0.886631
30.832000,1607.856000,1.077997
17.712000,2148.400000,0.942213
11.152000,2140.528000,1.135629
12.464000,1787.600000,0.851950
11.152000,306.352000,0.923356
3.280000,179.088000,0.892037
37.392000,2481.648000,0.863394
7.216000,507.088000,1.089290
36.080000,1378.256000,1.311781
20.336000,1178.832000,0.825402
30.832000,1699.696000,0.821223
32.144000,1736.432000,1.466729
7.216000,344.400000,1.528752
36.080000,2856.880000,0.974204
30.832000,873.136000,0.726772
36.080000,3186.192000,1.401728
15.088000,432.304000,0.929359
32.144000,295.856000,0.833749
37.392000,625.168000,1.183246
24.272000,2375.376000,0.778388
8.528000,2078.864000,1.055315
12.464000,2870.000000,0.662277
17.712000,1232.624000,1.660069
26.896000,362.768000,0.708887
4.592000,2280.912000,1.115655
16.400000,1937.168000,0.683442
8.528000,688.144000,0.844209
16.400000,1022.704000,1.002492
28.208000,2384.560000,0.954615
3.280000,3178.320000,0.656732
7.216000,518.896000,0.670399
8.528000,1719.376000,1.160911
11.152000,2559.056000,1.174720
1.968000,2957.904000,1.450244
9.840000,1194.576000,1.292410
12.464000,2736.176000,0.942039
24.272000,3171.760000,1.110253
32.144000,1962.096000,1.149459
19.024000,444.112000,0.835918
30.832000,1180.144000,0.912946
13.776000,389.008000,0.770495
4.592000,2629.904000,0.828909
15.088000,1290.352000,0.679317
12.464000,2530.192000,0.923465
22.960000,1295.600000,0.811995
38.704000,1817.776000,1.056574
38.704000,2602.352000,0.813679
28.208000,1813.840000,0.802596
7.216000,147.600000,0.778609
12.464000,222.384000,1.045081
19.024000,1429.424000,1.317875
7.216000,1879.440000,0.706316
33.456000,848.208000,1.009628
38.704000,3218.992000,0.708625
9.840000,1691.824000,0.814555
1.968000,899.376000,0.731856
33.456000,836.400000,1.951508
19.024000,794.416000,1.098996
34.768000,1214.256000,0.998177
3.280000,246.000000,1.261370
1.968000,537.264000,0.707885
36.080000,1308.720000,1.025206
15.088000,138.416000,0.933148
12.464000,2810.960000,0.700408
4.592000,2640.400000,1.339340
4.592000,2918.544000,1.265160
5.904000,769.488000,0.895473
3.280000,1655.088000,0.826339
8.528000,482.160000,0.887842
16.400000,1530.448000,0.760655
33.456000,1782.352000,0.818690
32.144000,2398.992000,0.704087
21.648000,382.448000,1.182306
34.768000,514.960000,0.720996
29.520000,2178.576000,0.671130
20.336000,1328.400000,0.857399
4.592000,2493.456000,0.898634
11.152000,922.992000,0.941006
5.904000,2329.456000,0.998746
20.336000,1653.776000,1.056713
20.336000,2371.440000,0.967326
19.024000,1283.792000,1.052512
30.832000,1741.680000,0.725611
13.776000,1697.072000,2.091163
13.776000,1552.752000,0.934443
5.904000,1809.904000,1.952606
20.336000,2339.952000,0.695125
22.960000,2208.752000,1.038943
20.336000,2816.208000,2.148984
22.960000,280.112000,0.692671
37.392000,2315.024000,0.926304
36.080000,1300.848000,0.714058
5.904000,2852.944000,1.207049
38.704000,2556.432000,1.031033
20.336000,2297.968000,1.245821
8.528000,0.656000,0.732755
33.456000,2212.688000,0.865757
12.464000,177.776000,0.721096
19.024000,1236.560000,0.758995
21.648000,1283.792000,0.794863
28.208000,319.472000,0.973058
26.896000,3003.824000,1.064709
38.704000,874.448000,0.720913
36.080000,2820.144000,0.699046
15.088000,58.384000,1.056815
30.832000,1451.728000,1.281242
5.904000,1578.992000,1.399397
32.144000,364.080000,0.871422
5.904000,736.688000,1.003474
17.712000,1421.552000,1.022904
12.464000,82.000000,1.735433
15.088000,2165.456000,1.002740
15.088000,1660.336000,1.306678
34.768000,1142.096000,1.827622
12.464000,1273.296000,0.858076
3.280000,1489.776000,0.807131
1.968000,1495.024000,1.175673
12.464000,863.952000,0.663719
38.704000,899.376000,0.854421
32.144000,2308.464000,0.739129
12.464000,1833.520000,0.686448
13.776000,2326.832000,0.717258
26.896000,2350.448000,0.993268
33.456000,1353.328000,1.387253
13.776000,3079.920000,0.865344
26.896000,1849.264000,1.013812
33.456000,996.464000,0.669229
19.024000,538.576000,0.852421
24.272000,1445.168000,0.716367
33.456000,1803.344000,0.686892
28.208000,1812.528000,0.886327
22.960000,2877.872000,3.251071
38.704000,1428.112000,1.230601
16.400000,2151.024000,0.767250
36.080000,583.184000,2.234192
33.456000,3163.888000,0.675878
16.400000,222.384000,0.854159
30.832000,1441.232000,1.087502
11.152000,1685.264000,0.671778
19.024000,919.056000,1.391599
34.768000,2809.648000,0.739851
22.960000,680.272000,0.825398
32.144000,2026.384000,0.934445
12.464000,17.712000,0.657558
20.336000,547.760000,0.838104
9.840000,1972.592000,0.657138
28.208000,2271.728000,1.583351
21.648000,2896.240000,1.207551
20.336000,2144.464000,0.909082
16.400000,657.968000,0.931090
32.144000,1787.600000,0.714047
0.656000,289.296000,0.941580
37.392000,2639.088000,0.943236
3.280000,164.656000,0.790529
28.208000,337.840000,0.660128
22.960000,2413.424000,0.993745
9.840000,389.008000,0.758071
24.272000,664.528000,0.772534
29.520000,2615.472000,1.346011
0.656000,1791.536000,0.737491
29.520000,1534.384000,0.781122
4.592000,581.872000,0.749580
28.208000,1521.264000,0.909916
29.520000,900.688000,1.278389
19.024000,2913.296000,0.809422
36.080000,2295.344000,0.681607
12.464000,1445.168000,0.892467
38.704000,743.248000,0.998984
28.208000,2047.376000,0.932574
3.280000,2885.744000,0.778635
0.656000,1805.968000,2.289886
1.968000,110.864000,0.909125
8.528000,2026.384000,0.785127
19.024000,2816.208000,0.661914
32.144000,1947.664000,0.838003
12.464000,2988.080000,0.799199
30.832000,1592.112000,0.733254
16.400000,403.440000,0.983769
33.456000,1763.984000,0.743572
17.712000,1014.832000,0.817842
25.584000,871.824000,1.170109
29.520000,2619.408000,0.804871
4.592000,2708.624000,0.700330
36.080000,2793.904000,0.664878
34.768000,2397.680000,1.706969
1.968000,2013.264000,1.287764
29.520000,88.560000,0.975341
4.592000,678.960000,0.815902
38.704000,1224.752000,1.036179
22.960000,2255.984000,0.759063
5.904000,756.368000,0.685626
33.456000,2560.368000,0.993983
34.768000,804.912000,0.681219
19.024000,1375.632000,0.929769
17.712000,295.856000,0.666708
38.704000,2747.984000,1.671057
21.648000,2947.408000,0.782777
0.656000,2236.304000,0.902944
20.336000,2418.672000,0.832768
33.456000,861.328000,1.079960
1.968000,2719.120000,0.990858
9.840000,236.816000,0.788840
20.336000,194.832000,0.870459
13.776000,324.720000,0.809502
33.456000,613.360000,0.678773
38.704000,848.208000,0.889962
29.520000,284.048000,0.871662
20.336000,3112.720000,0.734351
34.768000,967.600000,0.986453
38.704000,2379.312000,0.824298
21.648000,735.376000,0.672918
4.592000,151.536000,1.012872
5.904000,983.344000,0.696564
13.776000,308.976000,0.675364
15.088000,2156.272000,0.677681
21.648000,2892.304000,1.188587
0.656000,2409.488000,1.556367
17.712000,2094.608000,2.004744
13.776000,2944.784000,0.708757
3.280000,2942.160000,1.969597
34.768000,2484.272000,1.215917
33.456000,1083.056000,1.550135
19.024000,1523.888000,0.836632
38.704000,196.144000,0.674037
11.152000,946.608000,1.121035
11.152000,2472.464000,0.872971
15.088000,3191.440000,1.005687
5.904000,1887.312000,0.679404
0.656000,2654.832000,0.667679
4.592000,622.544000,1.412428
29.520000,563.504000,0.929464
3.280000,2040.816000,0.679752
8.528000,2241.552000,0.739034
25.584000,1064.688000,0.818508
34.768000,3013.008000,1.306308
19.024000,3166.512000,0.731978
34.768000,1094.864000,0.991909
34.768000,1382.192000,0.725387
33.456000,131.856000,1.738415
20.336000,496.592000,0.993705
7.216000,2580.048000,0.853764
36.080000,966.288000,1.048380
29.520000,3166.512000,0.912876
9.840000,2963.152000,0.854168
11.152000,1094.864000,0.836210
36.080000,486.096000,0.683519
12.464000,273.552000,0.878205
7.216000,798.352000,1.726057
37.392000,125.296000,1.504218
13.776000,1066.000000,0.671174
17.712000,1123.728000,0.711886
5.904000,172.528000,1.013787
32.144000,2271.728000,0.777734
25.584000,2274.352000,0.811193
28.208000,917.744000,0.777627
30.832000,1997.520000,0.718531
30.832000,2136.592000,0.979035
22.960000,2932.976000,1.710021
24.272000,2867.376000,0.965689
22.960000,644.848000,0.903321
22.960000,1446.480000,1.430886
0.656000,496.592000,0.676141
38.704000,1550.128000,0.758897
37.392000,2367.504000,1.304890
4.592000,702.576000,0.768336
13.776000,2821.456000,0.894666
13.776000,912.496000,0.714116
15.088000,3128.464000,0.792777
1.968000,2168.080000,0.749949
7.216000,1519.952000,0.956245
26.896000,639.600000,0.669343
37.392000,2889.680000,1.110941
7.216000,2787.344000,1.180140
13.776000,2952.656000,0.948137
12.464000,467.728000,0.661380
26.896000,619.920000,1.844633
3.280000,1849.264000,1.046011
20.336000,1073.872000,0.955664
0.656000,62.320000,0.791427
33.456000,1636.720000,0.821390
17.712000,1652.464000,0.742126
13.776000,429.680000,0.755771
16.400000,1891.248000,0.824732
0.656000,2507.888000,1.709555
8.528000,2635.152000,1.286871
17.712000,225.008000,0.669882
5.904000,298.480000,1.721894
33.456000,1295.600000,0.978941
11.152000,96.432000,0.787079
4.592000,99.056000,0.712824
9.840000,2688.944000,0.682551
17.712000,19.024000,1.146187
32.144000,1879.440000,0.729603
33.456000,1273.296000,0.769041
29.520000,2510.512000,1.521413
21.648000,654.032000,0.660146
4.592000,2137.904000,0.894227
7.216000,2711.248000,1.089414
36.080000,3112.720000,1.333044
16.400000,682.896000,1.541847
9.840000,1188.016000,1.484239
16.400000,2712.560000,1.125683
13.776000,3102.224000,1.166309
22.960000,2847.696000,0.672973
20.336000,3115.344000,0.924092
11.152000,3061.552000,1.226137
17.712000,856.080000,0.901459
20.336000,2967.088000,1.302075
30.832000,3156.016000,0.866191
1.968000,2461.968000,0.672151
15.088000,2405.552000,0.731034
17.712000,428.368000,0.920653
4.592000,2519.696000,1.002829
19.024000,1001.712000,0.765662
11.152000,744.560000,0.733096
9.840000,1316.592000,0.674528
30.832000,348.336000,0.690507
33.456000,2800.464000,1.828707
5.904000,2524.944000,1.149981
20.336000,642.224000,0.798993
12.464000,2805.712000,0.719907
19.024000,739.312000,0.962151
36.080000,2026.384000,1.399478
17.712000,1665.584000,1.342682
16.400000,1925.360000,0.669190
9.840000,1876.816000,0.881416
34.768000,1266.736000,1.125366
12.464000,2480.336000,0.859711
19.024000,1424.176000,0.838021
20.336000,870.512000,1.488026
16.400000,563.504000,0.980077
13.776000,2111.664000,2.141109
15.088000,2114.288000,1.533470
30.832000,1866.320000,1.224947
17.712000,1774.480000,1.015189
36.080000,2661.392000,0.799547
26.896000,811.472000,0.834176
15.088000,1871.568000,1.635893
5.904000,2503.952000,0.750461
0.656000,869.200000,0.830300
29.520000,126.608000,1.187583
4.592000,143.664000,0.760118
21.648000,2095.920000,0.863099
21.648000,2173.328000,0.806234
20.336000,1716.752000,0.658569
24.272000,1558.000000,0.786508
3.280000,1073.872000,1.089644
15.088000,1422.864000,1.313918
30.832000,2681.072000,0.823151
36.080000,2562.992000,0.912972
3.280000,2063.120000,1.965786
19.024000,188.272000,0.731381
16.400000,462.480000,0.660678
34.768000,615.984000,0.730170
4.592000,2660.080000,0.979296
26.896000,654.032000,1.109674
12.464000,1847.952000,1.305308
33.456000,200.080000,0.672136
9.840000,311.600000,1.243852
20.336000,922.992000,0.733071
19.024000,80.688000,0.992632
4.592000,1704.944000,0.665843
16.400000,139.728000,0.887474
22.960000,2246.800000,1.327950
21.648000,2560.368000,0.666890
1.968000,1573.744000,0.952450
17.712000,1031.888000,0.794382
25.584000,461.168000,0.781571
12.464000,3103.536000,1.372537
24.272000,3095.664000,1.013867
30.832000,2270.416000,0.735931
15.088000,2120.848000,1.931951
29.520000,532.016000,0.933949
12.464000,1935.856000,1.605327
12.464000,2468.528000,0.879408
25.584000,1941.104000,0.750735
1.968000,159.408000,1.289149
19.024000,2316.336000,0.993832
37.392000,550.384000,0.906568
19.024000,2299.280000,0.767772
38.704000,1927.984000,0.964903
37.392000,1572.432000,1.109933
34.768000,1404.496000,0.798051
15.088000,2961.840000,0.672392
12.464000,1879.440000,0.899293
28.208000,3178.320000,0.996196
36.080000,1863.696000,0.842831
26.896000,1317.904000,1.055446
13.776000,1401.872000,0.664134
30.832000,655.344000,0.910123
8.528000,1113.232000,1.320496
9.840000,403.440000,0.669500
11.152000,3104.848000,0.693712
37.392000,2926.416000,0.807385
25.584000,360.144000,0.925223
15.088000,839.024000,1.133803
4.592000,3053.680000,0.848806
0.656000,2548.560000,0.778319
7.216000,1685.264000,1.174227
12.464000,526.768000,1.799571
36.080000,2538.064000,1.558565
15.088000,154.160000,0.712450
38.704000,1514.704000,2.693338
5.904000,117.424000,0.949965
16.400000,1306.096000,1.199734
7.216000,1701.008000,0.893413
20.336000,285.360000,2.040738
33.456000,2482.960000,0.833111
26.896000,1341.520000,0.704605
28.208000,634.352000,0.737111
34.768000,2169.392000,0.903771
37.392000,1954.224000,1.160113
21.648000,625.168000,0.954553
20.336000,2594.480000,0.691228
11.152000,1657.712000,1.117534
5.904000,2210.064000,1.679840
25.584000,808.848000,1.271430
22.960000,1971.280000,1.256323
36.080000,2977.584000,0.903436
32.144000,2086.736000,1.241472
5.904000,2812.272000,0.691983
25.584000,2118.224000,2.270122
19.024000,839.024000,0.715665
17.712000,1645.904000,0.775171
0.656000,1794.160000,1.259400
9.840000,2799.152000,0.721918
3.280000,1182.768000,1.143325
12.464000,192.208000,1.343013
25.584000,2044.752000,0.941303
29.520000,1652.464000,1.486662
28.208000,1942.416000,1.083517
19.024000,2556.432000,0.689574
24.272000,1988.336000,0.877849
3.280000,269.616000,0.750555
16.400000,1694.448000,0.942762
19.024000,3117.968000,0.689356
7.216000,2514.448000,1.036142
19.024000,2639.088000,0.723479
8.528000,181.712000,0.806839
34.768000,152.848000,0.685215
21.648000,697.328000,0.686174
13.776000,1467.472000,0.926772
19.024000,2439.664000,1.032722
1.968000,3.280000,0.882680
32.144000,797.040000,0.768083
9.840000,190.896000,0.730784
37.392000,2165.456000,0.801634
24.272000,2038.192000,0.681718
28.208000,1352.016000,1.184383
13.776000,772.112000,0.957276
9.840000,375.888000,1.397290
5.904000,1703.632000,0.663914
0.656000,962.352000,0.739348
19.024000,1954.224000,1.564308
5.904000,403.440000,1.013148
8.528000,2770.288000,1.474188
20.336000,2413.424000,0.707402
29.520000,1163.088000,1.096168
1.968000,75.440000,1.143289
8.528000,32.144000,0.779327
38.704000,2086.736000,2.228799
0.656000,2719.120000,0.949048
1.968000,2036.880000,1.251735
8.528000,1606.544000,0.714086
1.968000,1521.264000,0.774182
32.144000,3005.136000,0.728899
22.960000,2402.928000,1.322942
15.088000,667.152000,0.677310
1.968000,2669.264000,0.766442
38.704000,261.744000,0.676057
19.024000,697.328000,1.221034
12.464000,2741.424000,1.050024
37.392000,2053.936000,0.930667
36.080000,2245.488000,0.832088
21.648000,815.408000,0.922547
33.456000,100.368000,1.034086
3.280000,248.624000,0.791528
1.968000,2768.976000,0.821326
1.968000,684.208000,0.756926
13.776000,1619.664000,1.298961
13.776000,1035.824000,0.781326
5.904000,15.088000,0.853816
26.896000,3085.168000,0.767876
15.088000,1380.880000,1.359138
13.776000,1753.488000,1.348375
8.528000,1307.408000,1.806964
33.456000,1107.984000,0.724731
3.280000,1138.160000,0.712818
1.968000,1459.600000,1.010772
13.776000,2695.504000,0.798506
17.712000,416.560000,0.970734
0.656000,425.744000,1.302401
25.584000,2233.680000,0.945736
21.648000,698.640000,1.267238
4.592000,1508.144000,0.677346
38.704000,2330.768000,0.831538
30.832000,1445.168000,1.397393
9.840000,2148.400000,1.003752
32.144000,2538.064000,0.746979
3.280000,2282.224000,0.772821
7.216000,4.592000,0.782973
26.896000,255.184000,1.562294
20.336000,2725.680000,0.892402
9.840000,2868.688000,0.837546
36.080000,337.840000,1.189754
25.584000,3127.152000,0.811641
11.152000,302.416000,1.354172
11.152000,997.776000,0.797670
7.216000,3070.736000,1.072994
33.456000,2413.424000,1.440531
13.776000,1435.984000,0.957265
34.768000,2461.968000,1.530791
3.280000,2309.776000,1.442982
26.896000,3129.776000,0.751207
37.392000,1533.072000,1.019903
28.208000,2336.016000,0.739688
5.904000,738.000000,0.874227
38.704000,757.680000,0.688905
9.840000,1164.400000,0.836578
28.208000,3073.360000,0.666637
38.704000,87.248000,0.993890
5.904000,457.232000,1.015035
11.152000,2737.488000,0.670977
15.088000,1525.200000,0.823403
30.832000,2826.704000,0.677952
0.656000,1308.720000,0.672603
3.280000,2141.840000,0.867234
3.280000,1056.816000,0.719210
29.520000,1884.688000,1.242074
36.080000,2345.200000,0.715521
30.832000,2315.024000,1.030192
38.704000,2887.056000,1.122292
15.088000,1901.744000,0.936416
24.272000,2473.776000,0.728426
33.456000,2867.376000,1.176748
15.088000,227.632000,0.796391
19.024000,2246.800000,1.640993
36.080000,2073.616000,0.828844
1.968000,1754.800000,0.701641
17.712000,1236.560000,0.964020
34.768000,1870.256000,2.188931
19.024000,942.672000,0.912157
7.216000,553.008000,1.542140
15.088000,1740.368000,1.218539
1.968000,83.312000,1.062384
16.400000,371.952000,0.674141
11.152000,562.192000,1.074063
30.832000,715.696000,0.729766
12.464000,1554.064000,0.842263
11.152000,2652.208000,1.156429
30.832000,1320.528000,0.960394
30.832000,794.416000,1.437305
21.648000,2118.224000,0.710355
33.456000,3115.344000,1.520758
30.832000,2973.648000,1.312154
5.904000,295.856000,1.064938
1.968000,1534.384000,0.750185
7.216000,1487.152000,0.739785
17.712000,2818.832000,0.721566
3.280000,1069.936000,0.665271
3.280000,1143.408000,0.685996
34.768000,996.464000,1.671072
20.336000,1586.864000,0.990498
9.840000,1533.072000,1.193878
19.024000,720.944000,0.922688
24.272000,1084.368000,0.697228
0.656000,1596.048000,1.149586
4.592000,3099.600000,0.861664
15.088000,2810.960000,0.896185
21.648000,1840.080000,0.869793
16.400000,2405.552000,0.943059
36.080000,197.456000,0.764263
15.088000,2813.584000,0.815983
33.456000,121.360000,0.974409
21.648000,2198.256000,1.089878
16.400000,89.872000,1.022874
16.400000,751.120000,0.875492
24.272000,915.120000,0.931936
37.392000,1227.376000,1.268386
4.592000,2956.592000,1.193901
13.776000,979.408000,1.203044
15.088000,1666.896000,0.660057
3.280000,1729.872000,0.711676
36.080000,3165.200000,0.825433
34.768000,539.888000,1.806440
3.280000,2984.144000,0.883766
4.592000,2950.032000,0.904996
9.840000,1854.512000,0.773038
38.704000,526.768000,0.966061
19.024000,738.000000,1.908056
7.216000,207.952000,0.851098
16.400000,2109.040000,0.731981
33.456000,319.472000,0.761266
3.280000,306.352000,0.689764
22.960000,1126.352000,0.800360
36.080000,110.864000,0.710608
8.528000,2825.392000,0.785649
11.152000,1126.352000,0.966365
21.648000,3027.440000,0.695930
1.968000,1858.448000,1.612697
38.704000,430.992000,0.782301
30.832000,1496.336000,0.688197
7.216000,185.648000,1.106851
37.392000,3060.240000,1.454423
28.208000,2665.328000,0.762964
13.776000,932.176000,0.715671
25.584000,1455.664000,1.117567
20.336000,2212.688000,0.930005
0.656000,1282.480000,0.710535
34.768000,1924.048000,0.681382
5.904000,2728.304000,0.976845
34.768000,1352.016000,1.055968
8.528000,1979.152000,1.131435
30.832000,1219.504000,1.511058
16.400000,1071.248000,0.716466
32.144000,2696.816000,1.342219
36.080000,180.400000,0.950386
21.648000,819.344000,0.763263
15.088000,1481.904000,1.619487
24.272000,2334.704000,0.991587
25.584000,852.144000,1.103912
36.080000,1075.184000,1.029468
26.896000,975.472000,0.727165
36.080000,2894.928000,0.871240
1.968000,1230.000000,0.819206
24.272000,1948.976000,0.952362
9.840000,782.608000,0.659242
29.520000,2930.352000,1.415305
22.960000,898.064000,0.828957
36.080000,2825.392000,1.112469
34.768000,354.896000,1.323441
16.400000,2372.752000,0.820901
24.272000,2837.200000,1.261415
37.392000,451.984000,0.718487
30.832000,2339.952000,0.838195
30.832000,1550.128000,1.299518
26.896000,314.224000,0.905220
12.464000,2084.112000,1.322481
29.520000,2910.672000,0.795262
7.216000,244.688000,0.783387
20.336000,2271.728000,0.763840
15.088000,1762.672000,0.708702
37.392000,213.200000,0.677377
24.272000,3203.248000,0.816026
15.088000,1138.160000,0.759984
33.456000,2384.560000,0.850003
15.088000,1832.208000,0.782150
12.464000,3089.104000,1.479565
21.648000,1327.088000,0.809840
25.584000,349.648000,1.240199
3.280000,427.056000,0.878004
30.832000,768.176000,1.227259
17.712000,3136.336000,0.675926
29.520000,1484.528000,0.895298
20.336000,457.232000,1.368200
8.528000,962.352000,1.860363
3.280000,3120.592000,0.780101
38.704000,253.872000,0.715295
8.528000,2141.840000,0.720819
13.776000,1102.736000,0.695615
38.704000,189.584000,0.849837
26.896000,13.776000,2.784773
5.904000,1025.328000,1.507675
1.968000,3032.688000,1.404102
21.648000,672.400000,0.972316
16.400000,1354.640000,0.886070
13.776000,3115.344000,0.876080
9.840000,2685.008000,0.753364
28.208000,1248.368000,0.793518
32.144000,1813.840000,0.977385
25.584000,2002.768000,0.866851
5.904000,2414.736000,1.358665
33.456000,235.504000,1.104623
11.152000,1209.008000,1.290515
5.904000,4.592000,0.750951
7.216000,1106.672000,0.719403
30.832000,1418.928000,0.944324
8.528000,2378.000000,1.616085
0.656000,2835.888000,0.731472
36.080000,2796.528000,0.698925
38.704000,1677.392000,0.791889
29.520000,495.280000,1.454530
20.336000,1857.136000,0.828767
24.272000,105.616000,0.879416
33.456000,770.800000,0.661150
36.080000,2303.216000,0.845312
28.208000,1834.832000,0.935558
3.280000,2744.048000,1.088318
33.456000,1765.296000,1.011785
37.392000,2992.016000,0.715717
8.528000,989.904000,0.683553
33.456000,1744.304000,0.724247
17.712000,2101.168000,0.725109
34.768000,2746.672000,0.768404
22.960000,1311.344000,1.323092
26.896000,302.416000,0.852445
1.968000,1075.184000,0.785338
22.960000,2553.808000,1.199333
32.144000,961.040000,1.552422
19.024000,1220.816000,0.692978
24.272000,1803.344000,1.872227
9.840000,78.064000,1.461773
17.712000,1627.536000,0.733637
24.272000,850.832000,0.968596
3.280000,2224.496000,0.941562
26.896000,1472.720000,1.126051
0.656000,2929.040000,1.436505
16.400000,1081.744000,0.908988
38.704000,2372.752000,1.290516
24.272000,2646.960000,1.118614
7.216000,686.832000,1.018539
21.648000,2839.824000,1.250645
30.832000,248.624000,0.708570
20.336000,2768.976000,0.685732
11.152000,2801.776000,1.163255
30.832000,1610.480000,1.209017
1.968000,630.416000,1.207285
12.464000,638.288000,0.854377
17.712000,260.432000,0.675268
5.904000,2468.528000,1.009027
21.648000,1407.120000,0.763827
37.392000,21.648000,1.401368
9.840000,2805.712000,0.933851
24.272000,2204.816000,0.871825
4.592000,2469.840000,0.759489
16.400000,2585.296000,1.884054
17.712000,3120.592000,0.721285
11.152000,764.240000,0.886699
7.216000,118.736000,1.468582
38.704000,1045.008000,1.030079
19.024000,1551.440000,1.053533
5.904000,1408.432000,1.381781
4.592000,1900.432000,0.715652
24.272000,857.392000,1.593866
38.704000,2305.840000,0.800905
8.528000,1250.992000,1.086973
22.960000,1100.112000,1.625314
13.776000,664.528000,0.676688
13.776000,1481.904000,0.865502
30.832000,2564.304000,0.763349
11.152000,1257.552000,1.908903
19.024000,1252.304000,1.061836
33.456000,2908.048000,0.866377
28.208000,896.752000,0.714943
32.144000,2473.776000,1.301868
37.392000,240.752000,1.064968
0.656000,476.912000,0.698824
26.896000,1724.624000,1.455096
11.152000,2182.512000,1.021420
22.960000,2074.928000,1.408235
4.592000,1509.456000,1.256823
11.152000,360.144000,0.780098
15.088000,444.112000,0.706610
33.456000,347.024000,1.103040
17.712000,1624.912000,1.212913
15.088000,1754.800000,0.987866
4.592000,824.592000,0.919359
12.464000,2224.496000,1.028963
38.704000,873.136000,1.241842
1.968000,1623.600000,0.957860
7.216000,1375.632000,1.201955
19.024000,2332.080000,1.308426
5.904000,2771.600000,0.686389
32.144000,2057.872000,0.769619
9.840000,3220.304000,1.651865
37.392000,1706.256000,0.714832
1.968000,89.872000,0.749139
12.464000,1812.528000,0.893241
8.528000,3198.000000,1.063655
12.464000,2932.976000,0.940990
0.656000,1374.320000,0.697967
0.656000,121.360000,0.985216
1.968000,3135.024000,0.830057
0.656000,291.920000,2.824735
7.216000,1064.688000,0.913522
9.840000,1857.136000,0.955443
21.648000,1498.960000,0.669556
8.528000,2077.552000,0.667982
21.648000,264.368000,0.723362
16.400000,1072.560000,0.897766
34.768000,2964.464000,0.960688
26.896000,2187.760000,0.774038
33.456000,2318.960000,1.244642
26.896000,1725.936000,1.045128
4.592000,1275.920000,1.013338
30.832000,295.856000,0.747858
21.648000,996.464000,0.667787
25.584000,2181.200000,1.103882
21.648000,47.888000,1.358920
24.272000,2728.304000,0.945163
11.152000,163.344000,0.708069
20.336000,2831.952000,0.674426
34.768000,684.208000,0.892807
24.272000,2106.416000,0.739186
38.704000,1159.152000,0.856403
13.776000,1304.784000,1.636203
37.392000,972.848000,0.935303
26.896000,2479.024000,1.377993
30.832000,1199.824000,1.009151
17.712000,2182.512000,0.803264
5.904000,1707.568000,0.917396
34.768000,165.968000,0.919949
8.528000,2736.176000,0.689038
24.272000,2139.216000,1.032890
8.528000,816.720000,0.825656
37.392000,51.824000,1.622605
8.528000,33.456000,0.724310
8.528000,3186.192000,1.224355
12.464000,1897.808000,1.798744
5.904000,1151.280000,0.800049
29.520000,1254.928000,0.762777
37.392000,1106.672000,0.987583
16.400000,710.448000,0.670852
30.832000,358.832000,0.840710
7.216000,831.152000,0.749121
25.584000,567.440000,0.913990
11.152000,2160.208000,0.737899
17.712000,1094.864000,0.832504
0.656000,2858.192000,1.006411
33.456000,2132.656000,0.800232
1.968000,768.176000,1.068203
13.776000,2248.112000,0.892931
1.968000,1651.152000,0.966821
29.520000,2856.880000,0.742895
30.832000,2418.672000,0.771825
34.768000,175.152000,0.934810
12.464000,652.720000,0.871384
19.024000,1659.024000,0.794074
22.960000,2904.112000,1.210843
16.400000,2545.936000,1.190466
28.208000,1878.128000,1.106869
12.464000,1609.168000,1.285625
36.080000,1906.992000,1.319297
20.336000,1505.520000,1.023972
4.592000,419.184000,1.524210
34.768000,1329.712000,0.847461
21.648000,2812.272000,0.663798
38.704000,2321.584000,0.776669
22.960000,1837.456000,0.852052
32.144000,297.168000,1.753674
9.840000,1334.960000,1.139962
13.776000,1446.480000,1.277321
19.024000,2372.752000,1.183107
5.904000,3218.992000,1.082870
15.088000,2347.824000,0.666723
1.968000,2204.816000,1.098986
13.776000,1904.368000,0.697381
33.456000,1966.032000,1.149105
3.280000,1042.384000,0.835856
21.648000,218.448000,1.164237
13.776000,621.232000,0.959934
30.832000,131.856000,0.811444
37.392000,1090.928000,0.763876
25.584000,1205.072000,0.802483
24.272000,1610.480000,0.726315
22.960000,886.256000,0.887659
21.648000,911.184000,0.821521
28.208000,2274.352000,0.855648
4.592000,278.800000,0.950926
17.712000,832.464000,1.073080
28.208000,869.200000,1.047242
0.656000,2838.512000,0.905003
30.832000,204.016000,1.082705
26.896000,2888.368000,0.889413
26.896000,466.416000,1.203854
32.144000,1555.376000,0.706216
29.520000,2884.432000,1.065072
0.656000,2350.448000,0.730105
9.840000,2639.088000,0.762670
25.584000,1434.672000,0.658824
34.768000,1151.280000,1.475119
24.272000,2374.064000,0.878961
37.392000,3093.040000,0.765551
20.336000,2660.080000,0.978374
24.272000,2868.688000,0.798487
33.456000,2086.736000,1.287872
5.904000,1180.144000,0.940773
38.704000,2518.384000,2.024965
37.392000,962.352000,1.553431
3.280000,1863.696000,0.869765
22.960000,1111.920000,0.749238
21.648000,3170.448000,1.284564
0.656000,2868.688000,0.668197
26.896000,556.944000,0.911431
0.656000,2195.632000,0.881784
24.272000,1170.960000,0.723368
3.280000,1893.872000,0.806950
5.904000,2834.576000,0.697970
12.464000,501.840000,0.734861
33.456000,1559.312000,0.663073
38.704000,1181.456000,0.748628
3.280000,2070.992000,0.893853
9.840000,1517.328000,1.270770
4.592000,528.080000,0.941323
21.648000,535.952000,0.926842
15.088000,2926.416000,0.794830
0.656000,236.816000,0.756534
9.840000,83.312000,1.187322
7.216000,2072.304000,1.041070
34.768000,2103.792000,0.826255
0.656000,354.896000,0.750982
8.528000,2974.960000,0.867122
15.088000,2998.576000,0.692830
29.520000,1109.296000,0.866793
0.656000,2818.832000,1.298156
25.584000,2641.712000,1.752298
21.648000,75.440000,0.656961
17.712000,1477.968000,0.938836
36.080000,1125.040000,0.780719
16.400000,2803.088000,0.984802
38.704000,1547.504000,0.697482
13.776000,1421.552000,2.035607
7.216000,134.480000,0.833367
1.968000,2530.192000,0.868473
37.392000,514.960000,1.017406
22.960000,120.048000,0.987359
34.768000,772.112000,0.882588
4.592000,1615.728000,1.271396
4.592000,1329.712000,0.832735
34.768000,1474.032000,1.262010
37.392000,2291.408000,1.453949
25.584000,2196.944000,0.998181
16.400000,1313.968000,0.704963
0.656000,3209.808000,0.666640
25.584000,192.208000,1.131364
24.272000,165.968000,1.046946
38.704000,823.280000,0.944240
30.832000,2870.000000,1.248087
32.144000,3170.448000,0.829190
3.280000,66.256000,0.871348
26.896000,2708.624000,0.781148
28.208000,2747.984000,1.233808
25.584000,614.672000,0.712226
11.152000,1540.944000,0.926733
30.832000,1517.328000,1.002226
21.648000,146.288000,1.235113
38.704000,756.368000,0.859002
37.392000,782.608000,0.934124
24.272000,1429.424000,0.758574
13.776000,2321.584000,0.767701
17.712000,840.336000,1.206297
9.840000,2232.368000,1.071997
34.768000,1203.760000,0.894720
29.520000,1754.800000,1.261891
1.968000,3062.864000,1.159007
8.528000,1516.016000,1.515664
21.648000,1841.392000,1.878659
36.080000,1206.384000,0.905100
0.656000,252.560000,1.493647
34.768000,1167.024000,0.767607
24.272000,699.952000,0.667541
29.520000,2162.832000,0.698783
29.520000,2709.936000,0.700440
7.216000,2976.272000,0.888234
29.520000,975.472000,0.757735
20.336000,623.856000,1.052434
28.208000,2744.048000,0.659011
16.400000,1963.408000,0.736058
34.768000,812.784000,0.833609
26.896000,790.480000,0.778367
22.960000,3142.896000,0.757813
24.272000,1826.960000,0.942702
9.840000,2974.960000,1.389537
30.832000,900.688000,1.146135
36.080000,2935.600000,0.717344
38.704000,2741.424000,1.199873
11.152000,3066.800000,0.900754
21.648000,1350.704000,0.682218
32.144000,615.984000,0.710116
17.712000,318.160000,1.192159
25.584000,2094.608000,0.683192
38.704000,1434.672000,0.812517
34.768000,726.192000,0.896250
15.088000,2686.320000,1.055014
37.392000,2353.072000,0.839834
16.400000,2440.976000,0.692778
1.968000,2511.824000,1.384695
26.896000,1460.912000,0.752175
29.520000,2947.408000,0.781945
13.776000,2544.624000,1.103627
26.896000,1492.400000,1.025835
32.144000,482.160000,1.129787
1.968000,629.104000,1.138499
28.208000,171.216000,0.732225
13.776000,2830.640000,1.088480
11.152000,2248.112000,0.745074
33.456000,2093.296000,1.280170
19.024000,1458.288000,0.694445
29.520000,1022.704000,1.162263
26.896000,3178.320000,0.814049
9.840000,377.200000,0.774889
11.152000,2234.992000,0.778819
11.152000,823.280000,1.205507
8.528000,1395.312000,0.908169
4.592000,1289.040000,0.715685
29.520000,2809.648000,0.705112
28.208000,2349.136000,1.142857
26.896000,1189.328000,1.379277
26.896000,2493.456000,1.046197
22.960000,349.648000,0.681923
22.960000,1992.272000,0.775603
37.392000,1421.552000,1.180968
26.896000,1386.128000,0.788987
15.088000,2216.624000,1.008378
7.216000,2130.032000,0.677241
37.392000,526.768000,1.023196
29.520000,1823.024000,0.932710
1.968000,1728.560000,1.157396
0.656000,1161.776000,1.014698
4.592000,1295.600000,1.113045
12.464000,820.656000,0.782067
13.776000,570.064000,1.242989
15.088000,85.936000,0.709085
37.392000,2908.048000,0.884865
21.648000,3140.272000,1.446828
22.960000,251.248000,1.277591
11.152000,2173.328000,0.762316
1.968000,1838.768000,0.851091
8.528000,244.688000,0.699209
21.648000,1450.416000,2.000106
20.336000,2048.688000,0.686105
11.152000,1027.952000,1.291343
19.024000,2772.912000,0.909002
36.080000,1084.368000,0.817905
20.336000,1143.408000,0.844030
38.704000,1990.960000,0.915695
16.400000,602.864000,0.882640
15.088000,2849.008000,0.894188
32.144000,226.320000,0.787623
22.960000,1475.344000,0.953530
1.968000,1531.760000,0.779003
26.896000,699.952000,1.177446
0.656000,164.656000,0.905343
28.208000,3094.352000,1.096695
30.832000,2381.936000,0.694979
16.400000,1064.688000,0.668658
26.896000,2231.056000,0.802418
26.896000,2573.488000,1.560000
8.528000,1912.240000,1.153684
38.704000,2628.592000,0.848494
22.960000,550.384000,0.842199
20.336000,1588.176000,1.123808
8.528000,2456.720000,0.874624
3.280000,2127.408000,0.899370
15.088000,357.520000,0.884943
3.280000,1097.488000,0.927826
13.776000,1613.104000,0.903579
0.656000,207.952000,0.964425
12.464000,3077.296000,0.736034
13.776000,2683.696000,0.779968
34.768000,1437.296000,1.095836
7.216000,2628.592000,0.959187
26.896000,2456.720000,0.662683
4.592000,2528.880000,1.019703
0.656000,564.816000,0.857074
7.216000,3133.712000,0.843724
38.704000,853.456000,0.745141
20.336000,2828.016000,1.656021
9.840000,2560.368000,1.335547
29.520000,982.032000,1.034264
34.768000,698.640000,1.613128
34.768000,749.808000,0.944168
34.768000,2300.592000,1.069732
13.776000,2535.440000,1.469134
28.208000,1895.184000,0.814964
17.712000,2342.576000,0.905765
1.968000,2329.456000,0.657402
1.968000,1866.320000,1.890688
12.464000,2682.384000,0.874717
32.144000,1128.976000,0.731377
28.208000,2901.488000,0.844941
20.336000,2044.752000,1.396754
20.336000,1176.208000,0.997599
1.968000,930.864000,0.882467
11.152000,1794.160000,0.787073
3.280000,710.448000,0.995935
12.464000,158.096000,0.672172
12.464000,213.200000,0.733607
1.968000,378.512000,0.895783
33.456000,3162.576000,0.787802
22.960000,1535.696000,0.848477
20.336000,852.144000,1.128675
1.968000,365.392000,1.072131
30.832000,9.840000,1.221795
17.712000,2494.768000,0.721452
11.152000,1392.688000,1.176958
28.208000,1883.376000,0.769819
17.712000,341.776000,0.813076
34.768000,2452.784000,0.777500
15.088000,1247.056000,1.488684
33.456000,21.648000,0.698346
22.960000,3048.432000,0.836286
7.216000,2112.976000,0.840584
32.144000,49.200000,1.135589
7.216000,2257.296000,0.884558
36.080000,567.440000,0.898523
26.896000,130.544000,1.011319
32.144000,1093.552000,0.662994
16.400000,1464.848000,0.753728
4.592000,1655.088000,0.784158
37.392000,680.272000,1.059400
3.280000,1735.120000,1.891154
38.704000,2002.768000,0.756953
9.840000,1210.320000,0.749438
26.896000,1449.104000,1.096364
28.208000,1025.328000,0.898513
11.152000,1846.640000,0.962939
11.152000,621.232000,0.731632
8.528000,61.008000,1.284536
20.336000,563.504000,1.304141
34.768000,574.000000,0.840602
28.208000,2513.136000,0.754713
38.704000,1567.184000,1.563697
20.336000,891.504000,1.284324
32.144000,870.512000,1.532714
32.144000,1088.304000,0.741537
11.152000,121.360000,1.326935
11.152000,1647.216000,0.873234
13.776000,2219.248000,1.043013
29.520000,2620.720000,1.220341
1.968000,2510.512000,0.802220
1.968000,2217.936000,0.745835
19.024000,1113.232000,0.762555
28.208000,1092.240000,1.452176
21.648000,1315.280000,0.879020
38.704000,478.224000,0.861978
1.968000,488.720000,0.803709
4.592000,1489.776000,0.758531
3.280000,1101.424000,0.994114
37.392000,1632.784000,1.295230
12.464000,188.272000,1.365105
36.080000,1703.632000,0.924357
36.080000,2086.736000,0.754906
24.272000,1568.496000,0.785202
7.216000,821.968000,0.875322
22.960000,2688.944000,1.092474
8.528000,899.376000,1.208826
19.024000,1837.456000,0.725392
12.464000,1388.752000,0.745300
28.208000,2925.104000,0.810683
34.768000,748.496000,0.857860
36.080000,2265.168000,1.124022
20.336000,1345.456000,0.850334
30.832000,1115.856000,0.951162
25.584000,1635.408000,1.006395
12.464000,724.880000,1.236908
0.656000,1909.616000,0.976745
21.648000,3112.720000,0.688985
5.904000,2711.248000,1.022616
15.088000,1239.184000,1.968578
17.712000,2547.248000,0.756281
0.656000,1564.560000,0.688067
36.080000,3192.752000,0.753136
37.392000,951.856000,0.714685
33.456000,79.376000,0.769596
38.704000,2414.736000,1.515074
17.712000,2315.024000,0.851033
0.656000,3075.984000,1.199249
21.648000,832.464000,0.840477
26.896000,3167.824000,0.718017
24.272000,779.984000,0.825696
32.144000,2296.656000,0.783897
11.152000,2139.216000,0.700440
7.216000,1296.912000,0.674043
17.712000,3170.448000,1.547570
8.528000,3159.952000,1.146408
34.768000,3170.448000,0.758430
9.840000,1359.888000,0.777342
24.272000,2086.736000,0.735582
32.144000,652.720000,0.842652
21.648000,1206.384000,1.504593
17.712000,3056.304000,1.235726
24.272000,1308.720000,0.707363
30.832000,1188.016000,1.717325
4.592000,3027.440000,0.818620
26.896000,3087.792000,0.903288
12.464000,2074.928000,0.823704
20.336000,1223.440000,0.934880
16.400000,2671.888000,0.779998
37.392000,755.056000,0.866777
9.840000,619.920000,0.803876
28.208000,878.384000,1.154575
11.152000,1672.144000,1.157707
11.152000,610.736000,0.979420
4.592000,886.256000,0.939638
29.520000,1554.064000,1.017338
0.656000,2099.856000,0.915976
9.840000,1071.248000,1.017110
16.400000,1504.208000,1.032783
3.280000,3195.376000,0.752626
11.152000,821.968000,0.887701
29.520000,1210.320000,0.670062
0.656000,301.104000,1.520126
37.392000,2430.480000,1.220250
29.520000,2770.288000,1.485258
9.840000,1899.120000,0.751227
1.968000,3001.200000,1.560180
9.840000,950.544000,0.719197
11.152000,2074.928000,1.315901
19.024000,811.472000,1.062766
19.024000,821.968000,0.677705
8.528000,1539.632000,1.200968
12.464000,3146.832000,0.786012
19.024000,879.696000,0.673139
32.144000,1930.608000,1.526308
25.584000,455.920000,1.127075
0.656000,1508.144000,0.688662
16.400000,1533.072000,0.675200
22.960000,2570.864000,0.806105
22.960000,713.072000,1.273753
3.280000,958.416000,0.665778
20.336000,2972.336000,0.822625
32.144000,328.656000,0.950043
3.280000,2471.152000,0.959440
1.968000,1638.032000,0.743977
19.024000,2120.848000,0.736165
26.896000,953.168000,0.915810
1.968000,566.128000,0.669770
17.712000,46.576000,0.765548
30.832000,832.464000,1.665118
26.896000,1025.328000,1.102924
32.144000,1239.184000,0.722973
8.528000,719.632000,1.331431
7.216000,1812.528000,0.803535
20.336000,2940.848000,1.029576
0.656000,297.168000,1.032129
0.656000,2418.672000,1.438577
28.208000,2909.360000,0.761831
34.768000,2901.488000,1.507217
20.336000,650.096000,0.701096
4.592000,1853.200000,2.160260
1.968000,1630.160000,0.858271
13.776000,3026.128000,1.238847
5.904000,1240.496000,0.933899
1.968000,263.056000,1.111212
9.840000,1445.168000,1.047917
13.776000,1471.408000,0.827966
12.464000,1913.552000,1.634420
33.456000,682.896000,0.832359
8.528000,1998.832000,0.689508
12.464000,2452.784000,0.849651
20.336000,2957.904000,0.932810
21.648000,2507.888000,0.963140
19.024000,937.424000,0.839733
7.216000,2649.584000,0.698463
15.088000,2922.480000,1.362993
12.464000,513.648000,1.053884
26.896000,2244.176000,0.836340
36.080000,1510.768000,0.695178
3.280000,980.720000,0.728184
3.280000,2135.280000,0.750549
16.400000,2796.528000,0.797456
21.648000,1597.360000,1.155067
30.832000,929.552000,0.943276
38.704000,1075.184000,1.502946
11.152000,1029.264000,0.958647
13.776000,572.688000,0.725848
20.336000,1668.208000,1.122776
29.520000,509.712000,0.913505
16.400000,936.112000,0.929805
36.080000,1672.144000,0.824451
25.584000,1295.600000,1.030620
12.464000,385.072000,0.788510
11.152000,1182.768000,0.804396
17.712000,1917.488000,0.713537
37.392000,2438.352000,0.779280
7.216000,1832.208000,1.108956
17.712000,3188.816000,0.673792
16.400000,1046.320000,0.792061
11.152000,49.200000,1.877201
8.528000,2354.384000,0.828045
1.968000,2040.816000,0.948875
32.144000,398.192000,0.891622
21.648000,1287.728000,1.376541
36.080000,234.192000,1.674270
9.840000,2704.688000,0.858593
0.656000,2905.424000,0.999194
17.712000,2456.720000,0.660568
19.024000,45.264000,0.682571
30.832000,236.816000,0.675754
38.704000,2872.624000,0.723912
8.528000,1394.000000,1.283689
32.144000,2193.008000,0.716018
5.904000,318.160000,0.991612
17.712000,1690.512000,1.577207
12.464000,2599.728000,1.205024
15.088000,282.736000,1.081645
11.152000,3070.736000,1.415804
15.088000,421.808000,0.738832
11.152000,490.032000,1.614640
1.968000,1590.800000,0.810666
11.152000,2562.992000,1.485541
16.400000,529.392000,0.705991
13.776000,2545.936000,0.902701
16.400000,2360.944000,0.714884
5.904000,651.408000,0.891194
4.592000,828.528000,0.865628
29.520000,457.232000,0.838283
17.712000,1304.784000,1.281843
4.592000,2565.616000,0.840412
32.144000,2635.152000,1.173433
20.336000,3148.144000,1.475126
36.080000,4.592000,0.678716
28.208000,139.728000,1.245182
38.704000,36.080000,0.692670
30.832000,773.424000,1.762262
29.520000,247.312000,0.829381
20.336000,2254.672000,1.187775
8.528000,2766.352000,0.896750
16.400000,491.344000,1.061270
3.280000,3007.760000,0.858955
37.392000,2758.480000,0.952583
21.648000,1462.224000,0.926535
32.144000,2215.312000,0.819058
9.840000,429.680000,0.762282
20.336000,1824.336000,0.712427
8.528000,1247.056000,0.837976
36.080000,2333.392000,0.873722
37.392000,836.400000,1.156538
25.584000,1540.944000,0.799662
33.456000,2245.488000,1.260115
33.456000,83.312000,1.259570
22.960000,2797.840000,0.795150
34.768000,370.640000,1.983336
11.152000,1003.024000,0.751705
28.208000,1296.912000,0.708451
17.712000,1737.744000,1.732773
38.704000,1370.384000,1.021576
3.280000,1387.440000,1.210353
15.088000,2841.136000,1.077007
13.776000,726.192000,0.859825
3.280000,417.872000,1.178431
0.656000,924.304000,1.860094
22.960000,434.928000,0.700200
4.592000,1653.776000,0.693394
33.456000,1366.448000,1.027286
11.152000,1552.752000,0.666398
16.400000,297.168000,0.966553
32.144000,1173.584000,1.008970
11.152000,1889.936000,1.100440
19.024000,2905.424000,0.674988
15.088000,2093.296000,0.658573
12.464000,1139.472000,0.933520
8.528000,3163.888000,2.212802
5.904000,3028.752000,0.774261
1.968000,3018.256000,0.669907
5.904000,1711.504000,0.707890
8.528000,925.616000,0.833728
37.392000,1718.064000,1.871619
34.768000,1031.888000,0.760800
17.712000,211.888000,0.803526
0.656000,2477.712000,0.727402
34.768000,2653.520000,0.903609
22.960000,518.896000,0.823790
37.392000,735.376000,0.897552
7.216000,387.696000,0.736777
37.392000,2930.352000,1.134568
22.960000,385.072000,0.897673
34.768000,2358.320000,0.793985
9.840000,1042.384000,0.712553
33.456000,2594.480000,0.704011
12.464000,2871.312000,1.065632
20.336000,1096.176000,1.309536
36.080000,878.384000,1.411520
11.152000,1878.128000,0.733285
32.144000,1022.704000,1.044892
0.656000,2923.792000,1.030693
22.960000,2675.824000,0.818088
15.088000,61.008000,1.098504
26.896000,2168.080000,1.249828
19.024000,2438.352000,1.234335
11.152000,3013.008000,1.173319
4.592000,1445.168000,0.789863
13.776000,295.856000,0.723603
20.336000,1300.848000,0.940237
29.520000,2875.248000,0.672841
21.648000,989.904000,1.183219
16.400000,91.184000,0.762981
26.896000,1510.768000,0.668455
38.704000,408.688000,0.865614
22.960000,1825.648000,1.607734
25.584000,3108.784000,1.165854
5.904000,875.760000,0.913726
12.464000,1872.880000,0.807378
7.216000,776.048000,0.918365
12.464000,1572.432000,1.187437
34.768000,2968.400000,1.960408
30.832000,2427.856000,0.903614
1.968000,1559.312000,1.043657
13.776000,1670.832000,0.850733
32.144000,2263.856000,0.916182
8.528000,2412.112000,0.760713
19.024000,1588.176000,1.084154
26.896000,2704.688000,0.959955
20.336000,2500.016000,0.657768
12.464000,1312.656000,0.711110
5.904000,1800.720000,0.669090
15.088000,1176.208000,0.718324
37.392000,1366.448000,0.745867
26.896000,2800.464000,0.833837
37.392000,2060.496000,0.724122
12.464000,3003.824000,1.091630
17.712000,2505.264000,0.897141
29.520000,2443.600000,1.517286
33.456000,261.744000,1.109497
0.656000,1765.296000,0.692541
29.520000,2835.888000,0.841233
24.272000,1576.368000,1.123031
26.896000,287.984000,0.875539
34.768000,2367.504000,1.049698
28.208000,655.344000,1.284349
24.272000,1731.184000,0.755794
28.208000,968.912000,0.895063
28.208000,1905.680000,1.316282
38.704000,151.536000,1.180967
13.776000,3218.992000,1.154116
12.464000,1495.024000,1.576586
33.456000,1180.144000,1.291169
30.832000,2433.104000,1.248737
3.280000,2540.688000,0.889827
13.776000,3100.912000,0.779947
17.712000,1308.720000,0.843440
7.216000,139.728000,1.083138
12.464000,673.712000,0.656476
25.584000,860.016000,1.451617
19.024000,1387.440000,0.876094
26.896000,134.480000,1.067147
13.776000,2565.616000,1.785251
25.584000,702.576000,0.717509
38.704000,2640.400000,0.660937
26.896000,3048.432000,2.288179
12.464000,2553.808000,0.879363
7.216000,2080.176000,0.952263
17.712000,2203.504000,1.369591
30.832000,2322.896000,0.699654
34.768000,3207.184000,0.808302
19.024000,1430.736000,0.657002
11.152000,1857.136000,0.708780
30.832000,3013.008000,0.662656
30.832000,1968.656000,0.697273
1.968000,3106.160000,0.941006
12.464000,2909.360000,0.695790
16.400000,1769.232000,0.809051
1.968000,3007.760000,1.768914
37.392000,2195.632000,0.748724
19.024000,1281.168000,0.656214
4.592000,1271.984000,1.159289
19.024000,593.680000,1.969162
28.208000,1236.560000,0.684026
11.152000,448.048000,0.992940
32.144000,2350.448000,1.169000
33.456000,459.856000,1.008759
33.456000,1117.168000,0.708661
22.960000,1136.848000,1.007997
12.464000,3044.496000,0.696666
33.456000,1369.072000,0.759773
1.968000,9.840000,0.706989
8.528000,509.712000,0.757124
13.776000,2126.096000,0.768504
9.840000,328.656000,0.834152
0.656000,2227.120000,0.690582
21.648000,556.944000,0.704517
16.400000,41.328000,1.067666
22.960000,1943.728000,0.892198
13.776000,228.944000,1.036395
34.768000,1489.776000,0.862551
11.152000,2667.952000,1.105346
22.960000,610.736000,0.827446
22.960000,1554.064000,0.787859
24.272000,2738.800000,0.692788
11.152000,1062.064000,0.751728
11.152000,2704.688000,1.040449
36.080000,2392.432000,0.790300
37.392000,2977.584000,0.846290
9.840000,2873.936000,0.911695
30.832000,1094.864000,1.211933
38.704000,2194.320000,0.768825
20.336000,331.280000,1.100401
29.520000,1430.736000,0.867884
12.464000,1264.112000,0.790589
24.272000,819.344000,0.656350
0.656000,2363.568000,0.708844
36.080000,2093.296000,0.762297
11.152000,7.216000,1.617737
37.392000,1299.536000,1.152369
16.400000,1409.744000,0.834897
7.216000,1641.968000,1.354110
37.392000,1004.336000,1.046117
15.088000,2720.432000,0.969593
22.960000,1168.336000,0.731064
4.592000,684.208000,1.245081
34.768000,99.056000,1.630766
12.464000,357.520000,0.714068
37.392000,131.856000,0.700794
15.088000,2809.648000,0.951696
19.024000,2476.400000,0.861302
11.152000,3159.952000,0.750575
13.776000,277.488000,0.878018
36.080000,685.520000,0.869718
32.144000,1773.168000,0.747696
8.528000,2048.688000,0.884193
19.024000,261.744000,0.738498
8.528000,25.584000,0.995739
1.968000,916.432000,0.821793
25.584000,2014.576000,0.778316
7.216000,1636.720000,0.922632
33.456000,1701.008000,1.382425
37.392000,3019.568000,1.318438
7.216000,1285.104000,2.114896
8.528000,3138.960000,1.349817
24.272000,235.504000,0.724242
16.400000,819.344000,0.790899
34.768000,795.728000,0.853784
0.656000,1278.544000,0.997585
4.592000,2688.944000,0.660020
7.216000,840.336000,1.137556
4.592000,1076.496000,0.774045
12.464000,2814.896000,0.751880
37.392000,1868.944000,0.674828
16.400000,2602.352000,1.835093
22.960000,1363.824000,1.101533
4.592000,2498.704000,1.127902
28.208000,1353.328000,1.021641
11.152000,1758.736000,0.834565
29.520000,371.952000,0.721789
3.280000,133.168000,0.761207
16.400000,49.200000,1.933713
34.768000,463.792000,1.081650
16.400000,3007.760000,1.023762
11.152000,2699.440000,0.750215
24.272000,2148.400000,0.668761
20.336000,2942.160000,0.676367
32.144000,1449.104000,0.890248
34.768000,2057.872000,1.003665
8.528000,1973.904000,0.944704
19.024000,218.448000,0.868079
28.208000,3081.232000,0.931354
1.968000,1178.832000,0.895523
12.464000,1680.016000,0.933733
0.656000,298.480000,1.357802
0.656000,2754.544000,0.859826
16.400000,543.824000,0.795828
1.968000,1972.592000,1.517812
25.584000,2788.656000,0.858374
33.456000,530.704000,0.804316
4.592000,3200.624000,0.945652
29.520000,564.816000,0.767957
7.216000,2211.376000,1.787357
36.080000,1505.520000,1.367615
20.336000,1517.328000,0.759700
28.208000,2241.552000,0.806031
11.152000,2650.896000,0.710089
34.768000,263.056000,1.178921
19.024000,2077.552000,0.670034
20.336000,24.272000,1.337415
8.528000,2044.752000,0.684880
24.272000,1945.040000,0.735831
7.216000,1395.312000,0.708156
26.896000,2048.688000,1.042808
37.392000,1439.920000,1.228789
19.024000,512.336000,0.693713
11.152000,1052.880000,2.008593
25.584000,160.720000,0.874581
11.152000,2989.392000,0.874124
9.840000,2922.480000,1.269681
16.400000,1316.592000,1.505059
16.400000,327.344000,0.969770
29.520000,3142.896000,1.406212
12.464000,2077.552000,0.661269
21.648000,2597.104000,0.977330
19.024000,1956.848000,0.921498
11.152000,2583.984000,0.759298
15.088000,1488.464000,1.251690
3.280000,483.472000,0.855117
0.656000,929.552000,1.501301
12.464000,487.408000,0.946176
21.648000,54.448000,0.811190
11.152000,720.944000,1.069224
34.768000,1333.648000,1.191352
3.280000,1167.024000,0.675536
24.272000,215.824000,0.870302
34.768000,2195.632000,1.514860
0.656000,331.280000,0.835329
15.088000,1344.144000,1.157954
30.832000,331.280000,1.272376
22.960000,1544.880000,0.849497
25.584000,2291.408000,0.808669
7.216000,777.360000,0.689888
12.464000,837.712000,0.704584
15.088000,1102.736000,1.334614
38.704000,1237.872000,1.003438
26.896000,1505.520000,0.694995
11.152000,1050.256000,1.071931
20.336000,257.808000,0.778565
0.656000,1987.024000,0.879896
30.832000,4.592000,0.692284
21.648000,982.032000,0.931031
26.896000,2683.696000,0.668636
36.080000,381.136000,0.909476
7.216000,791.792000,2.026581
37.392000,2519.696000,0.907020
9.840000,2822.768000,0.985914
12.464000,2476.400000,0.672845
25.584000,1256.240000,0.723426
15.088000,1622.288000,1.094757
19.024000,2515.760000,0.792921
7.216000,3034.000000,0.819670
11.152000,3115.344000,1.239717
28.208000,1298.224000,0.699652
33.456000,1526.512000,1.098794
16.400000,438.864000,0.762570
15.088000,2845.072000,0.663796
0.656000,551.696000,0.703205
37.392000,963.664000,0.773263
30.832000,483.472000,0.769608
36.080000,663.216000,0.773253
36.080000,1195.888000,0.872297
17.712000,1240.496000,1.276654
26.896000,2828.016000,1.326593
24.272000,984.656000,2.132231
22.960000,1104.048000,0.718285
17.712000,2057.872000,1.316891
13.776000,820.656000,1.091882
7.216000,3099.600000,0.772623
12.464000,1151.280000,1.403820
37.392000,68.880000,0.913886
1.968000,453.296000,1.368285
9.840000,2620.720000,1.768041
16.400000,311.600000,0.743990
15.088000,3156.016000,1.128007
8.528000,2776.848000,0.780110
33.456000,932.176000,0.680527
20.336000,707.824000,0.809962
17.712000,1383.504000,1.089167
30.832000,831.152000,1.126877
20.336000,865.264000,0.666767
21.648000,726.192000,0.870604
16.400000,2969.712000,0.747821
19.024000,2657.456000,0.812040
17.712000,420.496000,1.445292
21.648000,2027.696000,1.386294
1.968000,613.360000,0.828919
32.144000,2707.312000,0.732402
17.712000,2742.736000,0.880062
11.152000,1598.672000,0.798911
12.464000,3069.424000,0.835315
19.024000,1420.240000,0.897128
9.840000,2637.776000,0.789500
25.584000,272.240000,0.679432
32.144000,500.528000,0.695108
21.648000,2384.560000,0.816678
36.080000,417.872000,1.055363
37.392000,1425.488000,0.877164
28.208000,71.504000,0.733309
19.024000,2482.960000,0.930038
28.208000,2025.072000,0.664793
5.904000,2804.400000,0.722011
13.776000,1805.968000,1.436418
24.272000,218.448000,2.265510
3.280000,2782.096000,0.894012
0.656000,2587.920000,0.956786
12.464000,2124.784000,0.940982
37.392000,1656.400000,0.711036
5.904000,8.528000,0.681730
12.464000,2863.440000,0.657169
28.208000,2839.824000,0.770795
11.152000,43.952000,0.899207
32.144000,87.248000,1.280525
32.144000,1537.008000,1.126973
34.768000,478.224000,0.812716
33.456000,660.592000,0.673224
28.208000,594.992000,1.126656
17.712000,1641.968000,0.694298
11.152000,41.328000,1.197784
21.648000,1933.232000,0.686438
25.584000,364.080000,1.100722
13.776000,1948.976000,0.913468
9.840000,626.480000,1.464643
37.392000,1468.784000,0.973201
8.528000,2851.632000,0.658017
3.280000,1047.632000,1.325851
29.520000,2231.056000,0.802507
7.216000,1323.152000,0.772789
11.152000,2611.536000,1.708368
25.584000,2114.288000,0.790063
21.648000,1572.432000,1.265612
15.088000,2050.000000,1.208125
19.024000,234.192000,1.181214
29.520000,2187.760000,0.916018
4.592000,978.096000,0.709128
21.648000,2148.400000,0.809465
7.216000,3085.168000,2.150909
7.216000,2986.768000,0.748337
19.024000,966.288000,0.859833
8.528000,2793.904000,1.064838
20.336000,1669.520000,1.215460
9.840000,165.968000,0.783200
32.144000,211.888000,0.681035
19.024000,1139.472000,0.720334
11.152000,1781.040000,0.779743
15.088000,3065.488000,0.693874
8.528000,1710.192000,0.857127
17.712000,951.856000,0.900796
7.216000,1943.728000,0.709063
30.832000,2582.672000,0.824581
33.456000,1088.304000,0.967811
24.272000,600.240000,1.303957
13.776000,3016.944000,1.267811
7.216000,3093.040000,0.925066
19.024000,1952.912000,0.667812
3.280000,2334.704000,1.286062
9.840000,1841.392000,1.994035
30.832000,308.976000,0.719542
8.528000,1056.816000,1.128404
30.832000,189.584000,0.672522
24.272000,3200.624000,0.720675
26.896000,1926.672000,1.296612
0.656000,1967.344000,0.763466
3.280000,706.512000,0.746855
1.968000,1984.400000,0.956345
37.392000,1870.256000,0.813162
8.528000,2122.160000,0.994630
22.960000,392.944000,0.756379
11.152000,1722.000000,0.799646
30.832000,2148.400000,0.682306
13.776000,2716.496000,0.747730
3.280000,3098.288000,1.694402
34.768000,2244.176000,0.852707
12.464000,1257.552000,0.699945
28.208000,2732.240000,0.744685
0.656000,736.688000,0.724043
19.024000,827.216000,0.943545
20.336000,2303.216000,0.777396
5.904000,1170.960000,0.976732
28.208000,1723.312000,0.725542
30.832000,2166.768000,0.855712
38.704000,154.160000,1.148041
30.832000,486.096000,1.325342
5.904000,633.040000,1.503628
37.392000,1634.096000,0.778330
36.080000,1767.920000,0.688425
1.968000,3070.736000,1.288511
37.392000,2284.848000,0.948134
1.968000,286.672000,0.865617
5.904000,3027.440000,0.845758
4.592000,227.632000,0.771442
8.528000,869.200000,0.762052
26.896000,181.712000,1.048017
5.904000,444.112000,1.040135
16.400000,278.800000,0.921148
37.392000,74.128000,1.285486
19.024000,2170.704000,0.764833
34.768000,1312.656000,0.668372
25.584000,574.000000,0.715480
12.464000,2145.776000,0.658568
9.840000,1298.224000,0.902686
32.144000,1466.160000,1.973409
21.648000,1766.608000,1.065699
3.280000,2741.424000,0.890441
32.144000,2383.248000,1.218306
1.968000,2370.128000,1.205333
36.080000,530.704000,1.109507
1.968000,3103.536000,0.765842
4.592000,2867.376000,1.043791
21.648000,2918.544000,0.856028
7.216000,26.896000,0.796262
32.144000,1315.280000,0.980974
8.528000,129.232000,1.098638
21.648000,2902.800000,0.863033
20.336000,1893.872000,1.539663
8.528000,1884.688000,1.069295
16.400000,3022.192000,1.022792
26.896000,2336.016000,1.099666
26.896000,1258.864000,0.732523
7.216000,2015.888000,0.951267
24.272000,1198.512000,0.940133
8.528000,2587.920000,0.867649
4.592000,539.888000,0.972617
24.272000,273.552000,0.858999
30.832000,1285.104000,1.499850
1.968000,53.136000,1.153577
32.144000,151.536000,1.126131
36.080000,732.752000,1.217961
16.400000,916.432000,1.058341
17.712000,2931.664000,0.665904
22.960000,1661.648000,0.729096
19.024000,459.856000,1.393997
7.216000,1442.544000,0.794568
33.456000,2458.032000,0.707002
1.968000,671.088000,0.959894
21.648000,2863.440000,0.682632
28.208000,698.640000,0.684565
37.392000,587.120000,0.762040
3.280000,2805.712000,1.194558
29.520000,588.432000,0.980346
9.840000,1043.696000,0.775359
1.968000,1925.360000,1.137604
11.152000,180.400000,0.720732
12.464000,455.920000,1.293847
38.704000,2109.040000,0.890297
29.520000,2612.848000,1.297033
37.392000,3177.008000,1.119083
17.712000,83.312000,0.890087
33.456000,2320.272000,1.288934
7.216000,1908.304000,0.801923
9.840000,1896.496000,1.225192
17.712000,1554.064000,0.924795
3.280000,2553.808000,0.758393
24.272000,1620.976000,0.871887
9.840000,1542.256000,0.715266
0.656000,1723.312000,1.110068
4.592000,3125.840000,0.903248
3.280000,2094.608000,0.664120
26.896000,1361.200000,0.730016
22.960000,1249.680000,0.827913
0.656000,2623.344000,1.373488
12.464000,2759.792000,0.915249
37.392000,2147.088000,0.679656
38.704000,9.840000,0.683832
13.776000,2067.056000,1.161872
7.216000,156.784000,1.173140
12.464000,2652.208000,1.876402
15.088000,2191.696000,0.882871
13.776000,104.304000,1.249121
3.280000,989.904000,0.956639
24.272000,3142.896000,0.714866
3.280000,1703.632000,0.999785
8.528000,412.624000,0.826506
9.840000,1205.072000,0.749477
5.904000,1051.568000,1.785895
24.272000,42.640000,0.854188
11.152000,924.304000,0.812301
38.704000,2569.552000,1.506939
17.712000,644.848000,1.238602
24.272000,1962.096000,1.182592
22.960000,2935.600000,0.742190
32.144000,1701.008000,0.994685
17.712000,1799.408000,0.755635
11.152000,1404.496000,1.255650
26.896000,1439.920000,0.875111
0.656000,189.584000,0.906463
22.960000,2177.264000,0.767425
24.272000,2690.256000,1.194560
30.832000,3154.704000,0.894874
37.392000,2067.056000,0.805574
21.648000,2401.616000,0.771539
36.080000,109.552000,0.760536
13.776000,2173.328000,1.542255
34.768000,3138.960000,0.946767
36.080000,2506.576000,0.892792
12.464000,1250.992000,2.814616
21.648000,1173.584000,0.775094
26.896000,3184.880000,0.668517
36.080000,1428.112000,1.289756
32.144000,1725.936000,0.867282
28.208000,64.944000,1.013338
36.080000,2236.304000,2.528163
38.704000,1295.600000,0.703619
15.088000,4.592000,1.291350
1.968000,828.528000,2.176203
33.456000,984.656000,0.878665
17.712000,144.976000,0.672729
34.768000,3081.232000,0.681019
19.024000,2309.776000,1.068508
11.152000,665.840000,0.797089
36.080000,1203.760000,0.701143
4.592000,2311.088000,0.707299
19.024000,1029.264000,1.131095
1.968000,1210.320000,0.730499
15.088000,2828.016000,0.959878
19.024000,1880.752000,0.804054
25.584000,1878.128000,1.288745
8.528000,1762.672000,0.880264
28.208000,1315.280000,1.398874
13.776000,692.080000,0.803716
17.712000,2005.392000,1.539679
11.152000,633.040000,0.809550
1.968000,120.048000,0.787682
32.144000,3064.176000,0.781001
1.968000,940.048000,0.686195
13.776000,3023.504000,1.113943
7.216000,1887.312000,0.895126
38.704000,1337.584000,1.019325
17.712000,2586.608000,0.921357
13.776000,411.312000,0.755709
7.216000,3125.840000,1.653380
17.712000,3149.456000,1.419043
25.584000,824.592000,0.701010
0.656000,2358.320000,0.918080
1.968000,253.872000,1.313279
8.528000,1653.776000,0.715754
17.712000,1661.648000,0.688829
0.656000,1718.064000,0.866212
20.336000,1107.984000,0.718200
26.896000,2678.448000,0.819372
19.024000,2442.288000,1.198923
4.592000,2330.768000,0.721757
0.656000,2492.144000,1.236160
20.336000,1159.152000,1.069996
15.088000,2608.912000,0.749963
4.592000,2164.144000,1.408642
17.712000,3152.080000,0.919538
13.776000,1248.368000,0.724240
21.648000,1077.808000,0.746779
28.208000,2879.184000,1.499805
20.336000,2560.368000,0.707150
20.336000,845.584000,0.768863
20.336000,2709.936000,0.803296
9.840000,2170.704000,1.364456
4.592000,1824.336000,1.020271
28.208000,720.944000,0.891222
29.520000,520.208000,1.310647
5.904000,1510.768000,2.405014
20.336000,214.512000,2.468196
17.712000,3098.288000,0.900482
26.896000,1088.304000,0.712335
11.152000,2153.648000,0.928261
11.152000,2229.744000,0.715284
28.208000,1435.984000,0.912373
32.144000,131.856000,0.659669
9.840000,1732.496000,1.018305
20.336000,15.088000,0.664086
25.584000,2307.152000,1.092095
33.456000,1929.296000,0.813969
26.896000,3222.928000,0.774051
37.392000,2774.224000,1.558453
5.904000,1311.344000,0.723958
21.648000,2400.304000,1.077598
32.144000,1790.224000,0.677436
20.336000,714.384000,0.912445
21.648000,2960.528000,0.730038
25.584000,1010.896000,0.995266
25.584000,1245.744000,0.784399
8.528000,2671.888000,1.047495
25.584000,2345.200000,0.776092
37.392000,1412.368000,1.028958
37.392000,2702.064000,0.818477
29.520000,329.968000,0.678782
12.464000,475.600000,0.682680
28.208000,1540.944000,0.861229
38.704000,2820.144000,1.618326
38.704000,970.224000,0.865135
13.776000,1298.224000,0.785259
1.968000,1414.992000,1.606840
25.584000,2768.976000,0.714994
4.592000,911.184000,1.241014
24.272000,2431.792000,0.937905
34.768000,3217.680000,0.992280
24.272000,1341.520000,0.939613
3.280000,1607.856000,0.790919
13.776000,1341.520000,1.586473
19.024000,2611.536000,0.964561
0.656000,2177.264000,0.862123
20.336000,2839.824000,0.740044
13.776000,623.856000,1.344491
29.520000,2708.624000,1.012953
29.520000,992.528000,0.826511
8.528000,308.976000,1.523881
37.392000,2380.624000,0.658814
33.456000,2013.264000,0.914213
25.584000,3157.328000,0.788979
1.968000,2876.560000,0.784789
20.336000,2876.560000,0.867882
28.208000,2619.408000,0.734825
25.584000,2610.224000,0.949469
1.968000,770.800000,0.688204
20.336000,134.480000,0.866446
15.088000,2349.136000,0.684240
20.336000,2542.000000,2.328712
25.584000,3125.840000,0.809603
11.152000,505.776000,1.563932
7.216000,1020.080000,0.718742
33.456000,1218.192000,0.742409
17.712000,890.192000,0.962045
29.520000,308.976000,0.987779
12.464000,1247.056000,1.030746
36.080000,768.176000,0.837506
0.656000,1496.336000,0.731244
19.024000,0.656000,0.906912
16.400000,2887.056000,0.731561
30.832000,1433.360000,0.754228
5.904000,341.776000,0.754391
4.592000,2372.752000,0.699327
38.704000,1649.840000,1.551470
34.768000,1493.712000,1.149840
17.712000,2690.256000,1.801222
13.776000,2859.504000,0.784665
26.896000,2204.816000,0.981974
33.456000,369.328000,0.882486
8.528000,879.696000,0.909809
38.704000,596.304000,0.984865
4.592000,1027.952000,0.882943
22.960000,441.488000,1.141444
22.960000,2068.368000,1.205512
22.960000,1320.528000,1.000771
25.584000,734.064000,1.102191
32.144000,3003.824000,1.210159
33.456000,3194.064000,0.665067
34.768000,1969.968000,0.707821
20.336000,1260.176000,1.428202
12.464000,1012.208000,0.905906
15.088000,1773.168000,0.724546
17.712000,2775.536000,0.811289
17.712000,2413.424000,0.809438
33.456000,1620.976000,1.360990
7.216000,3153.392000,0.865619
15.088000,2753.232000,1.269668
19.024000,2273.040000,0.830544
11.152000,2742.736000,0.896281
11.152000,3200.624000,0.901646
0.656000,2995.952000,0.667296
19.024000,1589.488000,0.863328
26.896000,184.336000,1.069121
38.704000,1388.752000,0.885952
38.704000,1160.464000,1.235885
19.024000,1105.360000,0.807386
12.464000,1943.728000,1.743866
0.656000,2431.792000,0.807272
5.904000,2786.032000,1.699500
4.592000,602.864000,0.775240
16.400000,455.920000,1.547676
19.024000,1177.520000,0.659855
36.080000,168.592000,1.440554
0.656000,1645.904000,0.828998
22.960000,682.896000,1.501834
32.144000,357.520000,0.858306
38.704000,3149.456000,0.814422
3.280000,1588.176000,1.274007
24.272000,1893.872000,0.772274
38.704000,2633.840000,1.086063
32.144000,497.904000,0.729270
12.464000,301.104000,0.717691
15.088000,1302.160000,1.119506
34.768000,676.336000,1.031126
20.336000,1761.360000,0.981645
12.464000,97.744000,0.905738
5.904000,870.512000,0.724905
19.024000,1367.760000,0.982233
21.648000,583.184000,1.237350
15.088000,673.712000,1.003940
37.392000,59.696000,1.700115
36.080000,672.400000,0.864768
3.280000,1647.216000,0.825432
15.088000,2094.608000,0.667079
4.592000,2803.088000,0.802959
32.144000,2089.360000,1.144031
32.144000,2297.968000,0.687844
26.896000,3190.128000,2.176360
36.080000,1896.496000,0.688208
16.400000,1585.552000,2.087486
28.208000,1560.624000,1.044159
36.080000,71.504000,0.724638
12.464000,602.864000,0.847134
28.208000,2488.208000,0.776045
29.520000,2518.384000,0.772775
36.080000,871.824000,0.775454
13.776000,943.984000,1.182929
34.768000,1733.808000,0.722087
36.080000,1081.744000,1.242134
1.968000,1983.088000,0.698400
1.968000,760.304000,2.673112
9.840000,517.584000,0.939567
30.832000,2612.848000,0.871077
11.152000,1580.304000,0.792984
30.832000,368.016000,0.691195
36.080000,2212.688000,0.871432
36.080000,1622.288000,1.173169
19.024000,1967.344000,0.832352
11.152000,2128.720000,0.791393
16.400000,85.936000,0.696335
13.776000,743.248000,1.688660
3.280000,1420.240000,0.680401
29.520000,2919.856000,1.326932
26.896000,2645.648000,0.972432
32.144000,440.176000,0.809217
12.464000,1542.256000,1.438197
24.272000,2767.664000,0.875610
3.280000,3142.896000,0.960444
5.904000,894.128000,0.759862
24.272000,542.512000,1.327349
34.768000,2692.880000,1.995822
17.712000,777.360000,0.825597
26.896000,873.136000,1.498121
12.464000,284.048000,1.141901
0.656000,2444.912000,0.830528
29.520000,2442.288000,0.865514
0.656000,614.672000,0.693691
22.960000,1753.488000,0.807970
1.968000,3031.376000,0.658098
5.904000,438.864000,0.988937
16.400000,3211.120000,0.669927
29.520000,2892.304000,0.938984
9.840000,2552.496000,0.712926
38.704000,138.416000,0.845640
20.336000,1563.248000,0.705675
0.656000,154.160000,0.777893
13.776000,487.408000,0.705784
15.088000,1723.312000,1.114607
21.648000,1512.080000,1.870346
17.712000,793.104000,0.867875
0.656000,720.944000,0.661452
7.216000,1072.560000,0.863915
19.024000,3010.384000,1.457874
30.832000,727.504000,0.697429
33.456000,1220.816000,0.733179
7.216000,1732.496000,0.977506
8.528000,1575.056000,0.935068
32.144000,3044.496000,1.787015
15.088000,2068.368000,0.842880
5.904000,778.672000,1.758516
9.840000,2884.432000,0.871328
32.144000,525.456000,0.737429
20.336000,1508.144000,0.920624
9.840000,2536.752000,0.996900
13.776000,1394.000000,1.012714
0.656000,428.368000,0.997946
13.776000,643.536000,0.686941
12.464000,2133.968000,0.669257
5.904000,120.048000,0.673781
9.840000,144.976000,1.069184
26.896000,2127.408000,0.798617
37.392000,1708.880000,0.727870
1.968000,966.288000,0.956012
8.528000,2229.744000,0.672496
16.400000,1754.800000,1.223640
30.832000,898.064000,0.855376
9.840000,2465.904000,0.722676
25.584000,1459.600000,1.127721
4.592000,2485.584000,0.681086
36.080000,2946.096000,0.953044
36.080000,2296.656000,0.761773
32.144000,95.120000,0.781782
4.592000,776.048000,0.866123
9.840000,2094.608000,1.230041
19.024000,2507.888000,0.702673
20.336000,1421.552000,0.697485
22.960000,2514.448000,0.663560
1.968000,2871.312000,1.108210
30.832000,2151.024000,1.124526
13.776000,403.440000,1.285157
13.776000,747.184000,1.028871
4.592000,1571.120000,1.169920
13.776000,1924.048000,0.948096
8.528000,1992.272000,0.765607
3.280000,2074.928000,0.678446
1.968000,2052.624000,0.911659
15.088000,3184.880000,0.821647
37.392000,2472.464000,0.724592
25.584000,1493.712000,0.811081
22.960000,797.040000,0.719132
22.960000,2019.824000,0.778361
25.584000,1083.056000,0.684778
37.392000,1024.016000,0.773630
30.832000,1765.296000,0.697939
13.776000,878.384000,1.042328
32.144000,2863.440000,0.711840
33.456000,2952.656000,0.754000
4.592000,2643.024000,0.822169
25.584000,3220.304000,0.937120
24.272000,2841.136000,0.900601
20.336000,1405.808000,1.166057
17.712000,682.896000,0.696151
17.712000,2109.040000,0.704525
37.392000,8.528000,0.755123
29.520000,327.344000,0.682061
1.968000,1139.472000,0.985098
32.144000,1589.488000,0.864410
21.648000,1382.192000,1.077555
28.208000,2481.648000,1.294045
29.520000,516.272000,0.681611
26.896000,1834.832000,1.144658
15.088000,1858.448000,0.710693
22.960000,1559.312000,0.860167
4.592000,2353.072000,0.936841
36.080000,1542.256000,0.878721
34.768000,2081.488000,1.317138
12.464000,1753.488000,0.855882
28.208000,1164.400000,1.940129
4.592000,2876.560000,0.692834
28.208000,117.424000,0.905575
22.960000,247.312000,1.049782
0.656000,1142.096000,1.546284
22.960000,2889.680000,1.520588
15.088000,344.400000,0.772623
4.592000,1476.656000,0.794217
22.960000,537.264000,2.001699
36.080000,1388.752000,1.639086
1.968000,1029.264000,0.848609
38.704000,1303.472000,0.659561
20.336000,1205.072000,1.079033
7.216000,2643.024000,0.785108
38.704000,791.792000,1.367378
16.400000,1980.464000,1.023573
33.456000,2141.840000,1.027831
5.904000,820.656000,1.056335
30.832000,2896.240000,1.087633
30.832000,1512.080000,1.118357
12.464000,2615.472000,1.097856
7.216000,2287.472000,1.013243
24.272000,1157.840000,0.694583
30.832000,3048.432000,0.871025
26.896000,3056.304000,1.099363
9.840000,3144.208000,1.782756
24.272000,706.512000,0.886790
13.776000,2568.240000,0.865032
19.024000,1127.664000,0.769923
26.896000,2294.032000,0.672495
17.712000,2606.288000,0.781488
8.528000,2438.352000,1.173506
37.392000,2678.448000,0.728243
34.768000,2002.768000,0.753955
37.392000,2416.048000,0.804970
15.088000,2843.760000,0.767884
29.520000,3177.008000,0.723487
29.520000,3061.552000,0.970363
21.648000,2301.904000,0.688830
19.024000,3040.560000,1.058610
7.216000,516.272000,1.479341
20.336000,1304.784000,0.821239
38.704000,2627.280000,0.800266
8.528000,1230.000000,1.060421
19.024000,1573.744000,1.224848
22.960000,1131.600000,0.676018
20.336000,1788.912000,0.729597
7.216000,943.984000,0.837949
4.592000,1917.488000,0.666599
24.272000,2695.504000,1.099729
0.656000,2687.632000,0.742387
29.520000,769.488000,1.004236
38.704000,2858.192000,1.114222
15.088000,509.712000,1.696477
9.840000,2388.496000,0.689514
8.528000,786.544000,1.022000
19.024000,3140.272000,0.911101
25.584000,100.368000,0.835653
4.592000,1773.168000,1.101036
19.024000,961.040000,0.958148
32.144000,2535.440000,0.717349
25.584000,2175.952000,0.745216
20.336000,2073.616000,1.211383
38.704000,2770.288000,0.689608
8.528000,3144.208000,0.693909
33.456000,2102.480000,1.234384
30.832000,3079.920000,0.720209
22.960000,2599.728000,0.707205
13.776000,1031.888000,0.689250
37.392000,2145.776000,0.776530
4.592000,1253.616000,1.578220
36.080000,280.112000,0.778680
28.208000,1937.168000,1.066009
28.208000,1180.144000,0.791677
21.648000,2610.224000,0.987976
28.208000,211.888000,0.667901
5.904000,2421.296000,0.663389
28.208000,2351.760000,1.385496
5.904000,3121.904000,0.662820
29.520000,1820.400000,0.721395
19.024000,429.680000,1.014531
17.712000,2492.144000,0.741530
33.456000,1383.504000,0.949256
34.768000,558.256000,0.690631
37.392000,2283.536000,0.680756
13.776000,1122.416000,0.851944
1.968000,656.656000,1.074583
21.648000,3031.376000,0.797294
19.024000,1289.040000,0.699899
17.712000,1041.072000,1.184715
28.208000,600.240000,0.984982
36.080000,2278.288000,0.771312
25.584000,1167.024000,0.719001
25.584000,2228.432000,0.807453
1.968000,1689.200000,1.297532
28.208000,1186.704000,1.024740
22.960000,2763.728000,1.437482
32.144000,614.672000,1.064463
15.088000,2923.792000,0.872131
3.280000,1644.592000,0.708032
4.592000,287.984000,1.322751
30.832000,1740.368000,0.733715
16.400000,472.976000,0.688793
25.584000,1804.656000,1.284967
19.024000,2086.736000,0.819050
16.400000,3053.680000,1.111035
22.960000,2149.712000,0.902759
13.776000,1079.120000,0.909882
1.968000,556.944000,0.842544
24.272000,2673.200000,0.736392
16.400000,2631.216000,0.724899
21.648000,2494.768000,1.075624
7.216000,1601.296000,1.142231
32.144000,213.200000,0.920919
24.272000,2236.304000,0.823332
22.960000,2164.144000,0.688792
38.704000,2577.424000,0.658278
3.280000,1538.320000,1.213890
24.272000,2863.440000,0.689169
15.088000,1399.248000,0.876417
25.584000,2425.232000,1.035028
19.024000,1567.184000,1.507009
1.968000,1249.680000,0.940567
28.208000,1488.464000,0.883279
13.776000,812.784000,0.896244
32.144000,933.488000,0.694075
22.960000,1.968000,0.924513
12.464000,1749.552000,0.955735
15.088000,469.040000,0.916965
21.648000,3124.528000,1.419553
29.520000,2997.264000,0.811047
0.656000,518.896000,0.671359
32.144000,518.896000,0.660738
3.280000,377.200000,0.826100
0.656000,2170.704000,0.797639
15.088000,1706.256000,0.782050
36.080000,3154.704000,2.308884
12.464000,186.960000,1.370723
38.704000,1270.672000,0.661093
12.464000,218.448000,0.937458
7.216000,3183.568000,0.992307
16.400000,1715.440000,1.529855
4.592000,3218.992000,1.157023
37.392000,1001.712000,1.155802
5.904000,971.536000,0.726675
4.592000,3018.256000,1.439443
9.840000,2077.552000,1.707945
15.088000,1973.904000,0.798058
28.208000,1962.096000,0.729206
25.584000,47.888000,0.806518
3.280000,643.536000,0.893110
3.280000,903.312000,1.259400
5.904000,1203.760000,1.079628
25.584000,348.336000,0.902618
30.832000,2591.856000,1.041026
30.832000,463.792000,0.656767
28.208000,1188.016000,1.459618
33.456000,2236.304000,0.909707
0.656000,1433.360000,0.923325
33.456000,982.032000,0.955728
28.208000,2646.960000,1.641109
34.768000,1484.528000,0.766596
12.464000,1069.936000,0.673251
24.272000,2535.440000,0.701961
33.456000,403.440000,1.315853
25.584000,3199.312000,0.897959
36.080000,1854.512000,0.747483
5.904000,861.328000,1.110274
30.832000,475.600000,0.696183
25.584000,2019.824000,0.864365
21.648000,883.632000,0.712934
33.456000,1830.896000,0.912582
3.280000,1670.832000,1.388061
9.840000,650.096000,2.880958
16.400000,2342.576000,0.989038
32.144000,389.008000,0.800482
29.520000,652.720000,0.842821
11.152000,441.488000,0.763116
29.520000,491.344000,1.341191
0.656000,1194.576000,1.292787
5.904000,1325.776000,0.937492
9.840000,486.096000,1.206522
20.336000,1592.112000,0.732464
11.152000,1253.616000,0.666240
15.088000,2597.104000,0.714802
30.832000,413.936000,1.221957
30.832000,1533.072000,0.915955
29.520000,42.640000,0.774453
19.024000,815.408000,0.843567
9.840000,2131.344000,0.912197
5.904000,419.184000,1.651472
0.656000,1156.528000,1.277903
26.896000,2653.520000,1.360666
28.208000,2330.768000,0.706906
29.520000,2842.448000,0.991666
7.216000,2169.392000,0.685756
15.088000,1432.048000,0.778414
7.216000,2334.704000,0.703499
37.392000,244.688000,0.796900
1.968000,424.432000,0.910931
13.776000,1411.056000,0.777073
4.592000,1916.176000,0.964561
28.208000,1443.856000,0.775121
7.216000,2414.736000,0.970631
15.088000,2932.976000,0.865981
26.896000,1390.064000,0.697916
33.456000,2511.824000,0.671198
7.216000,381.136000,1.229243
37.392000,2297.968000,0.789490
19.024000,2736.176000,1.110512
13.776000,2120.848000,1.352125
26.896000,2648.272000,0.741142
5.904000,2308.464000,0.965654
26.896000,866.576000,0.894102
7.216000,2098.544000,0.687892
28.208000,2548.560000,2.035263
21.648000,2244.176000,1.137367
1.968000,1252.304000,0.926273
30.832000,2290.096000,0.930186
20.336000,3065.488000,0.658431
3.280000,1774.480000,0.931902
20.336000,2692.880000,1.233270
33.456000,1396.624000,0.983528
16.400000,265.680000,1.347606
13.776000,1429.424000,0.697183
33.456000,1328.400000,1.138457
8.528000,2712.560000,1.164945
15.088000,1714.128000,2.661062
38.704000,1143.408000,0.823766
26.896000,1211.632000,0.869572
15.088000,2820.144000,0.701547
12.464000,40.016000,1.074213
9.840000,1723.312000,0.742385
9.840000,2035.568000,0.835852
16.400000,1736.432000,1.241297
3.280000,490.032000,1.764002
38.704000,2494.768000,0.857898
16.400000,2085.424000,0.748592
25.584000,22.960000,1.087132
1.968000,2043.440000,0.852852
5.904000,412.624000,0.780899
9.840000,2350.448000,0.777953
11.152000,2542.000000,0.871771
17.712000,1178.832000,0.773808
28.208000,2583.984000,1.310863
25.584000,782.608000,1.020950
17.712000,1169.648000,1.318921
32.144000,176.464000,0.976998
9.840000,774.736000,0.733043
1.968000,2581.360000,1.065062
34.768000,2321.584000,1.172140
7.216000,2719.120000,0.697859
20.336000,281.424000,0.831360
1.968000,3085.168000,1.163338
9.840000,1106.672000,0.809908
32.144000,1130.288000,1.196399
11.152000,850.832000,0.763163
0.656000,2091.984000,0.705423
33.456000,1303.472000,0.778063
3.280000,1451.728000,0.723814
12.464000,1178.832000,1.479997
24.272000,631.728000,1.175096
5.904000,448.048000,1.593683
28.208000,1449.104000,0.662417
26.896000,305.040000,0.870756
13.776000,1396.624000,0.670050
3.280000,1569.808000,0.816102
34.768000,2645.648000,0.995899
30.832000,228.944000,1.092776
26.896000,869.200000,0.955878
25.584000,797.040000,0.684520
9.840000,1232.624000,0.777012
13.776000,1376.944000,1.250863
24.272000,2640.400000,0.886157
15.088000,3207.184000,0.862234
33.456000,1741.680000,0.816107
22.960000,2868.688000,1.046074
15.088000,3196.688000,1.284819
17.712000,61.008000,0.673172
33.456000,1895.184000,0.768158
38.704000,2093.296000,2.011456
13.776000,3053.680000,0.780099
22.960000,369.328000,0.808400
12.464000,3072.048000,0.986804
38.704000,2864.752000,1.566856
29.520000,1736.432000,0.704903
36.080000,370.640000,0.744105
33.456000,2122.160000,0.859799
1.968000,1922.736000,1.145891
16.400000,2565.616000,1.115376
32.144000,2063.120000,0.798783
33.456000,2164.144000,0.954408
4.592000,2765.040000,0.664451
0.656000,2829.328000,0.844755
0.656000,2839.824000,0.756847
15.088000,3056.304000,0.997881
34.768000,2935.600000,0.787708
29.520000,1926.672000,0.735807
38.704000,2296.656000,1.437664
9.840000,97.744000,2.317190
12.464000,2421.296000,0.778569
30.832000,1748.240000,0.793898
3.280000,926.928000,1.218250
36.080000,929.552000,0.871128
34.768000,2015.888000,0.802702
32.144000,803.600000,1.056975
34.768000,78.064000,1.188065
9.840000,2360.944000,0.740244
5.904000,2633.840000,1.112971
24.272000,247.312000,0.816014
4.592000,2140.528000,0.730250
24.272000,554.320000,0.725770
24.272000,967.600000,0.663540
1.968000,2863.440000,1.515917
7.216000,1781.040000,0.737837
9.840000,3114.032000,0.902777
38.704000,3062.864000,1.381602
16.400000,1910.928000,1.066130
8.528000,102.992000,0.736924
34.768000,636.976000,0.695964
13.776000,3020.880000,1.367841
13.776000,2223.184000,0.850337
24.272000,1470.096000,0.806134
38.704000,2468.528000,1.115917
4.592000,2010.640000,0.999735
30.832000,1918.800000,1.095841
19.024000,587.120000,0.811656
34.768000,1886.000000,1.227749
17.712000,3212.432000,0.945178
17.712000,3211.120000,0.678539
15.088000,1727.248000,0.733481
25.584000,2465.904000,0.695338
30.832000,1026.640000,0.754870
22.960000,1042.384000,0.774715
34.768000,654.032000,0.670888
8.528000,3115.344000,0.700868
1.968000,3159.952000,0.750625
0.656000,29.520000,1.229994
13.776000,2688.944000,0.865151
33.456000,904.624000,0.755189
32.144000,336.528000,0.719055
38.704000,842.960000,0.679132
13.776000,2759.792000,0.872241
32.144000,1607.856000,1.560657
19.024000,3018.256000,0.696286
38.704000,63.632000,0.787605
16.400000,1374.320000,0.710077
25.584000,231.568000,0.669525
32.144000,749.808000,0.923786
16.400000,2021.136000,1.082762
28.208000,1956.848000,0.904474
15.088000,612.048000,0.709462
13.776000,1291.664000,0.852088
32.144000,1429.424000,0.723481
36.080000,1268.048000,0.849027
11.152000,2094.608000,0.924137
36.080000,1420.240000,1.040109
20.336000,539.888000,0.688448
1.968000,3200.624000,1.518956
38.704000,1425.488000,0.827565
8.528000,896.752000,1.063059
29.520000,344.400000,0.898126
9.840000,2618.096000,1.070528
33.456000,2342.576000,0.835757
19.024000,1218.192000,1.899672
38.704000,3175.696000,0.729479
29.520000,125.296000,0.704578
3.280000,486.096000,0.766614
30.832000,461.168000,1.014077
0.656000,3178.320000,0.669819
22.960000,738.000000,0.684156
17.712000,2364.880000,0.692859
16.400000,840.336000,0.705861
34.768000,2877.872000,0.677615
15.088000,2952.656000,0.696454
5.904000,2008.016000,0.772150
11.152000,276.176000,1.780301
19.024000,2141.840000,0.744380
33.456000,508.400000,0.672447
34.768000,2585.296000,0.737093
32.144000,1568.496000,1.168033
21.648000,488.720000,0.656506
22.960000,2341.264000,0.740692
11.152000,2507.888000,0.744661
36.080000,2255.984000,0.694505
20.336000,2943.472000,0.762790
28.208000,2632.528000,0.919789
8.528000,1043.696000,0.701141
0.656000,820.656000,0.757395
5.904000,1958.160000,0.703657
25.584000,1327.088000,1.330695
38.704000,2841.136000,1.321744
36.080000,373.264000,0.684889
38.704000,1214.256000,0.693499
25.584000,2378.000000,0.850846
22.960000,3078.608000,0.934846
5.904000,1134.224000,0.709457
7.216000,833.776000,0.760922
37.392000,2894.928000,0.662777
36.080000,1662.960000,1.160621
19.024000,2728.304000,1.404862
1.968000,3211.120000,1.046266
12.464000,1425.488000,0.709730
22.960000,2422.608000,0.887640
4.592000,2271.728000,1.112046
15.088000,1687.888000,1.599362
22.960000,2845.072000,0.698621
28.208000,2039.504000,1.909646
25.584000,1480.592000,0.706923
1.968000,247.312000,0.723663
3.280000,1340.208000,0.661072
37.392000,787.856000,0.791815
1.968000,2430.480000,1.437072
19.024000,482.160000,1.103008
17.712000,1130.288000,0.684733
25.584000,1519.952000,1.106549
22.960000,3074.672000,0.784705
8.528000,3087.792000,1.288091
21.648000,500.528000,1.089298
22.960000,2505.264000,0.668109
8.528000,1328.400000,1.842473
26.896000,1745.616000,0.752102
25.584000,1282.480000,1.263327
33.456000,2381.936000,1.387255
1.968000,2519.696000,2.276588
37.392000,2355.696000,0.718123
11.152000,2486.896000,0.685507
7.216000,2510.512000,1.288126
34.768000,2131.344000,1.285727
11.152000,2030.320000,0.796172
20.336000,1069.936000,1.006526
36.080000,886.256000,1.390298
28.208000,2615.472000,0.763607
3.280000,1689.200000,0.801273
16.400000,2591.856000,0.781351
26.896000,2795.216000,0.999020
32.144000,1659.024000,1.140176
36.080000,7.216000,0.681368
7.216000,314.224000,1.127346
32.144000,1401.872000,0.949732
12.464000,2717.808000,0.942147
38.704000,496.592000,0.870034
3.280000,2245.488000,0.751524
17.712000,2521.008000,0.893849
3.280000,218.448000,0.674488
12.464000,3090.416000,0.740184
37.392000,978.096000,1.175604
1.968000,2517.072000,1.203737
25.584000,1833.520000,0.809031
37.392000,457.232000,0.871763
3.280000,1985.712000,0.746677
4.592000,133.168000,0.690245
13.776000,1596.048000,0.925958
0.656000,287.984000,0.824961
5.904000,3145.520000,0.809897
22.960000,1744.304000,1.152438
4.592000,148.912000,1.151201
36.080000,1652.464000,1.333260
29.520000,2593.168000,0.958578
4.592000,2897.552000,0.841670
37.392000,2712.560000,0.669195
33.456000,638.288000,1.054085
38.704000,2758.480000,0.977278
22.960000,1927.984000,1.033182
25.584000,8.528000,1.235312
1.968000,787.856000,1.395255
34.768000,1245.744000,0.875553
19.024000,2465.904000,1.006559
15.088000,1459.600000,2.041017
29.520000,1139.472000,0.826338
30.832000,845.584000,1.197179
26.896000,2793.904000,0.969787
11.152000,3077.296000,1.046786
1.968000,457.232000,0.736037
28.208000,967.600000,0.739328
11.152000,114.800000,0.685303
33.456000,891.504000,0.694378
11.152000,496.592000,0.979956
19.024000,2034.256000,1.080820
32.144000,1472.720000,0.966009
13.776000,399.504000,0.699073
5.904000,1421.552000,0.903803
26.896000,1685.264000,1.601817
13.776000,1766.608000,1.080201
7.216000,1512.080000,1.205867
28.208000,2524.944000,1.007884
28.208000,467.728000,0.749380
7.216000,511.024000,0.749375
11.152000,2233.680000,1.051877
7.216000,1147.344000,0.721303
26.896000,1997.520000,0.787206
5.904000,2822.768000,1.069006
20.336000,110.864000,1.427595
22.960000,1686.576000,1.348688
37.392000,2656.144000,0.677103
37.392000,2282.224000,1.011338
33.456000,661.904000,1.107986
17.712000,1386.128000,0.808527
4.592000,1512.080000,0.722648
25.584000,1517.328000,0.754125
24.272000,1639.344000,0.922620
30.832000,2658.768000,0.838653
8.528000,2822.768000,0.943466
28.208000,362.768000,0.685308
34.768000,1421.552000,0.954244
0.656000,2544.624000,0.685572
17.712000,2685.008000,0.708851
32.144000,2603.664000,1.232579
30.832000,772.112000,0.732100
7.216000,503.152000,0.966455
19.024000,1126.352000,0.724377
9.840000,1656.400000,0.964085
22.960000,2405.552000,0.726445
1.968000,2177.264000,1.599254
4.592000,3019.568000,1.269299
4.592000,370.640000,0.679125
17.712000,240.752000,0.960106
25.584000,2124.784000,0.930866
28.208000,1027.952000,0.919602
29.520000,2974.960000,1.219624
28.208000,2510.512000,0.773767
21.648000,1846.640000,2.158044
36.080000,353.584000,0.950753
16.400000,1622.288000,0.930246
16.400000,1912.240000,1.307500
4.592000,1927.984000,1.096516
3.280000,2271.728000,2.263731
3.280000,3132.400000,0.761581
37.392000,2065.744000,0.656491
16.400000,2957.904000,0.711303
9.840000,2073.616000,1.017892
37.392000,1582.928000,0.759482
7.216000,2388.496000,0.656298
33.456000,949.232000,0.718076
0.656000,1784.976000,1.701326
19.024000,2521.008000,1.536280
34.768000,1556.688000,0.999705
20.336000,1157.840000,1.131883
11.152000,3128.464000,0.678134
30.832000,972.848000,1.267544
29.520000,24.272000,0.672068
33.456000,450.672000,0.674243
8.528000,1357.264000,1.606811
19.024000,1432.048000,0.739970
3.280000,1967.344000,1.103752
34.768000,1505.520000,0.760486
34.768000,3018.256000,0.745815
13.776000,2778.160000,0.723678
21.648000,2409.488000,1.089596
20.336000,2921.168000,1.829910
7.216000,3048.432000,0.697608
1.968000,2112.976000,1.257621
36.080000,1476.656000,0.987507
12.464000,2465.904000,0.774855
21.648000,1560.624000,1.233529
36.080000,2847.696000,0.659501
24.272000,197.456000,1.188133
19.024000,938.736000,0.731442
11.152000,2514.448000,0.824118
24.272000,774.736000,2.594340
21.648000,1884.688000,0.779782
33.456000,842.960000,0.885895
37.392000,572.688000,0.934316
3.280000,2384.560000,1.137723
22.960000,1504.208000,0.670985
33.456000,743.248000,1.088310
0.656000,724.880000,0.928969
4.592000,1290.352000,1.254115
36.080000,2439.664000,1.289009
12.464000,1136.848000,1.042280
21.648000,1707.568000,0.915262
37.392000,1182.768000,1.342533
1.968000,2636.464000,0.787576
25.584000,3158.640000,1.576093
4.592000,689.456000,1.334532
17.712000,402.128000,0.661966
37.392000,1338.896000,1.025277
36.080000,605.488000,0.767940
32.144000,1979.152000,0.790017
0.656000,2686.320000,1.176046
24.272000,1672.144000,1.952411
0.656000,1026.640000,2.046462
11.152000,2098.544000,0.901310
36.080000,779.984000,1.002843
16.400000,747.184000,1.960078
26.896000,1268.048000,0.674815
4.592000,1460.912000,1.461569
22.960000,2612.848000,0.709060
28.208000,1394.000000,0.906922
11.152000,1770.544000,0.974582
7.216000,1558.000000,0.712681
29.520000,3100.912000,0.663308
20.336000,2890.992000,1.010315
7.216000,2311.088000,0.948814
22.960000,588.432000,1.022561
15.088000,2835.888000,3.022105
25.584000,408.688000,0.899000
13.776000,858.704000,0.672521
8.528000,1447.792000,0.894204
29.520000,1110.608000,1.125264
11.152000,2601.040000,0.698144
20.336000,1.968000,0.764508
29.520000,2182.512000,1.647538
13.776000,619.920000,0.877520
32.144000,903.312000,1.031557
19.024000,1945.040000,1.403336
17.712000,560.880000,1.338101
3.280000,2166.768000,1.509796
34.768000,2388.496000,0.691928
4.592000,1442.544000,0.717700
30.832000,543.824000,0.672233
9.840000,581.872000,0.891523
12.464000,3110.096000,0.713822
17.712000,1471.408000,1.384424
25.584000,1930.608000,0.891524
4.592000,634.352000,0.798310
7.216000,2833.264000,0.982046
26.896000,3182.256000,1.483226
4.592000,3146.832000,1.060360
15.088000,755.056000,0.725084
36.080000,2957.904000,1.090624
28.208000,2050.000000,0.742307
8.528000,713.072000,0.725957
19.024000,513.648000,1.135564
9.840000,1887.312000,0.735603
22.960000,2029.008000,0.891051
0.656000,2978.896000,0.817873
8.528000,1735.120000,1.187000
24.272000,1504.208000,0.768401
9.840000,1184.080000,1.019454
16.400000,1067.312000,0.659820
1.968000,1657.712000,1.239946
29.520000,1029.264000,0.666205
20.336000,2513.136000,0.680196
17.712000,588.432000,0.661063
36.080000,1775.792000,0.813354
20.336000,3220.304000,1.297337
0.656000,3186.192000,0.659540
17.712000,3154.704000,0.812039
17.712000,179.088000,1.018112
5.904000,109.552000,0.847227
28.208000,3196.688000,0.802582
8.528000,2423.920000,0.717007
28.208000,2883.120000,1.252226
4.592000,2433.104000,0.773680
16.400000,1321.840000,0.817553
21.648000,1113.232000,0.971263
19.024000,694.704000,0.857605
33.456000,2036.880000,1.519925
8.528000,1580.304000,1.559347
29.520000,1224.752000,0.944872
34.768000,1622.288000,0.752384
11.152000,2417.360000,0.673021
32.144000,631.728000,1.090044
11.152000,1517.328000,0.919181
13.776000,2981.520000,1.601679
9.840000,971.536000,0.934811
22.960000,549.072000,0.920243
1.968000,1847.952000,1.042696
37.392000,2477.712000,1.203422
0.656000,2624.656000,1.141463
13.776000,2174.640000,0.886444
21.648000,688.144000,0.690138
32.144000,1996.208000,0.818154
4.592000,697.328000,1.284785
21.648000,78.064000,0.720173
22.960000,1206.384000,0.838795
13.776000,163.344000,1.408091
3.280000,424.432000,0.733226
17.712000,1113.232000,1.034901
5.904000,1678.704000,0.668327
9.840000,2695.504000,1.824853
19.024000,417.872000,0.836040
36.080000,2723.056000,0.832696
29.520000,2200.880000,0.679724
21.648000,727.504000,0.857038
17.712000,1823.024000,1.974945
25.584000,1791.536000,0.989981
15.088000,2535.440000,0.870468
3.280000,2602.352000,0.942732
13.776000,75.440000,0.694383
28.208000,2059.184000,1.746624
26.896000,2957.904000,0.734962
15.088000,2464.592000,0.956807
25.584000,2472.464000,0.895813
17.712000,347.024000,2.487017
22.960000,1142.096000,0.667550
11.152000,2660.080000,0.819320
9.840000,55.760000,0.971893
8.528000,562.192000,1.026415
30.832000,3041.872000,0.837448
36.080000,1617.040000,1.087493
28.208000,1866.320000,1.030495
20.336000,1803.344000,1.357439
29.520000,3183.568000,0.777925
24.272000,1653.776000,0.686826
22.960000,2721.744000,0.719643
34.768000,286.672000,0.914558
25.584000,146.288000,0.776255
22.960000,3015.632000,0.940288
0.656000,2992.016000,0.770769
4.592000,1918.800000,1.337377
36.080000,656.656000,0.764295
8.528000,2632.528000,0.847711
4.592000,1342.832000,2.269504
21.648000,1447.792000,0.998695
17.712000,1933.232000,0.752666
21.648000,3051.056000,0.716706
9.840000,2859.504000,1.332727
3.280000,2324.208000,1.441106
19.024000,2948.720000,1.983206
38.704000,381.136000,1.655625
30.832000,1526.512000,0.694790
36.080000,1808.592000,0.924673
9.840000,2088.048000,2.254571
11.152000,1373.008000,1.151406
36.080000,2953.968000,1.505092
5.904000,417.872000,1.202827
38.704000,2936.912000,0.777858
1.968000,1558.000000,1.023998
24.272000,2234.992000,0.820432
0.656000,727.504000,0.747628
38.704000,2447.536000,0.871983
34.768000,457.232000,1.148532
29.520000,2681.072000,0.791426
32.144000,503.152000,0.701513
21.648000,3171.760000,1.005474
13.776000,1563.248000,0.835905
30.832000,2619.408000,1.121350
33.456000,1937.168000,0.685920
34.768000,1847.952000,0.770156
26.896000,1375.632000,0.866119
16.400000,3034.000000,1.534990
21.648000,294.544000,0.712364
24.272000,2123.472000,0.876562
38.704000,554.320000,0.829160
33.456000,1399.248000,0.982115
4.592000,626.480000,1.021591
21.648000,430.992000,1.605833
17.712000,711.760000,0.665707
24.272000,1686.576000,0.763513
12.464000,928.240000,0.763350
29.520000,1698.384000,0.710234
33.456000,1939.792000,0.851915
21.648000,1521.264000,1.456911
33.456000,2981.520000,1.304128
4.592000,832.464000,1.466322
30.832000,1390.064000,0.926651
4.592000,1593.424000,0.939020
22.960000,1546.192000,0.656269
21.648000,251.248000,1.134523
19.024000,848.208000,1.364144
20.336000,1442.544000,0.777432
37.392000,698.640000,0.878512
32.144000,467.728000,0.923674
5.904000,291.920000,0.818311
32.144000,2548.560000,0.666813
15.088000,772.112000,0.903818
36.080000,349.648000,0.758339
17.712000,2758.480000,1.157599
30.832000,1865.008000,0.970058
12.464000,1706.256000,0.935764
19.024000,3123.216000,0.699172
17.712000,3009.072000,1.077665
34.768000,2557.744000,0.937269
3.280000,877.072000,0.695547
7.216000,875.760000,1.195898
8.528000,2055.248000,0.898178
36.080000,1144.720000,0.931007
29.520000,2124.784000,1.021623
0.656000,2179.888000,0.952154
7.216000,1513.392000,0.812589
36.080000,2677.136000,1.417623
16.400000,1324.464000,1.159078
12.464000,663.216000,0.900691
34.768000,2418.672000,0.666278
1.968000,295.856000,0.887798
22.960000,223.696000,0.818791
33.456000,2149.712000,0.663481
22.960000,159.408000,0.829816
38.704000,3107.472000,0.858355
29.520000,227.632000,1.179085
5.904000,1201.136000,1.031521
12.464000,493.968000,1.611251
1.968000,2828.016000,0.773789
25.584000,1832.208000,0.872053
21.648000,1791.536000,1.062614
1.968000,2789.968000,0.700850
17.712000,1373.008000,0.777979
8.528000,1905.680000,1.509572
37.392000,3192.752000,0.919414
12.464000,290.608000,1.082998
33.456000,427.056000,0.774046
0.656000,2795.216000,1.366332
5.904000,1874.192000,0.771753
34.768000,1694.448000,1.080069
26.896000,769.488000,0.704513
29.520000,1512.080000,1.070243
8.528000,1534.384000,1.481790
9.840000,42.640000,1.483633
17.712000,1834.832000,0.747187
32.144000,3102.224000,0.835820
15.088000,1946.352000,0.921988
22.960000,1174.896000,0.668381
7.216000,2465.904000,1.496349
29.520000,623.856000,0.931674
21.648000,2388.496000,1.660190
29.520000,556.944000,0.710807
28.208000,1390.064000,1.494219
38.704000,2153.648000,0.989438
21.648000,499.216000,2.078247
25.584000,1946.352000,1.141866
13.776000,1635.408000,1.497622
13.776000,1746.928000,1.751354
29.520000,1542.256000,0.773985
32.144000,2412.112000,0.924246
22.960000,2490.832000,0.658021
17.712000,919.056000,0.985347
16.400000,1606.544000,1.203614
25.584000,1619.664000,0.680872
20.336000,896.752000,1.328550
9.840000,1434.672000,1.332518
32.144000,685.520000,0.723706
28.208000,554.320000,0.769588
16.400000,1610.480000,1.690741
26.896000,2351.760000,0.677429
4.592000,1526.512000,1.055199
3.280000,2998.576000,0.902777
21.648000,2156.272000,0.669784
11.152000,2119.536000,1.770485
7.216000,1117.168000,0.791461
7.216000,592.368000,0.694853
38.704000,1250.992000,1.931434
29.520000,2688.944000,0.702500
36.080000,2376.688000,0.656623
12.464000,669.776000,1.112950
8.528000,3089.104000,1.261445
33.456000,3220.304000,0.709843
4.592000,2207.440000,0.995349
5.904000,2085.424000,0.706975
34.768000,3011.696000,0.819796
11.152000,1292.976000,1.110362
20.336000,329.968000,0.895012
1.968000,3123.216000,1.132787
28.208000,3142.896000,1.087013
3.280000,1941.104000,0.692866
9.840000,2249.424000,1.044386
9.840000,1544.880000,0.794530
1.968000,2947.408000,0.846732
24.272000,2776.848000,1.170309
8.528000,1216.880000,1.059975
38.704000,159.408000,0.810746
37.392000,2793.904000,0.908519
28.208000,391.632000,1.429967
36.080000,1214.256000,0.658590
11.152000,99.056000,1.211772
13.776000,2511.824000,0.687388
16.400000,2849.008000,1.022140
1.968000,1027.952000,0.876384
13.776000,1544.880000,1.442835
5.904000,2207.440000,0.725292
34.768000,2530.192000,0.820464
21.648000,0.656000,0.769871
24.272000,2378.000000,0.787766
21.648000,2847.696000,1.039952
13.776000,1504.208000,0.690841
38.704000,2539.376000,1.187694
7.216000,1790.224000,0.715537
17.712000,2671.888000,0.936141
5.904000,3034.000000,0.733696
8.528000,1914.864000,0.667762
0.656000,2018.512000,0.908118
16.400000,2783.408000,1.336964
11.152000,3032.688000,0.722779
4.592000,446.736000,1.374457
12.464000,853.456000,0.811219
37.392000,1397.936000,0.797498
8.528000,2652.208000,1.295984
20.336000,967.600000,0.886383
15.088000,1498.960000,0.891398
30.832000,1803.344000,0.907433
5.904000,1782.352000,0.730328
15.088000,522.832000,1.446253
4.592000,38.704000,1.787571
9.840000,845.584000,0.844534
13.776000,524.144000,1.179782
28.208000,1047.632000,1.074579
0.656000,1893.872000,1.078577
21.648000,1474.032000,0.848847
38.704000,715.696000,0.721253
24.272000,635.664000,0.683636
32.144000,1643.280000,1.465383
38.704000,3111.408000,1.493420
26.896000,487.408000,0.986343
7.216000,2526.256000,0.664658
19.024000,2901.488000,1.126548
5.904000,1687.888000,0.898824
19.024000,2427.856000,1.027962
37.392000,2809.648000,1.857393
13.776000,3070.736000,1.315260
12.464000,1256.240000,1.360208
38.704000,2980.208000,0.819685
36.080000,1984.400000,0.686278
17.712000,2538.064000,0.862665
12.464000,3006.448000,1.122966
1.968000,1303.472000,1.068143
29.520000,1516.016000,0.863145
0.656000,284.048000,1.257885
34.768000,970.224000,0.667180
13.776000,1088.304000,0.681485
26.896000,774.736000,1.270934
9.840000,2181.200000,0.731811
11.152000,143.664000,1.463113
11.152000,1378.256000,0.797743
38.704000,2870.000000,1.493533
7.216000,2195.632000,0.873095
29.520000,958.416000,0.662129
38.704000,559.568000,0.834745
20.336000,1463.536000,1.014786
19.024000,2025.072000,1.021005
3.280000,2380.624000,2.422388
13.776000,2993.328000,1.205583
0.656000,1247.056000,1.230530
17.712000,1631.472000,0.926488
8.528000,2389.808000,1.244370
0.656000,1302.160000,1.255841
21.648000,308.976000,1.058822
5.904000,1307.408000,0.746564
17.712000,2240.240000,1.165359
30.832000,787.856000,0.768051
0.656000,2825.392000,1.246712
15.088000,9.840000,0.799831
29.520000,909.872000,0.867975
16.400000,1655.088000,1.181457
29.520000,1752.176000,0.874238
9.840000,1118.480000,1.502497
24.272000,1816.464000,1.035290
12.464000,2395.056000,1.060981
19.024000,2850.320000,0.943748
15.088000,1149.968000,1.038245
12.464000,116.112000,1.286337
16.400000,1945.040000,1.386809
1.968000,1476.656000,0.884496
34.768000,1080.432000,0.769474
19.024000,2081.488000,1.319611
28.208000,3061.552000,1.127763
12.464000,1018.768000,1.063242
38.704000,2179.888000,0.941383
7.216000,1673.456000,0.915473
11.152000,572.688000,0.822979
4.592000,908.560000,0.700299
9.840000,1820.400000,0.860370
19.024000,1443.856000,0.790047
26.896000,2951.344000,1.171777
8.528000,778.672000,0.894067
26.896000,2980.208000,0.777040
21.648000,72.816000,0.937368
0.656000,2678.448000,1.173503
34.768000,2862.128000,0.914679
21.648000,1809.904000,0.982712
24.272000,2955.280000,0.983138
13.776000,3183.568000,0.742612
13.776000,2112.976000,0.785271
26.896000,2523.632000,0.666740
0.656000,2122.160000,0.944462
16.400000,3056.304000,1.966047
20.336000,2458.032000,0.720692
3.280000,3215.056000,1.174964
22.960000,2909.360000,0.672465
37.392000,2216.624000,0.988096
16.400000,2357.008000,1.300837
36.080000,1341.520000,0.669841
38.704000,1680.016000,1.546593
4.592000,3072.048000,1.232690
1.968000,1783.664000,1.047381
37.392000,53.136000,0.914305
19.024000,2234.992000,0.721071
11.152000,3078.608000,1.117628
12.464000,2542.000000,0.793202
36.080000,356.208000,0.937074
9.840000,1883.376000,0.857211
7.216000,190.896000,0.811239
19.024000,735.376000,0.918998
9.840000,583.184000,0.892181
7.216000,1481.904000,0.881023
16.400000,2603.664000,0.987546
0.656000,2357.008000,0.875110
38.704000,3205.872000,0.919190
15.088000,2732.240000,0.810421
16.400000,744.560000,1.002345
25.584000,1395.312000,0.844962
17.712000,1269.360000,0.676631
11.152000,2587.920000,0.770683
30.832000,1542.256000,1.006053
17.712000,247.312000,0.767542
38.704000,3087.792000,1.060138
17.712000,1320.528000,0.838258
11.152000,766.864000,1.051502
21.648000,1808.592000,1.258277
36.080000,2771.600000,0.685815
19.024000,3086.480000,0.742624
5.904000,3195.376000,0.813684
3.280000,1449.104000,1.106209
11.152000,1832.208000,1.424071
28.208000,697.328000,1.552920
8.528000,2001.456000,0.772362
8.528000,53.136000,0.722967
29.520000,1863.696000,0.753969
30.832000,1045.008000,0.727181
5.904000,818.032000,0.788581
20.336000,1453.040000,1.488759
1.968000,2883.120000,0.744504
33.456000,2915.920000,0.993390
26.896000,3040.560000,0.757134
24.272000,957.104000,1.075581
3.280000,1173.584000,0.686347
9.840000,1546.192000,0.955995
38.704000,1719.376000,0.701259
33.456000,2625.968000,0.722760
34.768000,2884.432000,1.291470
26.896000,223.696000,1.345263
16.400000,2292.720000,0.693330
26.896000,672.400000,0.758043
4.592000,480.848000,0.840881
34.768000,2186.448000,0.850148
21.648000,1660.336000,0.745213
25.584000,85.936000,0.672976
12.464000,1029.264000,0.901002
15.088000,349.648000,0.746098
8.528000,1197.200000,1.101039
34.768000,2553.808000,1.048769
15.088000,1334.960000,1.167793
5.904000,392.944000,0.860462
32.144000,890.192000,0.708038
29.520000,1378.256000,0.834890
21.648000,835.088000,0.729646
33.456000,3131.088000,0.786606
0.656000,1636.720000,1.693876
5.904000,1535.696000,2.703882
26.896000,492.656000,1.247644
28.208000,1.968000,1.098120
9.840000,2187.760000,0.815777
22.960000,1795.472000,0.704130
34.768000,1841.392000,0.848642
7.216000,2103.792000,0.680950
26.896000,1694.448000,0.843655
4.592000,2400.304000,0.670593
3.280000,2015.888000,0.903291
0.656000,1786.288000,1.099208
9.840000,2342.576000,0.764148
7.216000,3146.832000,0.704799
19.024000,2454.096000,0.871629
15.088000,2376.688000,0.771794
8.528000,2076.240000,0.662598
24.272000,2971.024000,1.286084
22.960000,1712.816000,1.508620
20.336000,636.976000,0.931251
32.144000,1397.936000,1.189134
11.152000,591.056000,1.165665
21.648000,1271.984000,0.753116
28.208000,2006.704000,1.104411
4.592000,91.184000,0.703568
36.080000,2518.384000,1.353516
38.704000,1271.984000,0.949551
15.088000,15.088000,0.936216
20.336000,1973.904000,0.693488
0.656000,3006.448000,0.705997
38.704000,1737.744000,1.278691
34.768000,1921.424000,1.485099
22.960000,353.584000,0.968966
28.208000,1068.624000,1.054348
0.656000,4.592000,1.011863
22.960000,1540.944000,0.816547
33.456000,2097.232000,0.671852
37.392000,2964.464000,0.784808
24.272000,1046.320000,0.981427
20.336000,2745.360000,1.295389
5.904000,1963.408000,0.754986
11.152000,734.064000,1.231637
4.592000,1825.648000,0.736776
15.088000,3188.816000,0.922591
38.704000,1510.768000,0.670350
19.024000,2357.008000,0.805333
19.024000,130.544000,0.828159
4.592000,1531.760000,0.769518
4.592000,1937.168000,1.090899
11.152000,2536.752000,0.909206
33.456000,900.688000,2.531929
37.392000,2077.552000,1.488743
5.904000,2598.416000,0.781587
11.152000,1477.968000,0.874597
20.336000,1572.432000,0.664375
38.704000,2304.528000,1.036285
28.208000,2485.584000,0.745917
9.840000,2233.680000,0.671701
33.456000,180.400000,1.219582
30.832000,2048.688000,1.047621
8.528000,587.120000,0.803340
11.152000,1888.624000,0.785086
4.592000,259.120000,0.751656
16.400000,1115.856000,0.705608
13.776000,2633.840000,0.885470
11.152000,739.312000,0.675829
34.768000,102.992000,0.820555
13.776000,319.472000,1.113464
8.528000,2880.496000,1.128229
24.272000,7.216000,0.728785
22.960000,2614.160000,0.730715
34.768000,2203.504000,0.802755
32.144000,159.408000,0.698018
25.584000,1614.416000,1.006584
7.216000,396.880000,1.321727
38.704000,1572.432000,1.069932
3.280000,165.968000,0.831099
13.776000,154.160000,1.144003
16.400000,3114.032000,1.050746
26.896000,2514.448000,0.791430
32.144000,2825.392000,0.719531
0.656000,1332.336000,0.976909
28.208000,964.976000,0.696714
28.208000,1399.248000,1.178563
32.144000,1096.176000,1.080386
29.520000,261.744000,0.752924
1.968000,225.008000,1.030970
28.208000,2728.304000,0.758544
37.392000,3009.072000,0.916039
24.272000,440.176000,1.472483
16.400000,1632.784000,0.855522
19.024000,2745.360000,1.079706
4.592000,333.904000,1.081925
1.968000,1400.560000,0.813752
32.144000,1744.304000,1.055006
28.208000,28.208000,1.604090
0.656000,1837.456000,1.409343
4.592000,3166.512000,1.037075
24.272000,592.368000,0.714516
37.392000,110.864000,0.985375
33.456000,1985.712000,1.257503
12.464000,2787.344000,0.759135
19.024000,972.848000,0.834249
28.208000,2131.344000,1.348689
37.392000,1946.352000,0.692176
21.648000,1682.640000,0.721755
25.584000,488.720000,1.745911
33.456000,448.048000,0.663839
36.080000,1900.432000,0.684889
9.840000,542.512000,0.756824
17.712000,1324.464000,0.868952
11.152000,2511.824000,1.058239
33.456000,1197.200000,0.669798
32.144000,568.752000,0.659085
28.208000,2906.736000,1.643837
37.392000,2286.160000,0.959395
12.464000,1290.352000,0.694636
20.336000,2248.112000,1.126655
15.088000,2627.280000,0.760941
37.392000,202.704000,1.599994
21.648000,444.112000,0.718263
11.152000,347.024000,1.426075
30.832000,509.712000,1.053567
24.272000,1030.576000,0.725608
37.392000,971.536000,0.689469
36.080000,3144.208000,1.037004
25.584000,3094.352000,0.825740
8.528000,3116.656000,0.719771
15.088000,2950.032000,1.018584
9.840000,227.632000,1.232312
8.528000,1889.936000,0.770602
38.704000,2489.520000,0.707518
21.648000,601.552000,0.987226
26.896000,1147.344000,0.784147
16.400000,3220.304000,1.031775
32.144000,2337.328000,0.740751
19.024000,1946.352000,0.813993
11.152000,501.840000,1.633240
34.768000,172.528000,1.914193
1.968000,1677.392000,1.046699
12.464000,1443.856000,1.046589
25.584000,1603.920000,0.762985
33.456000,2788.656000,0.764762
0.656000,2810.960000,1.118115
33.456000,1287.728000,0.844314
36.080000,655.344000,0.758719
30.832000,1215.568000,0.817816
4.592000,2183.824000,1.391538
29.520000,3070.736000,0.667991
25.584000,2174.640000,0.756350
30.832000,2485.584000,1.003249
12.464000,59.696000,0.842017
11.152000,1371.696000,3.165696
29.520000,979.408000,1.135811
11.152000,618.608000,0.764488
12.464000,1275.920000,1.003830
32.144000,2688.944000,0.739886
29.520000,3204.560000,0.675613
34.768000,1256.240000,0.918559
33.456000,2620.720000,1.100168
33.456000,3015.632000,0.808706
34.768000,2472.464000,0.870513
29.520000,1142.096000,1.084901
25.584000,1189.328000,0.715749
15.088000,779.984000,0.763288
12.464000,1757.424000,0.833868
20.336000,1979.152000,0.776124
13.776000,2156.272000,0.967135
28.208000,1887.312000,0.790343
25.584000,2965.776000,0.703384
11.152000,46.576000,0.688679
28.208000,2022.448000,0.724397
11.152000,1699.696000,1.006589
32.144000,541.200000,0.730944
22.960000,2489.520000,0.767790
1.968000,2216.624000,0.779309
4.592000,400.816000,1.628145
29.520000,378.512000,0.774663
32.144000,316.848000,0.962647
29.520000,389.008000,0.718474
28.208000,1170.960000,0.788770
36.080000,1645.904000,0.827167
12.464000,2123.472000,0.833366
5.904000,528.080000,1.211541
13.776000,1716.752000,0.971207
21.648000,1518.640000,0.743278
9.840000,2960.528000,0.820385
22.960000,1220.816000,0.913546
16.400000,2229.744000,1.398470
26.896000,2290.096000,1.423401
9.840000,1156.528000,0.745210
7.216000,2081.488000,0.840125
24.272000,432.304000,0.730346
26.896000,2956.592000,0.845727
1.968000,276.176000,0.903112
15.088000,2784.720000,0.707689
34.768000,206.640000,0.981870
9.840000,2989.392000,0.704354
24.272000,1647.216000,0.772278
24.272000,1910.928000,0.724286
25.584000,2759.792000,1.107984
20.336000,1152.592000,0.706836
12.464000,3222.928000,0.903995
9.840000,1310.032000,0.707905
37.392000,975.472000,0.666824
33.456000,2955.280000,0.704629
25.584000,1400.560000,0.765727
9.840000,1063.376000,0.893593
4.592000,1395.312000,0.674047
36.080000,2267.792000,1.288976
15.088000,2734.864000,0.772179
26.896000,730.128000,0.823317
21.648000,340.464000,0.841449
4.592000,522.832000,1.025549
12.464000,1403.184000,1.383146
21.648000,2044.752000,0.704165
12.464000,2473.776000,0.901198
33.456000,1098.800000,1.261717
19.024000,3216.368000,0.899271
9.840000,2774.224000,0.670454
36.080000,315.536000,0.848720
30.832000,303.728000,0.818445
20.336000,211.888000,0.760415
20.336000,2069.680000,0.671297
17.712000,352.272000,0.803193
26.896000,530.704000,0.776998
16.400000,1689.200000,0.680874
28.208000,1009.584000,0.700488
26.896000,1714.128000,0.798345
38.704000,500.528000,1.339981
21.648000,1075.184000,0.972357
11.152000,9.840000,1.476086
9.840000,7.216000,0.836123
5.904000,3220.304000,1.386014
15.088000,2699.440000,1.195254
9.840000,291.920000,0.686257
5.904000,2664.016000,0.759112
25.584000,2162.832000,0.791440
37.392000,2316.336000,1.274348
4.592000,2796.528000,1.177586
36.080000,2332.080000,1.086577
26.896000,768.176000,1.123171
0.656000,2081.488000,0.776662
12.464000,168.592000,0.994178
36.080000,1973.904000,1.430621
12.464000,2532.816000,0.729657
16.400000,2017.200000,1.368939
4.592000,1441.232000,1.350830
22.960000,701.264000,0.715383
24.272000,1534.384000,0.657680
38.704000,12.464000,0.762311
8.528000,892.816000,1.011697
22.960000,2042.128000,0.978323
32.144000,3138.960000,0.667273
30.832000,2276.976000,0.953093
19.024000,2464.592000,0.672072
19.024000,186.960000,0.803593
9.840000,989.904000,0.712106
34.768000,1685.264000,0.804247
7.216000,1569.808000,0.700399
36.080000,92.496000,0.754332
3.280000,329.968000,0.713818
29.520000,417.872000,0.806755
25.584000,1230.000000,0.684727
29.520000,2852.944000,0.860928
7.216000,1383.504000,1.324553
34.768000,1941.104000,0.705440
20.336000,1590.800000,0.828813
24.272000,1825.648000,0.781038
5.904000,91.184000,0.774460
19.024000,2649.584000,0.665586
29.520000,408.688000,0.720890
13.776000,2506.576000,0.780900
36.080000,749.808000,0.786648
16.400000,2911.984000,0.816488
22.960000,410.000000,0.950243
20.336000,580.560000,0.993044
34.768000,1937.168000,1.852828
22.960000,2355.696000,0.697744
17.712000,678.960000,0.777701
36.080000,2804.400000,0.745090
3.280000,1130.288000,1.033480
15.088000,1782.352000,1.003586
20.336000,1219.504000,1.204638
32.144000,1354.640000,0.701919
3.280000,720.944000,0.858918
13.776000,2572.176000,0.670948
24.272000,459.856000,1.014600
22.960000,1260.176000,1.076658
33.456000,1435.984000,1.447856
33.456000,881.008000,0.789049
13.776000,3140.272000,0.820937
13.776000,862.640000,0.777430
38.704000,2737.488000,1.123045
0.656000,925.616000,0.914228
24.272000,1635.408000,0.877728
38.704000,777.360000,1.064894
13.776000,2725.680000,1.426498
7.216000,480.848000,0.904711
28.208000,210.576000,0.999869
8.528000,1522.576000,1.104039
28.208000,2064.432000,1.201404
37.392000,2418.672000,0.802688
34.768000,2761.104000,0.772597
21.648000,2136.592000,0.669316
5.904000,2038.192000,1.158808
1.968000,302.416000,0.895923
32.144000,34.768000,0.945075
0.656000,928.240000,1.156669
24.272000,2766.352000,1.185907
26.896000,996.464000,0.961563
34.768000,1998.832000,0.961692
13.776000,1620.976000,0.836804
33.456000,3094.352000,1.122909
5.904000,2422.608000,0.959252
25.584000,857.392000,0.810690
33.456000,1781.040000,1.235832
33.456000,445.424000,0.739246
3.280000,3218.992000,0.958339
17.712000,2161.520000,0.803822
16.400000,1365.136000,0.972858
22.960000,1607.856000,0.947293
5.904000,1417.616000,0.805745
30.832000,2759.792000,0.827066
36.080000,3018.256000,1.779314
26.896000,2691.568000,1.598944
17.712000,1808.592000,0.696350
34.768000,852.144000,1.307254
22.960000,2080.176000,0.733609
0.656000,1517.328000,0.978723
38.704000,2990.704000,0.751249
25.584000,810.160000,1.243882
4.592000,2778.160000,0.690865
11.152000,2063.120000,0.979633
28.208000,159.408000,0.692961
11.152000,2888.368000,0.984351
26.896000,1778.416000,1.147958
30.832000,2001.456000,0.718109
26.896000,1540.944000,0.841349
15.088000,72.816000,1.271902
9.840000,1037.136000,1.181816
19.024000,2271.728000,0.729163
25.584000,2814.896000,0.699868
38.704000,2607.600000,0.766860
33.456000,1678.704000,1.129833
8.528000,581.872000,0.706711
1.968000,1445.168000,0.830606
4.592000,266.992000,0.873710
1.968000,2993.328000,0.830813
11.152000,1628.848000,0.750012
5.904000,2838.512000,1.253035
37.392000,2703.376000,1.110436
12.464000,2538.064000,0.991238
17.712000,2425.232000,1.190052
1.968000,2009.328000,0.689021
24.272000,1386.128000,1.451935
11.152000,67.568000,0.776618
24.272000,1586.864000,0.716417
8.528000,2565.616000,0.806593
12.464000,137.104000,1.395727
25.584000,1076.496000,0.933612
19.024000,66.256000,0.934935
21.648000,2010.640000,0.825590
7.216000,1945.040000,1.120489
17.712000,1854.512000,0.720932
29.520000,16.400000,1.740433
25.584000,1645.904000,0.742212
29.520000,80.688000,0.722614
11.152000,524.144000,1.186876
25.584000,2566.928000,0.698365
16.400000,2350.448000,1.392374
30.832000,402.128000,0.794022
36.080000,1089.616000,0.896005
7.216000,1266.736000,0.718292
12.464000,2127.408000,0.825314
30.832000,1165.712000,0.675171
19.024000,1071.248000,0.765283
22.960000,413.936000,0.768542
11.152000,2032.944000,1.365539
13.776000,3052.368000,1.105522
28.208000,1617.040000,1.091983
19.024000,882.320000,0.874697
4.592000,520.208000,0.686749
16.400000,1214.256000,0.716622
8.528000,373.264000,0.847468
7.216000,1484.528000,0.981396
34.768000,91.184000,0.938682
25.584000,1239.184000,0.995369
22.960000,2873.936000,0.790727
13.776000,2269.104000,0.799686
13.776000,2969.712000,0.855600
0.656000,1922.736000,0.877434
24.272000,1254.928000,0.880768
21.648000,1404.496000,1.899406
34.768000,1989.648000,0.740619
24.272000,1237.872000,0.759546
32.144000,1115.856000,0.709414
12.464000,524.144000,1.178256
29.520000,985.968000,1.201170
8.528000,1694.448000,1.615544
8.528000,2738.800000,0.748835
28.208000,248.624000,0.794485
37.392000,1232.624000,0.927132
19.024000,1992.272000,0.849660
4.592000,1333.648000,0.772819
38.704000,3115.344000,0.713203
37.392000,1094.864000,0.947420
9.840000,924.304000,0.973763
0.656000,1394.000000,0.845988
29.520000,1012.208000,0.793102
25.584000,2908.048000,0.711835
32.144000,762.928000,0.703037
24.272000,2004.080000,0.729734
1.968000,1969.968000,0.764925
37.392000,291.920000,1.541666
28.208000,2742.736000,0.827189
29.520000,2862.128000,0.968939
16.400000,67.568000,0.940074
20.336000,1168.336000,0.896239
22.960000,2224.496000,0.931366
12.464000,2157.584000,1.566748
25.584000,710.448000,0.680295
30.832000,2825.392000,1.102360
17.712000,921.680000,1.123070
5.904000,2636.464000,1.140513
30.832000,2496.080000,0.853601
4.592000,2313.712000,1.204274
38.704000,2725.680000,0.688035
28.208000,3030.064000,1.297134
22.960000,265.680000,1.019805
24.272000,427.056000,0.865269
0.656000,665.840000,0.673974
9.840000,2662.704000,0.877948
36.080000,193.520000,0.759280
30.832000,1639.344000,0.748297
4.592000,943.984000,0.658506
29.520000,2274.352000,0.810556
17.712000,2102.480000,1.203411
7.216000,617.296000,0.869193
37.392000,800.976000,2.171104
17.712000,1348.080000,0.762696
0.656000,2789.968000,0.766387
26.896000,1441.232000,0.689584
30.832000,3019.568000,0.808610
38.704000,2788.656000,1.085130
3.280000,891.504000,0.938031
13.776000,3174.384000,1.232450
19.024000,196.144000,0.997939
3.280000,1219.504000,0.660539
15.088000,1938.480000,0.845473
7.216000,2046.064000,0.820092
24.272000,920.368000,1.014936
11.152000,1876.816000,0.916214
24.272000,2726.992000,0.743322
25.584000,1628.848000,0.862005
8.528000,2930.352000,0.739506
11.152000,1819.088000,1.057040
37.392000,2552.496000,0.999231
12.464000,779.984000,0.679323
33.456000,3.280000,0.992005
29.520000,3170.448000,1.034836
5.904000,2724.368000,0.675895
33.456000,11.152000,0.695151
1.968000,310.288000,2.874337
24.272000,500.528000,1.330808
7.216000,3102.224000,0.923783
21.648000,2539.376000,1.772285
15.088000,125.296000,1.342870
17.712000,2174.640000,1.074946
29.520000,1517.328000,0.658994
30.832000,2296.656000,0.692079
1.968000,1735.120000,0.723592
29.520000,1181.456000,0.851943
17.712000,912.496000,1.444761
30.832000,2328.144000,1.012650
22.960000,2238.928000,0.702172
28.208000,1433.360000,0.699305
12.464000,1659.024000,0.676907
19.024000,1205.072000,0.852733
5.904000,545.136000,1.226057
34.768000,114.800000,1.795985
3.280000,3144.208000,0.960630
37.392000,3209.808000,1.210980
36.080000,3153.392000,0.866722
11.152000,57.072000,0.921385
28.208000,2809.648000,0.900007
3.280000,1636.720000,0.886207
15.088000,753.744000,0.943185
15.088000,821.968000,0.782833
13.776000,2685.008000,0.868363
3.280000,1418.928000,1.110256
8.528000,3066.800000,0.759435
26.896000,2354.384000,1.597043
20.336000,2316.336000,1.763039
29.520000,215.824000,1.002602
32.144000,937.424000,0.865935
17.712000,1012.208000,0.702856
28.208000,1012.208000,1.262622
13.776000,1781.040000,0.676415
28.208000,1509.456000,1.091608
1.968000,3195.376000,1.043749
20.336000,2527.568000,0.825889
5.904000,2872.624000,0.931757
9.840000,1459.600000,0.923019
8.528000,1260.176000,1.793238
0.656000,1399.248000,1.557033
25.584000,2572.176000,0.768437
13.776000,1432.048000,1.297896
21.648000,379.824000,0.659300
20.336000,389.008000,0.909976
26.896000,2195.632000,0.674191
30.832000,1340.208000,0.664539
13.776000,2362.256000,0.892900
21.648000,104.304000,0.838747
0.656000,1920.112000,0.746828
24.272000,1132.912000,0.775776
34.768000,980.720000,0.756516
36.080000,1865.008000,1.152151
20.336000,1186.704000,0.703943
5.904000,113.488000,0.826876
21.648000,285.360000,0.742642
29.520000,2284.848000,1.000068
32.144000,1571.120000,0.937538
30.832000,698.640000,0.669326
25.584000,2860.816000,0.859261
29.520000,3049.744000,0.908182
30.832000,2961.840000,1.126628
34.768000,12.464000,1.316573
1.968000,1079.120000,0.831666
11.152000,78.064000,0.907018
38.704000,989.904000,0.683330
25.584000,1101.424000,0.711275
37.392000,717.008000,0.708310
22.960000,2593.168000,0.815863
25.584000,2450.160000,1.994959
3.280000,878.384000,1.049886
7.216000,1400.560000,0.790924
32.144000,314.224000,0.787070
25.584000,731.440000,1.647484
9.840000,1266.736000,0.955996
15.088000,2911.984000,0.831753
29.520000,2810.960000,1.008785
37.392000,3098.288000,0.818242
1.968000,2284.848000,1.150312
25.584000,1673.456000,1.034858
13.776000,96.432000,1.432958
13.776000,1413.680000,1.348588
25.584000,2412.112000,0.886166
5.904000,1260.176000,1.260732
8.528000,768.176000,1.347985
8.528000,1184.080000,0.917526
30.832000,1081.744000,2.041797
11.152000,1505.520000,1.029209
33.456000,466.416000,1.399998
13.776000,2139.216000,0.927728
12.464000,1597.360000,0.845882
24.272000,1941.104000,0.656072
30.832000,122.672000,0.730474
11.152000,1447.792000,0.947569
37.392000,1605.232000,0.730076
38.704000,364.080000,0.872131
0.656000,2027.696000,1.116332
22.960000,2397.680000,1.032592
34.768000,2401.616000,0.822939
7.216000,1731.184000,0.950603
25.584000,1338.896000,0.732895
33.456000,2032.944000,1.004823
12.464000,2165.456000,1.151274
21.648000,273.552000,0.673476
16.400000,2694.192000,1.125555
28.208000,2860.816000,0.909491
17.712000,89.872000,1.530925
37.392000,593.680000,1.109888
8.528000,2060.496000,1.554140
11.152000,467.728000,1.290199
9.840000,2494.768000,0.752278
9.840000,627.792000,0.735429
25.584000,3022.192000,1.053131
36.080000,3149.456000,0.817015
5.904000,1888.624000,0.888970
3.280000,356.208000,0.905792
26.896000,1958.160000,1.265838
37.392000,724.880000,0.692917
28.208000,2385.872000,0.720032
7.216000,2716.496000,0.859386
33.456000,1236.560000,0.679826
30.832000,922.992000,0.810218
12.464000,314.224000,0.816786
33.456000,1653.776000,0.836482
34.768000,2737.488000,0.888753
20.336000,1042.384000,0.803372
15.088000,1983.088000,0.890108
34.768000,1707.568000,1.143804
26.896000,1987.024000,0.768887
22.960000,1960.784000,0.703303
7.216000,968.912000,1.214953
28.208000,1113.232000,0.802374
38.704000,26.896000,1.795662
30.832000,2284.848000,0.932076
20.336000,2559.056000,0.972733
19.024000,1715.440000,1.373055
22.960000,3131.088000,0.740428
9.840000,3141.584000,0.872736
24.272000,773.424000,0.745775
7.216000,554.320000,1.058642
28.208000,1476.656000,0.678384
21.648000,1668.208000,0.738174
22.960000,1529.136000,0.684866
34.768000,173.840000,1.023309
3.280000,366.704000,0.981909
33.456000,1498.960000,1.193105
26.896000,1702.320000,0.693251
1.968000,2660.080000,0.695709
0.656000,1306.096000,0.728388
3.280000,2068.368000,2.438110
11.152000,879.696000,0.742633
4.592000,1026.640000,1.332335
15.088000,1921.424000,0.969187
7.216000,2758.480000,1.440846
17.712000,493.968000,0.817824
12.464000,1021.392000,1.299920
9.840000,3095.664000,0.689202
19.024000,2283.536000,2.745607
13.776000,2115.600000,0.683030
33.456000,2283.536000,0.853424
21.648000,1130.288000,0.977950
33.456000,2442.288000,0.695668
32.144000,2070.992000,0.972670
5.904000,62.320000,0.958031
38.704000,2297.968000,1.032863
1.968000,2747.984000,0.966807
21.648000,353.584000,0.788611
3.280000,1068.624000,1.020171
16.400000,96.432000,1.616409
36.080000,504.464000,1.063132
26.896000,1069.936000,1.271735
5.904000,1941.104000,0.896512
33.456000,2263.856000,1.112020
16.400000,1167.024000,0.876609
19.024000,374.576000,1.050019
34.768000,1990.960000,0.775437
9.840000,1472.720000,0.765416
0.656000,2670.576000,0.712597
28.208000,274.864000,1.155009
19.024000,1468.784000,0.656303
38.704000,2042.128000,1.354872
19.024000,2629.904000,0.661004
12.464000,2792.592000,0.933654
32.144000,2128.720000,1.214096
32.144000,559.568000,0.665520
37.392000,2426.544000,1.050392
16.400000,2526.256000,0.691460
34.768000,903.312000,1.100026
33.456000,3124.528000,0.672578
25.584000,2476.400000,1.100389
30.832000,1505.520000,0.966500
17.712000,2509.200000,1.301642
17.712000,1159.152000,1.411451
29.520000,1004.336000,0.774775
16.400000,1812.528000,1.179684
19.024000,2552.496000,2.256218
13.776000,1043.696000,1.404243
16.400000,126.608000,0.970074
33.456000,1899.120000,0.664192
0.656000,131.856000,0.744703
9.840000,2056.560000,1.049134
19.024000,2048.688000,1.405924
1.968000,1306.096000,1.337790
28.208000,1262.800000,0.838708
20.336000,319.472000,1.151373
1.968000,1068.624000,1.852659
29.520000,2320.272000,1.127368
4.592000,2282.224000,1.227361
24.272000,652.720000,1.250344
24.272000,827.216000,1.339116
30.832000,1008.272000,0.995130
30.832000,217.136000,1.780351
20.336000,1342.832000,0.676171
26.896000,997.776000,1.224450
8.528000,1630.160000,0.994047
38.704000,3002.512000,0.764268
3.280000,1980.464000,1.456977
21.648000,2254.672000,0.677159
3.280000,2099.856000,0.783891
11.152000,1181.456000,0.832547
1.968000,3093.040000,0.922923
22.960000,878.384000,1.095099
4.592000,2383.248000,0.978850
20.336000,1161.776000,1.082560
29.520000,1862.384000,0.750300
25.584000,2707.312000,0.725244
0.656000,600.240000,0.823069
9.840000,1030.576000,0.896141
7.216000,2702.064000,0.725669
19.024000,349.648000,0.709371
8.528000,1059.440000,0.748358
16.400000,3184.880000,0.769808
13.776000,2662.704000,1.235718
24.272000,525.456000,0.948893
25.584000,1211.632000,0.891519
29.520000,1699.696000,0.832575
12.464000,508.400000,0.684276
21.648000,508.400000,1.169394
34.768000,2493.456000,0.743820
30.832000,186.960000,1.035117
12.464000,3194.064000,0.761796
33.456000,2972.336000,0.698206
3.280000,1630.160000,1.025930
19.024000,1611.792000,0.901219
16.400000,1054.192000,0.785433
29.520000,305.040000,1.494256
11.152000,2002.768000,0.726439
0.656000,1279.856000,0.658653
1.968000,2419.984000,0.958276
8.528000,2547.248000,1.019264
33.456000,2030.320000,0.964655
8.528000,1308.720000,1.484949
36.080000,589.744000,0.685550
36.080000,1290.352000,0.898131
36.080000,1962.096000,0.768953
24.272000,2157.584000,0.989168
28.208000,1109.296000,1.171332
1.968000,4.592000,1.253910
38.704000,1580.304000,0.683580
24.272000,2883.120000,1.194661
25.584000,387.696000,0.800081
34.768000,1887.312000,0.965414
29.520000,1362.512000,0.796100
13.776000,410.000000,0.726403
30.832000,1003.024000,2.156068
38.704000,804.912000,0.672552
3.280000,1778.416000,0.924804
25.584000,535.952000,0.770027
22.960000,3023.504000,0.718267
26.896000,2950.032000,0.735558
24.272000,892.816000,1.746657
4.592000,2544.624000,0.896263
33.456000,1788.912000,0.704520
12.464000,1240.496000,0.718834
25.584000,566.128000,2.141312
11.152000,291.920000,1.104558
7.216000,829.840000,1.412695
11.152000,747.184000,0.656759
26.896000,711.760000,0.703716
17.712000,2165.456000,0.791075
21.648000,1593.424000,1.172267
21.648000,2031.632000,1.116723
25.584000,357.520000,1.180540
1.968000,3053.680000,1.184176
1.968000,2086.736000,1.755789
5.904000,1921.424000,0.863476
9.840000,239.440000,1.033563
30.832000,219.760000,0.904784
26.896000,2419.984000,0.699018
26.896000,198.768000,0.680914
19.024000,2774.224000,0.799658
33.456000,963.664000,0.967005
24.272000,264.368000,0.844870
22.960000,1551.440000,0.902343
24.272000,1935.856000,0.729419
25.584000,42.640000,0.659973
19.024000,860.016000,0.663962
1.968000,673.712000,0.685103
13.776000,1391.376000,0.666305
28.208000,1817.776000,0.792560
22.960000,2458.032000,0.672402
21.648000,1098.800000,0.736339
28.208000,2628.592000,0.957472
15.088000,2206.128000,0.957826
34.768000,1367.760000,1.053864
38.704000,2939.536000,0.728904
36.080000,1296.912000,1.559405
36.080000,1168.336000,0.890804
20.336000,1266.736000,0.836780
12.464000,2025.072000,1.000721
25.584000,1870.256000,1.180334
8.528000,703.888000,0.951344
25.584000,1552.752000,2.028667
7.216000,2625.968000,1.363147
11.152000,696.016000,1.052541
25.584000,1538.320000,0.807336
32.144000,2460.656000,1.091115
36.080000,2824.080000,1.013224
3.280000,1321.840000,0.950061
37.392000,1905.680000,0.836140
5.904000,2686.320000,1.823329
15.088000,1527.824000,0.673498
29.520000,2015.888000,1.010710
38.704000,1900.432000,0.859103
16.400000,1411.056000,0.863152
9.840000,2459.344000,0.816711
16.400000,522.832000,1.897427
22.960000,2061.808000,2.954551
36.080000,53.136000,1.034348
5.904000,471.664000,0.735566
7.216000,711.760000,1.290830
24.272000,1367.760000,1.247595
34.768000,1895.184000,0.796254
11.152000,2360.944000,0.662477
9.840000,2580.048000,0.779492
30.832000,1804.656000,0.662857
24.272000,252.560000,0.753848
1.968000,210.576000,0.657423
32.144000,1206.384000,0.660540
25.584000,2332.080000,1.130415
19.024000,193.520000,0.683856
24.272000,1786.288000,0.859625
0.656000,30.832000,0.663331
9.840000,3074.672000,0.865125
22.960000,1987.024000,1.626429
12.464000,289.296000,0.960918
25.584000,925.616000,0.678753
36.080000,643.536000,0.751017
21.648000,1697.072000,2.269054
0.656000,657.968000,1.028143
12.464000,2610.224000,0.873907
7.216000,794.416000,1.099108
25.584000,2578.736000,0.672557
24.272000,147.600000,0.673753
26.896000,1199.824000,0.890506
15.088000,1394.000000,0.758868
9.840000,302.416000,1.075178
28.208000,135.792000,0.780134
26.896000,818.032000,0.782138
1.968000,307.664000,0.876369
9.840000,2136.592000,0.835540
21.648000,88.560000,0.694445
20.336000,1088.304000,0.980862
4.592000,2160.208000,1.118452
28.208000,2994.640000,0.685032
19.024000,2799.152000,0.926068
16.400000,1687.888000,1.068157
8.528000,2455.408000,0.706630
15.088000,3218.992000,0.688799
15.088000,286.672000,0.693578
29.520000,2527.568000,0.860491
15.088000,1955.536000,2.191757
28.208000,2737.488000,1.048158
12.464000,974.160000,0.848523
19.024000,34.768000,0.699349
29.520000,449.360000,1.267854
4.592000,2978.896000,0.843460
19.024000,836.400000,0.709955
21.648000,1855.824000,0.844942
13.776000,1792.848000,0.973326
22.960000,123.984000,0.855441
22.960000,2133.968000,0.716299
32.144000,2531.504000,0.879869
19.024000,656.656000,0.996570
4.592000,1355.952000,1.009241
34.768000,1828.272000,1.121399
24.272000,3153.392000,0.662866
21.648000,3034.000000,0.799229
20.336000,100.368000,0.713164
8.528000,757.680000,0.722058
26.896000,752.432000,0.678747
15.088000,185.648000,1.563519
26.896000,782.608000,1.999286
15.088000,408.688000,0.870498
16.400000,1016.144000,0.828433
26.896000,2923.792000,0.710775
1.968000,1313.968000,1.712195
25.584000,2544.624000,0.860136
7.216000,71.504000,0.740285
36.080000,2909.360000,0.753359
4.592000,2696.816000,1.962538
19.024000,2545.936000,0.664638
29.520000,896.752000,0.981878
24.272000,26.896000,0.861610
8.528000,2568.240000,0.958631
34.768000,2074.928000,0.925581
5.904000,2130.032000,0.845951
0.656000,959.728000,2.464260
17.712000,1456.976000,0.684662
21.648000,1445.168000,0.757619
19.024000,37.392000,0.750966
7.216000,1547.504000,0.757759
20.336000,3104.848000,0.709682
25.584000,1348.080000,0.830140
12.464000,911.184000,1.064986
37.392000,675.024000,1.081378
0.656000,1523.888000,1.690814
12.464000,1951.600000,0.861200
30.832000,1458.288000,0.877762
26.896000,3196.688000,1.138299
30.832000,1830.896000,0.991443
19.024000,1227.376000,0.700469
9.840000,366.704000,0.664747
20.336000,1956.848000,0.822012
20.336000,696.016000,0.760854
34.768000,664.528000,0.966883
12.464000,1466.160000,0.875925
26.896000,2953.968000,1.739162
28.208000,1971.280000,1.273113
0.656000,705.200000,0.727673
33.456000,2070.992000,0.865378
38.704000,1375.632000,1.272991
12.464000,1914.864000,0.701371
24.272000,1055.504000,0.752611
34.768000,3205.872000,0.721731
29.520000,249.936000,0.959443
4.592000,2786.032000,0.726035
34.768000,1237.872000,0.671260
13.776000,951.856000,0.813490
20.336000,2404.240000,0.703136
1.968000,3140.272000,0.947110
24.272000,538.576000,0.661421
38.704000,3166.512000,0.845059
21.648000,1804.656000,0.805953
12.464000,815.408000,0.978949
1.968000,1757.424000,0.660476
33.456000,1080.432000,0.737651
1.968000,2156.272000,1.006720
19.024000,1985.712000,0.901550
7.216000,1979.152000,0.921047
8.528000,2604.976000,0.842830
11.152000,848.208000,0.754971
17.712000,1433.360000,0.913852
36.080000,2639.088000,0.840793
11.152000,520.208000,1.052236
3.280000,123.984000,0.694184
24.272000,985.968000,0.778405
22.960000,2283.536000,1.030011
20.336000,2431.792000,1.222587
1.968000,2190.384000,1.170490
38.704000,1887.312000,0.907140
33.456000,1925.360000,0.714026
32.144000,2803.088000,1.580631
30.832000,2320.272000,0.700324
24.272000,1149.968000,0.768651
24.272000,2228.432000,1.166527
21.648000,2370.128000,0.987292
29.520000,2633.840000,1.391609
15.088000,2657.456000,0.672611
21.648000,197.456000,0.996443
38.704000,1323.152000,1.104930
19.024000,104.304000,1.001598
20.336000,1905.680000,1.711829
32.144000,1853.200000,0.837217
0.656000,455.920000,0.809789
20.336000,538.576000,0.735969
7.216000,413.936000,0.722422
38.704000,1754.800000,1.612936
4.592000,1975.216000,0.822147
30.832000,2914.608000,1.058914
36.080000,2702.064000,1.390160
19.024000,2473.776000,0.866689
11.152000,2956.592000,0.924537
25.584000,2709.936000,0.709967
17.712000,1531.760000,0.673961
20.336000,3023.504000,1.193671
21.648000,2391.120000,1.638533
15.088000,764.240000,0.914501
29.520000,2986.768000,1.036691
20.336000,2301.904000,1.067115
5.904000,676.336000,0.774110
28.208000,375.888000,1.005410
1.968000,1943.728000,0.671792
11.152000,2768.976000,1.297972
11.152000,3048.432000,0.788234
1.968000,322.096000,0.826291
17.712000,873.136000,0.851244
22.960000,2681.072000,0.718283
25.584000,471.664000,0.868052
36.080000,2586.608000,0.921639
26.896000,2972.336000,1.014600
26.896000,799.664000,0.731619
28.208000,706.512000,0.754699
32.144000,1883.376000,0.682811
28.208000,1972.592000,0.955967
38.704000,1749.552000,0.970036
38.704000,507.088000,0.986966
4.592000,244.688000,0.692765
28.208000,1026.640000,0.926017
22.960000,1745.616000,0.882005
16.400000,774.736000,0.877017
26.896000,522.832000,0.854141
0.656000,571.376000,0.995610
11.152000,810.160000,0.833347
17.712000,2076.240000,0.971121
16.400000,3098.288000,0.687834
32.144000,2717.808000,0.877156
22.960000,17.712000,0.726090
4.592000,2434.416000,0.811133
0.656000,1934.544000,1.280373
33.456000,547.760000,1.003942
12.464000,2128.720000,0.714705
19.024000,1390.064000,1.081218
25.584000,950.544000,0.675897
24.272000,2751.920000,0.743437
5.904000,1472.720000,1.187848
33.456000,2527.568000,0.698285
37.392000,2813.584000,1.205183
33.456000,243.376000,0.903788
26.896000,2069.680000,0.685771
36.080000,1226.064000,0.796174
8.528000,2883.120000,0.658967
0.656000,2271.728000,1.246788
17.712000,25.584000,1.028433
12.464000,1817.776000,1.783943
36.080000,21.648000,1.142318
11.152000,934.800000,1.007048
21.648000,1231.312000,0.811197
36.080000,571.376000,0.740819
37.392000,2330.768000,0.845480
36.080000,2938.224000,1.471708
16.400000,1219.504000,0.827689
20.336000,2994.640000,0.699248
3.280000,629.104000,0.893241
22.960000,3179.632000,0.718151
24.272000,3074.672000,0.894359
17.712000,1443.856000,1.294326
37.392000,2763.728000,1.101748
15.088000,1872.880000,0.893136
24.272000,265.680000,0.791356
32.144000,613.360000,0.864774
3.280000,1519.952000,1.165036
0.656000,623.856000,0.702874
25.584000,1589.488000,0.904187
30.832000,1323.152000,0.675102
19.024000,874.448000,1.065509
25.584000,1582.928000,0.816625
15.088000,449.360000,1.360297
17.712000,546.448000,0.724509
33.456000,444.112000,0.844373
25.584000,184.336000,1.412042
19.024000,665.840000,0.717712
25.584000,1821.712000,0.923403
11.152000,1901.744000,0.675735
11.152000,1496.336000,1.126810
3.280000,963.664000,0.658295
7.216000,1477.968000,0.792170
38.704000,717.008000,0.684721
28.208000,985.968000,1.033520
24.272000,1559.312000,1.370708
32.144000,2711.248000,1.327475
4.592000,639.600000,1.227172
37.392000,1554.064000,0.661632
4.592000,669.776000,1.133897
30.832000,2831.952000,1.774278
9.840000,396.880000,0.734283
26.896000,2868.688000,1.316761
5.904000,610.736000,1.274532
8.528000,179.088000,1.234331
21.648000,1142.096000,0.864819
11.152000,2315.024000,1.857102
11.152000,2471.152000,0.798046
9.840000,1329.712000,1.294944
19.024000,1988.336000,0.717397
0.656000,2311.088000,0.928020
34.768000,713.072000,0.703094
16.400000,1512.080000,0.790000
4.592000,403.440000,1.182768
38.704000,2406.864000,1.339821
5.904000,659.280000,0.671103
34.768000,1399.248000,0.740008
20.336000,1619.664000,1.160230
1.968000,8.528000,1.080797
36.080000,2500.016000,1.022334
11.152000,24.272000,0.838606
28.208000,2484.272000,1.383281
19.024000,803.600000,0.709867
17.712000,2164.144000,0.917984
0.656000,2780.784000,1.444632
28.208000,2586.608000,0.726133
36.080000,2367.504000,0.848320
38.704000,1691.824000,1.801852
26.896000,979.408000,0.808238
16.400000,2627.280000,0.948857
34.768000,570.064000,0.755108
17.712000,1193.264000,1.250106
25.584000,2098.544000,0.776596
12.464000,172.528000,0.907850
37.392000,534.640000,1.077214
3.280000,438.864000,0.739175
7.216000,1155.216000,1.287441
24.272000,2780.784000,0.659077
30.832000,1531.760000,1.020750
7.216000,1534.384000,0.663165
28.208000,1525.200000,0.729940
25.584000,378.512000,0.788330
30.832000,232.880000,1.822420
3.280000,1231.312000,0.718771
3.280000,141.040000,0.733235
4.592000,2667.952000,1.317102
20.336000,289.296000,0.816700
9.840000,2110.352000,1.248006
9.840000,1365.136000,1.327723
8.528000,2195.632000,0.850673
17.712000,913.808000,0.911269
1.968000,2237.616000,0.925703
21.648000,1728.560000,0.839055
29.520000,2824.080000,1.257217
24.272000,2050.000000,1.086032
11.152000,1582.928000,0.874864
4.592000,1525.200000,0.742661
37.392000,1925.360000,1.082330
24.272000,1159.152000,0.782237
37.392000,1976.528000,0.804870
25.584000,467.728000,0.736815
30.832000,1012.208000,1.177597
21.648000,2181.200000,0.679476
36.080000,2317.648000,1.112463
21.648000,2329.456000,1.342501
17.712000,3174.384000,0.814856
30.832000,2581.360000,0.988863
21.648000,298.480000,0.754259
32.144000,732.752000,0.936937
33.456000,3205.872000,0.690499
8.528000,141.040000,0.688886
22.960000,2910.672000,0.963551
7.216000,32.144000,0.735292
16.400000,1361.200000,0.671837
8.528000,1022.704000,0.782334
19.024000,894.128000,0.979890
29.520000,1446.480000,0.757059
29.520000,1968.656000,1.127574
34.768000,162.032000,0.992760
5.904000,993.840000,2.048076
3.280000,470.352000,1.230097
33.456000,1414.992000,0.817281
7.216000,1787.600000,0.852325
12.464000,689.456000,1.662879
8.528000,1411.056000,0.709096
12.464000,91.184000,0.821479
5.904000,1411.056000,0.935265
26.896000,877.072000,0.744178
30.832000,899.376000,0.977491
1.968000,799.664000,0.951025
5.904000,238.128000,0.736981
12.464000,2922.480000,1.883861
37.392000,2227.120000,1.529570
15.088000,2622.032000,1.038699
37.392000,2237.616000,1.017574
38.704000,394.256000,0.786293
36.080000,1370.384000,0.702548
17.712000,525.456000,0.757898
13.776000,3123.216000,0.998563
3.280000,899.376000,0.963818
19.024000,752.432000,0.787028
17.712000,3112.720000,1.171487
32.144000,1110.608000,0.706491
30.832000,1972.592000,1.335573
12.464000,1463.536000,0.741467
0.656000,3103.536000,1.151077
28.208000,357.520000,0.856990
30.832000,1577.680000,0.719589
30.832000,320.784000,0.830898
11.152000,2594.480000,0.967999
1.968000,1745.616000,0.763659
22.960000,2925.104000,0.977287
26.896000,1237.872000,0.726805
30.832000,1794.160000,0.786584
15.088000,1802.032000,1.415050
32.144000,1394.000000,0.956391
29.520000,2850.320000,0.734111
34.768000,32.144000,0.878834
19.024000,2350.448000,0.689330
16.400000,1905.680000,0.886257
11.152000,147.600000,1.089874
30.832000,3007.760000,0.750060
7.216000,2380.624000,0.863836
29.520000,1079.120000,0.861908
25.584000,67.568000,0.804797
33.456000,1433.360000,1.737067
36.080000,2126.096000,1.318858
3.280000,185.648000,0.961193
29.520000,2768.976000,0.950779
8.528000,1142.096000,0.706118
25.584000,3146.832000,0.748676
20.336000,2015.888000,1.128540
5.904000,2170.704000,0.797383
20.336000,244.688000,1.214014
37.392000,1077.808000,1.321689
15.088000,238.128000,1.227659
30.832000,950.544000,1.301712
22.960000,453.296000,3.103771
29.520000,1450.416000,0.784343
21.648000,223.696000,0.663000
0.656000,162.032000,0.702826
28.208000,2128.720000,0.973972
4.592000,1265.424000,0.852750
25.584000,1788.912000,0.761755
30.832000,895.440000,0.811333
28.208000,118.736000,0.886446
5.904000,2965.776000,1.084335
3.280000,2652.208000,0.965781
0.656000,386.384000,0.795380
8.528000,2294.032000,1.286048
1.968000,803.600000,1.609611
4.592000,2631.216000,0.663519
13.776000,297.168000,1.175394
19.024000,1939.792000,0.662703
21.648000,1711.504000,0.706746
34.768000,1306.096000,0.736368
32.144000,451.984000,1.584827
20.336000,1882.064000,0.753164
11.152000,2959.216000,1.371366
33.456000,1987.024000,0.989830
37.392000,2568.240000,1.263199
4.592000,1480.592000,1.064581
32.144000,2259.920000,0.996488
36.080000,2698.128000,0.808415
28.208000,685.520000,0.836244
33.456000,2161.520000,1.201562
25.584000,1226.064000,0.825451
22.960000,96.432000,0.934234
32.144000,1013.520000,0.706522
0.656000,3096.976000,1.551301
33.456000,2486.896000,1.115538
8.528000,1638.032000,0.936958
11.152000,3019.568000,1.311293
17.712000,165.968000,1.199056
29.520000,2847.696000,0.842003
38.704000,331.280000,0.992008
3.280000,2587.920000,1.036023
32.144000,1754.800000,0.945252
25.584000,2690.256000,1.444729
22.960000,1882.064000,1.241962
11.152000,1397.936000,0.704973
28.208000,2339.952000,0.724465
26.896000,785.232000,1.115449
28.208000,950.544000,0.710890
12.464000,1606.544000,1.227982
5.904000,274.864000,0.723886
24.272000,949.232000,0.821574
11.152000,943.984000,0.673158
26.896000,823.280000,0.981625
16.400000,1190.640000,1.186523
8.528000,1777.104000,1.757431
9.840000,783.920000,1.000819
32.144000,1041.072000,0.695889
16.400000,778.672000,0.881552
16.400000,2825.392000,0.750685
17.712000,1740.368000,0.659095
16.400000,3180.944000,0.843993
7.216000,1464.848000,1.021724
8.528000,1669.520000,0.997031
20.336000,2767.664000,0.823758
21.648000,235.504000,0.795054
25.584000,2473.776000,1.196698
15.088000,1160.464000,0.685941
24.272000,2817.520000,0.695611
36.080000,2315.024000,0.668752
38.704000,534.640000,1.537702
38.704000,168.592000,0.905615
0.656000,1043.696000,0.920753
19.024000,1918.800000,0.801090
16.400000,1367.760000,0.791147
20.336000,205.328000,0.669137
13.776000,396.880000,0.699808
20.336000,684.208000,0.799904
11.152000,445.424000,0.753165
13.776000,1215.568000,1.026589
1.968000,2812.272000,0.841775
8.528000,2178.576000,0.821261
22.960000,2291.408000,1.220778
36.080000,1593.424000,0.870075
17.712000,617.296000,0.699887
12.464000,430.992000,1.237990
20.336000,79.376000,0.789996
37.392000,2880.496000,1.042504
22.960000,3061.552000,0.780727
34.768000,210.576000,0.915949
22.960000,1547.504000,0.776273
22.960000,1491.088000,0.985332
8.528000,2196.944000,0.785145
33.456000,381.136000,1.009562
7.216000,2980.208000,1.214245
25.584000,36.080000,1.098349
22.960000,2837.200000,0.893326
21.648000,1365.136000,0.717061
19.024000,1130.288000,1.124794
21.648000,3062.864000,0.811395
22.960000,958.416000,1.237561
4.592000,1085.680000,0.801653
13.776000,1283.792000,0.880159
9.840000,4.592000,0.923513
5.904000,2160.208000,0.843706
15.088000,2435.728000,0.916398
17.712000,829.840000,1.040013
32.144000,2200.880000,0.794677
15.088000,470.352000,0.829175
0.656000,1039.760000,0.782417
21.648000,50.512000,0.715959
34.768000,2318.960000,0.909697
36.080000,3027.440000,0.855689
12.464000,2013.264000,0.809628
30.832000,3150.768000,0.662211
29.520000,1277.232000,0.686294
1.968000,348.336000,1.143522
37.392000,2444.912000,1.146697
30.832000,2839.824000,2.095943
19.024000,3112.720000,0.964868
4.592000,2753.232000,0.795967
34.768000,2309.776000,1.007468
5.904000,899.376000,0.682120
32.144000,2961.840000,0.705011
28.208000,2502.640000,0.696188
29.520000,2843.760000,0.747972
9.840000,2254.672000,0.958763
24.272000,2112.976000,0.851725
34.768000,1510.768000,0.676193
16.400000,340.464000,1.463503
33.456000,2926.416000,1.160138
24.272000,3015.632000,1.092369
12.464000,1742.992000,0.716577
33.456000,2425.232000,0.752665
22.960000,2072.304000,1.614910
36.080000,1998.832000,2.788501
34.768000,34.768000,0.733589
24.272000,1959.472000,2.475456
7.216000,594.992000,0.991968
34.768000,964.976000,0.780652
22.960000,852.144000,0.695593
24.272000,1021.392000,0.661448
30.832000,1400.560000,0.872371
25.584000,15.088000,1.270372
33.456000,2300.592000,0.977494
17.712000,2643.024000,0.901717
3.280000,2778.160000,1.318599
25.584000,1418.928000,1.218380
9.840000,2402.928000,0.737234
11.152000,541.200000,0.730347
4.592000,709.136000,0.858044
38.704000,142.352000,0.959798
3.280000,2858.192000,1.072423
4.592000,3085.168000,0.943345
19.024000,1352.016000,1.140099
17.712000,1017.456000,1.007693
12.464000,270.928000,0.885900
26.896000,147.600000,0.956890
20.336000,2181.200000,0.767957
32.144000,381.136000,0.861332
37.392000,1484.528000,0.898730
16.400000,2074.928000,1.053908
24.272000,1122.416000,0.886666
1.968000,2683.696000,0.920418
19.024000,525.456000,0.666015
33.456000,1190.640000,0.818908
24.272000,2664.016000,1.114448
4.592000,1749.552000,0.765326
22.960000,320.784000,0.734564
33.456000,888.880000,1.169868
15.088000,2856.880000,1.296890
29.520000,1416.304000,0.821346
32.144000,289.296000,0.945320
11.152000,1516.016000,0.674081
24.272000,2519.696000,0.888149
30.832000,659.280000,1.209161
5.904000,2223.184000,0.911657
8.528000,1673.456000,0.896435
11.152000,2728.304000,1.055946
20.336000,2485.584000,0.728292
32.144000,899.376000,1.352593
32.144000,938.736000,1.050061
21.648000,1825.648000,1.492369
1.968000,1846.640000,0.830664
32.144000,2031.632000,0.801294
25.584000,1206.384000,0.839482
30.832000,2042.128000,0.766839
17.712000,391.632000,0.735010
32.144000,3057.616000,1.110787
38.704000,1296.912000,0.754259
17.712000,3208.496000,0.656971
15.088000,121.360000,0.707594
34.768000,1045.008000,0.766313
36.080000,2366.192000,0.851090
12.464000,483.472000,0.755119
11.152000,1383.504000,1.514106
16.400000,1788.912000,0.680197
13.776000,2355.696000,0.685683
26.896000,232.880000,0.939281
11.152000,1421.552000,0.671568
22.960000,798.352000,0.657868
7.216000,446.736000,0.723588
11.152000,1830.896000,1.792374
17.712000,1647.216000,1.212867
24.272000,2029.008000,0.660909
15.088000,563.504000,0.702010
7.216000,356.208000,1.849404
28.208000,2471.152000,0.889765
5.904000,1725.936000,0.805900
24.272000,1937.168000,0.675600
22.960000,34.768000,0.676145
13.776000,2465.904000,1.468501
32.144000,1927.984000,0.799336
20.336000,1349.392000,1.284116
22.960000,2304.528000,0.673649
16.400000,1237.872000,0.716659
32.144000,554.320000,0.861533
19.024000,1792.848000,1.167853
0.656000,2182.512000,0.681310
28.208000,1328.400000,0.915286
32.144000,2876.560000,1.395275
15.088000,2704.688000,0.976464
37.392000,3026.128000,0.661006
30.832000,1535.696000,0.663009
19.024000,1257.552000,1.442958
37.392000,2452.784000,1.172032
32.144000,2136.592000,0.945239
1.968000,293.232000,1.199532
38.704000,511.024000,0.881719
12.464000,1704.944000,1.722620
11.152000,112.176000,0.718073
7.216000,1682.640000,0.907397
25.584000,1811.216000,1.196558
38.704000,2402.928000,0.879759
8.528000,534.640000,0.763132
26.896000,753.744000,0.742656
37.392000,2132.656000,0.793933
32.144000,1079.120000,0.965785
19.024000,2290.096000,0.796114
13.776000,1464.848000,1.110127
19.024000,642.224000,1.412971
32.144000,1303.472000,2.083461
16.400000,651.408000,1.214143
20.336000,703.888000,1.140424
12.464000,1546.192000,1.013742
30.832000,2921.168000,1.373244
29.520000,185.648000,1.258682
38.704000,2204.816000,0.666780
38.704000,2994.640000,1.091807
33.456000,2796.528000,0.766336
37.392000,215.824000,0.667121
11.152000,2574.800000,0.794928
9.840000,1089.616000,0.929437
36.080000,3152.080000,1.093589
37.392000,2989.392000,0.893218
4.592000,285.360000,1.059521
30.832000,2214.000000,0.842231
9.840000,2986.768000,1.356286
17.712000,2783.408000,0.671562
17.712000,1775.792000,1.245845
25.584000,2011.952000,0.726251
16.400000,2402.928000,0.676847
9.840000,1016.144000,1.358560
12.464000,922.992000,0.671000
29.520000,260.432000,1.497233
30.832000,2074.928000,1.232691
4.592000,80.688000,1.108245
29.520000,1745.616000,0.761418
17.712000,1803.344000,0.906478
19.024000,1712.816000,0.743622
16.400000,2170.704000,0.920900
36.080000,1126.352000,1.288866
4.592000,2417.360000,1.274660
28.208000,690.768000,0.715009
0.656000,383.760000,0.842498
25.584000,2835.888000,0.814040
19.024000,535.952000,1.545394
22.960000,1863.696000,0.846828
34.768000,2589.232000,0.892799
12.464000,1367.760000,1.341204
26.896000,1336.272000,1.373388
11.152000,2430.480000,1.031567
32.144000,2002.768000,2.630982
16.400000,434.928000,0.817853
12.464000,3195.376000,0.862359
0.656000,1988.336000,0.686311
24.272000,2643.024000,0.828749
24.272000,823.280000,0.735552
5.904000,1485.840000,0.799897
25.584000,652.720000,0.791070
13.776000,1292.976000,1.079844
32.144000,121.360000,0.797407
32.144000,1597.360000,1.392786
20.336000,878.384000,0.729969
9.840000,1004.336000,0.858436
28.208000,1708.880000,0.695656
16.400000,1310.032000,0.738229
7.216000,3114.032000,0.712089
33.456000,3030.064000,0.786289
21.648000,724.880000,0.684421
15.088000,1068.624000,0.830266
15.088000,130.544000,2.279505
26.896000,1803.344000,0.660738
3.280000,815.408000,0.946267
12.464000,1639.344000,1.463550
20.336000,1660.336000,0.744838
32.144000,1425.488000,1.023043
38.704000,1605.232000,1.196688
36.080000,1185.392000,0.849558
11.152000,2745.360000,0.671992
20.336000,3204.560000,0.838643
16.400000,665.840000,1.036181
9.840000,1522.576000,1.859785
4.592000,2829.328000,0.740611
24.272000,211.888000,0.997340
24.272000,2534.128000,0.755211
21.648000,517.584000,1.125127
25.584000,1676.080000,0.917940
9.840000,790.480000,0.809174
34.768000,1131.600000,0.774082
29.520000,1.968000,1.183016
36.080000,1720.688000,1.034710
20.336000,525.456000,0.667410
12.464000,2986.768000,0.699336
37.392000,1.968000,0.905099
19.024000,1209.008000,0.736513
22.960000,2207.440000,0.697663
19.024000,2666.640000,1.042329
37.392000,1517.328000,1.138202
34.768000,2513.136000,1.069956
15.088000,718.320000,0.819993
9.840000,1504.208000,1.569572
20.336000,2662.704000,1.427263
34.768000,1779.728000,0.672263
34.768000,1396.624000,0.661857
20.336000,2158.896000,1.075289
37.392000,3119.280000,0.772064
22.960000,2408.176000,0.695558
4.592000,1871.568000,0.768799
9.840000,705.200000,0.688503
29.520000,2898.864000,0.659027
30.832000,2098.544000,0.750418
11.152000,164.656000,1.024934
20.336000,223.696000,1.175637
4.592000,1009.584000,0.790561
34.768000,328.656000,1.690637
21.648000,988.592000,1.378173
17.712000,1106.672000,1.422153
38.704000,3066.800000,0.883541
17.712000,1728.560000,1.683454
3.280000,2389.808000,1.116197
9.840000,507.088000,0.730964
15.088000,2397.680000,0.773181
16.400000,909.872000,0.706972
17.712000,1260.176000,1.181202
24.272000,1399.248000,0.757275
34.768000,984.656000,0.895107
38.704000,619.920000,0.841354
15.088000,1502.896000,0.694901
38.704000,1283.792000,0.697588
8.528000,3024.816000,0.997530
0.656000,155.472000,0.882684
33.456000,722.256000,0.697342
22.960000,1212.944000,0.794546
34.768000,1338.896000,1.129221
22.960000,2165.456000,0.918755
3.280000,748.496000,0.662804
17.712000,2763.728000,0.684662
22.960000,324.720000,0.707645
17.712000,1096.176000,0.887353
22.960000,657.968000,0.845296
16.400000,1445.168000,0.934178
9.840000,45.264000,0.845476
30.832000,2913.296000,0.977739
28.208000,1661.648000,0.716450
38.704000,1571.120000,0.938609
36.080000,1735.120000,1.186166
32.144000,2059.184000,1.233043
7.216000,295.856000,0.749030
5.904000,1568.496000,0.823375
15.088000,1491.088000,0.714186
15.088000,1657.712000,0.732023
0.656000,1647.216000,1.106404
15.088000,2017.200000,0.850005
33.456000,987.280000,1.112823
30.832000,2959.216000,1.231620
7.216000,2413.424000,1.247427
22.960000,1638.032000,0.721054
12.464000,618.608000,0.897003
38.704000,2161.520000,0.664472
37.392000,1951.600000,0.745891
38.704000,2091.984000,1.141774
3.280000,2557.744000,0.756883
19.024000,2602.352000,1.556395
24.272000,2271.728000,0.723315
24.272000,97.744000,1.017975
16.400000,63.632000,0.765766
9.840000,1092.240000,0.677881
26.896000,2157.584000,0.753191
11.152000,756.368000,0.942004
0.656000,1968.656000,1.014412
26.896000,3215.056000,0.858203
20.336000,383.760000,0.744975
7.216000,1918.800000,1.082800
5.904000,2097.232000,0.718095
16.400000,72.816000,0.697185
5.904000,2395.056000,1.242143
9.840000,710.448000,0.853712
34.768000,2112.976000,0.783574
33.456000,1777.104000,1.651488
21.648000,524.144000,1.344961
9.840000,105.616000,0.862635
30.832000,2598.416000,0.710559
9.840000,1424.176000,0.863657
24.272000,1333.648000,0.762639
9.840000,488.720000,1.078647
3.280000,2433.104000,0.786291
21.648000,19.024000,1.198346
16.400000,326.032000,1.422707
13.776000,1718.064000,1.345090
38.704000,1542.256000,0.698073
17.712000,369.328000,0.679240
21.648000,1784.976000,1.578284
37.392000,2292.720000,0.853074
32.144000,2105.104000,0.962305
0.656000,1589.488000,1.192173
33.456000,2380.624000,0.861579
20.336000,2282.224000,0.799143
20.336000,1014.832000,0.764063
3.280000,2720.432000,0.742845
16.400000,3153.392000,1.764971
8.528000,1329.712000,0.854104
20.336000,2476.400000,0.754114
0.656000,389.008000,0.844703
7.216000,739.312000,0.720123
19.024000,2947.408000,1.383258
11.152000,585.808000,0.926910
26.896000,1565.872000,0.746102
3.280000,3005.136000,0.954054
0.656000,562.192000,0.711984
5.904000,3020.880000,1.084659
24.272000,2497.392000,0.921579
24.272000,1277.232000,0.665064
25.584000,2448.848000,1.948327
17.712000,361.456000,1.026529
8.528000,1811.216000,0.744460
28.208000,887.568000,1.600308
16.400000,1799.408000,0.788128
1.968000,786.544000,1.130074
25.584000,2212.688000,0.699909
32.144000,179.088000,1.121160
20.336000,2156.272000,0.829272
29.520000,596.304000,0.965924
13.776000,284.048000,1.351856
4.592000,3077.296000,0.963092
24.272000,1824.336000,0.787614
4.592000,961.040000,0.856606
24.272000,2611.536000,0.785473
34.768000,3032.688000,1.198738
21.648000,1027.952000,0.862031
13.776000,816.720000,0.709407
9.840000,169.904000,0.785270
37.392000,579.248000,1.165094
21.648000,99.056000,0.968374
12.464000,1432.048000,0.912861
24.272000,689.456000,0.804016
29.520000,197.456000,1.061620
28.208000,2489.520000,0.741040
28.208000,3064.176000,1.206056
28.208000,43.952000,1.603583
21.648000,410.000000,1.079907
0.656000,3091.728000,1.392604
20.336000,2252.048000,1.626732
25.584000,3095.664000,1.055609
34.768000,1392.688000,0.746107
9.840000,1136.848000,2.543978
21.648000,3195.376000,0.875327
12.464000,205.328000,0.667307
24.272000,1421.552000,0.676955
15.088000,3100.912000,1.176005
9.840000,1394.000000,0.656111
9.840000,541.200000,0.682513
30.832000,2181.200000,0.835443
20.336000,2437.040000,0.732331
29.520000,2758.480000,0.936507
3.280000,755.056000,1.405852
29.520000,2166.768000,0.682291
11.152000,2863.440000,1.038419
7.216000,1245.744000,0.675598
30.832000,3100.912000,1.596060
9.840000,2614.160000,0.862464
17.712000,770.800000,0.738137
3.280000,782.608000,0.853827
30.832000,1046.320000,0.700451
17.712000,1708.880000,0.750499
30.832000,1876.816000,0.956316
4.592000,1840.080000,1.068524
36.080000,2438.352000,0.678864
15.088000,1420.240000,0.862613
1.968000,1088.304000,0.870299
21.648000,3091.728000,0.787839
25.584000,921.680000,0.669297
15.088000,1572.432000,0.779242
34.768000,2745.360000,0.816463
32.144000,1107.984000,0.692427
11.152000,2770.288000,0.802622
3.280000,1358.576000,0.674065
34.768000,1559.312000,0.674715
20.336000,3090.416000,0.875196
17.712000,1987.024000,0.950710
1.968000,2603.664000,0.686725
8.528000,1815.152000,1.073084
34.768000,2339.952000,0.833497
17.712000,1344.144000,0.754997
5.904000,416.560000,1.112537
24.272000,1817.776000,1.581246
11.152000,3023.504000,0.807937
7.216000,1173.584000,1.078325
3.280000,2126.096000,0.922113
7.216000,1030.576000,1.025934
30.832000,202.704000,1.057832
8.528000,2089.360000,0.939297
16.400000,2817.520000,0.693542
26.896000,870.512000,1.097400
33.456000,601.552000,0.657474
17.712000,1142.096000,1.079557
15.088000,861.328000,0.897635
25.584000,238.128000,0.673183
37.392000,1333.648000,0.831349
7.216000,2692.880000,0.774970
13.776000,2646.960000,1.127371
25.584000,715.696000,1.075243
33.456000,3039.248000,0.815013
8.528000,1047.632000,0.887905
33.456000,2350.448000,1.128386
12.464000,474.288000,0.959993
28.208000,1055.504000,0.915684
19.024000,1535.696000,0.685109
33.456000,192.208000,1.140156
9.840000,738.000000,0.750759
3.280000,3156.016000,0.726085
17.712000,747.184000,0.666389
20.336000,1283.792000,1.107962
4.592000,1972.592000,0.690529
29.520000,2106.416000,1.406948
5.904000,264.368000,1.050160
5.904000,2204.816000,1.212874
19.024000,109.552000,0.907959
1.968000,640.912000,1.102219
24.272000,286.672000,1.119835
1.968000,1292.976000,0.683788
19.024000,270.928000,0.986859
26.896000,1854.512000,0.977858
0.656000,196.144000,0.797673
5.904000,33.456000,0.976096
1.968000,626.480000,0.720680
21.648000,2451.472000,1.291641
30.832000,319.472000,1.041981
9.840000,579.248000,1.108656
37.392000,1677.392000,0.807546
37.392000,2517.072000,0.748582
33.456000,698.640000,0.927139
30.832000,16.400000,0.678922
34.768000,2919.856000,1.088788
25.584000,2480.336000,1.227885
1.968000,1214.256000,1.599332
22.960000,2353.072000,0.797400
15.088000,538.576000,1.057690
21.648000,753.744000,0.663733
15.088000,1914.864000,0.832097
11.152000,2610.224000,1.339950
20.336000,1193.264000,1.153025
30.832000,1979.152000,1.624829
34.768000,646.160000,1.554449
32.144000,2185.136000,1.205087
38.704000,2053.936000,0.710608
30.832000,1468.784000,0.937570
11.152000,480.848000,0.840772
9.840000,179.088000,0.752055
11.152000,639.600000,1.703047
3.280000,2703.376000,0.792071
36.080000,1059.440000,0.972206
3.280000,773.424000,1.818124
15.088000,1732.496000,1.274435
20.336000,744.560000,0.727573
37.392000,3132.400000,0.917265
12.464000,441.488000,0.754663
11.152000,703.888000,0.737436
29.520000,2845.072000,0.863787
34.768000,1429.424000,1.011299
32.144000,770.800000,1.112694
11.152000,339.152000,0.785478
38.704000,16.400000,0.893932
0.656000,3057.616000,0.700765
30.832000,991.216000,1.602397
38.704000,1651.152000,1.444146
26.896000,2977.584000,1.173199
0.656000,2265.168000,0.939041
12.464000,877.072000,0.842796
34.768000,394.256000,0.879282
28.208000,2800.464000,0.804681
32.144000,1728.560000,1.776661
29.520000,2370.128000,1.087469
28.208000,2695.504000,0.742142
28.208000,1072.560000,0.711719
37.392000,778.672000,0.759698
15.088000,2894.928000,1.179143
21.648000,2234.992000,1.209737
34.768000,547.760000,0.805308
9.840000,3194.064000,1.425150
22.960000,2501.328000,1.158015
26.896000,53.136000,1.662376
11.152000,2252.048000,1.138196
28.208000,93.808000,0.837395
11.152000,2496.080000,0.745257
26.896000,2270.416000,0.901173
25.584000,720.944000,0.740386
29.520000,3124.528000,0.692903
37.392000,2935.600000,0.704409
11.152000,340.464000,1.882073
26.896000,1445.168000,1.881070
36.080000,469.040000,0.911812
26.896000,1316.592000,0.719524
36.080000,2503.952000,0.822257
26.896000,479.536000,1.078029
38.704000,1404.496000,1.025795
37.392000,2622.032000,0.901611
12.464000,783.920000,1.290054
36.080000,1131.600000,0.945737
26.896000,974.160000,0.895639
12.464000,2295.344000,0.684655
32.144000,1619.664000,1.166585
8.528000,2384.560000,0.794811
21.648000,2754.544000,1.014036
4.592000,731.440000,2.117290
5.904000,2594.480000,0.771656
11.152000,560.880000,0.696654
24.272000,2463.280000,0.838110
37.392000,818.032000,0.937643
9.840000,1897.808000,0.716312
37.392000,16.400000,0.789709
3.280000,646.160000,0.721359
9.840000,70.192000,0.847338
33.456000,2006.704000,0.667781
38.704000,663.216000,0.665437
33.456000,2002.768000,1.242887
3.280000,225.008000,0.854652
33.456000,926.928000,1.286455
20.336000,3120.592000,0.710806
29.520000,2914.608000,0.673864
29.520000,105.616000,0.724405
12.464000,1127.664000,1.141416
26.896000,1539.632000,1.740242
19.024000,1333.648000,1.246673
12.464000,2963.152000,1.110886
15.088000,2930.352000,0.904211
5.904000,2926.416000,0.871391
28.208000,1973.904000,0.813397
17.712000,85.936000,1.081695
30.832000,2951.344000,0.862248
37.392000,1327.088000,2.075568
30.832000,1220.816000,0.747864
38.704000,3135.024000,1.003066
15.088000,2830.640000,1.096949
5.904000,1047.632000,1.635983
15.088000,2935.600000,1.384225
22.960000,2500.016000,0.837074
9.840000,919.056000,0.701712
37.392000,2241.552000,0.679133
36.080000,1497.648000,0.722275
7.216000,1854.512000,0.661889
21.648000,1428.112000,0.721519
15.088000,1710.192000,0.733630
9.840000,1985.712000,1.270661
17.712000,2019.824000,0.775014
8.528000,100.368000,0.813943
13.776000,110.864000,0.734212
38.704000,3148.144000,1.144269
24.272000,3027.440000,0.808327
33.456000,878.384000,0.889819
21.648000,266.992000,0.778091
4.592000,570.064000,1.171117
11.152000,1191.952000,0.794955
9.840000,2456.720000,0.765338
15.088000,1697.072000,1.033371
11.152000,749.808000,1.201943
5.904000,2922.480000,1.229154
36.080000,1559.312000,1.015330
3.280000,2711.248000,1.020600
9.840000,2321.584000,0.970738
21.648000,12.464000,0.666456
25.584000,2292.720000,0.687955
34.768000,1445.168000,0.842378
13.776000,970.224000,0.888294
20.336000,3121.904000,0.675327
33.456000,1689.200000,0.774313
19.024000,804.912000,0.660318
12.464000,251.248000,0.904599
36.080000,533.328000,0.851068
37.392000,12.464000,0.797346
15.088000,886.256000,1.072639
32.144000,3200.624000,0.941469
9.840000,1428.112000,1.109442
1.968000,1236.560000,1.779445
20.336000,482.160000,0.660461
24.272000,2395.056000,0.859397
8.528000,1958.160000,0.687727
8.528000,825.904000,1.248122
12.464000,1630.160000,0.682526
20.336000,1657.712000,0.971196
25.584000,315.536000,0.923354
8.528000,155.472000,0.910884
25.584000,873.136000,0.694871
15.088000,2274.352000,1.048844
34.768000,40.016000,1.015850
12.464000,1363.824000,0.805238
8.528000,1449.104000,1.258102
9.840000,274.864000,0.909468
21.648000,1845.328000,1.112310
36.080000,249.936000,0.763450
21.648000,1051.568000,0.730769
16.400000,2507.888000,1.291191
11.152000,1994.896000,1.454518
4.592000,2345.200000,0.792148
26.896000,2854.256000,1.107870
25.584000,1669.520000,0.901538
12.464000,1094.864000,1.127208
22.960000,76.752000,0.724166
21.648000,572.688000,0.877967
13.776000,2762.416000,0.717559
1.968000,1841.392000,0.914515
5.904000,1205.072000,0.757700
26.896000,2136.592000,0.866354
1.968000,2839.824000,0.812143
34.768000,1455.664000,0.916916
11.152000,416.560000,1.222559
17.712000,345.712000,0.771131
0.656000,1538.320000,0.678233
11.152000,295.856000,0.784457
3.280000,249.936000,0.823036
34.768000,1938.480000,0.835343
30.832000,2862.128000,0.951606
3.280000,332.592000,0.675127
17.712000,263.056000,0.912503
17.712000,2608.912000,0.722764
12.464000,2460.656000,0.855706
7.216000,852.144000,0.912974
34.768000,2526.256000,0.795154
0.656000,1857.136000,0.979252
0.656000,2957.904000,1.027742
9.840000,2212.688000,0.689667
24.272000,610.736000,1.164267
22.960000,404.752000,0.943799
12.464000,804.912000,0.661739
28.208000,2355.696000,0.706585
20.336000,1773.168000,0.965780
5.904000,2498.704000,1.818634
15.088000,2001.456000,1.167621
9.840000,386.384000,0.829583
22.960000,1967.344000,1.626515
20.336000,551.696000,0.727795
29.520000,3215.056000,1.057035
36.080000,425.744000,0.876015
7.216000,2050.000000,0.734343
22.960000,2198.256000,0.899386
29.520000,2265.168000,0.820297
13.776000,385.072000,0.941912
22.960000,1010.896000,0.797951
25.584000,755.056000,0.676987
32.144000,804.912000,0.748367
9.840000,727.504000,0.745346
22.960000,221.072000,0.725942
30.832000,2444.912000,0.755061
25.584000,3111.408000,1.210188
7.216000,2821.456000,0.697763
20.336000,1127.664000,1.096164
38.704000,2774.224000,0.759670
24.272000,1498.960000,1.026120
8.528000,1254.928000,0.735978
3.280000,1714.128000,0.681158
30.832000,442.800000,1.123814
30.832000,1005.648000,1.061085
20.336000,644.848000,0.724586
12.464000,593.680000,1.341311
13.776000,1983.088000,0.821876
22.960000,2625.968000,0.780006
32.144000,2503.952000,2.135374
36.080000,2177.264000,0.983054
11.152000,341.776000,1.038761
38.704000,2236.304000,1.990468
30.832000,2572.176000,0.797281
24.272000,2556.432000,0.725819
1.968000,1916.176000,0.793359
1.968000,59.696000,0.748418
38.704000,2919.856000,1.444955
36.080000,3015.632000,1.433256
4.592000,1504.208000,0.673085
7.216000,1418.928000,0.711891
15.088000,1492.400000,0.719704
37.392000,673.712000,0.677288
0.656000,638.288000,0.787255
7.216000,2409.488000,0.766842
0.656000,256.496000,0.823558
4.592000,2410.800000,0.856064
12.464000,2316.336000,0.756858
4.592000,2484.272000,1.421558
8.528000,3127.152000,0.695285
26.896000,778.672000,0.705549
12.464000,2325.520000,1.517208
21.648000,3036.624000,0.689235
24.272000,3163.888000,0.852431
36.080000,2029.008000,1.063326
15.088000,833.776000,1.012618
5.904000,2881.808000,1.494607
30.832000,676.336000,0.714588
15.088000,739.312000,1.204918
24.272000,155.472000,0.809300
15.088000,1126.352000,1.040518
36.080000,273.552000,0.863724
17.712000,1206.384000,0.671050
1.968000,1976.528000,1.237575
33.456000,1624.912000,1.306438
33.456000,1606.544000,0.930480
12.464000,3028.752000,0.884533
24.272000,285.360000,1.276767
38.704000,2398.992000,0.809840
32.144000,1094.864000,1.073536
4.592000,1472.720000,0.813677
29.520000,2085.424000,0.932275
4.592000,1016.144000,0.853248
34.768000,2376.688000,0.801997
24.272000,1678.704000,0.819844
37.392000,2734.864000,0.711565
38.704000,2072.304000,1.863208
0.656000,79.376000,2.024762
16.400000,29.520000,3.087248
3.280000,2959.216000,1.541859
19.024000,176.464000,0.830199
32.144000,126.608000,0.882000
32.144000,588.432000,0.683184
26.896000,2721.744000,0.878631
17.712000,1454.352000,1.699984
16.400000,1927.984000,0.686383
17.712000,1711.504000,1.205066
34.768000,3099.600000,1.038241
38.704000,2532.816000,0.916808
7.216000,1622.288000,0.841850
3.280000,2890.992000,0.921059
7.216000,1443.856000,0.668151
17.712000,1955.536000,0.855475
26.896000,423.120000,1.104236
24.272000,1472.720000,1.152361
21.648000,1891.248000,1.295912
34.768000,316.848000,0.938433
25.584000,2178.576000,1.880469
32.144000,62.320000,0.817592
36.080000,1107.984000,1.574085
36.080000,2103.792000,0.924644
34.768000,180.400000,0.675916
22.960000,577.936000,0.905055
13.776000,1476.656000,0.660510
38.704000,2450.160000,1.338782
37.392000,845.584000,0.689674
16.400000,1307.408000,0.821953
3.280000,2265.168000,1.115904
19.024000,2982.832000,0.927689
30.832000,390.320000,0.656303
9.840000,1582.928000,1.244208
22.960000,45.264000,0.748344
19.024000,2018.512000,1.457861
22.960000,1058.128000,0.940099
36.080000,114.800000,1.022221
9.840000,2973.648000,0.747645
26.896000,673.712000,1.398416
32.144000,2877.872000,1.180871
29.520000,1439.920000,0.677547
8.528000,543.824000,0.863853
26.896000,1819.088000,0.730767
37.392000,3083.856000,0.830065
11.152000,1808.592000,0.844455
25.584000,1937.168000,1.139767
20.336000,597.616000,0.788117
7.216000,249.936000,0.954630
3.280000,608.112000,1.235823
16.400000,280.112000,0.863543
7.216000,2242.864000,1.749123
21.648000,571.376000,0.708823
32.144000,2595.792000,1.322220
34.768000,2384.560000,1.563715
24.272000,378.512000,0.874094
0.656000,2244.176000,1.004359
5.904000,1277.232000,0.744005
11.152000,2675.824000,1.089234
38.704000,2418.672000,0.728615
32.144000,1370.384000,1.466148
25.584000,2753.232000,0.762941
8.528000,2513.136000,0.937754
22.960000,3090.416000,0.705110
29.520000,2276.976000,0.670518
21.648000,487.408000,0.841262
15.088000,499.216000,0.789640
9.840000,1250.992000,0.722591
22.960000,1370.384000,0.831798
0.656000,2716.496000,0.994563
19.024000,2118.224000,0.849494
22.960000,419.184000,1.214352
7.216000,2009.328000,0.749308
20.336000,1302.160000,0.711574
12.464000,260.432000,1.271167
13.776000,2965.776000,0.775065
15.088000,2383.248000,1.052323
12.464000,2711.248000,1.574635
13.776000,883.632000,0.860265
13.776000,2967.088000,0.729239
29.520000,1016.144000,0.985088
17.712000,650.096000,1.143155
8.528000,2347.824000,0.764307
28.208000,800.976000,0.865993
20.336000,441.488000,0.864073
5.904000,2031.632000,0.777187
29.520000,2716.496000,1.572354
38.704000,505.776000,0.903391
22.960000,2376.688000,0.689117
13.776000,786.544000,0.658183
17.712000,2829.328000,1.146361
8.528000,1662.960000,0.699181
3.280000,3196.688000,1.233993
8.528000,2300.592000,0.746090
33.456000,2484.272000,0.683191
26.896000,3203.248000,1.224526
25.584000,1063.376000,0.686334
7.216000,869.200000,0.673252
3.280000,3136.336000,1.024158
21.648000,2317.648000,0.783485
11.152000,913.808000,1.615265
17.712000,1045.008000,0.847521
22.960000,3043.184000,1.854603
20.336000,2492.144000,0.660337
22.960000,2311.088000,0.832794
8.528000,2918.544000,1.010413
30.832000,2713.872000,1.801629
26.896000,663.216000,1.260040
5.904000,490.032000,1.227726
12.464000,2858.192000,1.040267
25.584000,2872.624000,0.814610
24.272000,1487.152000,1.335969
38.704000,2157.584000,0.683536
38.704000,1592.112000,1.236025
36.080000,2097.232000,0.706931
21.648000,1950.288000,1.222380
16.400000,2193.008000,1.165169
5.904000,3048.432000,0.666620
33.456000,934.800000,0.790128
30.832000,259.120000,0.782351
4.592000,2296.656000,1.027527
3.280000,2661.392000,0.810271
15.088000,2064.432000,1.337379
26.896000,2620.720000,1.015164
33.456000,2610.224000,0.661347
26.896000,1197.200000,0.730576
20.336000,2506.576000,1.301907
13.776000,3098.288000,1.187550
25.584000,1366.448000,0.916200
32.144000,678.960000,1.275216
5.904000,1626.224000,0.834602
33.456000,2027.696000,1.244066
34.768000,2813.584000,0.756660
3.280000,1862.384000,0.993299
15.088000,2990.704000,0.771406
32.144000,1279.856000,0.959049
16.400000,2038.192000,0.667356
26.896000,899.376000,1.472718
7.216000,1526.512000,0.761453
19.024000,1866.320000,0.824667
29.520000,1068.624000,0.714490
24.272000,99.056000,1.075719
7.216000,1489.776000,0.658563
21.648000,1378.256000,0.824309
8.528000,287.984000,0.933807
8.528000,2675.824000,0.989871
13.776000,3061.552000,0.717907
20.336000,2787.344000,1.026057
34.768000,1290.352000,1.090507
24.272000,1310.032000,1.056748
36.080000,1506.832000,0.975349
21.648000,2938.224000,0.904683
34.768000,553.008000,1.122081
13.776000,1397.936000,0.780571
13.776000,1455.664000,0.924120
8.528000,970.224000,1.173175
37.392000,1749.552000,0.786808
8.528000,955.792000,0.697644
36.080000,1031.888000,0.662704
16.400000,996.464000,0.726853
30.832000,2977.584000,1.309828
28.208000,96.432000,0.769713
25.584000,2064.432000,1.157383
16.400000,1523.888000,1.352872
19.024000,3207.184000,0.698512
5.904000,2232.368000,0.768471
33.456000,3138.960000,0.902842
4.592000,992.528000,0.778310
17.712000,1321.840000,0.891154
38.704000,1799.408000,0.706396
26.896000,2976.272000,0.858756
21.648000,1609.168000,1.142681
3.280000,1518.640000,0.809694
3.280000,47.888000,1.543756
38.704000,1005.648000,1.348417
28.208000,3137.648000,1.420981
30.832000,576.624000,1.050330
17.712000,1990.960000,0.871687
30.832000,2105.104000,0.816572
4.592000,938.736000,0.821665
13.776000,1799.408000,1.119243
20.336000,2713.872000,0.760645
13.776000,1937.168000,1.241189
36.080000,1278.544000,0.928825
9.840000,940.048000,1.079705
11.152000,667.152000,1.446363
21.648000,3221.616000,0.691978
8.528000,2130.032000,0.689388
36.080000,3044.496000,0.857219
34.768000,2986.768000,0.729527
13.776000,888.880000,0.868356
34.768000,2088.048000,1.530397
0.656000,2067.056000,1.520100
13.776000,1905.680000,1.218222
12.464000,3043.184000,1.073715
8.528000,162.032000,0.703359
34.768000,1025.328000,2.775564
19.024000,207.952000,1.392571
0.656000,3016.944000,0.894528
19.024000,1214.256000,0.973424
34.768000,75.440000,1.068409
26.896000,1954.224000,0.757108
30.832000,2706.000000,0.893980
4.592000,3079.920000,1.092121
26.896000,2833.264000,1.010973
9.840000,1594.736000,0.929345
20.336000,537.264000,0.811010
1.968000,2094.608000,1.077366
32.144000,1211.632000,0.886290
16.400000,3183.568000,1.113601
15.088000,1930.608000,0.763807
3.280000,702.576000,0.724543
19.024000,1955.536000,0.975435
9.840000,1493.712000,1.242412
5.904000,1337.584000,1.417790
15.088000,55.760000,0.820486
37.392000,2422.608000,0.715675
3.280000,1206.384000,0.863053
36.080000,1413.680000,0.759212
5.904000,1728.560000,1.025158
36.080000,375.888000,0.753043
34.768000,1488.464000,0.877738
28.208000,2931.664000,0.711742
25.584000,299.792000,0.817202
26.896000,722.256000,0.665256
38.704000,260.432000,1.157606
32.144000,1378.256000,1.167933
5.904000,1973.904000,0.789199
28.208000,558.256000,1.937368
36.080000,228.944000,0.997532
22.960000,2232.368000,1.562509
34.768000,1596.048000,0.685937
21.648000,2528.880000,0.955882
32.144000,1766.608000,0.707848
7.216000,3074.672000,0.938404
4.592000,1750.864000,0.875429
4.592000,1539.632000,0.683097
36.080000,1753.488000,0.795553
26.896000,2755.856000,0.745503
33.456000,1531.760000,1.154508
24.272000,8.528000,0.729300
21.648000,3131.088000,0.780047
20.336000,3216.368000,0.910006
25.584000,2126.096000,0.821061
25.584000,3069.424000,0.839162
17.712000,1672.144000,1.285371
19.024000,1834.832000,0.662330
0.656000,2013.264000,0.677844
36.080000,2220.560000,0.921146
8.528000,3020.880000,1.334169
3.280000,2670.576000,1.310654
15.088000,1951.600000,1.682688
26.896000,2859.504000,0.702572
25.584000,1883.376000,0.958921
33.456000,306.352000,0.725846
36.080000,2132.656000,0.896248
26.896000,2792.592000,1.347082
3.280000,3096.976000,1.055232
13.776000,1548.816000,2.085802
0.656000,694.704000,0.766155
26.896000,172.528000,0.657736
5.904000,2050.000000,0.807249
38.704000,1218.192000,0.871295
19.024000,612.048000,0.880306
9.840000,1029.264000,0.885377
30.832000,2782.096000,0.832894
0.656000,299.792000,1.403420
32.144000,2237.616000,0.762809
34.768000,492.656000,1.239549
1.968000,1714.128000,0.657859
7.216000,1199.824000,1.134113
24.272000,1681.328000,0.929214
5.904000,379.824000,0.760795
16.400000,2897.552000,1.401553
26.896000,1455.664000,1.720589
32.144000,1243.120000,0.676221
19.024000,1487.152000,1.856859
24.272000,1396.624000,1.045938
5.904000,2099.856000,1.407317
25.584000,3100.912000,1.190268
30.832000,1899.120000,0.710359
16.400000,285.360000,0.764543
20.336000,2006.704000,0.749800
38.704000,1422.864000,0.944533
25.584000,1707.568000,0.792813
11.152000,2217.936000,0.851261
21.648000,1191.952000,0.760765
33.456000,1079.120000,0.810931
25.584000,1270.672000,0.848883
22.960000,303.728000,0.801602
8.528000,2779.472000,1.642750
24.272000,522.832000,1.448563
15.088000,2353.072000,0.746957
16.400000,2696.816000,0.885328
19.024000,1601.296000,0.697214
32.144000,2932.976000,1.199913
5.904000,3159.952000,1.097584
34.768000,3165.200000,0.661959
0.656000,654.032000,0.957004
9.840000,268.304000,0.999842
29.520000,1172.272000,0.676355
13.776000,1447.792000,1.450168
12.464000,1378.256000,1.367475
28.208000,1459.600000,0.939533
30.832000,1651.152000,0.750522
26.896000,2051.312000,1.301423
11.152000,1708.880000,0.700223
3.280000,570.064000,0.685770
29.520000,2447.536000,0.816181
7.216000,2036.880000,1.075980
25.584000,319.472000,0.827015
8.528000,2015.888000,1.031242
33.456000,1014.832000,1.606642
17.712000,2957.904000,1.119625
15.088000,551.696000,0.779134
16.400000,631.728000,1.026785
20.336000,881.008000,1.375320
38.704000,1024.016000,1.328593
21.648000,795.728000,0.978260
37.392000,1378.256000,2.385293
26.896000,399.504000,0.718535
30.832000,2401.616000,1.366302
4.592000,2349.136000,0.860290
25.584000,1513.392000,0.737395
9.840000,215.824000,1.016076
19.024000,588.432000,1.016810
20.336000,950.544000,1.233372
19.024000,2489.520000,0.959215
11.152000,2259.920000,0.955024
12.464000,1724.624000,0.792650
20.336000,2964.464000,0.900987
26.896000,1783.664000,0.816063
7.216000,2562.992000,0.772900
28.208000,1623.600000,0.836039
33.456000,588.432000,0.672909
32.144000,2690.256000,0.688634
8.528000,2733.552000,0.906559
26.896000,2528.880000,0.727306
8.528000,1219.504000,0.821530
34.768000,2210.064000,0.835638
22.960000,2503.952000,0.840076
26.896000,45.264000,1.694216
13.776000,290.608000,0.839837
7.216000,887.568000,0.786004
24.272000,167.280000,1.188082
4.592000,1219.504000,0.783979
19.024000,1819.088000,0.988839
24.272000,327.344000,0.819987
19.024000,781.296000,0.882832
29.520000,2359.632000,1.046459
11.152000,3162.576000,0.747293
30.832000,1105.360000,2.047230
3.280000,2085.424000,0.708800
21.648000,2278.288000,0.724517
38.704000,1089.616000,0.658750
28.208000,76.752000,0.675226
13.776000,1160.464000,0.763099
16.400000,1151.280000,1.687847
29.520000,3024.816000,0.717046
25.584000,1311.344000,1.433909
33.456000,2557.744000,1.295785
11.152000,2480.336000,0.974708
0.656000,2511.824000,2.143904
21.648000,1088.304000,0.774606
22.960000,2425.232000,0.786615
16.400000,785.232000,0.981882
20.336000,2606.288000,1.167976
13.776000,1005.648000,1.042559
24.272000,1439.920000,0.904890
20.336000,3061.552000,0.873112
28.208000,2338.640000,0.873801
21.648000,618.608000,0.694068
15.088000,2640.400000,0.741814
37.392000,892.816000,1.291717
9.840000,1433.360000,1.062141
11.152000,564.816000,0.702463
26.896000,2110.352000,0.704370
22.960000,2565.616000,0.878065
13.776000,1231.312000,0.970297
34.768000,1695.760000,0.831411
3.280000,2118.224000,0.973715
7.216000,2463.280000,1.683459
29.520000,2102.480000,0.913983
12.464000,849.520000,1.085672
37.392000,1176.208000,0.819326
5.904000,1716.752000,1.588793
38.704000,1988.336000,0.698571
13.776000,785.232000,0.717911
0.656000,891.504000,2.296832
0.656000,319.472000,0.782782
36.080000,1927.984000,0.673545
26.896000,2355.696000,0.662410
34.768000,2951.344000,0.728457
26.896000,1042.384000,1.107283
37.392000,1525.200000,2.055653
13.776000,2259.920000,0.678636
4.592000,1996.208000,0.841885
22.960000,1687.888000,0.720440
19.024000,2643.024000,0.754620
24.272000,217.136000,1.360133
15.088000,2212.688000,1.280193
32.144000,421.808000,0.977895
30.832000,1331.024000,0.808539
22.960000,1659.024000,0.792405
15.088000,1790.224000,0.927494
11.152000,1913.552000,0.698725
12.464000,99.056000,1.541104
37.392000,3034.000000,0.756338
32.144000,2156.272000,0.673287
5.904000,2984.144000,0.889615
15.088000,528.080000,1.831831
21.648000,1328.400000,1.479430
17.712000,253.872000,1.059238
21.648000,1622.288000,1.027536
17.712000,1209.008000,0.762693
21.648000,1741.680000,0.875722
11.152000,1766.608000,0.766641
33.456000,42.640000,0.695092
7.216000,1451.728000,0.757761
9.840000,1181.456000,0.980932
3.280000,517.584000,0.971680
26.896000,2384.560000,0.907480
9.840000,3064.176000,1.085002
30.832000,2170.704000,0.796554
34.768000,846.896000,1.060447
12.464000,1093.552000,0.755333
19.024000,865.264000,1.394861
11.152000,2723.056000,0.919356
22.960000,2984.144000,1.048479
25.584000,1012.208000,0.744742
9.840000,1142.096000,0.877563
15.088000,621.232000,0.713527
25.584000,3192.752000,1.355997
15.088000,2803.088000,1.294234
12.464000,1429.424000,0.888466
33.456000,690.768000,0.813358
20.336000,2683.696000,0.845065
1.968000,1092.240000,0.827683
37.392000,1783.664000,1.059100
7.216000,2544.624000,1.454581
15.088000,127.920000,0.749603
28.208000,58.384000,0.792511
4.592000,2646.960000,0.876693
28.208000,2741.424000,0.682102
38.704000,3199.312000,1.189387
24.272000,568.752000,1.946895
28.208000,579.248000,0.829951
30.832000,1164.400000,0.656202
8.528000,2772.912000,0.714444
20.336000,189.584000,1.289571
24.272000,882.320000,0.725894
28.208000,646.160000,0.685133
36.080000,358.832000,0.856724
22.960000,2316.336000,0.905470
22.960000,770.800000,1.051092
19.024000,761.616000,1.230429
20.336000,1799.408000,1.789845
16.400000,2625.968000,1.649279
5.904000,2481.648000,1.156417
25.584000,1572.432000,0.664394
15.088000,592.368000,1.330106
38.704000,2326.832000,0.666435
13.776000,1321.840000,1.426661
38.704000,644.848000,1.669270
24.272000,2135.280000,0.755605
16.400000,5.904000,0.841661
38.704000,1340.208000,1.265280
5.904000,487.408000,0.698543
7.216000,1960.784000,1.085870
36.080000,1136.848000,1.071765
20.336000,1369.072000,1.120355
22.960000,576.624000,0.846187
21.648000,888.880000,0.729683
11.152000,770.800000,0.695800
24.272000,943.984000,0.680222
24.272000,512.336000,1.289227
13.776000,364.080000,0.674857
12.464000,2416.048000,1.323148
17.712000,3066.800000,1.124160
11.152000,125.296000,0.996267
22.960000,2170.704000,0.778242
13.776000,2246.800000,0.681793
1.968000,272.240000,0.959140
7.216000,1514.704000,0.818700
16.400000,739.312000,1.176514
19.024000,3119.280000,0.748287
22.960000,1787.600000,0.702102
24.272000,1327.088000,1.459023
22.960000,2719.120000,0.850938
34.768000,1319.216000,1.384810
20.336000,2204.816000,1.116596
28.208000,2123.472000,0.894801
24.272000,118.736000,0.703252
22.960000,2438.352000,0.917560
19.024000,1689.200000,0.913193
3.280000,3061.552000,0.768696
28.208000,1182.768000,0.676101
4.592000,2333.392000,0.837610
1.968000,67.568000,0.789042
9.840000,2021.136000,0.724855
19.024000,51.824000,0.667591
1.968000,783.920000,0.696558
5.904000,669.776000,0.867742
3.280000,2200.880000,0.765477
9.840000,2387.184000,1.258800
13.776000,1779.728000,1.464642
4.592000,3054.992000,0.946669
24.272000,2051.312000,1.766385
29.520000,151.536000,0.949304
4.592000,3045.808000,0.776045
21.648000,2149.712000,1.355556
13.776000,2955.280000,0.773711
13.776000,1735.120000,0.742277
5.904000,1123.728000,2.526946
21.648000,1946.352000,0.893091
25.584000,2321.584000,0.809693
19.024000,2339.952000,1.088424
0.656000,2401.616000,1.393280
38.704000,3069.424000,0.745786
19.024000,291.920000,1.984159
25.584000,936.112000,0.756311
25.584000,917.744000,1.433864
24.272000,919.056000,1.172380
5.904000,1414.992000,0.699535
17.712000,740.624000,1.334957
28.208000,2400.304000,0.942736
30.832000,2280.912000,1.409858
36.080000,2485.584000,0.826521
16.400000,2745.360000,1.347640
13.776000,1274.608000,0.903462
12.464000,1144.720000,0.816342
25.584000,261.744000,0.806977
28.208000,3138.960000,1.168892
21.648000,1316.592000,1.536948
36.080000,2725.680000,0.760596
3.280000,696.016000,1.694118
7.216000,1718.064000,1.132438
0.656000,630.416000,0.712226
28.208000,2892.304000,1.267875
25.584000,1558.000000,0.745709
28.208000,543.824000,0.745962
12.464000,1825.648000,3.224866
32.144000,455.920000,0.994052
29.520000,1303.472000,2.672430
3.280000,2947.408000,1.024042
12.464000,1509.456000,0.669322
24.272000,1811.216000,0.661176
8.528000,2566.928000,1.158994
20.336000,612.048000,1.270153
7.216000,2700.752000,0.982015
4.592000,1285.104000,0.656995
22.960000,2580.048000,1.015108
32.144000,1682.640000,0.766318
29.520000,2172.016000,0.782266
21.648000,1253.616000,0.952343
13.776000,91.184000,1.319456
38.704000,213.200000,1.018778
7.216000,1702.320000,0.786559
9.840000,75.440000,0.790399
38.704000,1763.984000,0.821052
26.896000,2501.328000,1.109203
1.968000,852.144000,0.889425
25.584000,1501.584000,0.688507
33.456000,979.408000,0.681520
8.528000,1268.048000,0.853226
30.832000,2930.352000,0.703004
30.832000,1645.904000,0.927164
30.832000,2259.920000,0.927268
19.024000,1237.872000,0.812639
3.280000,471.664000,1.331876
28.208000,1380.880000,0.900364
20.336000,2177.264000,0.769971
29.520000,1854.512000,0.692741
25.584000,942.672000,0.762379
25.584000,235.504000,1.065840
26.896000,2658.768000,1.378464
0.656000,606.800000,0.868194
11.152000,1934.544000,0.666229
4.592000,230.256000,0.700901
16.400000,1004.336000,0.737940
37.392000,1575.056000,0.980909
12.464000,3098.288000,0.692262
25.584000,1.968000,0.722531
36.080000,2695.504000,1.017284
38.704000,568.752000,1.191213
19.024000,2387.184000,0.720012
12.464000,1404.496000,1.033742
5.904000,1176.208000,0.828479
11.152000,2244.176000,1.007853
5.904000,937.424000,0.841822
1.968000,2414.736000,0.670920
32.144000,106.928000,0.691976
3.280000,2747.984000,1.270484
22.960000,1147.344000,0.709310
36.080000,2464.592000,0.928248
8.528000,779.984000,1.816108
3.280000,762.928000,0.687100
33.456000,877.072000,0.710683
17.712000,1189.328000,1.141707
15.088000,291.920000,1.086846
12.464000,814.096000,0.823478
22.960000,1981.776000,1.443612
25.584000,108.240000,0.771647
7.216000,2164.144000,1.109899
26.896000,3156.016000,0.813296
29.520000,2775.536000,0.734265
5.904000,1659.024000,0.917062
38.704000,2263.856000,0.882274
7.216000,2438.352000,1.060212
28.208000,3215.056000,1.463621
21.648000,1123.728000,0.959131
7.216000,169.904000,0.819421
17.712000,1439.920000,0.724824
3.280000,1951.600000,0.991535
29.520000,1947.664000,0.784344
17.712000,1763.984000,0.667334
36.080000,2737.488000,1.075370
24.272000,2185.136000,0.723862
5.904000,3175.696000,0.953875
4.592000,829.840000,1.235190
4.592000,1914.864000,1.160733
34.768000,2708.624000,0.785287
25.584000,2290.096000,0.696851
15.088000,1340.208000,1.169611
3.280000,1942.416000,1.859122
3.280000,862.640000,1.398641
38.704000,88.560000,0.671606
8.528000,3093.040000,0.928603
32.144000,707.824000,0.756116
36.080000,997.776000,0.733863
17.712000,1960.784000,0.737140
20.336000,1306.096000,0.768166
13.776000,2048.688000,0.690773
19.024000,2368.816000,0.784034
19.024000,2725.680000,0.693163
33.456000,615.984000,0.894144
12.464000,272.240000,1.038586
15.088000,1281.168000,0.773180
22.960000,2624.656000,0.893169
26.896000,533.328000,2.482614
32.144000,748.496000,1.089516
12.464000,1762.672000,0.662362
26.896000,1807.280000,0.864131
26.896000,2490.832000,1.046449
25.584000,509.712000,0.769386
22.960000,1371.696000,1.484936
30.832000,1237.872000,1.187959
11.152000,1855.824000,1.805324
4.592000,2887.056000,1.191293
30.832000,555.632000,0.741030
34.768000,2797.840000,0.720864
9.840000,1584.240000,0.872142
24.272000,67.568000,1.357336
20.336000,2771.600000,0.918134
8.528000,1901.744000,1.908909
13.776000,635.664000,1.361422
26.896000,1910.928000,1.150423
1.968000,1934.544000,0.703606
32.144000,231.568000,0.758339
3.280000,181.712000,0.677760
8.528000,567.440000,0.836343
25.584000,846.896000,0.742076
22.960000,1543.568000,0.661635
21.648000,496.592000,0.821550
36.080000,1509.456000,0.926098
12.464000,812.784000,0.913860
11.152000,1211.632000,1.081443
7.216000,2185.136000,0.903702
16.400000,1614.416000,0.847271
30.832000,879.696000,0.668253
36.080000,3115.344000,0.829548
1.968000,815.408000,1.498601
20.336000,2810.960000,2.067402
17.712000,2754.544000,0.781000
8.528000,1922.736000,0.667164
33.456000,782.608000,0.741631
8.528000,2154.960000,0.714868
20.336000,2873.936000,1.016882
32.144000,1190.640000,0.967424
16.400000,2740.112000,0.986072
21.648000,1519.952000,0.821307
33.456000,152.848000,0.708655
9.840000,1058.128000,0.761167
17.712000,3166.512000,0.661612
22.960000,2683.696000,0.977027
15.088000,1518.640000,0.751534
38.704000,1832.208000,0.700934
1.968000,284.048000,0.787935
26.896000,1603.920000,1.278722
24.272000,1585.552000,0.903622
25.584000,517.584000,0.731941
0.656000,2578.736000,1.077963
13.776000,3129.776000,0.838950
22.960000,3107.472000,0.962417
28.208000,1544.880000,0.766982
15.088000,2978.896000,0.974781
32.144000,1899.120000,0.970126
30.832000,2969.712000,0.805422
32.144000,1868.944000,1.046497
37.392000,2343.888000,1.053353
3.280000,3123.216000,1.569596
0.656000,1635.408000,0.720421
28.208000,881.008000,1.200660
11.152000,469.040000,0.700476
33.456000,332.592000,0.794886
5.904000,3188.816000,1.080160
1.968000,1602.608000,1.184447
0.656000,138.416000,1.516949
32.144000,2050.000000,0.661502
20.336000,803.600000,0.899711
15.088000,879.696000,1.690196
36.080000,710.448000,1.005365
28.208000,1220.816000,0.767874
16.400000,3103.536000,0.932956
19.024000,3218.992000,0.809848
30.832000,337.840000,0.665375
36.080000,810.160000,0.781616
16.400000,2145.776000,0.718776
13.776000,1702.320000,1.053035
12.464000,2229.744000,1.156115
16.400000,306.352000,0.729121
22.960000,532.016000,1.081372
34.768000,2165.456000,0.948243
30.832000,114.800000,0.914858
22.960000,1941.104000,0.775935
4.592000,1998.832000,0.992679
4.592000,475.600000,0.657105
25.584000,1153.904000,0.744173
9.840000,1889.936000,0.789205
20.336000,2898.864000,0.884443
16.400000,391.632000,0.968746
37.392000,181.712000,1.591372
33.456000,706.512000,0.690379
29.520000,1212.944000,1.201121
19.024000,129.232000,1.018379
38.704000,765.552000,0.853358
13.776000,3103.536000,0.939226
4.592000,1778.416000,1.199251
38.704000,1669.520000,0.791199
15.088000,1128.976000,0.781878
8.528000,1233.936000,0.695684
38.704000,786.544000,1.819668
21.648000,1010.896000,0.741344
32.144000,377.200000,0.901356
5.904000,1731.184000,0.736180
28.208000,2648.272000,0.687848
20.336000,2716.496000,0.990600
30.832000,2733.552000,0.702315
17.712000,1618.352000,0.752674
32.144000,2388.496000,0.679448
22.960000,3120.592000,1.291299
8.528000,732.752000,0.681407
0.656000,408.688000,0.713746
37.392000,1769.232000,0.787215
5.904000,2363.568000,0.813549
34.768000,1136.848000,0.916489
5.904000,1762.672000,0.802171
3.280000,1483.216000,1.420449
20.336000,2825.392000,0.981000
21.648000,1710.192000,0.850364
19.024000,766.864000,0.971580
8.528000,1809.904000,0.946691
30.832000,1996.208000,0.723575
7.216000,2161.520000,0.674254
25.584000,1901.744000,0.849659
13.776000,210.576000,0.727168
12.464000,3083.856000,1.295510
13.776000,2154.960000,0.859926
12.464000,2980.208000,0.885716
5.904000,1258.864000,0.982213
7.216000,756.368000,0.860040
22.960000,1432.048000,0.727518
38.704000,2889.680000,1.066907
26.896000,1937.168000,0.723746
9.840000,3175.696000,0.844172
5.904000,2355.696000,0.753429
22.960000,1218.192000,0.682575
1.968000,1762.672000,1.281373
17.712000,992.528000,2.357709
13.776000,671.088000,0.719555
8.528000,420.496000,1.043409
12.464000,1384.816000,0.775615
1.968000,472.976000,1.013136
11.152000,449.360000,0.751527
20.336000,67.568000,0.718139
21.648000,1690.512000,0.751659
1.968000,2860.816000,0.824403
30.832000,2250.736000,0.698405
32.144000,1685.264000,0.921734
11.152000,2090.672000,1.077682
21.648000,2578.736000,1.176666
21.648000,2923.792000,0.670781
16.400000,1114.544000,1.059747
26.896000,2320.272000,1.727990
22.960000,2186.448000,1.022917
16.400000,1682.640000,0.874748
33.456000,43.952000,0.857359
19.024000,3065.488000,0.923008
24.272000,1841.392000,0.935977
33.456000,618.608000,1.078014
3.280000,2429.168000,0.913970
3.280000,1918.800000,0.986261
37.392000,3056.304000,0.759599
5.904000,522.832000,1.217382
15.088000,1880.752000,0.802688
30.832000,2370.128000,0.693230
26.896000,1899.120000,0.786571
15.088000,2357.008000,0.723748
16.400000,1458.288000,0.764488
24.272000,1951.600000,0.722516
36.080000,1354.640000,0.705551
34.768000,2396.368000,1.747139
21.648000,2625.968000,0.679421
34.768000,3188.816000,0.928366
28.208000,1573.744000,0.704080
20.336000,2947.408000,1.464170
8.528000,106.928000,1.570776
16.400000,2984.144000,0.665550
28.208000,2326.832000,1.321813
37.392000,518.896000,0.788910
37.392000,341.776000,1.283403
5.904000,354.896000,0.922585
37.392000,2220.560000,1.263956
7.216000,1138.160000,0.926281
38.704000,378.512000,1.006422
0.656000,3079.920000,1.496887
28.208000,1740.368000,2.102266
26.896000,2185.136000,0.904878
21.648000,2059.184000,0.832031
15.088000,3140.272000,0.911145
3.280000,64.944000,0.980951
28.208000,602.864000,0.714226
24.272000,854.768000,0.818306
34.768000,644.848000,0.810277
34.768000,1732.496000,0.724867
21.648000,1121.104000,1.377172
7.216000,1668.208000,0.656529
25.584000,584.496000,0.860463
12.464000,286.672000,0.769046
28.208000,971.536000,0.704711
7.216000,1387.440000,1.384891
30.832000,728.816000,0.665438
3.280000,2482.960000,0.799368
13.776000,1374.320000,0.770992
15.088000,2450.160000,1.162196
13.776000,2244.176000,0.664544
3.280000,318.160000,0.867368
32.144000,1590.800000,1.421343
22.960000,660.592000,1.253406
19.024000,1719.376000,0.669067
5.904000,705.200000,0.761806
24.272000,2214.000000,2.283766
7.216000,1560.624000,0.848053
3.280000,2732.240000,0.764170
0.656000,2772.912000,0.916880
13.776000,1222.128000,1.243107
11.152000,1224.752000,0.992844
12.464000,2509.200000,0.664971
17.712000,54.448000,0.692133
22.960000,2070.992000,0.796625
1.968000,1273.296000,1.111709
28.208000,2514.448000,0.879147
22.960000,2387.184000,1.065797
29.520000,2883.120000,1.230362
1.968000,239.440000,0.843179
1.968000,1307.408000,0.688933
29.520000,2858.192000,0.892541
9.840000,28.208000,0.954393
15.088000,2333.392000,0.744964
3.280000,1264.112000,1.485887
37.392000,336.528000,0.908003
16.400000,1012.208000,1.391419
22.960000,877.072000,1.012893
34.768000,2728.304000,1.011829
11.152000,909.872000,0.797540
0.656000,1606.544000,0.707889
17.712000,26.896000,1.190641
32.144000,2311.088000,0.887283
37.392000,1418.928000,0.670949
19.024000,1459.600000,1.703381
7.216000,1969.968000,1.391356
26.896000,1256.240000,1.655222
12.464000,2515.760000,0.681137
17.712000,2940.848000,0.701074
32.144000,1.968000,1.929966
5.904000,1931.920000,1.394368
7.216000,950.544000,0.686786
33.456000,2292.720000,1.445255
21.648000,2792.592000,0.658806
24.272000,1017.456000,2.065172
11.152000,458.544000,0.682488
17.712000,2740.112000,0.746622
29.520000,2606.288000,1.364252
16.400000,900.688000,0.661563
19.024000,2164.144000,0.681153
4.592000,238.128000,1.536269
36.080000,2747.984000,1.220966
0.656000,190.896000,0.759941
20.336000,1084.368000,0.995858
34.768000,2822.768000,0.677843
17.712000,1430.736000,0.776415
13.776000,1027.952000,0.716352
16.400000,1576.368000,0.945116
7.216000,2540.688000,0.689579
1.968000,2884.432000,0.844214
4.592000,574.000000,1.052488
9.840000,1176.208000,1.225932
33.456000,874.448000,0.658034
17.712000,1707.568000,0.870649
7.216000,2107.728000,0.753354
20.336000,2591.856000,1.898895
26.896000,2783.408000,0.754097
25.584000,3026.128000,0.711234
21.648000,3222.928000,0.767923
37.392000,307.664000,0.667075
20.336000,1033.200000,0.753634
11.152000,1303.472000,1.471782
9.840000,980.720000,0.859475
28.208000,2745.360000,0.993126
37.392000,2654.832000,1.420241
8.528000,2746.672000,0.758084
15.088000,3138.960000,0.728452
8.528000,2914.608000,0.716383
37.392000,1577.680000,1.319506
19.024000,87.248000,0.734388
20.336000,2963.152000,0.759588
38.704000,2375.376000,0.841853
38.704000,2598.416000,0.827564
32.144000,1048.944000,1.097131
38.704000,2333.392000,1.123540
4.592000,2837.200000,0.896923
22.960000,1913.552000,0.698109
22.960000,2430.480000,0.662399
3.280000,30.832000,0.934720
13.776000,2658.768000,1.057195
9.840000,803.600000,1.089071
7.216000,3051.056000,1.528027
25.584000,1916.176000,0.938026
37.392000,2918.544000,1.116174
12.464000,2485.584000,1.022665
28.208000,794.416000,0.677568
11.152000,903.312000,0.692992
4.592000,207.952000,0.885745
36.080000,1069.936000,1.815720
24.272000,3123.216000,0.685403
12.464000,2103.792000,0.842052
9.840000,1417.616000,0.730875
16.400000,2972.336000,0.881291
38.704000,1472.720000,0.779573
32.144000,3221.616000,1.030780
17.712000,2267.792000,0.671228
1.968000,2050.000000,1.368369
5.904000,2526.256000,0.687575
15.088000,2224.496000,1.512871
19.024000,173.840000,1.350223
16.400000,1144.720000,1.122526
4.592000,1523.888000,1.810316
25.584000,1325.776000,1.603422
36.080000,2754.544000,0.775777
11.152000,1014.832000,1.454471
28.208000,1762.672000,1.725439
24.272000,2803.088000,0.734301
38.704000,348.336000,0.779144
33.456000,1647.216000,0.779691
5.904000,204.016000,0.697572
0.656000,714.384000,0.745484
1.968000,676.336000,1.305057
29.520000,1045.008000,1.144625
4.592000,2416.048000,0.660768
4.592000,874.448000,1.099191
38.704000,1630.160000,1.094682
22.960000,1072.560000,0.729882
16.400000,1934.544000,0.766034
38.704000,2678.448000,1.191413
25.584000,1271.984000,1.143332
21.648000,2906.736000,0.662185
37.392000,2570.864000,1.018294
34.768000,1639.344000,0.750377
19.024000,875.760000,1.080639
5.904000,1847.952000,2.852213
22.960000,2939.536000,1.382735
8.528000,2472.464000,0.884847
28.208000,577.936000,0.682040
1.968000,1111.920000,1.101607
37.392000,1534.384000,0.699067
28.208000,652.720000,0.724244
16.400000,2160.208000,1.015478
4.592000,2257.296000,0.656781
12.464000,2779.472000,0.701786
19.024000,625.168000,0.759881
32.144000,2852.944000,0.773648
21.648000,2287.472000,0.676285
1.968000,38.704000,1.099364
38.704000,1665.584000,0.715727
5.904000,183.024000,0.697889
11.152000,1169.648000,0.851042
36.080000,3162.576000,0.981029
9.840000,3079.920000,0.812681
12.464000,2531.504000,0.756287
1.968000,717.008000,0.945960
16.400000,2233.680000,1.955679
19.024000,1320.528000,1.526855
30.832000,793.104000,2.133881
28.208000,1016.144000,0.682059
34.768000,1509.456000,1.100299
25.584000,699.952000,0.681506
32.144000,2771.600000,1.136620
17.712000,3218.992000,1.628029
25.584000,832.464000,0.749478
1.968000,886.256000,0.780508
4.592000,336.528000,0.686863
34.768000,1652.464000,2.484911
13.776000,2635.152000,0.756049
7.216000,1480.592000,1.804991
16.400000,541.200000,0.804369
37.392000,2370.128000,0.873653
1.968000,2969.712000,1.183899
20.336000,1909.616000,1.060327
15.088000,1447.792000,0.852279
0.656000,689.456000,1.180390
7.216000,154.160000,0.755099
21.648000,1531.760000,0.681501
32.144000,1038.448000,1.769598
16.400000,1897.808000,1.162392
37.392000,2320.272000,1.008124
22.960000,366.704000,0.815136
17.712000,45.264000,1.350058
13.776000,2581.360000,0.943322
1.968000,2662.704000,0.667375
3.280000,2644.336000,0.957747
25.584000,1740.368000,0.674937
33.456000,188.272000,0.826002
34.768000,2063.120000,0.907506
11.152000,1673.456000,1.766218
12.464000,1026.640000,1.081044
21.648000,1556.688000,0.738559
16.400000,3165.200000,0.900276
30.832000,316.848000,1.401119
25.584000,2786.032000,0.765508
15.088000,47.888000,0.730357
11.152000,664.528000,0.950095
7.216000,1493.712000,0.804149
4.592000,1059.440000,0.656087
4.592000,576.624000,0.949356
1.968000,2099.856000,0.854017
30.832000,118.736000,1.214952
1.968000,1960.784000,1.418217
33.456000,837.712000,0.823756
30.832000,1152.592000,0.970477
30.832000,1905.680000,1.191448
38.704000,2745.360000,0.787996
13.776000,373.264000,0.781033
20.336000,2635.152000,1.664891
29.520000,1582.928000,0.919783
25.584000,9.840000,0.785716
9.840000,598.928000,0.896523
21.648000,1951.600000,0.933970
24.272000,934.800000,0.690469
20.336000,2951.344000,0.702757
5.904000,185.648000,0.797955
16.400000,2586.608000,1.469654
38.704000,978.096000,1.238611
36.080000,1916.176000,0.762011
17.712000,871.824000,1.090132
38.704000,657.968000,0.749143
8.528000,1535.696000,0.926098
15.088000,2656.144000,0.997642
26.896000,395.568000,0.838390
8.528000,2876.560000,0.713132
32.144000,1437.296000,1.425441
5.904000,1987.024000,1.108534
17.712000,2947.408000,0.668094
11.152000,2635.152000,1.086728
11.152000,1313.968000,1.619426
5.904000,2396.368000,0.808544
1.968000,448.048000,0.973826
4.592000,1572.432000,1.048808
17.712000,1871.568000,1.079463
26.896000,2258.608000,0.717123
38.704000,2789.968000,1.004580
4.592000,1763.984000,1.621220
20.336000,3085.168000,0.947847
30.832000,2005.392000,0.893959
1.968000,2318.960000,0.734071
24.272000,407.376000,0.804686
25.584000,1222.128000,1.043579
9.840000,2818.832000,1.235895
8.528000,41.328000,0.822665
34.768000,143.664000,0.671404
38.704000,2336.016000,0.822940
12.464000,1283.792000,2.146952
1.968000,3009.072000,0.723576
17.712000,2234.992000,0.674996
9.840000,476.912000,0.832749
30.832000,2939.536000,0.772448
1.968000,2826.704000,1.144529
36.080000,2109.040000,0.868521
22.960000,2849.008000,0.940170
37.392000,1966.032000,0.686386
25.584000,2443.600000,0.836324
8.528000,1558.000000,0.789739
33.456000,2334.704000,1.705956
38.704000,551.696000,0.784065
32.144000,791.792000,0.662503
16.400000,3010.384000,0.674154
25.584000,919.056000,0.787411
9.840000,621.232000,0.688404
38.704000,2280.912000,0.775547
15.088000,3115.344000,1.176571
36.080000,454.608000,0.751103
28.208000,1594.736000,0.755419
3.280000,476.912000,1.656985
28.208000,1429.424000,0.667541
30.832000,839.024000,0.761856
13.776000,1379.568000,1.065958
17.712000,810.160000,0.662098
3.280000,2086.736000,0.929748
32.144000,623.856000,0.917602
33.456000,1024.016000,0.713253
26.896000,2292.720000,1.533623
34.768000,1813.840000,0.855719
37.392000,2229.744000,0.949995
8.528000,1097.488000,2.082761
7.216000,2779.472000,0.886150
28.208000,2805.712000,0.768291
26.896000,1547.504000,1.727276
29.520000,1686.576000,0.658721
36.080000,2922.480000,0.902421
22.960000,2635.152000,0.878499
26.896000,2421.296000,1.120874
19.024000,543.824000,2.197604
25.584000,660.592000,1.195666
34.768000,556.944000,0.913093
12.464000,1959.472000,0.917992
12.464000,1502.896000,0.698227
22.960000,2346.512000,0.717805
5.904000,508.400000,0.820746
15.088000,2555.120000,0.782577
13.776000,1573.744000,0.691673
4.592000,2106.416000,0.690805
28.208000,2872.624000,0.811385
28.208000,2616.784000,0.929511
8.528000,2685.008000,1.151063
24.272000,2589.232000,1.217671
19.024000,529.392000,0.829408
16.400000,888.880000,0.971199
4.592000,1201.136000,0.865593
11.152000,1425.488000,1.183531
32.144000,2804.400000,1.282058
34.768000,1442.544000,1.848292
17.712000,2370.128000,0.884145
12.464000,482.160000,0.658066
0.656000,1290.352000,0.992484
12.464000,1992.272000,0.849146
32.144000,2545.936000,0.678618
19.024000,1901.744000,0.658844
13.776000,1926.672000,1.643440
1.968000,3144.208000,0.681650
38.704000,1195.888000,0.869330
11.152000,3192.752000,1.160466
4.592000,1680.016000,1.124474
33.456000,2608.912000,0.814471
37.392000,917.744000,1.448487
30.832000,887.568000,0.871569
1.968000,869.200000,0.718084
17.712000,3016.944000,0.816927
8.528000,164.656000,0.715758
7.216000,2494.768000,0.752573
7.216000,1211.632000,2.495000
8.528000,1607.856000,0.987124
4.592000,2297.968000,1.656260
4.592000,2946.096000,0.732183
3.280000,3052.368000,0.787100
25.584000,2115.600000,1.026651
33.456000,2214.000000,0.991364
20.336000,1535.696000,0.824950
25.584000,290.608000,0.815816
36.080000,1980.464000,0.940271
37.392000,207.952000,0.719226
24.272000,1380.880000,1.187155
17.712000,2560.368000,0.954568
33.456000,17.712000,1.073758
21.648000,987.280000,0.949300
21.648000,2741.424000,0.862509
24.272000,2170.704000,0.852024
38.704000,482.160000,0.733213
11.152000,1718.064000,0.731171
15.088000,1739.056000,1.405941
8.528000,3222.928000,0.743109
13.776000,799.664000,0.767940
34.768000,930.864000,0.682946
0.656000,2321.584000,1.045483
8.528000,223.696000,0.788079
12.464000,656.656000,2.291988
34.768000,3061.552000,0.855044
32.144000,1086.992000,0.709821
17.712000,459.856000,0.812921
29.520000,870.512000,0.939250
24.272000,1593.424000,1.427469
20.336000,1564.560000,0.681105
33.456000,2573.488000,0.980332
1.968000,936.112000,0.827405
34.768000,2698.128000,1.604351
26.896000,2990.704000,1.135600
30.832000,3098.288000,1.002673
22.960000,74.128000,0.830865
8.528000,995.152000,0.901154
8.528000,2833.264000,0.807352
11.152000,403.440000,1.515022
3.280000,2695.504000,0.798265
9.840000,907.248000,0.726495
33.456000,3099.600000,0.710144
37.392000,2199.568000,0.859258
13.776000,1414.992000,0.827253
8.528000,1016.144000,1.124213
0.656000,106.928000,0.830402
1.968000,2225.808000,0.793358
15.088000,2519.696000,0.762689
8.528000,1407.120000,0.704877
13.776000,138.416000,0.914323
38.704000,576.624000,0.934907
24.272000,1321.840000,1.165654
34.768000,2391.120000,0.669350
38.704000,2511.824000,1.169432
28.208000,2711.248000,1.297158
15.088000,2837.200000,0.664654
19.024000,797.040000,0.657931
28.208000,2252.048000,1.282995
29.520000,2917.232000,0.818753
0.656000,1551.440000,0.669441
12.464000,1323.152000,1.448040
19.024000,289.296000,0.769057
37.392000,1310.032000,3.521980
33.456000,3002.512000,1.202856
9.840000,281.424000,1.398735
0.656000,1809.904000,0.783071
16.400000,3148.144000,0.673585
3.280000,396.880000,0.751251
20.336000,160.720000,1.081745
32.144000,2257.296000,1.053509
0.656000,2618.096000,0.996844
1.968000,1006.960000,1.384804
32.144000,1180.144000,0.861118
9.840000,1763.984000,0.691523
7.216000,579.248000,1.650911
3.280000,1677.392000,1.079569
12.464000,307.664000,1.233533
20.336000,2561.680000,0.881032
13.776000,2179.888000,0.718869
4.592000,2952.656000,0.845013
20.336000,183.024000,1.472685
5.904000,3005.136000,1.495279
33.456000,1489.776000,0.799098
3.280000,825.904000,0.666935
9.840000,122.672000,0.790156
9.840000,1407.120000,0.942084
13.776000,1744.304000,1.033896
12.464000,583.184000,1.132183
30.832000,2480.336000,0.735559
30.832000,1613.104000,0.665711
26.896000,3201.936000,0.672137
19.024000,1341.520000,1.490787
38.704000,248.624000,0.691223
24.272000,463.792000,0.784285
3.280000,871.824000,0.714486
7.216000,2582.672000,0.729114
26.896000,816.720000,0.791106
29.520000,1468.784000,0.677543
26.896000,1376.944000,0.929185
38.704000,2431.792000,0.969193
37.392000,282.736000,1.651156
1.968000,1706.256000,0.895692
33.456000,1172.272000,1.209867
5.904000,1526.512000,0.672871
32.144000,1111.920000,1.032874
20.336000,2625.968000,0.876777
19.024000,3107.472000,0.765179
24.272000,2531.504000,1.405667
20.336000,476.912000,0.843725
37.392000,3127.152000,0.796145
29.520000,1147.344000,0.779658
30.832000,1523.888000,1.203517
32.144000,1606.544000,1.508268
9.840000,2046.064000,0.802105
25.584000,2051.312000,0.677881
20.336000,2378.000000,1.287962
8.528000,2164.144000,0.753694
4.592000,1101.424000,0.772747
15.088000,1092.240000,1.506889
16.400000,2228.432000,1.185712
15.088000,1456.976000,0.911807
5.904000,597.616000,1.618495
34.768000,1067.312000,1.671707
22.960000,1429.424000,0.983584
11.152000,2656.144000,1.123996
34.768000,1459.600000,0.853387
0.656000,625.168000,1.223532
37.392000,2633.840000,0.741354
32.144000,3030.064000,0.830086
1.968000,2460.656000,1.116323
26.896000,2521.008000,0.749036
37.392000,3005.136000,2.378309
29.520000,2324.208000,1.243140
5.904000,3013.008000,0.663689
29.520000,2455.408000,1.459856
13.776000,844.272000,0.795250
32.144000,633.040000,0.966281
4.592000,1450.416000,0.697579
8.528000,2156.272000,0.772608
17.712000,377.200000,1.200012
17.712000,1220.816000,0.705921
22.960000,2547.248000,1.093667
34.768000,2026.384000,1.212008
22.960000,252.560000,1.051904
15.088000,1146.032000,0.787516
15.088000,985.968000,1.271868
15.088000,3192.752000,0.748109
17.712000,155.472000,0.659795
13.776000,2973.648000,2.428725
7.216000,1281.168000,1.010701
5.904000,2480.336000,0.674324
7.216000,2004.080000,0.892791
28.208000,1178.832000,0.856236
7.216000,524.144000,1.259176
17.712000,385.072000,0.743454
28.208000,2068.368000,1.218886
11.152000,2625.968000,1.055461
30.832000,2909.360000,0.841356
1.968000,963.664000,0.684499
9.840000,2395.056000,1.190229
28.208000,2897.552000,1.107061
25.584000,3131.088000,0.695184
16.400000,530.704000,0.814955
19.024000,3073.360000,0.789236
4.592000,210.576000,1.128765
30.832000,2603.664000,0.779144
5.904000,1004.336000,0.991400
17.712000,908.560000,0.812907
37.392000,2228.432000,1.379587
15.088000,980.720000,0.703551
30.832000,756.368000,0.867310
1.968000,583.184000,0.699769
7.216000,2972.336000,0.707770
38.704000,416.560000,0.886860
16.400000,1391.376000,1.052222
1.968000,215.824000,0.726314
15.088000,1041.072000,0.906642
4.592000,1256.240000,0.658533
25.584000,2038.192000,0.826604
5.904000,2107.728000,0.775428
8.528000,1430.736000,0.885085
0.656000,2870.000000,1.256954
8.528000,364.080000,0.766204
22.960000,619.920000,0.920446
28.208000,516.272000,1.254466
15.088000,190.896000,1.179933
9.840000,672.400000,0.754871
36.080000,2800.464000,0.850466
34.768000,2257.296000,1.052551
33.456000,1567.184000,0.913425
28.208000,938.736000,0.698345
17.712000,2008.016000,0.669145
13.776000,156.784000,1.134982
38.704000,2662.704000,0.940609
7.216000,2545.936000,0.709539
13.776000,1199.824000,2.090194
25.584000,2942.160000,0.684551
38.704000,709.136000,0.666149
1.968000,1362.512000,0.656099
13.776000,1084.368000,1.077027
4.592000,881.008000,0.748060
20.336000,3194.064000,0.823490
21.648000,3019.568000,1.126536
33.456000,1193.264000,0.823449
0.656000,2502.640000,1.196589
1.968000,993.840000,0.836872
3.280000,730.128000,0.927721
32.144000,2387.184000,0.672300
26.896000,2981.520000,0.774329
16.400000,1349.392000,1.009419
33.456000,2103.792000,0.858896
8.528000,1618.352000,0.671313
12.464000,2972.336000,0.808639
28.208000,1216.880000,1.695180
4.592000,322.096000,1.051976
22.960000,1029.264000,0.737925
4.592000,3073.360000,2.612800
16.400000,639.600000,0.747136
17.712000,1592.112000,1.198960
28.208000,2988.080000,0.890062
29.520000,1610.480000,0.892933
0.656000,2215.312000,0.699740
3.280000,1838.768000,0.727809
17.712000,2307.152000,0.673319
17.712000,1744.304000,2.175949
28.208000,1073.872000,0.728525
22.960000,261.744000,0.936443
30.832000,2863.440000,1.171824
15.088000,1933.232000,0.713874
12.464000,318.160000,1.737707
29.520000,2009.328000,0.732805
37.392000,210.576000,0.687153
0.656000,2720.432000,0.851333
0.656000,1900.432000,0.658423
36.080000,1651.152000,0.916670
8.528000,137.104000,1.532144
36.080000,1576.368000,1.139226
13.776000,2723.056000,0.697848
19.024000,2734.864000,0.678949
15.088000,2801.776000,0.704928
7.216000,2094.608000,1.034115
37.392000,2050.000000,0.729739
15.088000,1623.600000,1.081347
15.088000,82.000000,0.691016
8.528000,478.224000,0.742175
0.656000,1657.712000,1.526286
16.400000,2564.304000,1.123354
13.776000,1728.560000,0.863623
30.832000,1249.680000,0.922436
11.152000,1016.144000,0.856794
5.904000,1264.112000,0.860266
3.280000,24.272000,0.669866
9.840000,521.520000,0.982146
13.776000,2753.232000,1.218087
1.968000,236.816000,0.800803
29.520000,2254.672000,0.952750
33.456000,555.632000,0.718529
15.088000,2678.448000,0.767194
32.144000,1977.840000,1.664605
34.768000,730.128000,0.730993
5.904000,93.808000,1.052012
7.216000,995.152000,0.862395
20.336000,2879.184000,0.800813
3.280000,3198.000000,1.522101
25.584000,2318.960000,0.838846
29.520000,2732.240000,0.919205
5.904000,1611.792000,0.953282
21.648000,38.704000,1.389198
28.208000,1935.856000,1.528347
26.896000,2866.064000,0.985361
13.776000,1081.744000,1.184792
37.392000,2750.608000,1.793694
36.080000,974.160000,0.939884
38.704000,483.472000,0.659015
26.896000,2345.200000,1.114805
33.456000,1913.552000,1.175507
8.528000,1899.120000,0.677046
26.896000,529.392000,0.891150
12.464000,1268.048000,0.769491
36.080000,741.936000,0.722987
15.088000,574.000000,0.731951
25.584000,2185.136000,0.915354
25.584000,1269.360000,1.040889
13.776000,980.720000,1.117063
7.216000,1660.336000,1.180523
38.704000,79.376000,0.984056
36.080000,398.192000,1.125635
4.592000,2868.688000,1.432289
4.592000,1113.232000,0.781426
34.768000,2366.192000,0.972273
38.704000,867.888000,1.024833
7.216000,1548.816000,0.775372
19.024000,2834.576000,1.460273
0.656000,2448.848000,1.132959
7.216000,1058.128000,1.229876
9.840000,1291.664000,0.719913
0.656000,1157.840000,0.731663
3.280000,3192.752000,0.684468
22.960000,1866.320000,0.935164
25.584000,2085.424000,0.849269
9.840000,518.896000,0.720502
36.080000,2328.144000,0.761082
30.832000,2132.656000,0.668726
11.152000,1317.904000,0.961337
16.400000,815.408000,1.019959
9.840000,1458.288000,0.695658
19.024000,768.176000,0.659681
12.464000,979.408000,0.980913
30.832000,2385.872000,1.507466
16.400000,951.856000,1.824131
16.400000,823.280000,0.723891
22.960000,2406.864000,1.283176
4.592000,1176.208000,0.698057
26.896000,1942.416000,0.673490
0.656000,1042.384000,1.406067
21.648000,1816.464000,0.775149
25.584000,1830.896000,0.678789
21.648000,2936.912000,0.795874
0.656000,348.336000,1.008897
13.776000,1089.616000,0.669409
29.520000,953.168000,1.237404
7.216000,2736.176000,0.915808
37.392000,1508.144000,0.935399
15.088000,794.416000,0.944902
12.464000,333.904000,0.730998
22.960000,2189.072000,0.759554
25.584000,143.664000,1.021331
28.208000,1136.848000,0.669696
33.456000,1742.992000,0.797230
16.400000,406.064000,1.089760
28.208000,2754.544000,0.689722
26.896000,581.872000,1.224159
33.456000,2064.432000,1.183657
33.456000,2211.376000,0.914521
5.904000,3165.200000,0.932563
22.960000,1539.632000,0.671170
30.832000,2398.992000,1.119180
11.152000,3073.360000,1.096258
5.904000,2398.992000,0.711012
16.400000,287.984000,0.824205
37.392000,3150.768000,1.917459
8.528000,1561.936000,0.969080
26.896000,2656.144000,0.922733
4.592000,650.096000,0.911552
26.896000,2085.424000,1.219952
0.656000,988.592000,1.018917
29.520000,2048.688000,0.686460
5.904000,2052.624000,0.667527
37.392000,3016.944000,0.859591
36.080000,2181.200000,0.705819
16.400000,1459.600000,1.596268
12.464000,151.536000,0.729583
7.216000,1889.936000,0.792319
5.904000,2826.704000,0.777912
33.456000,898.064000,0.889044
36.080000,1000.400000,0.688438
26.896000,2253.360000,0.661447
20.336000,336.528000,1.788808
0.656000,1165.712000,1.418322
38.704000,844.272000,1.615913
17.712000,1904.368000,0.794502
3.280000,286.672000,0.698146
15.088000,2124.784000,0.682136
29.520000,3065.488000,0.812974
0.656000,1064.688000,0.682929
32.144000,1966.032000,0.733029
29.520000,392.944000,0.946211
24.272000,1668.208000,0.666561
4.592000,307.664000,0.764132
3.280000,2026.384000,1.266191
25.584000,2503.952000,1.106959
33.456000,636.976000,1.735676
19.024000,2165.456000,0.779238
37.392000,226.320000,1.332220
4.592000,2616.784000,0.813611
33.456000,622.544000,0.813398
36.080000,2726.992000,0.716834
37.392000,896.752000,1.632643
15.088000,1165.712000,1.129308
37.392000,3053.680000,0.663978
13.776000,1042.384000,1.349240
0.656000,1812.528000,0.933621
8.528000,1076.496000,0.692915
24.272000,794.416000,1.288511
30.832000,455.920000,0.713701
12.464000,320.784000,0.681198
25.584000,407.376000,0.868726
0.656000,1773.168000,0.853313
37.392000,2957.904000,0.967098
0.656000,1325.776000,0.841102
3.280000,2266.480000,0.668619
11.152000,2286.160000,0.933402
11.152000,600.240000,1.406324
37.392000,1610.480000,0.676168
37.392000,1043.696000,1.073823
1.968000,1741.680000,1.473132
0.656000,570.064000,1.825036
29.520000,625.168000,0.699267
26.896000,2715.184000,0.882074
28.208000,413.936000,0.756453
20.336000,635.664000,1.101593
5.904000,697.328000,1.349766
36.080000,1513.392000,0.779217
26.896000,1073.872000,0.896302
29.520000,1916.176000,0.856088
30.832000,1922.736000,0.702411
37.392000,1897.808000,0.910655
7.216000,1463.536000,0.822462
19.024000,778.672000,0.747383
15.088000,3045.808000,1.067337
33.456000,1837.456000,0.929968
1.968000,1648.528000,1.076935
26.896000,1825.648000,1.210503
5.904000,2654.832000,0.683214
13.776000,2044.752000,0.752038
25.584000,1659.024000,0.882733
32.144000,828.528000,1.444399
29.520000,3200.624000,0.865242
16.400000,2650.896000,1.346329
15.088000,2943.472000,0.839530
19.024000,533.328000,1.685317
26.896000,1294.288000,1.005053
3.280000,974.160000,2.130072
3.280000,1567.184000,0.794047
34.768000,198.768000,0.886690
34.768000,472.976000,0.665477
37.392000,2093.296000,0.911501
30.832000,286.672000,0.757890
17.712000,1437.296000,0.691420
25.584000,1437.296000,1.076338
22.960000,1994.896000,0.734025
3.280000,365.392000,1.040341
32.144000,1278.544000,0.732182
0.656000,2160.208000,0.854718
17.712000,2838.512000,0.742735
33.456000,1909.616000,1.049532
0.656000,2847.696000,1.179929
30.832000,1214.256000,1.280982
33.456000,2968.400000,0.773223
34.768000,777.360000,1.135612
11.152000,3158.640000,0.677536
37.392000,2097.232000,1.006232
20.336000,451.984000,1.148867
34.768000,2190.384000,0.686359
8.528000,776.048000,1.346583
5.904000,2843.760000,1.498747
3.280000,1495.024000,0.841759
4.592000,1066.000000,1.110757
22.960000,1867.632000,0.716175
34.768000,2128.720000,0.897783
13.776000,1649.840000,1.746850
3.280000,802.288000,0.990489
32.144000,1189.328000,0.811559
36.080000,850.832000,2.155379
5.904000,1458.288000,0.791871
3.280000,1412.368000,0.963672
22.960000,121.360000,0.824661
37.392000,1362.512000,0.952336
28.208000,2854.256000,0.967873
1.968000,244.688000,1.079658
30.832000,2559.056000,1.048305
9.840000,478.224000,1.150382
15.088000,3094.352000,0.896463
15.088000,311.600000,0.805066
28.208000,1252.304000,0.688532
25.584000,1607.856000,0.883133
20.336000,2366.192000,0.716305
0.656000,499.216000,1.172395
38.704000,2759.792000,1.785586
32.144000,800.976000,0.894565
11.152000,3064.176000,0.926005
28.208000,3173.072000,1.143045
30.832000,797.040000,1.204996
4.592000,1495.024000,0.698015
12.464000,2893.616000,0.730498
26.896000,2015.888000,1.297653
34.768000,1270.672000,0.843815
4.592000,326.032000,0.933684
13.776000,1140.784000,1.132804
29.520000,883.632000,1.332292
16.400000,887.568000,0.745067
33.456000,2623.344000,1.046759
25.584000,2719.120000,1.070189
29.520000,123.984000,0.709136
30.832000,1710.192000,1.244287
25.584000,2604.976000,0.764097
24.272000,2999.888000,0.944760
0.656000,717.008000,1.079407
22.960000,3052.368000,0.661659
5.904000,2345.200000,1.176038
32.144000,2919.856000,0.662341
24.272000,1443.856000,1.118844
32.144000,3083.856000,0.888677
4.592000,892.816000,1.020222
13.776000,3133.712000,0.755123
12.464000,2189.072000,0.936816
3.280000,966.288000,0.816692
29.520000,2765.040000,0.930966
17.712000,685.520000,2.110763
36.080000,2211.376000,0.881689
9.840000,2681.072000,1.141423
3.280000,1376.944000,0.934123
34.768000,2594.480000,1.028512
21.648000,55.760000,0.669974
4.592000,217.136000,1.354717
22.960000,2799.152000,0.657732
37.392000,3170.448000,0.744042
13.776000,3087.792000,0.893178
8.528000,1502.896000,0.895649
4.592000,1172.272000,0.767755
16.400000,2200.880000,1.218162
11.152000,1603.920000,1.011730
1.968000,1468.784000,2.007066
22.960000,1292.976000,1.442219
15.088000,1193.264000,1.250804
36.080000,941.360000,0.930593
19.024000,2637.776000,0.845899
4.592000,2350.448000,0.963338
38.704000,2666.640000,1.222341
16.400000,2892.304000,1.018756
15.088000,3001.200000,1.803976
37.392000,360.144000,0.667309
8.528000,1210.320000,0.876339
21.648000,647.472000,0.681376
20.336000,685.520000,0.826576
3.280000,2648.272000,1.128137
33.456000,2325.520000,0.729670
20.336000,2580.048000,1.820834
17.712000,1340.208000,1.949437
25.584000,1357.264000,0.703770
24.272000,1719.376000,0.749759
8.528000,2278.288000,0.730103
26.896000,894.128000,0.656237
22.960000,782.608000,0.934081
15.088000,2538.064000,0.891112
22.960000,2367.504000,0.830411
25.584000,1746.928000,0.958602
21.648000,230.256000,0.795535
21.648000,2671.888000,1.135488
26.896000,1434.672000,1.199214
9.840000,2446.224000,0.706992
37.392000,442.800000,0.794082
8.528000,1441.232000,1.216520
33.456000,93.808000,0.925556
19.024000,3184.880000,1.133508
11.152000,2564.304000,1.085459
38.704000,613.360000,0.656296
32.144000,982.032000,1.227181
29.520000,1552.752000,0.878763
3.280000,1331.024000,0.976577
17.712000,627.792000,1.123106
28.208000,1790.224000,0.799026
20.336000,2116.912000,0.713073
19.024000,1686.576000,1.085185
5.904000,652.720000,0.942498
13.776000,612.048000,1.101908
13.776000,3182.256000,0.800234
36.080000,202.704000,0.774249
13.776000,1518.640000,0.732670
30.832000,1581.616000,0.902840
26.896000,1295.600000,1.411412
22.960000,471.664000,3.079759
8.528000,2841.136000,0.991534
29.520000,1054.192000,1.648714
28.208000,33.456000,0.782572
11.152000,2808.336000,0.753637
28.208000,513.648000,0.717335
1.968000,3129.776000,0.910229
8.528000,3117.968000,0.748993
22.960000,823.280000,0.912692
13.776000,1294.288000,1.158206
12.464000,1689.200000,0.811054
13.776000,2548.560000,0.767800
25.584000,2270.416000,0.938033
34.768000,626.480000,0.772374
0.656000,1354.640000,0.719403
29.520000,2724.368000,0.969681
30.832000,1777.104000,2.058736
37.392000,2393.744000,0.693483
24.272000,1599.984000,1.156853
36.080000,1359.888000,0.784734
29.520000,1076.496000,0.951264
0.656000,221.072000,0.977670
25.584000,3072.048000,1.404069
0.656000,2496.080000,0.833590
15.088000,2774.224000,0.775774
38.704000,2147.088000,1.039855
12.464000,2656.144000,1.042924
4.592000,1590.800000,0.829723
5.904000,1491.088000,0.726010
21.648000,1955.536000,1.276936
25.584000,1917.488000,1.278885
19.024000,667.152000,0.741313
4.592000,2162.832000,1.149148
0.656000,2074.928000,2.335211
12.464000,803.600000,0.668460
30.832000,2231.056000,0.931045
4.592000,2443.600000,0.972965
29.520000,2305.840000,1.313356
20.336000,2463.280000,0.754558
19.024000,448.048000,0.909335
7.216000,2632.528000,1.366347
0.656000,1370.384000,0.905698
26.896000,808.848000,1.704758
34.768000,2646.960000,0.974615
5.904000,2992.016000,0.955596
36.080000,3146.832000,0.796433
30.832000,2725.680000,0.854018
28.208000,633.040000,0.876519
25.584000,760.304000,0.875166
29.520000,1763.984000,1.103380
25.584000,93.808000,1.837252
21.648000,1509.456000,1.386837
36.080000,385.072000,0.690630
28.208000,2614.160000,1.241498
29.520000,1951.600000,0.873969
13.776000,183.024000,0.779914
0.656000,251.248000,0.671556
24.272000,2720.432000,1.124363
30.832000,2337.328000,0.840888
29.520000,1837.456000,1.160343
32.144000,3179.632000,1.469128
34.768000,701.264000,0.999142
8.528000,1492.400000,1.747067
24.272000,2929.040000,0.899690
36.080000,2017.200000,0.696713
0.656000,2846.384000,0.679129
4.592000,2816.208000,1.359812
11.152000,1732.496000,0.936177
36.080000,2864.752000,0.846978
19.024000,1724.624000,0.814953
4.592000,332.592000,0.814558
7.216000,201.392000,0.793490
32.144000,148.912000,0.884126
9.840000,3173.072000,0.859220
24.272000,1720.688000,0.817099
20.336000,125.296000,1.948290
38.704000,268.304000,1.264693
8.528000,2936.912000,0.971214
38.704000,1796.784000,1.425064
25.584000,534.640000,0.692886
20.336000,588.432000,0.890344
17.712000,1081.744000,0.903291
22.960000,2063.120000,0.849578
32.144000,1506.832000,1.016238
36.080000,2061.808000,0.956615
36.080000,1778.416000,0.678724
32.144000,3020.880000,0.859262
9.840000,957.104000,1.212799
1.968000,555.632000,1.181174
37.392000,2707.312000,0.970050
32.144000,1395.312000,0.751055
25.584000,844.272000,0.869146
5.904000,719.632000,0.773273
21.648000,2172.016000,1.025719
36.080000,1143.408000,1.058440
8.528000,1009.584000,0.939151
9.840000,831.152000,1.355683
22.960000,1683.952000,1.248329
30.832000,141.040000,1.115342
19.024000,2068.368000,0.940137
25.584000,2193.008000,1.553440
21.648000,1694.448000,0.890269
4.592000,1904.368000,0.892822
20.336000,1390.064000,0.694265
38.704000,2998.576000,0.812424
4.592000,1807.280000,0.798310
8.528000,2661.392000,0.811288
29.520000,1233.936000,1.959324
37.392000,499.216000,1.243759
16.400000,1388.752000,1.051731
16.400000,3204.560000,0.839382
8.528000,1123.728000,0.700862
29.520000,2307.152000,0.839570
17.712000,846.896000,0.821226
7.216000,638.288000,0.840760
30.832000,635.664000,0.854857
1.968000,1863.696000,0.883701
37.392000,3217.680000,0.686614
26.896000,609.424000,1.405427
11.152000,2918.544000,0.738671
9.840000,76.752000,0.909531
3.280000,1447.792000,1.123057
17.712000,1214.256000,0.882529
9.840000,2378.000000,0.762698
1.968000,3028.752000,1.317555
1.968000,3091.728000,0.744234
34.768000,1981.776000,1.553873
25.584000,1649.840000,1.653319
28.208000,1035.824000,0.656197
17.712000,1973.904000,1.025468
37.392000,2500.016000,1.433301
3.280000,1306.096000,1.087101
13.776000,2261.232000,1.145057
3.280000,2963.152000,0.740331
5.904000,684.208000,0.904209
30.832000,1170.960000,2.389714
29.520000,2035.568000,0.780550
30.832000,2813.584000,1.068988
32.144000,172.528000,0.944477
22.960000,1657.712000,0.733608
19.024000,3135.024000,1.191515
7.216000,428.368000,0.687248
9.840000,2438.352000,0.685784
26.896000,2881.808000,1.134829
34.768000,598.928000,0.813322
13.776000,857.392000,0.796207
13.776000,1290.352000,0.703138
12.464000,2182.512000,0.682178
25.584000,1518.640000,0.830970
38.704000,1954.224000,0.700520
17.712000,2708.624000,0.778567
28.208000,1195.888000,1.329585
11.152000,3178.320000,1.033956
25.584000,1807.280000,0.829568
32.144000,905.936000,0.798412
32.144000,2437.040000,0.811508
30.832000,123.984000,0.912419
21.648000,1779.728000,1.074684
19.024000,1470.096000,0.730326
16.400000,358.832000,1.053007
3.280000,1775.792000,0.891588
26.896000,1598.672000,0.927616
29.520000,2393.744000,1.310054
28.208000,745.872000,0.987677
15.088000,2177.264000,0.767258
36.080000,1525.200000,0.666003
24.272000,951.856000,1.033765
17.712000,3061.552000,0.693543
34.768000,1058.128000,1.600052
1.968000,308.976000,0.865271
19.024000,1462.224000,0.774513
0.656000,3099.600000,1.048421
26.896000,2414.736000,0.833313
22.960000,2496.080000,0.864615
0.656000,943.984000,0.761541
9.840000,1521.264000,0.907077
26.896000,2631.216000,0.860320
1.968000,1198.512000,0.734812
22.960000,337.840000,0.721250
24.272000,566.128000,1.099875
12.464000,2598.416000,0.895279
22.960000,2234.992000,0.830650
22.960000,1047.632000,0.941397
38.704000,2198.256000,1.300830
9.840000,2732.240000,1.210045
32.144000,1349.392000,0.675029
30.832000,3157.328000,0.764073
16.400000,1239.184000,0.688105
33.456000,3117.968000,1.160028
13.776000,1138.160000,0.853831
12.464000,3173.072000,1.015945
5.904000,2059.184000,1.117194
24.272000,909.872000,0.950352
11.152000,2931.664000,0.894278
36.080000,1798.096000,0.721710
19.024000,1996.208000,0.789198
8.528000,337.840000,2.325234
16.400000,1573.744000,1.225095
1.968000,778.672000,0.917472
25.584000,651.408000,0.680593
1.968000,3010.384000,1.137008
37.392000,2940.848000,1.114114
4.592000,1160.464000,1.192559
5.904000,1328.400000,0.667318
12.464000,951.856000,0.874360
19.024000,1514.704000,2.156759
3.280000,54.448000,0.824777
8.528000,2097.232000,0.773927
33.456000,29.520000,0.899602
5.904000,469.040000,1.154045
7.216000,2300.592000,1.318633
33.456000,807.536000,0.766264
1.968000,2200.880000,0.849467
12.464000,1760.048000,0.902439
0.656000,2325.520000,0.816397
5.904000,218.448000,1.132988
29.520000,345.712000,1.140883
24.272000,1177.520000,0.932091
22.960000,2782.096000,2.106404
21.648000,323.408000,0.734432
33.456000,1185.392000,0.982101
15.088000,101.680000,1.425376
20.336000,1617.040000,1.018422
33.456000,958.416000,0.768813
3.280000,636.976000,0.729341
9.840000,2339.952000,0.942049
29.520000,1718.064000,1.017984
8.528000,844.272000,0.896057
28.208000,2661.392000,0.715365
12.464000,1845.328000,0.891691
30.832000,2953.968000,0.954003
38.704000,521.520000,0.809985
34.768000,2151.024000,1.151431
37.392000,3107.472000,0.704004
9.840000,2333.392000,0.699483
17.712000,764.240000,1.077753
37.392000,1842.704000,0.981953
24.272000,1733.808000,0.735477
9.840000,1497.648000,1.029926
3.280000,2841.136000,0.986654
17.712000,949.232000,1.318682
15.088000,3077.296000,0.694186
36.080000,1456.976000,0.716837
8.528000,726.192000,1.168319
1.968000,1037.136000,0.906006
24.272000,1365.136000,0.848514
0.656000,2509.200000,0.988493
24.272000,112.176000,0.780533
11.152000,926.928000,0.872891
5.904000,365.392000,0.888345
1.968000,1556.688000,2.059933
17.712000,3104.848000,0.782480
25.584000,2636.464000,0.769136
28.208000,3052.368000,2.724130
20.336000,1891.248000,0.889341
12.464000,1376.944000,0.800783
17.712000,2998.576000,0.656050
34.768000,3041.872000,1.249254
28.208000,45.264000,0.994970
12.464000,1474.032000,0.885702
22.960000,1763.984000,0.915689
26.896000,95.120000,1.008472
4.592000,761.616000,1.061603
22.960000,950.544000,0.724586
22.960000,1210.320000,0.688787
12.464000,503.152000,0.659496
3.280000,549.072000,0.666975
29.520000,133.168000,0.899861
19.024000,1100.112000,0.781493
32.144000,1098.800000,0.729566
1.968000,2503.952000,0.849488
15.088000,631.728000,0.994494
8.528000,1788.912000,1.689649
29.520000,539.888000,0.684102
33.456000,28.208000,0.684313
28.208000,3103.536000,0.732964
3.280000,2915.920000,0.984767
12.464000,1357.264000,1.676441
29.520000,2707.312000,0.923622
7.216000,1236.560000,0.769054
7.216000,1341.520000,0.737496
20.336000,1110.608000,1.218588
1.968000,1641.968000,0.756651
3.280000,3028.752000,0.933587
15.088000,2583.984000,0.677405
16.400000,2354.384000,0.862930
5.904000,3091.728000,1.003978
8.528000,2350.448000,0.829886
38.704000,2624.656000,0.707632
32.144000,1411.056000,1.913939
11.152000,1104.048000,1.561299
15.088000,104.304000,0.796117
22.960000,1214.256000,1.108301
16.400000,2366.192000,1.227667
19.024000,1349.392000,1.114381
15.088000,93.808000,1.186802
7.216000,82.000000,0.727238
3.280000,1694.448000,0.955642
29.520000,2469.840000,0.901486
7.216000,2227.120000,0.732372
24.272000,298.480000,0.736793
38.704000,472.976000,0.664805
37.392000,2751.920000,0.920146
12.464000,551.696000,0.951410
13.776000,1611.792000,2.175666
25.584000,2711.248000,0.887065
24.272000,740.624000,1.713898
21.648000,2905.424000,1.435977
16.400000,1748.240000,0.941076
25.584000,1634.096000,0.772086
15.088000,348.336000,1.032653
13.776000,1403.184000,0.857962
30.832000,2172.016000,1.292269
33.456000,284.048000,0.895904
36.080000,1976.528000,0.860276
22.960000,139.728000,1.233068
11.152000,2999.888000,2.415602
37.392000,1564.560000,0.666076
12.464000,622.544000,0.925967
19.024000,2315.024000,0.782914
19.024000,2374.064000,0.982616
12.464000,54.448000,0.722904
29.520000,3173.072000,0.820891
9.840000,945.296000,1.335642
22.960000,2607.600000,0.759787
9.840000,2053.936000,1.006429
30.832000,1113.232000,0.822533
20.336000,3182.256000,1.342703
32.144000,2814.896000,1.158154
11.152000,2531.504000,1.162521
20.336000,1845.328000,0.697834
9.840000,1808.592000,0.816360
3.280000,2784.720000,0.928323
34.768000,3152.080000,0.857577
29.520000,892.816000,1.590220
12.464000,3068.112000,0.824997
25.584000,756.368000,0.860632
38.704000,2778.160000,0.764479
0.656000,205.328000,1.080411
34.768000,2018.512000,0.827954
4.592000,1212.944000,0.794921
11.152000,2194.320000,0.956464
33.456000,1988.336000,1.275746
19.024000,298.480000,0.985057
3.280000,2367.504000,1.167628
26.896000,903.312000,0.937875
9.840000,192.208000,0.708017
8.528000,985.968000,0.679796
24.272000,2688.944000,1.005478
0.656000,1294.288000,1.058810
7.216000,337.840000,0.765425
3.280000,2299.280000,1.071309
26.896000,129.232000,0.710544
20.336000,1771.856000,0.668863
38.704000,2000.144000,0.815755
11.152000,1210.320000,0.833839
13.776000,1787.600000,0.680706
5.904000,211.888000,0.719311
16.400000,1226.064000,0.732647
38.704000,1380.880000,0.723312
0.656000,1414.992000,0.876366
36.080000,301.104000,0.959443
24.272000,291.920000,1.156178
5.904000,2182.512000,0.739176
33.456000,0.656000,0.908816
16.400000,3049.744000,0.799111
13.776000,1004.336000,0.954413
3.280000,1756.112000,2.107118
22.960000,2843.760000,0.683493
36.080000,1544.880000,1.112467
21.648000,1543.568000,1.478724
5.904000,3198.000000,0.738104
17.712000,305.040000,1.271071
25.584000,1172.272000,2.122680
12.464000,2636.464000,0.690859
3.280000,135.792000,2.291939
37.392000,2610.224000,2.143730
1.968000,3170.448000,0.711088
26.896000,1142.096000,1.039679
7.216000,2458.032000,0.824910
11.152000,3102.224000,2.199119
4.592000,211.888000,0.664735
29.520000,2283.536000,1.410519
21.648000,2364.880000,0.713619
38.704000,1080.432000,0.784156
11.152000,1355.952000,1.149633
3.280000,1233.936000,1.718657
34.768000,1711.504000,0.736957
4.592000,1230.000000,0.670867
30.832000,1555.376000,1.062071
12.464000,1252.304000,0.863406
16.400000,1487.152000,0.674560
19.024000,1143.408000,0.900903
12.464000,2535.440000,0.814750
13.776000,1052.880000,1.980902
1.968000,1883.376000,1.602523
25.584000,87.248000,1.009738
5.904000,483.472000,0.710566
8.528000,866.576000,1.135130
1.968000,2687.632000,0.855234
5.904000,1149.968000,0.879861
13.776000,2671.888000,1.250138
12.464000,2775.536000,0.926981
9.840000,2967.088000,1.028121
29.520000,2405.552000,1.100152
22.960000,730.128000,1.506994
19.024000,3062.864000,0.866867
26.896000,163.344000,0.781910
19.024000,890.192000,0.830407
3.280000,1792.848000,0.921055
19.024000,2964.464000,0.681244
11.152000,1783.664000,0.659894
16.400000,3133.712000,0.705917
38.704000,2364.880000,0.727144
37.392000,3028.752000,0.740519
32.144000,2741.424000,1.089283
33.456000,163.344000,0.845231
12.464000,3022.192000,1.005465
9.840000,1849.264000,0.682291
8.528000,2069.680000,0.974566
21.648000,1563.248000,1.320498
33.456000,2593.168000,1.004377
26.896000,2274.352000,0.700902
11.152000,101.680000,1.125164
37.392000,2534.128000,0.869326
37.392000,2120.848000,0.769997
16.400000,848.208000,0.730016
32.144000,2023.760000,0.836530
20.336000,66.256000,0.757926
7.216000,693.392000,1.553315
25.584000,163.344000,0.860146
11.152000,1937.168000,0.833505
28.208000,2337.328000,0.860845
32.144000,2549.872000,1.403657
9.840000,3111.408000,0.823058
22.960000,7.216000,1.072351
29.520000,1875.504000,0.708314
16.400000,1571.120000,1.147810
20.336000,1987.024000,0.679857
17.712000,779.984000,0.724392
33.456000,2238.928000,0.696266
19.024000,2898.864000,0.665983
29.520000,850.832000,1.787807
36.080000,596.304000,0.838792
11.152000,1565.872000,0.777240
12.464000,327.344000,0.765204
33.456000,133.168000,0.681821
9.840000,1939.792000,0.965499
32.144000,530.704000,1.316804
29.520000,2269.104000,1.229031
0.656000,2486.896000,0.669091
20.336000,1383.504000,1.138812
32.144000,2160.208000,0.779552
1.968000,1712.816000,1.123734
5.904000,1508.144000,0.821900
28.208000,1643.280000,0.773448
0.656000,3201.936000,0.992424
3.280000,1253.616000,1.370129
4.592000,382.448000,0.856436
38.704000,1994.896000,0.698454
0.656000,3.280000,1.575219
28.208000,1492.400000,0.843580
17.712000,954.480000,0.817352
4.592000,1224.752000,0.661171
34.768000,1359.888000,1.207389
24.272000,2080.176000,1.136779
1.968000,2074.928000,1.164954
17.712000,2029.008000,1.190692
25.584000,1094.864000,0.656700
21.648000,858.704000,1.357314
36.080000,62.320000,0.819809
12.464000,1334.960000,0.818838
17.712000,3131.088000,0.736489
30.832000,1172.272000,1.305241
36.080000,2753.232000,0.757536
19.024000,1546.192000,0.674920
13.776000,2950.032000,0.818863
21.648000,281.424000,0.728304
16.400000,1350.704000,0.772907
32.144000,3220.304000,1.260726
29.520000,1034.512000,1.657352
22.960000,646.160000,0.998742
21.648000,867.888000,0.818407
36.080000,231.568000,1.795001
1.968000,2170.704000,0.923300
33.456000,970.224000,0.686256
13.776000,1539.632000,0.801322
36.080000,1714.128000,0.886416
30.832000,3044.496000,1.054718
36.080000,1076.496000,1.238997
20.336000,2812.272000,0.664542
11.152000,2013.264000,0.811113
25.584000,2300.592000,0.723060
19.024000,1531.760000,3.288553
17.712000,1875.504000,1.246869
19.024000,1104.048000,1.141611
16.400000,2481.648000,0.661293
16.400000,2437.040000,0.808285
15.088000,2013.264000,1.051389
13.776000,849.520000,0.667847
12.464000,547.760000,1.178041
38.704000,1897.808000,0.909408
20.336000,614.672000,1.067804
12.464000,156.784000,0.976692
4.592000,2233.680000,0.727370
17.712000,563.504000,1.258009
21.648000,682.896000,1.116121
38.704000,747.184000,1.015121
15.088000,99.056000,0.689133
5.904000,814.096000,0.968877
22.960000,1757.424000,0.712462
17.712000,307.664000,0.782515
1.968000,2709.936000,0.943757
19.024000,1042.384000,0.933410
5.904000,411.312000,0.862809
3.280000,3078.608000,0.936829
37.392000,230.256000,0.713973
28.208000,1201.136000,0.852693
19.024000,356.208000,0.791426
12.464000,1868.944000,1.146268
25.584000,1837.456000,0.679039
9.840000,310.288000,0.970927
3.280000,113.488000,1.270505
3.280000,1357.264000,0.738885
21.648000,180.400000,0.962046
29.520000,2292.720000,0.979485
32.144000,2431.792000,0.787414
0.656000,437.552000,0.819670
5.904000,2959.216000,1.078025
16.400000,2346.512000,1.487293
29.520000,2119.536000,0.956567
3.280000,1617.040000,0.788064
4.592000,3030.064000,1.284036
34.768000,675.024000,1.120474
28.208000,2792.592000,0.816034
15.088000,1573.744000,1.680693
28.208000,381.136000,0.860948
8.528000,760.304000,0.813803
16.400000,2115.600000,0.937706
24.272000,1778.416000,0.767408
28.208000,1271.984000,0.677540
15.088000,95.120000,0.668482
29.520000,723.568000,0.967398
30.832000,2830.640000,0.793673
0.656000,433.616000,1.055821
20.336000,1917.488000,1.211737
11.152000,1437.296000,1.039689
8.528000,753.744000,1.042859
15.088000,2929.040000,0.909578
4.592000,1676.080000,0.908384
20.336000,1021.392000,0.773997
9.840000,2026.384000,0.730097
20.336000,2237.616000,0.855857
20.336000,3153.392000,2.579301
16.400000,127.920000,0.841019
28.208000,2810.960000,1.073795
17.712000,2964.464000,1.426812
8.528000,1013.520000,1.761550
26.896000,125.296000,0.861250
5.904000,2055.248000,1.279557
8.528000,2879.184000,0.725228
9.840000,2290.096000,1.499230
9.840000,1253.616000,0.957936
4.592000,1430.736000,1.455222
8.528000,1546.192000,0.959747
25.584000,371.952000,0.729091
8.528000,423.120000,1.836738
16.400000,1956.848000,0.685279
29.520000,1215.568000,0.694717
29.520000,3156.016000,1.236690
12.464000,1886.000000,0.671750
25.584000,3165.200000,0.795178
36.080000,1631.472000,0.800368
8.528000,968.912000,1.075162
26.896000,902.000000,0.712721
12.464000,686.832000,0.780124
1.968000,117.424000,0.874917
15.088000,2654.832000,1.415237
8.528000,1055.504000,0.742560
1.968000,2008.016000,1.219088
7.216000,1741.680000,1.078053
4.592000,448.048000,0.726721
28.208000,879.696000,1.314393
28.208000,454.608000,0.662048
38.704000,810.160000,1.218750
24.272000,3196.688000,1.039127
15.088000,1348.080000,0.921369
0.656000,2539.376000,1.115162
8.528000,730.128000,0.667279
0.656000,2217.936000,0.895108
22.960000,3104.848000,1.115074
8.528000,152.848000,0.834590
16.400000,2270.416000,0.940836
12.464000,2862.128000,0.894826
4.592000,3121.904000,0.849551
7.216000,2683.696000,1.231779
15.088000,2032.944000,1.030868
22.960000,890.192000,1.247638
36.080000,608.112000,1.326401
13.776000,2035.568000,0.936958
9.840000,364.080000,1.462111
21.648000,1111.920000,0.776380
24.272000,369.328000,0.751500
17.712000,2010.640000,0.960874
30.832000,2067.056000,0.792845
3.280000,1152.592000,1.267134
5.904000,2635.152000,0.777063
5.904000,807.536000,1.318541
29.520000,155.472000,1.361006
28.208000,2611.536000,1.065605
28.208000,1264.112000,0.770925
7.216000,34.768000,1.060851
11.152000,3190.128000,0.749014
5.904000,2952.656000,0.808859
21.648000,2723.056000,0.887373
17.712000,320.784000,1.170459
34.768000,580.560000,0.709192
17.712000,820.656000,1.120696
17.712000,1947.664000,0.926123
33.456000,3006.448000,1.011993
29.520000,1757.424000,1.387779
19.024000,340.464000,0.663030
22.960000,1802.032000,0.967600
8.528000,991.216000,0.686363
28.208000,1273.296000,0.785969
17.712000,1458.288000,0.860662
4.592000,3194.064000,0.950195
26.896000,2569.552000,0.730365
15.088000,1109.296000,0.758189
15.088000,1449.104000,0.987278
38.704000,235.504000,0.899647
8.528000,1089.616000,0.763029
3.280000,807.536000,1.364535
19.024000,2884.432000,0.690649
36.080000,1298.224000,0.683751
30.832000,169.904000,1.078805
25.584000,479.536000,0.762510
30.832000,2357.008000,1.173558
26.896000,2398.992000,0.730981
28.208000,392.944000,0.791165
22.960000,2154.960000,0.924113
32.144000,912.496000,0.767693
3.280000,905.936000,0.868870
22.960000,1468.784000,1.075831
5.904000,2270.416000,0.770598
32.144000,2686.320000,0.770630
15.088000,3153.392000,0.895309
28.208000,1788.912000,0.694144
9.840000,1443.856000,0.677976
25.584000,2091.984000,0.951356
25.584000,3208.496000,0.710179
8.528000,3107.472000,0.846266
12.464000,2713.872000,0.998065
1.968000,2889.680000,0.783239
30.832000,3167.824000,1.503375
9.840000,3011.696000,1.178893
38.704000,2915.920000,1.077272
36.080000,2004.080000,0.663532
33.456000,1031.888000,1.811294
13.776000,495.280000,0.735352
16.400000,2468.528000,0.665356
22.960000,1641.968000,1.155455
7.216000,1313.968000,0.895037
26.896000,1508.144000,0.668810
4.592000,1088.304000,0.764771
7.216000,1565.872000,1.153944
9.840000,2759.792000,0.730512
30.832000,988.592000,0.701874
15.088000,3121.904000,0.691214
19.024000,3191.440000,0.677901
30.832000,752.432000,1.101821
4.592000,1127.664000,1.037183
12.464000,3070.736000,0.863125
9.840000,2262.544000,0.727821
33.456000,3016.944000,0.753212
16.400000,1561.936000,0.886589
38.704000,2290.096000,0.697731
24.272000,2107.728000,0.784147
25.584000,1306.096000,0.969589
12.464000,3062.864000,0.922848
9.840000,810.160000,0.756353
16.400000,772.112000,1.296993
15.088000,2564.304000,1.442387
36.080000,186.960000,0.687945
32.144000,932.176000,0.668217
5.904000,2646.960000,0.773997
20.336000,2824.080000,0.878085
36.080000,364.080000,1.224116
30.832000,1388.752000,1.445580
29.520000,3153.392000,0.767755
34.768000,2283.536000,0.713478
4.592000,512.336000,1.019089
3.280000,1022.704000,0.743246
25.584000,594.992000,0.834104
13.776000,2489.520000,0.965141
1.968000,234.192000,0.689827
22.960000,1886.000000,0.904702
36.080000,2283.536000,1.083406
25.584000,2938.224000,1.084016
8.528000,2716.496000,1.380281
38.704000,242.064000,2.173564
20.336000,2056.560000,0.670309
9.840000,2242.864000,0.699805
34.768000,1807.280000,1.206053
36.080000,1678.704000,0.804489
9.840000,1994.896000,0.773163
26.896000,2660.080000,1.044004
13.776000,2220.560000,1.829361
4.592000,2694.192000,0.678292
32.144000,2458.032000,1.483096
16.400000,3209.808000,0.706759
11.152000,1323.152000,1.476940
25.584000,766.864000,1.316378
34.768000,2259.920000,0.788799
7.216000,1132.912000,1.157994
0.656000,1746.928000,0.759711
37.392000,2984.144000,1.126865
1.968000,1311.344000,1.194267
33.456000,3047.120000,1.024486
13.776000,1453.040000,0.760686
29.520000,110.864000,0.936488
1.968000,905.936000,0.901778
16.400000,2210.064000,0.964811
15.088000,17.712000,0.724762
20.336000,28.208000,0.928393
17.712000,2994.640000,1.463831
0.656000,2615.472000,1.050940
21.648000,2652.208000,0.670457
0.656000,886.256000,1.062958
24.272000,1548.816000,0.662707
19.024000,1644.592000,0.969677
36.080000,947.920000,0.710524
36.080000,1718.064000,0.713166
30.832000,1143.408000,0.733371
3.280000,2207.440000,0.877090
22.960000,3102.224000,1.333100
22.960000,1417.616000,1.029336
9.840000,2095.920000,0.804450
19.024000,1055.504000,1.363100
0.656000,3083.856000,0.815593
11.152000,2073.616000,1.075481
30.832000,2454.096000,0.864983
15.088000,856.080000,0.788925
21.648000,3053.680000,1.128252
25.584000,441.488000,1.145359
19.024000,1378.256000,1.266509
16.400000,2139.216000,0.678331
0.656000,1371.696000,0.764889
37.392000,369.328000,1.203713
9.840000,458.544000,0.676427
13.776000,1083.056000,1.164544
12.464000,2745.360000,0.758164
5.904000,312.912000,0.712103
0.656000,1144.720000,1.551498
37.392000,1313.968000,0.666118
20.336000,2687.632000,0.793736
0.656000,1954.224000,1.140009
17.712000,163.344000,0.928071
38.704000,2867.376000,0.866180
37.392000,373.264000,0.840955
13.776000,2929.040000,1.291519
8.528000,1578.992000,0.719174
7.216000,589.744000,1.074981
12.464000,816.720000,0.855196
38.704000,225.008000,0.658345
37.392000,706.512000,0.748763
0.656000,1421.552000,0.788230
33.456000,1979.152000,0.993126
15.088000,148.912000,1.219176
32.144000,2629.904000,0.789071
30.832000,748.496000,0.751152
37.392000,223.696000,0.887565
37.392000,2725.680000,0.675732
15.088000,2768.976000,1.278098
5.904000,2446.224000,1.384072
11.152000,1620.976000,0.777950
29.520000,1317.904000,0.971543
19.024000,1244.432000,0.704866
30.832000,3073.360000,1.651342
29.520000,776.048000,0.682368
24.272000,1655.088000,1.692132
29.520000,218.448000,1.225484
13.776000,1597.360000,1.624991
8.528000,2530.192000,1.265658
8.528000,353.584000,0.935872
24.272000,357.520000,0.677133
19.024000,1068.624000,0.869256
11.152000,1796.784000,0.953459
36.080000,483.472000,1.138897
15.088000,3135.024000,0.764018
11.152000,1816.464000,0.725477
37.392000,273.552000,0.719617
32.144000,282.736000,0.767763
20.336000,1320.528000,0.701187
32.144000,2094.608000,1.229404
8.528000,2320.272000,1.353481
26.896000,1131.600000,0.791053
34.768000,2266.480000,1.110817
34.768000,244.688000,0.706339
24.272000,518.896000,0.790462
21.648000,2658.768000,1.375514
19.024000,1017.456000,1.014944
4.592000,3114.032000,0.892778
17.712000,963.664000,1.194374
21.648000,946.608000,0.839338
13.776000,546.448000,0.936573
8.528000,480.848000,0.711783
7.216000,2345.200000,0.710534
24.272000,692.080000,0.723789
25.584000,1173.584000,0.765724
22.960000,2825.392000,0.945402
4.592000,1647.216000,1.022588
5.904000,837.712000,1.014814
8.528000,794.416000,0.671704
8.528000,194.832000,0.978315
34.768000,2127.408000,1.210592
25.584000,774.736000,0.834656
1.968000,1998.832000,0.741684
11.152000,2619.408000,1.089581
8.528000,2759.792000,1.042525
21.648000,2217.936000,0.805582
29.520000,1338.896000,0.694848
4.592000,1861.072000,1.897400
11.152000,207.952000,0.903907
4.592000,743.248000,0.910849
32.144000,2685.008000,1.202176
38.704000,2964.464000,0.684404
3.280000,2050.000000,1.725318
30.832000,2396.368000,0.795360
17.712000,2485.584000,0.780724
17.712000,3032.688000,1.015657
32.144000,40.016000,0.799880
32.144000,138.416000,0.792653
22.960000,1128.976000,0.920559
25.584000,1337.584000,1.386089
21.648000,16.400000,0.995470
9.840000,3009.072000,0.695302
38.704000,997.776000,0.743336
29.520000,793.104000,1.147174
8.528000,2615.472000,0.687594
7.216000,303.728000,1.291532
34.768000,2193.008000,0.764638
5.904000,1088.304000,0.907169
19.024000,2486.896000,0.659073
4.592000,1585.552000,1.063047
29.520000,1031.888000,0.800851
4.592000,2914.608000,0.879486
38.704000,587.120000,0.834915
26.896000,311.600000,0.673297
37.392000,3187.504000,0.721711
33.456000,1163.088000,0.695099
17.712000,2699.440000,0.995113
30.832000,2036.880000,1.326516
19.024000,783.920000,1.490816
5.904000,951.856000,1.212694
15.088000,1352.016000,0.696184
11.152000,3205.872000,0.658775
13.776000,1136.848000,0.945148
33.456000,2479.024000,0.790499
1.968000,2904.112000,0.956391
28.208000,2133.968000,1.347489
0.656000,93.808000,0.700531
9.840000,2490.832000,1.573853
36.080000,1535.696000,1.005307
20.336000,600.240000,0.779598
36.080000,1215.568000,2.190792
11.152000,1912.240000,1.744430
22.960000,1063.376000,1.115138
37.392000,1020.080000,0.944960
0.656000,1535.696000,0.714868
34.768000,870.512000,0.827610
9.840000,3110.096000,0.980605
3.280000,3183.568000,1.087644
16.400000,2594.480000,0.960133
36.080000,120.048000,1.455569
33.456000,2641.712000,1.086136
15.088000,96.432000,0.687780
29.520000,747.184000,0.722380
12.464000,2444.912000,0.962731
9.840000,1216.880000,0.719290
38.704000,1728.560000,0.660242
29.520000,1558.000000,1.034945
24.272000,227.632000,1.191222
0.656000,2097.232000,1.283284
11.152000,972.848000,0.835943
8.528000,2820.144000,1.149954
7.216000,2153.648000,1.256131
11.152000,2604.976000,1.471279
26.896000,2489.520000,0.691481
5.904000,2342.576000,1.066613
4.592000,2880.496000,0.664819
0.656000,648.784000,0.673417
3.280000,2745.360000,0.697953
29.520000,879.696000,0.937078
25.584000,878.384000,1.276471
3.280000,2604.976000,1.000227
36.080000,1883.376000,1.579667
34.768000,503.152000,1.008539
9.840000,1880.752000,1.152750
20.336000,295.856000,0.893480
29.520000,2133.968000,0.711758
4.592000,1736.432000,0.738713
1.968000,1996.208000,1.059741
28.208000,424.432000,1.173424
22.960000,3083.856000,0.720089
28.208000,282.736000,0.931302
34.768000,2500.016000,0.676509
21.648000,2599.728000,1.496463
9.840000,726.192000,1.114696
19.024000,2595.792000,0.710940
25.584000,1185.392000,0.935545
4.592000,1324.464000,0.686834
33.456000,1051.568000,1.283296
8.528000,1732.496000,0.854474
22.960000,574.000000,0.980286
36.080000,881.008000,0.950154
21.648000,1555.376000,1.303693
29.520000,205.328000,1.289710
32.144000,2147.088000,0.891670
29.520000,1081.744000,0.949160
34.768000,3216.368000,0.700354
22.960000,1230.000000,0.690230
25.584000,2648.272000,0.958492
25.584000,1560.624000,1.540499
17.712000,2467.216000,1.229292
32.144000,2182.512000,0.720193
7.216000,37.392000,1.063245
4.592000,1299.536000,1.278374
19.024000,1138.160000,0.759004
13.776000,218.448000,1.317290
34.768000,2073.616000,1.200992
25.584000,25.584000,0.751926
13.776000,2566.928000,0.696667
36.080000,3006.448000,0.877520
16.400000,125.296000,1.261090
0.656000,2530.192000,0.688863
24.272000,2876.560000,0.877564
5.904000,1396.624000,1.340469
17.712000,28.208000,1.016469
1.968000,1021.392000,0.735868
17.712000,1107.984000,1.109610
21.648000,1854.512000,0.852528
0.656000,1666.896000,0.792146
21.648000,1581.616000,0.749170
33.456000,2662.704000,0.948686
11.152000,188.272000,0.664334
9.840000,2513.136000,0.680518
9.840000,13.776000,0.943112
32.144000,2922.480000,0.820905
32.144000,1493.712000,0.818576
25.584000,2177.264000,0.806767
37.392000,1681.328000,1.193311
1.968000,1871.568000,2.029718
38.704000,192.208000,0.684627
20.336000,1083.056000,0.707506
8.528000,2534.128000,0.872989
15.088000,2009.328000,1.302653
30.832000,682.896000,1.333839
25.584000,593.680000,0.744236
32.144000,625.168000,1.425580
4.592000,1069.936000,1.760854
29.520000,904.624000,0.697404
9.840000,2670.576000,1.082515
1.968000,2995.952000,1.225680
30.832000,1868.944000,2.125720
13.776000,1512.080000,0.786798
16.400000,3138.960000,1.143287
24.272000,497.904000,3.316815
7.216000,1468.784000,0.676796
15.088000,2097.232000,0.911320
20.336000,1245.744000,0.945317
4.592000,284.048000,1.103558
34.768000,2431.792000,1.530233
8.528000,1880.752000,1.813917
15.088000,2859.504000,0.949402
11.152000,1000.400000,0.702134
5.904000,568.752000,1.172453
25.584000,3081.232000,1.738027
3.280000,2717.808000,0.799039
22.960000,2265.168000,0.882237
17.712000,113.488000,0.680504
25.584000,2311.088000,0.667122
0.656000,217.136000,1.152063
26.896000,2106.416000,0.961709
13.776000,2305.840000,2.038318
36.080000,64.944000,0.757675
15.088000,2782.096000,1.645520
1.968000,2485.584000,0.851953
11.152000,1605.232000,0.961739
21.648000,1034.512000,0.796051
33.456000,608.112000,0.773763
3.280000,1819.088000,0.741073
29.520000,1731.184000,0.678778
9.840000,853.456000,0.656719
0.656000,1960.784000,0.798506
8.528000,280.112000,0.681730
7.216000,2253.360000,0.879349
15.088000,3014.320000,0.850658
22.960000,627.792000,0.833029
7.216000,1399.248000,0.810588
22.960000,302.416000,0.934099
7.216000,2590.544000,2.078593
16.400000,520.208000,1.023175
5.904000,432.304000,1.009162
19.024000,2805.712000,0.786287
15.088000,1180.144000,0.920579
32.144000,1693.136000,0.833175
25.584000,3204.560000,0.692292
34.768000,3095.664000,0.908990
1.968000,902.000000,0.745020
21.648000,1210.320000,0.783478
11.152000,1731.184000,0.757777
21.648000,3096.976000,0.680422
30.832000,1227.376000,1.390187
36.080000,341.776000,0.813464
25.584000,1468.784000,0.867098
13.776000,1067.312000,1.025849
24.272000,588.432000,0.721611
17.712000,1858.448000,0.912185
22.960000,1366.448000,1.044836
33.456000,1445.168000,1.118423
7.216000,979.408000,0.923474
28.208000,2873.936000,0.716460
19.024000,2334.704000,0.717171
25.584000,2131.344000,0.880687
36.080000,3041.872000,0.668829
9.840000,1324.464000,1.013502
7.216000,109.552000,0.665141
20.336000,2493.456000,0.775099
28.208000,2263.856000,1.408398
26.896000,2408.176000,0.960993
24.272000,1428.112000,0.998817
19.024000,1504.208000,0.823388
24.272000,1358.576000,0.788020
30.832000,1660.336000,0.665485
9.840000,2692.880000,0.769611
36.080000,1937.168000,0.860000
19.024000,857.392000,1.898792
29.520000,2539.376000,1.131646
38.704000,2122.160000,0.719391
38.704000,3159.952000,0.988668
21.648000,2309.776000,0.752075
4.592000,2057.872000,1.356602
1.968000,2161.520000,1.000610
5.904000,1899.120000,1.373195
38.704000,371.952000,1.100741
26.896000,963.664000,0.780522
13.776000,1257.552000,0.854433
21.648000,2959.216000,1.041763
7.216000,2032.944000,0.732269
8.528000,3056.304000,1.038193
37.392000,863.952000,0.830579
15.088000,403.440000,1.138734
33.456000,585.808000,0.800592
32.144000,2887.056000,0.808152
26.896000,210.576000,0.916601
13.776000,137.104000,1.387612
16.400000,2898.864000,0.755467
15.088000,657.968000,0.662028
28.208000,2569.552000,1.027590
12.464000,383.760000,1.662638
38.704000,437.552000,1.344493
13.776000,1931.920000,0.850375
30.832000,2039.504000,0.966622
17.712000,445.424000,1.095325
34.768000,104.304000,0.874756
19.024000,2679.760000,0.779152
20.336000,1366.448000,1.227662
17.712000,1261.488000,0.748173
12.464000,925.616000,1.292556
26.896000,2442.288000,1.133758
7.216000,1656.400000,0.834093
15.088000,963.664000,1.084763
4.592000,2151.024000,1.236982
36.080000,2055.248000,0.846499
9.840000,2506.576000,1.305228
38.704000,1622.288000,0.990430
19.024000,1628.848000,1.087061
19.024000,3195.376000,0.678134
34.768000,1758.736000,1.164272
1.968000,2229.744000,0.658315
28.208000,3154.704000,0.761943
20.336000,2484.272000,1.162766
32.144000,2742.736000,1.117956
30.832000,406.064000,0.834139
5.904000,3035.312000,1.697261
33.456000,3137.648000,0.711878
33.456000,1947.664000,1.948174
16.400000,2124.784000,1.015409
37.392000,2566.928000,0.693802
26.896000,554.320000,1.339567
36.080000,1895.184000,0.762262
9.840000,1332.336000,0.962379
21.648000,545.136000,0.834833
8.528000,608.112000,0.784620
32.144000,1008.272000,0.972387
33.456000,2119.536000,0.674772
29.520000,1438.608000,1.364986
1.968000,1914.864000,0.705483
34.768000,2833.264000,0.677836
25.584000,2367.504000,1.279433
3.280000,2551.184000,0.997706
8.528000,2426.544000,0.903142
4.592000,987.280000,0.812157
9.840000,2174.640000,0.707431
7.216000,1135.536000,1.017982
34.768000,3090.416000,0.746057
36.080000,2501.328000,1.151957
11.152000,2367.504000,0.833073
21.648000,1708.880000,1.033207
12.464000,2101.168000,1.113889
32.144000,424.432000,0.734951
16.400000,3117.968000,0.742866
25.584000,1718.064000,0.782240
4.592000,2153.648000,0.892995
32.144000,2746.672000,0.719378
12.464000,3053.680000,0.747299
9.840000,1683.952000,0.659747
12.464000,2203.504000,0.818136
33.456000,3128.464000,1.116296
37.392000,925.616000,0.931683
7.216000,2566.928000,1.609315
8.528000,2338.640000,1.454187
12.464000,57.072000,1.077636
16.400000,571.376000,1.104634
28.208000,2227.120000,0.678779
9.840000,605.488000,0.704930
8.528000,47.888000,0.800946
5.904000,1352.016000,0.739255
22.960000,783.920000,0.690960
19.024000,2759.792000,0.743086
11.152000,1803.344000,1.359612
20.336000,311.600000,0.794818
4.592000,1331.024000,0.834064
7.216000,1592.112000,1.046650
1.968000,2152.336000,1.248768
0.656000,2860.816000,0.713131
30.832000,974.160000,1.726452
11.152000,2422.608000,0.674760
36.080000,3218.992000,0.823978
20.336000,2345.200000,1.056145
7.216000,1455.664000,1.103817
3.280000,2766.352000,0.667203
7.216000,1829.584000,1.095068
21.648000,1803.344000,1.057354
8.528000,1035.824000,0.690381
19.024000,2810.960000,0.872503
33.456000,933.488000,0.808904
32.144000,294.544000,0.798550
16.400000,2252.048000,0.659330
16.400000,1933.232000,1.563832
20.336000,1727.248000,0.712647
17.712000,661.904000,1.124602
22.960000,2263.856000,1.129269
19.024000,2847.696000,1.275673
30.832000,757.680000,1.031710
36.080000,3082.544000,0.893850
28.208000,508.400000,0.867735
25.584000,1416.304000,0.713430
7.216000,2770.288000,0.764899
34.768000,3119.280000,0.745225
9.840000,1450.416000,0.660398
4.592000,2107.728000,0.967930
26.896000,626.480000,0.692790
28.208000,609.424000,0.869152
24.272000,3161.264000,0.665341
32.144000,383.760000,0.750997
1.968000,385.072000,1.827113
1.968000,2775.536000,1.046940
36.080000,1151.280000,0.789336
38.704000,2017.200000,1.215759
1.968000,1594.736000,1.665929
17.712000,236.816000,1.427522
7.216000,2766.352000,0.942776
16.400000,684.208000,1.187518
1.968000,173.840000,0.698788
16.400000,2762.416000,1.357114
38.704000,1517.328000,1.803694
13.776000,1253.616000,1.115182
16.400000,1130.288000,1.035233
15.088000,217.136000,1.103742
29.520000,2050.000000,1.539563
21.648000,333.904000,0.707439
15.088000,1003.024000,1.110303
0.656000,2458.032000,0.868079
25.584000,1315.280000,1.385744
4.592000,95.120000,0.935911
25.584000,1157.840000,0.751114
4.592000,1752.176000,0.788284
26.896000,602.864000,0.930477
26.896000,2782.096000,0.700180
15.088000,2240.240000,0.801669
22.960000,246.000000,1.017367
1.968000,2208.752000,1.081765
12.464000,2443.600000,0.741939
21.648000,2068.368000,1.263157
3.280000,2985.456000,0.818122
22.960000,678.960000,0.864470
8.528000,38.704000,0.708652
15.088000,1468.784000,0.824754
11.152000,1167.024000,0.987733
33.456000,1404.496000,1.916229
13.776000,480.848000,0.688528
36.080000,2559.056000,0.727116
0.656000,1409.744000,1.230360
11.152000,2930.352000,1.427037
0.656000,1328.400000,0.696176
12.464000,581.872000,1.233004
25.584000,1551.440000,0.942534
29.520000,2332.080000,1.020243
15.088000,2320.272000,1.056723
16.400000,2479.024000,0.721675
4.592000,2540.688000,1.087831
1.968000,1447.792000,0.772583
13.776000,109.552000,0.917484
0.656000,3169.136000,0.949871
26.896000,2317.648000,1.112656
0.656000,2005.392000,0.848612
1.968000,2429.168000,1.432400
5.904000,2173.328000,0.855529
12.464000,962.352000,1.318990
11.152000,815.408000,0.671510
9.840000,2055.248000,0.939144
11.152000,2628.592000,1.202602
36.080000,2465.904000,0.737647
5.904000,1513.392000,0.792689
22.960000,1979.152000,0.971468
19.024000,259.120000,0.757151
28.208000,429.680000,1.128025
24.272000,1603.920000,1.168504
16.400000,928.240000,0.997733
24.272000,3144.208000,0.749526
36.080000,2082.800000,1.462495
33.456000,122.672000,0.930346
25.584000,1510.768000,0.680627
4.592000,484.784000,0.784463
34.768000,2658.768000,0.920164
26.896000,3208.496000,0.894550
15.088000,1012.208000,1.663297
33.456000,3018.256000,1.758071
15.088000,2789.968000,0.889389
19.024000,454.608000,1.063657
29.520000,3157.328000,0.981284
15.088000,2517.072000,0.671030
5.904000,78.064000,0.770024
29.520000,951.856000,0.659870
12.464000,744.560000,0.788722
37.392000,2816.208000,1.671955
26.896000,1018.768000,0.863773
15.088000,1316.592000,0.797738
34.768000,2191.696000,1.169345
4.592000,899.376000,0.717172
36.080000,795.728000,0.822004
36.080000,2053.936000,2.306944
17.712000,227.632000,0.913414
7.216000,1048.944000,0.658950
8.528000,2812.272000,0.836146
11.152000,2590.544000,0.666119
13.776000,2351.760000,0.876078
24.272000,2620.720000,1.362534
37.392000,1707.568000,1.136237
25.584000,718.320000,0.689642
32.144000,2245.488000,0.922992
33.456000,1998.832000,1.768421
38.704000,1122.416000,1.049610
13.776000,282.736000,1.037280
32.144000,1492.400000,0.679740
36.080000,1687.888000,1.772249
12.464000,2793.904000,1.121664
16.400000,2147.088000,1.136369
21.648000,514.960000,0.738548
29.520000,442.800000,0.817594
37.392000,2640.400000,0.687572
25.584000,2758.480000,0.993954
28.208000,438.864000,0.715092
21.648000,433.616000,0.691636
37.392000,2334.704000,1.152670
29.520000,2249.424000,0.793677
33.456000,1256.240000,0.992712
32.144000,340.464000,1.039978
38.704000,2292.720000,1.265296
32.144000,4.592000,0.819787
24.272000,1693.136000,1.815065
34.768000,526.768000,1.115013
33.456000,440.176000,1.180155
11.152000,2734.864000,1.911856
33.456000,567.440000,0.920702
16.400000,2444.912000,1.028769
21.648000,916.432000,1.225237
21.648000,1647.216000,0.752978
3.280000,744.560000,1.528714
4.592000,2982.832000,0.947469
3.280000,1425.488000,0.822271
9.840000,1102.736000,1.380148
13.776000,2051.312000,1.059039
7.216000,543.824000,1.108319
26.896000,1756.112000,1.207104
38.704000,802.288000,1.035920
17.712000,2694.192000,1.108179
19.024000,610.736000,0.918839
7.216000,2784.720000,0.786518
3.280000,63.632000,0.669104
21.648000,2877.872000,1.797951
16.400000,2824.080000,1.028612
5.904000,1516.016000,0.782383
16.400000,1359.888000,0.815361
28.208000,1313.968000,1.343476
17.712000,2325.520000,1.414505
20.336000,786.544000,0.671684
36.080000,1921.424000,1.146870
32.144000,2149.712000,0.699257
17.712000,1010.896000,0.817645
0.656000,228.944000,1.430998
32.144000,1912.240000,2.062604
37.392000,2026.384000,0.828289
3.280000,1531.760000,1.009350
21.648000,1577.680000,1.792806
16.400000,1379.568000,1.218660
8.528000,1160.464000,0.885360
26.896000,2526.256000,0.759279
12.464000,1088.304000,1.078162
4.592000,2364.880000,1.424603
22.960000,1934.544000,0.713971
9.840000,2897.552000,0.674844
4.592000,863.952000,0.664664
30.832000,1708.880000,0.730345
26.896000,1711.504000,0.995050
29.520000,1977.840000,0.789537
30.832000,2578.736000,0.800484
4.592000,2477.712000,0.926166
5.904000,26.896000,1.184777
34.768000,299.792000,0.672243
32.144000,1760.048000,0.701018
0.656000,169.904000,0.771366
19.024000,1820.400000,0.869589
36.080000,1349.392000,0.818021
15.088000,78.064000,0.710803
29.520000,551.696000,1.006299
5.904000,167.280000,0.895036
24.272000,2064.432000,0.978437
36.080000,2887.056000,0.673139
15.088000,236.816000,0.783243
0.656000,1516.016000,1.748399
13.776000,2082.800000,0.755056
7.216000,1467.472000,1.336480
32.144000,1559.312000,1.364311
12.464000,953.168000,0.932180
0.656000,1059.440000,0.845437
33.456000,1540.944000,0.722237
3.280000,76.752000,0.844048
1.968000,1901.744000,1.411402
34.768000,1872.880000,1.485914
1.968000,563.504000,0.734202
22.960000,636.976000,0.695381
16.400000,2866.064000,0.661648
32.144000,67.568000,0.683876
7.216000,1350.704000,0.808343
34.768000,2699.440000,1.121678
34.768000,1310.032000,1.021223
29.520000,112.176000,0.988204
1.968000,2825.392000,0.933143
13.776000,2539.376000,1.348086
3.280000,1215.568000,0.787266
28.208000,1728.560000,0.794537
36.080000,41.328000,0.942552
38.704000,1711.504000,0.755495
22.960000,3019.568000,1.395536
26.896000,1817.776000,0.863535
15.088000,1783.664000,0.701243
16.400000,2717.808000,0.764918
19.024000,1176.208000,0.760049
16.400000,2992.016000,1.116397
15.088000,36.080000,1.181171
5.904000,1022.704000,0.853788
38.704000,2734.864000,1.026461
0.656000,1886.000000,0.685377
5.904000,1247.056000,0.887277
12.464000,2892.304000,1.348353
29.520000,415.248000,0.767873
3.280000,1100.112000,1.580962
15.088000,1701.008000,0.843339
37.392000,493.968000,0.718141
11.152000,2753.232000,0.851730
17.712000,551.696000,0.733161
12.464000,3175.696000,0.806757
21.648000,596.304000,0.675919
38.704000,1552.752000,0.777991
12.464000,1041.072000,0.681273
4.592000,2177.264000,0.736595
0.656000,3179.632000,0.789518
34.768000,793.104000,0.855002
20.336000,3129.776000,0.669804
30.832000,1969.968000,0.663121
5.904000,2737.488000,0.878766
7.216000,2577.424000,1.058013
30.832000,1498.960000,1.211835
5.904000,2053.936000,0.662297
4.592000,2593.168000,0.741869
3.280000,2206.128000,0.746627
9.840000,1824.336000,1.352808
20.336000,793.104000,1.431187
29.520000,844.272000,1.064133
15.088000,3129.776000,1.028436
15.088000,993.840000,0.894147
17.712000,8.528000,0.668682
21.648000,2943.472000,0.792183
16.400000,1096.176000,0.681392
7.216000,2141.840000,0.671164
8.528000,514.960000,0.724569
7.216000,379.824000,1.153937
37.392000,173.840000,1.244308
30.832000,1584.240000,0.794547
5.904000,1664.272000,0.756274
15.088000,2786.032000,0.918879
4.592000,324.720000,0.845613
5.904000,368.016000,1.313694
38.704000,379.824000,1.665478
38.704000,916.432000,0.830709
11.152000,2708.624000,1.341304
26.896000,857.392000,0.816988
38.704000,3141.584000,1.024860
12.464000,361.456000,0.768236
29.520000,1910.928000,1.008564
25.584000,318.160000,1.179797
8.528000,1584.240000,0.805729
8.528000,2866.064000,0.851455
9.840000,1823.024000,1.043724
21.648000,389.008000,1.098232
1.968000,1682.640000,0.850832
21.648000,2144.464000,0.723882
16.400000,43.952000,0.682697
22.960000,3165.200000,0.983847
26.896000,2662.704000,0.919242
1.968000,690.768000,1.542109
24.272000,2358.320000,1.356514
3.280000,1763.984000,0.717729
37.392000,3188.816000,0.838296
0.656000,2479.024000,1.228660
33.456000,2855.568000,0.854743
5.904000,2925.104000,0.713100
0.656000,2859.504000,0.781556
25.584000,2944.784000,1.836257
19.024000,1031.888000,1.001506
17.712000,534.640000,1.765009
25.584000,1142.096000,0.859339
32.144000,2220.560000,0.833774
16.400000,2868.688000,0.710082
7.216000,1181.456000,0.855551
5.904000,3177.008000,0.898020
30.832000,504.464000,0.867930
8.528000,916.432000,0.930108
9.840000,1926.672000,1.519411
37.392000,1134.224000,1.515242
7.216000,908.560000,1.242575
24.272000,2593.168000,0.662935
19.024000,1829.584000,1.045771
11.152000,2109.040000,0.742422
17.712000,1223.440000,1.600639
37.392000,1742.992000,1.236251
16.400000,2768.976000,0.681099
33.456000,2549.872000,1.130193
38.704000,358.832000,1.184375
12.464000,1673.456000,1.193624
0.656000,584.496000,1.289728
0.656000,235.504000,1.209575
0.656000,71.504000,0.752756
4.592000,1115.856000,0.790722
8.528000,391.632000,2.052713
5.904000,2909.360000,0.972860
16.400000,755.056000,0.661282
7.216000,2573.488000,0.992135
21.648000,2442.288000,0.783325
3.280000,2292.720000,0.757166
36.080000,131.856000,1.215304
37.392000,148.912000,1.397324
0.656000,2484.272000,0.738946
22.960000,1003.024000,0.740334
38.704000,738.000000,2.148017
22.960000,2774.224000,0.735156
21.648000,1598.672000,0.661448
26.896000,2706.000000,0.714995
1.968000,36.080000,1.089005
16.400000,1903.056000,1.532519
30.832000,610.736000,0.707448
8.528000,265.680000,1.286071
4.592000,1283.792000,1.014870
33.456000,1572.432000,1.038928
30.832000,2892.304000,0.725116
24.272000,2229.744000,0.753425
28.208000,2643.024000,0.882114
7.216000,972.848000,1.825431
37.392000,2410.800000,1.911972
21.648000,2509.200000,0.787054
28.208000,3001.200000,0.662723
29.520000,1841.392000,0.932360
12.464000,2930.352000,1.362350
32.144000,404.752000,0.833770
11.152000,646.160000,0.742771
28.208000,1811.216000,0.780354
32.144000,412.624000,0.884321
7.216000,1966.032000,0.734082
32.144000,474.288000,0.699906
11.152000,2193.008000,1.205040
9.840000,2091.984000,2.447916
37.392000,2770.288000,0.778943
8.528000,1699.696000,0.925212
20.336000,470.352000,0.985380
7.216000,1808.592000,0.785105
24.272000,532.016000,0.713815
38.704000,312.912000,0.936688
16.400000,1441.232000,1.609444
22.960000,2929.040000,0.901288
26.896000,1463.536000,0.790848
0.656000,3154.704000,1.295398
37.392000,2130.032000,0.929649
7.216000,1334.960000,1.125149
11.152000,394.256000,0.662548
13.776000,2216.624000,0.716087
5.904000,804.912000,0.656248
5.904000,1922.736000,1.306271
25.584000,1018.768000,0.924161
20.336000,113.488000,0.948832
13.776000,1708.880000,1.040214
15.088000,2363.568000,1.028241
17.712000,503.152000,0.883276
26.896000,1765.296000,0.799210
29.520000,2871.312000,1.035323
15.088000,804.912000,0.760087
25.584000,894.128000,0.786055
19.024000,63.632000,0.831940
8.528000,2296.656000,0.772667
5.904000,2792.592000,1.967183
28.208000,408.688000,1.121829
28.208000,2098.544000,0.663794
28.208000,1143.408000,1.316869
30.832000,85.936000,0.843420
26.896000,3158.640000,0.714804
15.088000,1897.808000,1.107662
0.656000,2965.776000,0.850893
3.280000,259.120000,0.899442
30.832000,1580.304000,0.676889
21.648000,165.968000,0.710738
17.712000,139.728000,1.849154
33.456000,539.888000,1.317358
12.464000,2847.696000,0.833739
4.592000,2691.568000,1.632826
25.584000,2018.512000,1.171299
24.272000,268.304000,0.874008
1.968000,639.600000,0.780219
4.592000,315.536000,1.074426
34.768000,1307.408000,0.658202
19.024000,1661.648000,1.033029
21.648000,96.432000,0.753276
9.840000,1767.920000,0.841699
8.528000,1853.200000,0.752603
25.584000,2984.144000,0.902754
38.704000,169.904000,0.699441
16.400000,189.584000,0.675742
32.144000,3196.688000,1.112623
22.960000,1749.552000,1.335007
19.024000,2503.952000,1.754034
21.648000,1523.888000,0.790180
7.216000,11.152000,1.594272
7.216000,3192.752000,0.958045
4.592000,2813.584000,1.844574
1.968000,144.976000,0.766884
20.336000,2288.784000,0.813324
33.456000,2646.960000,0.837827
22.960000,1485.840000,0.781849
32.144000,2633.840000,1.175080
25.584000,1294.288000,0.937283
37.392000,2011.952000,0.780582
5.904000,631.728000,0.826749
28.208000,2036.880000,1.013502
25.584000,741.936000,0.830785
9.840000,2240.240000,0.989437
30.832000,2353.072000,0.669643
3.280000,1525.200000,1.016553
36.080000,1281.168000,0.832445
19.024000,1868.944000,0.884675
1.968000,766.864000,1.074554
36.080000,1926.672000,1.115109
9.840000,1395.312000,0.724685
20.336000,1555.376000,0.671592
24.272000,213.200000,0.933441
28.208000,2322.896000,1.276295
3.280000,943.984000,1.053009
11.152000,1379.568000,0.690166
5.904000,2560.368000,0.950818
16.400000,1756.112000,0.776399
15.088000,146.288000,1.556894
7.216000,1655.088000,1.270141
29.520000,2734.864000,1.227087
13.776000,2845.072000,0.776106
20.336000,1102.736000,1.128175
0.656000,1509.456000,0.851277
13.776000,2640.400000,0.705151
24.272000,886.256000,2.348849
1.968000,332.592000,1.459721
37.392000,732.752000,0.948114
16.400000,2765.040000,0.668251
33.456000,2317.648000,0.742176
21.648000,2572.176000,0.966073
17.712000,2744.048000,1.595885
0.656000,475.600000,0.705511
21.648000,1645.904000,0.735119
12.464000,1068.624000,1.176511
16.400000,1948.976000,0.844212
9.840000,1170.960000,0.671896
28.208000,2894.928000,0.707122
8.528000,2807.024000,0.825804
33.456000,899.376000,0.658844
12.464000,558.256000,0.912336
30.832000,703.888000,1.316677
7.216000,3047.120000,0.805591
0.656000,1505.520000,0.970993
17.712000,1403.184000,1.249379
33.456000,940.048000,0.998832
37.392000,2379.312000,1.159244
36.080000,2244.176000,1.427429
3.280000,1823.024000,0.985759
20.336000,1686.576000,0.892520
13.776000,592.368000,1.382330
5.904000,2835.888000,0.726664
4.592000,2977.584000,0.758925
33.456000,896.752000,1.174958
3.280000,3108.784000,0.807086
21.648000,715.696000,1.015561
13.776000,164.656000,0.683498
25.584000,2884.432000,0.850566
16.400000,2932.976000,1.096002
38.704000,1495.024000,1.089085
13.776000,2227.120000,0.684629
11.152000,672.400000,0.976433
12.464000,1477.968000,0.697050
3.280000,3161.264000,0.684260
20.336000,1080.432000,1.680055
38.704000,2761.104000,0.693848
8.528000,3174.384000,1.354190
11.152000,549.072000,0.696526
33.456000,3175.696000,0.717259
37.392000,2904.112000,0.657272
19.024000,1522.576000,0.670012
4.592000,2932.976000,0.871878
19.024000,2109.040000,1.075121
20.336000,2295.344000,1.072473
17.712000,1125.040000,0.908967
36.080000,369.328000,0.716851
1.968000,1034.512000,0.931449
5.904000,221.072000,1.283562
28.208000,2786.032000,0.851427
37.392000,1071.248000,0.832361
20.336000,1471.408000,1.022308
4.592000,618.608000,1.084794
33.456000,2090.672000,2.975922
13.776000,1073.872000,0.754167
5.904000,155.472000,0.740086
22.960000,2913.296000,0.735181
32.144000,2968.400000,1.170224
13.776000,144.976000,0.818165
1.968000,268.304000,0.701285
37.392000,1244.432000,0.742770
13.776000,232.880000,0.900534
29.520000,1198.512000,0.983609
8.528000,585.808000,0.707683
24.272000,1391.376000,0.902110
19.024000,360.144000,0.662122
21.648000,2932.976000,0.983656
15.088000,2645.648000,0.660908
7.216000,2360.944000,0.820846
33.456000,2887.056000,0.699863
21.648000,3085.168000,0.972353
25.584000,2107.728000,1.024405
34.768000,1102.736000,0.688481
30.832000,1184.080000,0.734515
29.520000,2662.704000,3.567893
0.656000,877.072000,0.658688
11.152000,2805.712000,0.763837
33.456000,1155.216000,0.994443
30.832000,2867.376000,0.807837
32.144000,3174.384000,0.972619
7.216000,832.464000,1.130487
16.400000,699.952000,0.986541
5.904000,2376.688000,0.791789
24.272000,2164.144000,2.080482
26.896000,3205.872000,1.586465
0.656000,2890.992000,1.060853
30.832000,1551.440000,1.389530
13.776000,2801.776000,1.736189
34.768000,2025.072000,0.915848
1.968000,2818.832000,0.676584
15.088000,3208.496000,0.977457
26.896000,1966.032000,1.685965
19.024000,171.216000,1.222303
29.520000,1952.912000,1.004728
21.648000,1631.472000,0.994347
22.960000,1266.736000,1.088838
4.592000,3003.824000,0.906117
16.400000,2309.776000,0.732270
34.768000,2162.832000,1.376464
12.464000,463.792000,0.735467
3.280000,159.408000,1.278455
11.152000,554.320000,0.734449
15.088000,2702.064000,0.675005
8.528000,870.512000,1.573458
13.776000,1232.624000,1.338749
21.648000,1388.752000,0.712845
21.648000,2246.800000,1.446338
3.280000,559.568000,0.815553
8.528000,26.896000,0.709282
34.768000,1125.040000,0.850245
36.080000,1387.440000,0.701641
1.968000,848.208000,1.014533
11.152000,1648.528000,0.815410
20.336000,242.064000,0.752181
32.144000,2153.648000,0.926536
26.896000,1433.360000,1.283869
38.704000,1286.416000,0.902477
32.144000,1072.560000,1.179053
30.832000,2980.208000,0.662802
30.832000,1504.208000,1.051379
24.272000,3135.024000,0.951951
13.776000,535.952000,0.720170
29.520000,961.040000,0.712860
12.464000,2604.976000,1.066583
29.520000,2374.064000,1.000132
1.968000,3102.224000,1.230834
32.144000,2611.536000,0.868002
5.904000,1807.280000,0.821686
38.704000,3156.016000,0.958705
32.144000,2036.880000,0.870655
0.656000,522.832000,0.675497
15.088000,2375.376000,0.664675
3.280000,1275.920000,1.722592
16.400000,322.096000,1.348448
13.776000,2792.592000,0.743538
28.208000,1426.800000,0.722518
16.400000,594.992000,1.405059
34.768000,1815.152000,0.664837
5.904000,3089.104000,1.623220
0.656000,360.144000,0.880528
30.832000,1672.144000,1.072729
4.592000,1781.040000,1.302581
36.080000,1471.408000,1.155716
7.216000,365.392000,1.262117
21.648000,2101.168000,0.952470
36.080000,1905.680000,0.834688
13.776000,2311.088000,0.839426
11.152000,1539.632000,0.765894
1.968000,1592.112000,0.794253
11.152000,999.088000,0.960000
1.968000,155.472000,1.053985
5.904000,2444.912000,0.757095
13.776000,2072.304000,1.054740
5.904000,2704.688000,0.790197
19.024000,2324.208000,0.804418
15.088000,3144.208000,0.901478
1.968000,1018.768000,0.876817
37.392000,234.192000,0.906403
28.208000,921.680000,0.850357
22.960000,2479.024000,1.074629
29.520000,1795.472000,1.128594
15.088000,2866.064000,0.749055
24.272000,3089.104000,0.803878
7.216000,1573.744000,0.755928
0.656000,54.448000,0.881120
0.656000,2077.552000,1.121801
4.592000,2904.112000,0.914991
17.712000,2078.864000,0.758847
5.904000,2304.528000,0.940764
9.840000,1550.128000,0.860665
7.216000,2946.096000,0.751387
21.648000,3149.456000,1.615945
15.088000,441.488000,1.047663
28.208000,2691.568000,0.760606
21.648000,2514.448000,0.716988
9.840000,1401.872000,0.803680
13.776000,1687.888000,1.011992
1.968000,849.520000,0.674157
5.904000,1947.664000,1.372268
20.336000,526.768000,1.033151
11.152000,2034.256000,2.725975
34.768000,2389.808000,0.739619
30.832000,2812.272000,0.755414
37.392000,497.904000,0.760341
33.456000,2587.920000,0.809830
3.280000,543.824000,0.686472
16.400000,1484.528000,0.981721
1.968000,58.384000,0.929439
19.024000,2566.928000,0.723826
34.768000,1471.408000,0.965341
21.648000,3173.072000,0.874913
4.592000,541.200000,0.790755
19.024000,2670.576000,1.332502
30.832000,1731.184000,1.500122
5.904000,762.928000,0.970509
16.400000,1526.512000,0.898084
34.768000,1753.488000,0.709694
28.208000,2417.360000,0.800561
13.776000,3188.816000,1.463794
0.656000,899.376000,1.427107
5.904000,242.064000,0.767177
25.584000,1632.784000,1.026892
8.528000,2847.696000,1.546468
29.520000,761.616000,0.672048
20.336000,2246.800000,1.129104
0.656000,2926.416000,0.712119
13.776000,2858.192000,0.969522
20.336000,761.616000,0.712189
36.080000,1500.272000,0.838504
34.768000,1606.544000,0.660104
26.896000,1097.488000,0.911008
38.704000,1968.656000,0.996692
3.280000,2636.464000,0.755882
22.960000,706.512000,0.814732
38.704000,2509.200000,0.710805
13.776000,2175.952000,0.760270
32.144000,463.792000,0.721974
38.704000,2960.528000,0.704839
1.968000,601.552000,0.681445
17.712000,1796.784000,0.809183
22.960000,2173.328000,0.706783
21.648000,1370.384000,1.028957
13.776000,2915.920000,0.944424
22.960000,428.368000,0.894685
19.024000,455.920000,0.959459
34.768000,1239.184000,1.007763
26.896000,2347.824000,1.530100
0.656000,175.152000,1.887846
30.832000,951.856000,1.041125
5.904000,860.016000,0.716856
36.080000,496.592000,0.879850
15.088000,648.784000,1.580818
21.648000,2897.552000,0.734011
38.704000,45.264000,0.707356
0.656000,2425.232000,0.867807
30.832000,782.608000,1.129271
33.456000,2902.800000,0.693845
20.336000,438.864000,1.198216
38.704000,244.688000,0.805211
30.832000,1349.392000,1.031611
5.904000,1617.040000,1.516114
22.960000,778.672000,1.010766
0.656000,1012.208000,1.359605
25.584000,2269.104000,0.673367
1.968000,525.456000,1.395053
13.776000,2144.464000,0.667681
33.456000,701.264000,0.787136
8.528000,1857.136000,0.794296
5.904000,2102.480000,0.858581
3.280000,1924.048000,0.861927
8.528000,1656.400000,0.733715
25.584000,1725.936000,1.417246
7.216000,2294.032000,0.862800
17.712000,2866.064000,0.862927
26.896000,3188.816000,0.715620
13.776000,1500.272000,0.677126
11.152000,2172.016000,1.004771
5.904000,332.592000,1.850134
16.400000,3062.864000,1.225914
25.584000,2824.080000,0.990252
11.152000,1055.504000,1.685515
8.528000,2330.768000,1.131295
0.656000,2822.768000,0.883170
7.216000,3082.544000,0.889441
20.336000,1240.496000,1.028332
0.656000,2959.216000,0.791631
32.144000,2914.608000,0.866439
9.840000,3041.872000,1.085148
24.272000,2709.936000,0.813974
5.904000,1086.992000,0.878442
3.280000,2615.472000,0.816607
32.144000,12.464000,0.731913
8.528000,2688.944000,0.867479
4.592000,760.304000,1.279377
13.776000,360.144000,0.672194
20.336000,2860.816000,1.001565
9.840000,436.240000,0.685017
37.392000,714.384000,0.712145
7.216000,2619.408000,0.757694
19.024000,2337.328000,0.807508
11.152000,2148.400000,0.752016
12.464000,1670.832000,0.774073
3.280000,1614.416000,0.685885
20.336000,374.576000,1.096959
24.272000,861.328000,0.674661
32.144000,2528.880000,1.407433
34.768000,2616.784000,0.765862
28.208000,2890.992000,0.732559
25.584000,193.520000,0.734384
20.336000,1742.992000,1.199908
32.144000,3140.272000,0.932366
15.088000,2061.808000,2.384991
38.704000,1050.256000,0.862353
21.648000,612.048000,0.672609
4.592000,2602.352000,0.763087
36.080000,2351.760000,0.764309
34.768000,882.320000,0.994279
13.776000,2721.744000,1.361853
13.776000,2523.632000,1.063550
9.840000,221.072000,1.230220
36.080000,424.432000,1.409860
34.768000,2599.728000,0.944840
36.080000,2711.248000,1.060187
19.024000,2013.264000,0.662435
16.400000,735.376000,0.838189
28.208000,2013.264000,0.840624
22.960000,1875.504000,0.746183
11.152000,835.088000,0.878701
1.968000,2822.768000,0.953371
4.592000,2489.520000,0.691052
13.776000,270.928000,1.147857
21.648000,1832.208000,0.885059
38.704000,1285.104000,0.668586
34.768000,2610.224000,1.089126
26.896000,209.264000,0.777171
4.592000,2909.360000,0.874271
4.592000,2534.128000,0.871128
22.960000,941.360000,1.130744
34.768000,585.808000,0.728260
36.080000,1530.448000,0.740649
25.584000,79.376000,0.847032
25.584000,789.168000,0.920909
8.528000,2943.472000,0.981038
32.144000,134.480000,0.701239
7.216000,117.424000,0.791348
5.904000,2726.992000,0.749208
7.216000,2870.000000,0.856946
0.656000,2821.456000,0.883659
37.392000,2400.304000,1.775467
24.272000,2275.664000,0.907793
20.336000,1119.792000,0.876588
21.648000,2574.800000,0.911294
36.080000,2534.128000,0.658580
32.144000,2986.768000,0.955825
9.840000,3216.368000,0.710202
20.336000,2438.352000,0.978660
4.592000,2267.792000,0.808965
36.080000,2606.288000,1.134537
19.024000,870.512000,1.100486
15.088000,3096.976000,0.777848
9.840000,913.808000,1.290912
37.392000,684.208000,0.677142
36.080000,2618.096000,0.882780
38.704000,1407.120000,1.364998
16.400000,2532.816000,1.317928
12.464000,1586.864000,0.798862
37.392000,102.992000,0.852850
37.392000,2551.184000,0.934231
9.840000,110.864000,1.058811
9.840000,2326.832000,0.799811
16.400000,2057.872000,1.062627
33.456000,1643.280000,1.389886
29.520000,1009.584000,0.708497
12.464000,786.544000,1.005053
38.704000,2329.456000,0.696884
4.592000,71.504000,0.807503
22.960000,1783.664000,0.664092
8.528000,2640.400000,0.830579
24.272000,79.376000,1.699635
3.280000,1163.088000,1.140025
5.904000,2019.824000,0.926571
38.704000,1228.688000,0.696878
13.776000,997.776000,0.821942
19.024000,1914.864000,0.753472
30.832000,373.264000,1.123277
20.336000,2993.328000,0.721154
36.080000,524.144000,0.990274
19.024000,1711.504000,0.895719
0.656000,2497.392000,1.183783
22.960000,1537.008000,0.737734
19.024000,2114.288000,0.723961
9.840000,2957.904000,0.804516
34.768000,421.808000,0.739082
3.280000,1307.408000,0.762509
19.024000,959.728000,1.121489
13.776000,1800.720000,0.917052
34.768000,818.032000,1.561293
5.904000,3007.760000,0.758545
25.584000,1397.936000,0.720247
28.208000,1361.200000,1.019124
24.272000,2364.880000,0.846949
32.144000,2169.392000,1.082486
34.768000,2450.160000,0.774041
29.520000,2308.464000,0.732457
32.144000,1029.264000,0.725536
38.704000,3207.184000,0.919682
26.896000,2334.704000,0.764945
33.456000,2805.712000,1.862420
3.280000,1592.112000,1.071474
24.272000,184.336000,1.834444
26.896000,2809.648000,0.898637
16.400000,2236.304000,1.787261
11.152000,332.592000,1.306194
9.840000,1704.944000,0.846773
11.152000,2147.088000,0.730627
12.464000,2269.104000,1.481696
19.024000,2587.920000,0.796056
30.832000,2608.912000,1.042805
24.272000,953.168000,0.933395
11.152000,386.384000,0.890229
21.648000,2231.056000,0.985700
9.840000,509.712000,0.672348
4.592000,3039.248000,0.663038
19.024000,1879.440000,0.726919
11.152000,1575.056000,1.389228
30.832000,2816.208000,1.527014
38.704000,2816.208000,1.026627
9.840000,2594.480000,0.773701
7.216000,2542.000000,0.856022
3.280000,2719.120000,1.159389
21.648000,205.328000,1.043243
38.704000,2374.064000,0.794981
9.840000,2947.408000,0.716640
22.960000,2513.136000,1.070521
37.392000,2985.456000,0.912879
20.336000,738.000000,2.081146
9.840000,2426.544000,0.733994
13.776000,181.712000,0.709281
5.904000,361.456000,1.009445
25.584000,618.608000,1.256431
26.896000,2826.704000,0.658637
19.024000,1418.928000,1.783695
37.392000,143.664000,1.057846
17.712000,3030.064000,0.807548
7.216000,1606.544000,0.736873
15.088000,3058.928000,1.531176
11.152000,2151.024000,1.451552
36.080000,3086.480000,1.271791
9.840000,1817.776000,1.099482
24.272000,617.296000,0.736794
29.520000,1955.536000,1.000778
36.080000,1189.328000,0.874951
37.392000,2270.416000,1.122621
29.520000,2219.248000,1.091838
32.144000,109.552000,0.788734
15.088000,1963.408000,0.824217
9.840000,802.288000,0.945205
30.832000,2956.592000,1.362077
25.584000,1886.000000,1.289457
24.272000,1984.400000,1.254785
15.088000,1386.128000,0.969259
17.712000,3011.696000,0.765683
30.832000,2329.456000,0.735971
9.840000,680.272000,0.774025
26.896000,858.704000,0.737682
4.592000,2959.216000,1.056328
38.704000,774.736000,0.975521
7.216000,2228.432000,1.198353
22.960000,1672.144000,0.775864
19.024000,1741.680000,1.146357
37.392000,974.160000,1.189438
33.456000,323.408000,1.000320
17.712000,689.456000,0.867551
19.024000,2169.392000,0.727119
15.088000,2393.744000,2.057912
28.208000,848.208000,1.106884
4.592000,1475.344000,0.781615
25.584000,1135.536000,1.142623
7.216000,392.944000,0.907922
9.840000,547.760000,0.977387
20.336000,1567.184000,1.043158
21.648000,1104.048000,0.850424
34.768000,929.552000,1.661443
28.208000,2645.648000,0.925273
21.648000,2305.840000,1.236720
8.528000,1460.912000,0.689436
11.152000,2232.368000,0.689198
33.456000,1505.520000,1.331909
38.704000,1930.608000,1.370552
19.024000,1184.080000,0.674210
12.464000,978.096000,0.664684
3.280000,2124.784000,1.305432
20.336000,402.128000,1.097754
33.456000,1820.400000,0.891182
3.280000,3119.280000,1.041795
22.960000,811.472000,1.233831
0.656000,1106.672000,1.576237
8.528000,3158.640000,0.663990
22.960000,2384.560000,1.143303
38.704000,1761.360000,0.789609
29.520000,1792.848000,0.719515
37.392000,2262.544000,0.805557
1.968000,1876.816000,0.710288
5.904000,2279.600000,0.864857
17.712000,2687.632000,2.179152
38.704000,83.312000,0.679998
17.712000,932.176000,0.925627
7.216000,2402.928000,0.727649
24.272000,1993.584000,0.820171
32.144000,3089.104000,1.531202
36.080000,2841.136000,0.821041
16.400000,782.608000,0.720707
3.280000,2375.376000,0.666384
24.272000,870.512000,0.783147
1.968000,3049.744000,0.857565
21.648000,690.768000,0.753335
29.520000,2866.064000,0.687931
36.080000,1691.824000,1.606610
3.280000,525.456000,0.788874
9.840000,301.104000,1.185667
3.280000,1.968000,1.149315
37.392000,596.304000,0.816219
17.712000,2765.040000,1.160246
26.896000,113.488000,0.761770
17.712000,520.208000,0.730708
8.528000,1256.240000,0.765127
33.456000,58.384000,2.345916
25.584000,1820.400000,0.710898
4.592000,2227.120000,1.000979
11.152000,1653.776000,1.382353
37.392000,1927.984000,0.914944
29.520000,2008.016000,0.766896
26.896000,1655.088000,0.707152
20.336000,2410.800000,0.890503
13.776000,462.480000,1.201752
12.464000,1304.784000,0.902659
8.528000,268.304000,1.122259
29.520000,1945.040000,1.754605
11.152000,2530.192000,0.889879
0.656000,997.776000,0.849682
11.152000,542.512000,1.533928
8.528000,3016.944000,0.710341
37.392000,2200.880000,0.772750
22.960000,2622.032000,0.731210
15.088000,2522.320000,0.771478
38.704000,1279.856000,1.381855
16.400000,2704.688000,1.800295
37.392000,445.424000,0.708531
37.392000,2652.208000,0.706668
7.216000,1090.928000,0.801791
17.712000,2274.352000,0.741215
3.280000,673.712000,1.329774
26.896000,135.792000,0.932871
22.960000,1253.616000,0.763562
7.216000,2768.976000,2.060056
1.968000,353.584000,1.606214
22.960000,3068.112000,1.265755
15.088000,1756.112000,0.736692
19.024000,1742.992000,1.052277
13.776000,2877.872000,0.820008
7.216000,583.184000,1.277359
15.088000,892.816000,0.864985
20.336000,474.288000,0.755216
12.464000,2572.176000,1.032273
22.960000,664.528000,0.735855
20.336000,2733.552000,0.755423
13.776000,1973.904000,1.349877
0.656000,2202.192000,0.791553
34.768000,1800.720000,0.681841
19.024000,1752.176000,1.306783
19.024000,681.584000,0.806440
4.592000,999.088000,0.838303
30.832000,512.336000,1.188807
32.144000,1252.304000,0.702577
33.456000,521.520000,1.138412
20.336000,2052.624000,0.826236
34.768000,2005.392000,1.118471
4.592000,2097.232000,1.067300
12.464000,1219.504000,0.767088
12.464000,715.696000,0.694464
19.024000,1463.536000,0.893915
28.208000,2641.712000,0.847498
34.768000,2995.952000,0.695210
30.832000,938.736000,0.795295
34.768000,2683.696000,0.753213
16.400000,1901.744000,0.823800
38.704000,601.552000,0.726166
29.520000,2262.544000,1.524919
12.464000,1434.672000,0.956276
0.656000,1783.664000,0.875566
4.592000,1802.032000,0.674705
4.592000,474.288000,0.692428
12.464000,2408.176000,1.988900
28.208000,257.808000,0.840839
13.776000,125.296000,1.102085
34.768000,1569.808000,1.584446
16.400000,1026.640000,0.900209
36.080000,534.640000,0.738761
32.144000,884.944000,0.833449
8.528000,1508.144000,0.947944
15.088000,156.784000,1.187343
19.024000,1050.256000,0.725783
13.776000,890.192000,1.390655
26.896000,1422.864000,0.698552
5.904000,812.784000,1.425367
0.656000,533.328000,0.753448
21.648000,1544.880000,2.050079
32.144000,577.936000,0.700692
4.592000,2943.472000,2.079262
0.656000,852.144000,0.793628
11.152000,2378.000000,0.679245
4.592000,3127.152000,0.746880
28.208000,1825.648000,0.710586
12.464000,264.368000,1.051994
11.152000,900.688000,1.071701
5.904000,1522.576000,0.727301
37.392000,1644.592000,1.092327
38.704000,2082.800000,0.716443
16.400000,694.704000,1.237690
16.400000,706.512000,0.873383
32.144000,89.872000,0.741565
12.464000,2956.592000,0.733738
21.648000,491.344000,1.068765
9.840000,1749.552000,0.989033
34.768000,2175.952000,0.740648
30.832000,857.392000,0.827766
13.776000,2257.296000,0.692750
5.904000,2675.824000,0.867954
13.776000,2484.272000,0.862860
13.776000,1870.256000,0.894162
12.464000,2837.200000,1.034619
30.832000,433.616000,1.465664
5.904000,2904.112000,1.652741
9.840000,879.696000,0.781211
9.840000,2650.896000,0.781776
19.024000,850.832000,0.783341
28.208000,2304.528000,1.681979
1.968000,1286.416000,0.742110
17.712000,1943.728000,0.680750
28.208000,1153.904000,0.796153
0.656000,2834.576000,0.811894
1.968000,3048.432000,1.056247
19.024000,2831.952000,0.806422
37.392000,3099.600000,1.681734
36.080000,12.464000,1.201558
16.400000,1262.800000,0.712218
11.152000,2624.656000,0.703591
11.152000,2803.088000,1.608336
21.648000,3064.176000,0.748329
20.336000,962.352000,1.526914
20.336000,661.904000,0.719357
26.896000,2582.672000,1.171066
28.208000,785.232000,1.135941
37.392000,1022.704000,0.975347
36.080000,2733.552000,1.298238
36.080000,2069.680000,0.944490
29.520000,2055.248000,1.123569
13.776000,2768.976000,0.938146
12.464000,2629.904000,1.532173
37.392000,2631.216000,0.826645
1.968000,2120.848000,0.810847
22.960000,3173.072000,1.325371
9.840000,2902.800000,0.749337
16.400000,2069.680000,0.730259
3.280000,1283.792000,0.762379
3.280000,2413.424000,1.224783
29.520000,276.176000,0.869992
13.776000,2203.504000,1.567191
33.456000,2577.424000,0.703028
30.832000,2135.280000,1.396317
12.464000,2927.728000,0.662010
19.024000,1344.144000,1.039191
15.088000,278.800000,1.102072
30.832000,2271.728000,1.411158
25.584000,1561.936000,1.127570
19.024000,980.720000,0.879681
28.208000,2434.416000,0.775693
21.648000,492.656000,1.016303
8.528000,2921.168000,0.865868
36.080000,1174.896000,1.169051
1.968000,1014.832000,0.901344
38.704000,2973.648000,1.035175
38.704000,24.272000,0.968697
37.392000,1135.536000,0.743765
29.520000,619.920000,1.143587
26.896000,295.856000,0.818408
25.584000,285.360000,0.728443
34.768000,2883.120000,0.949635
22.960000,3093.040000,0.721833
15.088000,2992.016000,0.714262
30.832000,766.864000,0.682479
15.088000,246.000000,0.728977
34.768000,1513.392000,1.190731
9.840000,2275.664000,0.874646
20.336000,2578.736000,0.763163
13.776000,318.160000,0.834321
17.712000,1472.720000,1.408443
37.392000,2562.992000,1.097234
38.704000,840.336000,0.708671
0.656000,2375.376000,1.488577
24.272000,416.560000,1.123876
37.392000,856.080000,0.778255
19.024000,2451.472000,0.683274
4.592000,564.816000,1.416877
32.144000,1254.928000,0.686487
28.208000,190.896000,0.787446
37.392000,2615.472000,0.953210
36.080000,888.880000,0.811977
33.456000,138.416000,0.660051
15.088000,1063.376000,0.964402
24.272000,2412.112000,0.681931
4.592000,395.568000,2.333811
12.464000,760.304000,0.922569
38.704000,3104.848000,0.876311
37.392000,3175.696000,1.771473
11.152000,2143.152000,1.818771
22.960000,2480.336000,0.738687
0.656000,1697.072000,1.333405
34.768000,2378.000000,1.007294
0.656000,3060.240000,0.885606
4.592000,282.736000,0.900578
28.208000,1128.976000,1.226439
3.280000,91.184000,0.680388
12.464000,1194.576000,0.991841
13.776000,574.000000,1.059697
15.088000,2674.512000,0.706297
24.272000,1462.224000,0.683683
21.648000,1392.688000,0.687924
3.280000,810.160000,1.006911
5.904000,2805.712000,0.834604
19.024000,555.632000,0.981651
5.904000,2380.624000,0.933474
4.592000,1310.032000,1.019382
37.392000,1631.472000,0.871376
32.144000,1156.528000,0.712072
22.960000,2228.432000,0.736417
5.904000,1945.040000,0.704709
1.968000,2367.504000,1.319653
22.960000,12.464000,0.850539
33.456000,1942.416000,1.095576
26.896000,1110.608000,1.337780
5.904000,3100.912000,0.999009
30.832000,19.024000,0.906328
26.896000,1334.960000,0.659357
28.208000,207.952000,0.665671
36.080000,512.336000,1.495816
4.592000,248.624000,0.820130
33.456000,1828.272000,1.521395
11.152000,2809.648000,1.655934
15.088000,3032.688000,0.812177
5.904000,1619.664000,0.878281
1.968000,614.672000,0.848309
4.592000,413.936000,0.711239
33.456000,162.032000,0.745960
32.144000,2511.824000,1.018659
22.960000,844.272000,0.785268
20.336000,2607.600000,0.674780
24.272000,682.896000,0.856978
33.456000,882.320000,0.746181
8.528000,3199.312000,0.820915
13.776000,2887.056000,0.675629
36.080000,2730.928000,0.924914
16.400000,272.240000,0.851767
12.464000,2336.016000,0.933403
16.400000,1537.008000,0.761665
38.704000,2503.952000,0.799387
17.712000,2965.776000,1.099382
8.528000,1897.808000,0.794473
33.456000,2412.112000,0.878908
19.024000,3006.448000,0.663603
19.024000,2800.464000,0.807290
11.152000,2179.888000,0.844302
0.656000,3196.688000,0.902304
20.336000,2784.720000,2.491240
34.768000,3091.728000,0.695651
5.904000,2502.640000,0.784815
26.896000,2112.976000,0.764013
29.520000,2013.264000,0.685197
3.280000,873.136000,0.931526
8.528000,2666.640000,1.005129
29.520000,2456.720000,0.843194
3.280000,2321.584000,0.821997
32.144000,257.808000,0.722443
20.336000,668.464000,1.410014
32.144000,2826.704000,0.946929
26.896000,1245.744000,0.672495
19.024000,831.152000,2.479917
8.528000,1903.056000,0.723480
1.968000,1913.552000,0.723429
29.520000,2699.440000,0.849275
3.280000,428.368000,0.687206
32.144000,147.600000,0.678319
26.896000,377.200000,0.786615
30.832000,458.544000,1.359319
34.768000,718.320000,0.751820
16.400000,1800.720000,0.825805
29.520000,1958.160000,0.755262
37.392000,24.272000,0.999597
22.960000,1325.776000,1.470176
20.336000,1674.768000,0.667538
9.840000,3040.560000,0.864293
32.144000,3125.840000,1.996354
29.520000,2715.184000,1.481382
33.456000,392.944000,0.795810
4.592000,20.336000,0.719879
8.528000,1031.888000,0.843495
13.776000,2608.912000,0.770691
26.896000,999.088000,0.665402
20.336000,2774.224000,0.941568
7.216000,1012.208000,0.800973
0.656000,1875.504000,1.549927
37.392000,1817.776000,0.785238
29.520000,263.056000,2.938890
22.960000,1031.888000,0.883450
16.400000,1913.552000,0.665172
21.648000,1761.360000,0.738008
26.896000,1106.672000,0.970930
33.456000,1790.224000,0.785641
9.840000,1879.440000,1.065387
5.904000,1013.520000,0.977835
9.840000,1744.304000,1.210197
7.216000,892.816000,0.835642
12.464000,1438.608000,0.829420
8.528000,120.048000,0.668993
36.080000,1689.200000,0.740099
7.216000,1687.888000,1.666202
16.400000,1294.288000,0.679853
15.088000,1941.104000,0.739866
36.080000,1279.856000,0.900562
29.520000,2598.416000,0.867873
26.896000,1586.864000,2.714716
24.272000,3159.952000,0.955155
11.152000,533.328000,0.671431
12.464000,667.152000,1.002353
25.584000,1051.568000,0.859478
7.216000,1148.656000,1.131510
0.656000,2703.376000,1.431228
32.144000,1750.864000,0.982473
5.904000,302.416000,2.838668
12.464000,533.328000,1.253519
29.520000,74.128000,1.017682
11.152000,1320.528000,0.693040
33.456000,1682.640000,1.268284
26.896000,2318.960000,1.006338
34.768000,344.400000,1.446685
4.592000,2795.216000,1.470613
32.144000,2944.784000,0.704853
17.712000,466.416000,0.686968
33.456000,854.768000,0.773377
11.152000,3183.568000,1.313685
22.960000,2576.112000,1.680317
24.272000,2590.544000,0.795399
29.520000,1319.216000,0.995279
17.712000,2107.728000,1.211228
5.904000,356.208000,0.998145
16.400000,600.240000,0.798711
38.704000,2956.592000,0.680980
17.712000,1485.840000,0.900277
36.080000,1432.048000,0.836665
17.712000,2152.336000,0.661512
29.520000,2147.088000,0.744560
5.904000,1826.960000,0.791861
5.904000,587.120000,1.552959
17.712000,2480.336000,1.005121
36.080000,942.672000,0.809698
36.080000,2090.672000,0.758231
13.776000,1077.808000,0.832321
26.896000,1205.072000,0.896740
12.464000,2709.936000,0.827504
5.904000,2751.920000,0.794426
16.400000,2029.008000,1.067953
12.464000,2830.640000,0.723362
29.520000,114.800000,1.834139
3.280000,3023.504000,0.752014
1.968000,3203.248000,0.926779
21.648000,1781.040000,1.869112
32.144000,1169.648000,0.834799
17.712000,1791.536000,1.848046
22.960000,2312.400000,0.775265
19.024000,2252.048000,1.258988
28.208000,1855.824000,1.413911
24.272000,858.704000,0.839132
5.904000,2816.208000,1.228830
37.392000,2476.400000,1.190927
17.712000,2577.424000,2.204364
7.216000,3158.640000,1.170135
20.336000,827.216000,0.668247
11.152000,1874.192000,1.131929
16.400000,1781.040000,0.693231
0.656000,2692.880000,1.152321
37.392000,1807.280000,1.614647
28.208000,1912.240000,0.874172
0.656000,353.584000,0.781349
17.712000,1362.512000,0.722991
22.960000,2301.904000,1.237076
8.528000,2515.760000,0.703969
5.904000,1727.248000,1.345305
32.144000,2664.016000,0.846579
7.216000,2658.768000,0.875076
24.272000,1285.104000,0.804892
24.272000,660.592000,0.754226
30.832000,188.272000,1.107342
11.152000,3170.448000,1.205256
34.768000,2625.968000,1.027228
32.144000,322.096000,0.686047
7.216000,417.872000,1.117511
30.832000,667.152000,0.766323
26.896000,2720.432000,0.955368
26.896000,1244.432000,0.676388
24.272000,3075.984000,1.218202
21.648000,1626.224000,0.793894
21.648000,164.656000,0.658526
7.216000,2177.264000,1.821159
25.584000,1950.288000,0.820899
7.216000,3104.848000,1.206277
3.280000,2577.424000,1.846688
13.776000,991.216000,0.850940
24.272000,1527.824000,0.883444
3.280000,3034.000000,1.200881
1.968000,1067.312000,1.751447
38.704000,1509.456000,1.221523
13.776000,1355.952000,1.522331
12.464000,2300.592000,1.043758
37.392000,926.928000,0.901011
4.592000,2725.680000,1.500651
0.656000,1052.880000,0.872433
25.584000,1274.608000,0.772284
9.840000,1501.584000,0.920595
37.392000,1113.232000,0.770352
22.960000,2744.048000,0.785232
21.648000,2477.712000,0.679213
11.152000,2581.360000,1.284593
30.832000,2999.888000,0.673054
15.088000,2736.176000,1.266454
19.024000,1450.416000,0.895907
17.712000,3192.752000,0.811616
33.456000,2762.416000,0.980058
4.592000,1833.520000,0.695172
11.152000,3002.512000,0.736755
12.464000,247.312000,1.432066
1.968000,2685.008000,0.863574
36.080000,1041.072000,1.196433
20.336000,2329.456000,1.358368
38.704000,753.744000,1.091996
34.768000,185.648000,1.096235
12.464000,2732.240000,0.755501
22.960000,164.656000,1.028901
22.960000,486.096000,2.105724
13.776000,3149.456000,1.141594
19.024000,2526.256000,0.727674
38.704000,2004.080000,0.758335
8.528000,871.824000,1.051860
33.456000,3005.136000,0.801756
28.208000,1567.184000,1.336103
32.144000,1215.568000,0.664916
3.280000,2694.192000,0.981061
21.648000,2791.280000,0.750618
29.520000,2628.592000,1.085023
7.216000,127.920000,0.909659
15.088000,954.480000,0.976615
15.088000,1682.640000,0.686821
22.960000,1601.296000,1.055680
22.960000,1474.032000,1.020783
0.656000,1005.648000,0.732141
21.648000,442.800000,0.824609
25.584000,301.104000,0.753726
5.904000,1723.312000,0.759016
9.840000,524.144000,0.808388
20.336000,3127.152000,1.042074
9.840000,3125.840000,0.818826
12.464000,1687.888000,0.905739
21.648000,922.992000,1.103502
28.208000,2559.056000,0.766963
34.768000,3098.288000,0.776301
34.768000,1048.944000,0.940546
17.712000,353.584000,0.990318
26.896000,3170.448000,0.790227
34.768000,2170.704000,1.196583
4.592000,1020.080000,1.127847
34.768000,1210.320000,0.768041
1.968000,2534.128000,1.590995
24.272000,1236.560000,1.210301
25.584000,1050.256000,0.733560
13.776000,556.944000,0.828849
17.712000,2056.560000,1.540235
1.968000,701.264000,1.631825
9.840000,465.104000,1.011789
5.904000,17.712000,0.726916
32.144000,840.336000,1.251661
7.216000,479.536000,0.810798
19.024000,1063.376000,0.818335
9.840000,1761.360000,0.757626
22.960000,2573.488000,1.661227
21.648000,226.320000,1.027314
11.152000,3177.008000,0.697298
25.584000,158.096000,0.930395
3.280000,9.840000,1.198854
24.272000,2177.264000,0.773722
20.336000,1865.008000,1.902562
19.024000,1603.920000,0.965280
37.392000,765.552000,0.855370
32.144000,3026.128000,0.770307
33.456000,602.864000,0.870131
32.144000,332.592000,0.699178
7.216000,2965.776000,1.319270
38.704000,307.664000,1.261082
34.768000,1441.232000,0.745924
16.400000,2398.992000,1.569983
34.768000,686.832000,0.900226
9.840000,2542.000000,0.805876
13.776000,256.496000,1.866839
11.152000,2852.944000,1.457794
37.392000,1404.496000,0.721692
29.520000,2994.640000,0.939160
9.840000,57.072000,1.494759
19.024000,2233.680000,0.902302
32.144000,2934.288000,0.910965
38.704000,2581.360000,0.705807
1.968000,1937.168000,0.927262
25.584000,2392.432000,0.723740
28.208000,463.792000,0.668137
20.336000,3024.816000,1.063558
25.584000,2778.160000,0.837462
32.144000,1680.016000,0.954142
7.216000,912.496000,0.893466
11.152000,627.792000,0.740035
3.280000,2859.504000,0.852504
20.336000,2039.504000,0.756926
5.904000,534.640000,1.215406
0.656000,556.944000,0.662520
17.712000,2862.128000,0.792718
38.704000,2682.384000,0.705912
21.648000,937.424000,0.673751
12.464000,2372.752000,1.568856
13.776000,455.920000,0.678897
5.904000,3094.352000,1.932830
19.024000,1294.288000,0.762134
3.280000,2522.320000,0.659005
16.400000,2721.744000,0.814945
29.520000,1344.144000,1.703238
13.776000,1867.632000,0.882832
4.592000,871.824000,0.663248
9.840000,682.896000,0.847162
7.216000,1648.528000,0.971103
34.768000,3024.816000,0.739124
29.520000,2296.656000,0.966805
24.272000,1239.184000,1.256954
7.216000,2496.080000,0.774866
20.336000,1938.480000,0.766834
32.144000,1921.424000,1.152801
4.592000,2021.136000,1.158897
24.272000,824.592000,0.771214
12.464000,3096.976000,0.769207
32.144000,2267.792000,1.023065
8.528000,849.520000,1.703421
4.592000,2258.608000,1.229281
25.584000,1319.216000,0.814789
21.648000,1639.344000,0.908507
28.208000,2830.640000,0.677499
7.216000,1707.568000,1.120922
22.960000,2775.536000,0.929346
0.656000,1762.672000,0.656737
13.776000,3132.400000,0.738877
8.528000,1481.904000,0.733680
3.280000,2215.312000,0.867189
15.088000,1774.480000,0.767385
7.216000,996.464000,1.267259
33.456000,1502.896000,1.850424
37.392000,1376.944000,1.233001
16.400000,2413.424000,0.912268
32.144000,1100.112000,1.118181
9.840000,835.088000,0.726511
30.832000,1723.312000,0.774463
8.528000,963.664000,0.839174
4.592000,167.280000,0.845328
4.592000,1111.920000,1.127420
17.712000,2531.504000,1.488423
36.080000,57.072000,0.788242
3.280000,2547.248000,0.900361
29.520000,1964.720000,0.958605
12.464000,633.040000,0.807656
11.152000,1715.440000,0.891841
32.144000,1352.016000,1.144447
29.520000,1264.112000,1.467102
30.832000,2755.856000,0.886655
13.776000,2758.480000,0.662697
20.336000,2887.056000,0.908927
12.464000,1976.528000,0.992539
33.456000,1144.720000,1.044181
32.144000,1004.336000,0.988820
1.968000,2089.360000,0.663897
15.088000,248.624000,0.975116
33.456000,1405.808000,1.208365
9.840000,2850.320000,1.042428
29.520000,1847.952000,0.735590
37.392000,1178.832000,0.764705
1.968000,1599.984000,0.877979
25.584000,1068.624000,1.094274
38.704000,2084.112000,0.776943
7.216000,1803.344000,0.665807
20.336000,1597.360000,1.890336
16.400000,2061.808000,1.051444
12.464000,3123.216000,1.741137
16.400000,1173.584000,0.699704
37.392000,1649.840000,0.890520
29.520000,681.584000,0.721685
4.592000,319.472000,1.074569
30.832000,408.688000,0.851857
7.216000,2354.384000,1.049260
28.208000,886.256000,0.681241
3.280000,84.624000,0.665634
3.280000,2960.528000,0.840784
7.216000,2551.184000,1.461522
7.216000,2149.712000,0.668511
32.144000,2757.168000,1.112621
28.208000,1795.472000,0.712158
24.272000,1140.784000,1.226752
15.088000,1241.808000,0.661326
29.520000,905.936000,1.008786
32.144000,947.920000,0.721541
16.400000,1443.856000,1.288378
36.080000,690.768000,0.839845
9.840000,1833.520000,0.679675
37.392000,3104.848000,1.449676
36.080000,3036.624000,0.996460
4.592000,1644.592000,0.692262
11.152000,97.744000,0.811993
21.648000,2593.168000,0.684640
19.024000,252.560000,0.955038
16.400000,1563.248000,0.974478
21.648000,2825.392000,1.274889
19.024000,2367.504000,0.909855
11.152000,2207.440000,0.915492
13.776000,3213.744000,1.048552
34.768000,2479.024000,0.891713
22.960000,1413.680000,0.687776
17.712000,668.464000,0.749011
33.456000,925.616000,0.717956
16.400000,723.568000,0.715949
30.832000,2366.192000,0.895383
16.400000,1155.216000,1.713825
1.968000,576.624000,1.141988
38.704000,1063.376000,1.125944
0.656000,1598.672000,2.105459
34.768000,2601.040000,0.790348
34.768000,1905.680000,1.389575
30.832000,1798.096000,0.746288
36.080000,2650.896000,0.872413
1.968000,2194.320000,1.136139
25.584000,2692.880000,0.671091
26.896000,1820.400000,0.765784
28.208000,179.088000,1.222267
25.584000,798.352000,1.020884
20.336000,1775.792000,0.676685
32.144000,584.496000,1.028776
29.520000,1535.696000,0.806549
32.144000,2234.992000,0.961947
26.896000,2855.568000,1.024655
37.392000,47.888000,0.744323
34.768000,2640.400000,0.787549
38.704000,1945.040000,1.423548
17.712000,1075.184000,0.926015
20.336000,2786.032000,0.935713
12.464000,1058.128000,1.461304
7.216000,2337.328000,1.673136
24.272000,277.488000,0.945503
21.648000,621.232000,0.656684
13.776000,243.376000,0.674052
32.144000,2203.504000,1.045986
13.776000,3138.960000,0.736770
37.392000,2198.256000,0.999353
33.456000,860.016000,0.661697
22.960000,856.080000,0.719773
16.400000,2856.880000,1.461456
33.456000,1081.744000,1.178006
22.960000,2409.488000,0.925498
19.024000,294.544000,0.777755
9.840000,2699.440000,0.693843
7.216000,1094.864000,1.016342
19.024000,2942.160000,1.158339
26.896000,765.552000,1.028372
11.152000,2796.528000,0.692800
1.968000,2929.040000,0.760226
36.080000,1467.472000,1.521752
17.712000,1828.272000,0.721953
37.392000,2023.760000,0.936120
30.832000,445.424000,1.208538
21.648000,1987.024000,0.978770
29.520000,2451.472000,0.733287
37.392000,553.008000,0.751956
0.656000,1891.248000,1.004112
4.592000,1784.976000,0.694894
28.208000,1161.776000,0.978705
36.080000,2998.576000,0.712531
38.704000,2027.696000,1.648466
16.400000,108.240000,1.834770
26.896000,1056.816000,1.006741
15.088000,640.912000,1.076798
38.704000,2081.488000,0.674301
28.208000,648.784000,0.852978
16.400000,2493.456000,1.292207
25.584000,2923.792000,0.793119
32.144000,3218.992000,0.942587
21.648000,741.936000,0.806726
37.392000,2043.440000,1.096193
16.400000,2053.936000,0.802060
9.840000,2439.664000,0.789820
21.648000,2737.488000,0.704919
19.024000,2894.928000,0.928055
12.464000,1815.152000,0.679374
3.280000,2632.528000,1.078858
13.776000,1685.264000,0.698838
0.656000,434.928000,1.137298
12.464000,1942.416000,1.650848
4.592000,989.904000,0.770144
22.960000,175.152000,1.859695
16.400000,2299.280000,0.868666
37.392000,929.552000,0.667706
21.648000,120.048000,0.657242
9.840000,1146.032000,1.222737
21.648000,411.312000,0.955866
8.528000,824.592000,0.944632
33.456000,1071.248000,1.772499
34.768000,2856.880000,1.033789
0.656000,1816.464000,1.349515
7.216000,1275.920000,1.087992
0.656000,2408.176000,0.982810
25.584000,214.512000,1.004986
34.768000,2974.960000,0.856413
4.592000,2658.768000,0.781376
12.464000,1111.920000,1.912781
26.896000,1467.472000,0.799243
9.840000,1966.032000,2.368048
34.768000,273.552000,0.861132
1.968000,219.760000,2.087361
26.896000,427.056000,0.964147
12.464000,1223.440000,0.854651
1.968000,1394.000000,0.720714
24.272000,11.152000,1.447310
5.904000,900.688000,0.700108
19.024000,1483.216000,0.663871
33.456000,495.280000,0.750662
15.088000,2938.224000,0.970947
29.520000,2492.144000,0.667185
8.528000,402.128000,1.078583
3.280000,2598.416000,0.893018
36.080000,1880.752000,0.729136
34.768000,2463.280000,0.873308
26.896000,1964.720000,0.793692
33.456000,1254.928000,0.894626
7.216000,278.800000,1.473745
12.464000,2282.224000,1.215068
4.592000,1614.416000,0.839188
12.464000,2776.848000,1.180747
38.704000,3183.568000,1.577268
16.400000,2249.424000,0.740569
11.152000,2000.144000,0.799090
12.464000,841.648000,1.276772
36.080000,797.040000,0.811076
30.832000,2545.936000,1.279284
0.656000,2549.872000,1.145803
19.024000,1872.880000,0.975957
17.712000,1576.368000,1.871926
0.656000,2876.560000,1.400790
38.704000,698.640000,1.137466
0.656000,255.184000,1.390251
17.712000,609.424000,1.066705
33.456000,3070.736000,0.859541
37.392000,1138.160000,1.119657
36.080000,3142.896000,0.729825
7.216000,1382.192000,1.181502
22.960000,1693.136000,1.338544
28.208000,2077.552000,0.785771
34.768000,1985.712000,1.398339
15.088000,112.176000,1.177032
29.520000,2608.912000,0.691896
17.712000,2287.472000,1.210226
36.080000,1918.800000,0.754793
0.656000,663.216000,0.702893
5.904000,1903.056000,0.853883
1.968000,2245.488000,0.968124
29.520000,2678.448000,1.159108
1.968000,2513.136000,1.237426
1.968000,1903.056000,0.693763
12.464000,2973.648000,0.742766
33.456000,349.648000,0.794364
9.840000,1720.688000,0.777022
37.392000,1691.824000,1.004386
19.024000,1492.400000,0.682835
3.280000,1009.584000,1.577936
29.520000,713.072000,1.513101
38.704000,2721.744000,0.740133
0.656000,1775.792000,0.720517
34.768000,663.216000,0.681023
33.456000,1313.968000,0.747882
30.832000,1560.624000,1.789754
38.704000,2199.568000,1.378489
16.400000,3142.896000,0.775747
22.960000,59.696000,0.791428
1.968000,1300.848000,0.798148
12.464000,957.104000,0.821977
37.392000,879.696000,1.034001
20.336000,2261.232000,0.778657
11.152000,358.832000,0.735802
13.776000,2835.888000,0.822804
33.456000,118.736000,0.716714
1.968000,878.384000,0.965220
38.704000,723.568000,0.692691
25.584000,2757.168000,0.940433
37.392000,781.296000,1.232668
13.776000,2005.392000,0.895603
24.272000,1815.152000,1.086273
8.528000,1455.664000,0.858168
12.464000,1643.280000,0.677212
34.768000,1134.224000,0.790453
30.832000,795.728000,0.781093
29.520000,2834.576000,0.874941
22.960000,1113.232000,0.857849
34.768000,1144.720000,1.887779
19.024000,1968.656000,0.723937
24.272000,783.920000,0.686276
3.280000,734.064000,1.178173
4.592000,1279.856000,0.675526
8.528000,696.016000,2.087302
17.712000,2677.136000,0.794413
32.144000,1578.992000,0.810249
7.216000,3212.432000,0.819385
25.584000,2852.944000,0.826474
20.336000,366.704000,1.128622
12.464000,85.936000,1.215843
24.272000,2828.016000,1.144882
32.144000,428.368000,0.735504
33.456000,2387.184000,0.770328
29.520000,2177.264000,0.743575
24.272000,2296.656000,1.770301
36.080000,51.824000,0.982042
1.968000,862.640000,0.706369
38.704000,2500.016000,0.877245
22.960000,2130.032000,0.684101
22.960000,887.568000,0.701715
34.768000,1958.160000,0.700869
25.584000,739.312000,0.853446
17.712000,1033.200000,1.341085
7.216000,357.520000,0.770776
30.832000,2479.024000,0.952694
5.904000,1815.152000,1.160329
19.024000,1439.920000,0.687939
28.208000,2318.960000,1.431637
37.392000,2830.640000,0.970595
3.280000,526.768000,1.029459
32.144000,820.656000,1.368995
15.088000,991.216000,1.059106
36.080000,1424.176000,0.936586
15.088000,2147.088000,0.726307
24.272000,2789.968000,0.660720
32.144000,664.528000,1.063684
24.272000,2698.128000,0.657061
4.592000,2729.616000,0.747862
24.272000,2072.304000,0.826284
21.648000,316.848000,1.059761
29.520000,450.672000,0.910411
0.656000,2526.256000,0.948533
24.272000,2532.816000,0.825830
36.080000,411.312000,1.407245
9.840000,2817.520000,1.230462
5.904000,193.520000,0.758093
16.400000,2681.072000,0.916990
33.456000,1891.248000,0.734351
19.024000,2343.888000,0.799929
28.208000,1432.048000,1.006362
33.456000,2186.448000,1.446099
17.712000,1952.912000,1.009922
29.520000,791.792000,1.508420
9.840000,1945.040000,1.599328
0.656000,1796.784000,0.846192
11.152000,1432.048000,0.857835
30.832000,2057.872000,1.010621
7.216000,3003.824000,0.831015
9.840000,2294.032000,0.870600
17.712000,1168.336000,0.924754
25.584000,117.424000,0.793382
22.960000,1345.456000,0.778819
17.712000,1657.712000,0.970759
15.088000,1799.408000,0.810257
13.776000,841.648000,0.975069
5.904000,2747.984000,0.921428
15.088000,3180.944000,0.704222
19.024000,2828.016000,0.746656
32.144000,1993.584000,1.255606
21.648000,2553.808000,0.997348
19.024000,1090.928000,1.014986
12.464000,2551.184000,1.264414
22.960000,2851.632000,0.789727
13.776000,1547.504000,0.747554
36.080000,3150.768000,0.730324
24.272000,436.240000,0.808170
15.088000,2742.736000,0.847000
16.400000,1745.616000,0.690551
22.960000,3051.056000,0.735881
24.272000,1471.408000,0.667211
34.768000,1231.312000,0.891492
20.336000,1214.256000,0.817197
29.520000,2215.312000,1.245732
36.080000,591.056000,1.331843
38.704000,29.520000,1.510031
21.648000,1644.592000,1.933899
29.520000,1164.400000,1.354149
26.896000,2095.920000,0.724291
16.400000,2942.160000,0.728299
3.280000,2664.016000,0.730278
20.336000,511.024000,0.699343
1.968000,1529.136000,0.773927
12.464000,169.904000,1.517260
24.272000,1010.896000,0.782704
12.464000,3129.776000,0.676094
3.280000,449.360000,0.842022
22.960000,3177.008000,0.748343
24.272000,1048.944000,1.518617
36.080000,1109.296000,1.250955
32.144000,1374.320000,1.266438
22.960000,1025.328000,0.772015
15.088000,1729.872000,0.864842
34.768000,2355.696000,1.908280
3.280000,1878.128000,2.851622
5.904000,2716.496000,1.117844
17.712000,219.760000,0.838748
22.960000,2751.920000,0.676357
17.712000,1252.304000,1.703858
26.896000,2060.496000,0.883873
26.896000,2164.144000,1.537554
16.400000,2683.696000,1.148591
12.464000,1338.896000,1.624570
0.656000,2595.792000,0.739148
5.904000,1136.848000,0.689686
25.584000,2482.960000,0.855446
33.456000,2543.312000,0.791494
8.528000,1514.704000,1.033421
11.152000,1833.520000,1.374203
3.280000,975.472000,0.952760
26.896000,1327.088000,0.776725
34.768000,2825.392000,0.806859
15.088000,925.616000,1.245215
19.024000,932.176000,0.739695
16.400000,1823.024000,0.863605
20.336000,341.776000,0.662594
37.392000,2276.976000,0.755909
9.840000,1127.664000,0.713811
9.840000,2770.288000,1.278747
16.400000,2940.848000,1.107404
0.656000,87.248000,1.651103
20.336000,795.728000,0.671699
20.336000,673.712000,0.797771
8.528000,2922.480000,0.793883
38.704000,1701.008000,0.680986
19.024000,982.032000,0.718885
38.704000,2599.728000,1.664806
13.776000,2807.024000,1.062431
22.960000,335.216000,1.290084
5.904000,2124.784000,0.804203
19.024000,549.072000,0.842004
9.840000,883.632000,0.782185
36.080000,2961.840000,1.385876
38.704000,991.216000,0.692416
36.080000,1550.128000,1.321997
15.088000,2380.624000,1.154003
30.832000,758.992000,0.666376
13.776000,633.040000,0.746185
20.336000,3203.248000,1.084546
20.336000,1530.448000,0.665655
24.272000,3173.072000,0.978808
29.520000,760.304000,2.629716
36.080000,1325.776000,1.240408
5.904000,615.984000,0.666059
19.024000,436.240000,1.481794
28.208000,1253.616000,1.356471
22.960000,522.832000,1.016083
11.152000,1811.216000,0.790287
15.088000,1480.592000,1.425699
21.648000,1401.872000,0.692119
7.216000,513.648000,0.729837
12.464000,1342.832000,1.190062
7.216000,2889.680000,0.802012
17.712000,1024.016000,1.283484
12.464000,1373.008000,1.344615
7.216000,839.024000,0.708569
34.768000,2792.592000,0.702418
17.712000,2321.584000,0.768231
37.392000,2013.264000,1.529477
11.152000,898.064000,0.816974
26.896000,2603.664000,0.931412
16.400000,240.752000,0.738615
22.960000,3117.968000,1.064886
29.520000,991.216000,1.308948
12.464000,2202.192000,1.198439
12.464000,2757.168000,1.506245
33.456000,1311.344000,1.089129
26.896000,962.352000,0.669428
32.144000,2291.408000,1.786104
38.704000,319.472000,2.083767
38.704000,2231.056000,0.681968
36.080000,2276.976000,0.945744
3.280000,1603.920000,0.724916
9.840000,1017.456000,0.665945
20.336000,1156.528000,0.722218
17.712000,1589.488000,1.640727
9.840000,1353.328000,1.043615
9.840000,1712.816000,0.897210
11.152000,141.040000,0.707459
26.896000,1641.968000,0.662148
17.712000,802.288000,2.185044
15.088000,1863.696000,0.858119
34.768000,2135.280000,0.817198
4.592000,1765.296000,1.357249
25.584000,3045.808000,0.793994
9.840000,2635.152000,1.541366
9.840000,703.888000,0.783152
16.400000,824.592000,1.772611
4.592000,2687.632000,1.044126
29.520000,549.072000,0.925294
7.216000,2607.600000,0.857660
8.528000,221.072000,1.325256
25.584000,3153.392000,0.737117
12.464000,2725.680000,0.736088
5.904000,1769.232000,0.990925
37.392000,285.360000,0.727746
12.464000,1483.216000,0.689908
4.592000,221.072000,0.797778
24.272000,2120.848000,1.014011
3.280000,719.632000,0.747255
5.904000,104.304000,0.676817
25.584000,1904.368000,1.110403
15.088000,150.224000,0.955912
3.280000,2976.272000,0.706548
26.896000,2128.720000,0.733886
29.520000,3102.224000,0.832849
38.704000,1661.648000,1.241429
17.712000,2459.344000,0.777576
13.776000,2198.256000,0.732374
12.464000,2808.336000,0.663746
19.024000,2726.992000,0.985911
7.216000,2505.264000,0.677328
29.520000,3163.888000,0.870376
25.584000,2297.968000,1.155253
9.840000,1268.048000,0.686235
1.968000,1466.160000,0.667523
37.392000,1089.616000,0.807867
17.712000,1851.888000,0.970438
5.904000,1519.952000,0.773097
19.024000,1964.720000,0.932251
20.336000,2065.744000,0.776544
32.144000,2654.832000,2.009753
30.832000,508.400000,1.276487
9.840000,2528.880000,1.436138
21.648000,1148.656000,1.291532
16.400000,2395.056000,0.747847
37.392000,723.568000,0.901332
7.216000,3171.760000,0.836878
20.336000,2375.376000,0.779469
16.400000,190.896000,0.926915
1.968000,2368.816000,0.727643
11.152000,2231.056000,0.946970
20.336000,760.304000,1.078421
0.656000,2750.608000,1.006260
21.648000,3028.752000,1.587059
0.656000,185.648000,1.004527
33.456000,673.712000,1.463787
33.456000,2463.280000,0.670981
9.840000,2968.400000,1.280712
16.400000,2677.136000,0.991597
5.904000,2290.096000,0.943870
38.704000,2932.976000,1.325112
16.400000,2430.480000,0.690542
32.144000,1224.752000,1.254722
21.648000,2720.432000,0.936036
21.648000,2816.208000,1.058932
3.280000,3179.632000,0.744905
21.648000,1990.960000,0.836295
11.152000,365.392000,0.781075
22.960000,266.992000,0.915410
20.336000,1901.744000,0.750933
22.960000,507.088000,0.740044
1.968000,1703.632000,1.048966
8.528000,2622.032000,1.088734
0.656000,396.880000,0.749895
9.840000,88.560000,0.739659
36.080000,310.288000,1.328421
5.904000,116.112000,0.760529
0.656000,2808.336000,0.733131
0.656000,2278.288000,0.957432
32.144000,1399.248000,0.976809
5.904000,1538.320000,1.017330
22.960000,310.288000,0.980356
16.400000,379.824000,0.775893
21.648000,2312.400000,0.787264
25.584000,1672.144000,1.152081
15.088000,1535.696000,0.725104
24.272000,2317.648000,0.787006
22.960000,917.744000,1.071041
21.648000,589.744000,0.751759
26.896000,1634.096000,0.933789
25.584000,983.344000,0.705972
12.464000,305.040000,0.936226
26.896000,2023.760000,0.807977
29.520000,2720.432000,0.682013
4.592000,2810.960000,0.870444
0.656000,701.264000,0.731267
29.520000,643.536000,0.712523
29.520000,689.456000,1.391488
20.336000,970.224000,1.081948
8.528000,2429.168000,0.911341
29.520000,2984.144000,1.183033
28.208000,1054.192000,0.784373
26.896000,2203.504000,1.300480
12.464000,3039.248000,0.809455
8.528000,1336.272000,0.907315
38.704000,1317.904000,0.658790
34.768000,2812.272000,0.764687
26.896000,1601.296000,0.682060
24.272000,190.896000,2.501023
19.024000,2747.984000,0.827397
24.272000,297.168000,1.265197
30.832000,1859.760000,1.412294
34.768000,3056.304000,0.720414
30.832000,3159.952000,0.674210
30.832000,3120.592000,0.891332
29.520000,1543.568000,0.660509
15.088000,625.168000,1.089366
17.712000,1926.672000,1.006833
9.840000,1034.512000,0.748360
0.656000,1777.104000,0.979566
34.768000,138.416000,1.473420
21.648000,2051.312000,0.737877
26.896000,3211.120000,0.945577
15.088000,1062.064000,1.046918
34.768000,2182.512000,0.661805
15.088000,1533.072000,0.735254
12.464000,2318.960000,0.751680
29.520000,807.536000,0.682419
37.392000,2856.880000,0.920209
4.592000,2051.312000,0.880425
11.152000,487.408000,0.826585
16.400000,1110.608000,0.901122
11.152000,1707.568000,0.988283
33.456000,482.160000,1.303752
30.832000,581.872000,0.692731
34.768000,2948.720000,0.839610
0.656000,1447.792000,0.722592
24.272000,17.712000,0.724745
30.832000,964.976000,1.015787
32.144000,1938.480000,0.829201
29.520000,1550.128000,0.752065
21.648000,1680.016000,0.715889
29.520000,413.936000,0.791609
19.024000,580.560000,0.842061
7.216000,3152.080000,0.794405
37.392000,22.960000,0.818118
12.464000,2381.936000,0.888936
28.208000,2367.504000,0.832488
26.896000,475.600000,1.038283
3.280000,2921.168000,0.718581
34.768000,3215.056000,1.222258
3.280000,1687.888000,0.854299
9.840000,2866.064000,1.075228
28.208000,588.432000,1.027316
24.272000,738.000000,0.740272
25.584000,1626.224000,0.706705
24.272000,371.952000,0.871287
15.088000,1131.600000,1.160401
9.840000,2724.368000,0.677179
0.656000,1803.344000,1.191200
3.280000,768.176000,0.658276
7.216000,1014.832000,0.669324
16.400000,336.528000,0.746163
28.208000,2187.760000,0.880508
9.840000,1214.256000,0.820376
22.960000,2521.008000,0.825019
37.392000,2101.168000,0.693871
36.080000,899.376000,0.680068
20.336000,862.640000,0.806787
11.152000,2095.920000,0.706221
32.144000,78.064000,1.430787
5.904000,1416.304000,0.956451
7.216000,547.760000,0.776314
15.088000,472.976000,0.745702
29.520000,995.152000,0.937434
13.776000,3162.576000,0.888112
34.768000,1993.584000,0.826667
19.024000,2690.256000,1.255327
34.768000,2078.864000,0.842993
26.896000,2559.056000,0.673313
36.080000,45.264000,0.720181
12.464000,2207.440000,1.812249
37.392000,3030.064000,1.145461
13.776000,1033.200000,1.006815
20.336000,1737.744000,1.734515
25.584000,2263.856000,0.800662
24.272000,54.448000,0.705333
1.968000,837.712000,0.679086
17.712000,2446.224000,0.880280
38.704000,2207.440000,0.670199
13.776000,1538.320000,0.705622
13.776000,1645.904000,1.443566
32.144000,2834.576000,0.688321
15.088000,2099.856000,1.029822
12.464000,617.296000,1.243270
22.960000,2691.568000,0.751387
1.968000,2467.216000,0.699445
1.968000,577.936000,0.753520
19.024000,1981.776000,1.484559
33.456000,1943.728000,0.687796
30.832000,2101.168000,1.652698
3.280000,3116.656000,1.184624
8.528000,125.296000,0.662468
7.216000,1575.056000,0.972182
5.904000,1391.376000,1.819329
17.712000,2636.464000,0.682255
16.400000,2255.984000,1.425953
11.152000,976.784000,0.819783
12.464000,1092.240000,0.813307
0.656000,1311.344000,1.377265
13.776000,575.312000,0.879864
30.832000,3095.664000,0.683082
25.584000,2439.664000,0.815624
24.272000,2321.584000,0.894799
36.080000,2805.712000,0.773473
0.656000,3177.008000,0.718884
22.960000,1005.648000,0.711110
19.024000,1033.200000,0.988968
1.968000,2433.104000,0.785377
34.768000,2946.096000,0.697305
7.216000,2898.864000,0.756626
37.392000,3173.072000,2.086937
30.832000,40.016000,0.974635
36.080000,1670.832000,1.096433
7.216000,2960.528000,1.124463
1.968000,2506.576000,0.894050
8.528000,2080.176000,0.973692
11.152000,2011.952000,1.482273
4.592000,1746.928000,0.878669
30.832000,3085.168000,1.057807
20.336000,1066.000000,1.284292
38.704000,2930.352000,1.513722
34.768000,2539.376000,1.344436
11.152000,2982.832000,0.725089
7.216000,2089.360000,1.211499
25.584000,635.664000,1.584990
5.904000,2623.344000,2.209025
3.280000,1975.216000,0.656532
11.152000,2396.368000,1.124736
15.088000,940.048000,0.685593
29.520000,336.528000,1.201543
29.520000,2030.320000,1.064338
32.144000,2492.144000,1.145501
4.592000,793.104000,0.918367
34.768000,656.656000,0.896666
29.520000,609.424000,1.175299
24.272000,2988.080000,0.957560
38.704000,2378.000000,0.954697
15.088000,134.480000,0.692241
37.392000,554.320000,0.955792
24.272000,2700.752000,0.914965
4.592000,1439.920000,1.656013
38.704000,947.920000,0.735206
28.208000,797.040000,0.720947
11.152000,657.968000,0.796982
12.464000,896.752000,1.384974
21.648000,1390.064000,0.765892
12.464000,3159.952000,1.015795
37.392000,2695.504000,0.995575
8.528000,2717.808000,0.781472
26.896000,1640.656000,0.974471
0.656000,2989.392000,0.942226
22.960000,2004.080000,1.860823
1.968000,2440.976000,0.656977
1.968000,2427.856000,1.309679
9.840000,1811.216000,1.313555
34.768000,343.088000,0.725323
25.584000,2779.472000,0.924030
30.832000,2791.280000,0.777811
16.400000,1960.784000,1.102138
37.392000,1787.600000,0.684841
16.400000,2110.352000,0.737173
30.832000,2669.264000,0.700076
16.400000,2980.208000,0.723801
16.400000,1565.872000,0.775233
8.528000,634.352000,1.167014
7.216000,2008.016000,1.822366
30.832000,2468.528000,0.885366
28.208000,1941.104000,0.685400
16.400000,448.048000,1.050498
33.456000,593.680000,0.701035
11.152000,1577.680000,1.075910
13.776000,3064.176000,0.681761
15.088000,1611.792000,0.879355
26.896000,421.808000,0.904809
3.280000,1060.752000,0.840603
38.704000,1319.216000,0.853838
13.776000,194.832000,1.193800
20.336000,832.464000,1.093100
15.088000,2570.864000,0.989658
26.896000,2973.648000,0.693616
21.648000,2114.288000,0.708675
33.456000,997.776000,0.715384
7.216000,3009.072000,0.915369
33.456000,866.576000,0.689200
32.144000,774.736000,0.876224
8.528000,2901.488000,0.743095
33.456000,526.768000,0.698839
4.592000,974.160000,0.961884
9.840000,2703.376000,0.884727
5.904000,1495.024000,0.933336
29.520000,1644.592000,0.681143
5.904000,1349.392000,0.682428
7.216000,713.072000,0.817672
29.520000,2477.712000,0.709995
16.400000,2224.496000,1.216705
25.584000,816.720000,0.767485
19.024000,1554.064000,1.113610
24.272000,2355.696000,0.658090
34.768000,2465.904000,1.001551
3.280000,2506.576000,1.343415
20.336000,530.704000,1.315458
15.088000,744.560000,1.188322
15.088000,902.000000,1.275844
21.648000,1903.056000,0.665682
4.592000,369.328000,1.048713
1.968000,3015.632000,0.970572
19.024000,2393.744000,0.813498
29.520000,2868.688000,0.689858
15.088000,1656.400000,0.827550
34.768000,1636.720000,1.272045
32.144000,2681.072000,0.974386
8.528000,2544.624000,0.919573
22.960000,3108.784000,0.817187
25.584000,2305.840000,1.301884
4.592000,2759.792000,1.071384
19.024000,2692.880000,0.743336
33.456000,1662.960000,0.818152
28.208000,255.184000,0.937615
5.904000,9.840000,1.294860
33.456000,2435.728000,0.720805
0.656000,3124.528000,1.079053
7.216000,2678.448000,1.079482
20.336000,2350.448000,1.766872
22.960000,1216.880000,1.323491
7.216000,2930.352000,0.672525
34.768000,1014.832000,1.496642
28.208000,2422.608000,0.765704
3.280000,936.112000,1.067308
16.400000,4.592000,0.860785
11.152000,1847.952000,0.664849
11.152000,3179.632000,1.211572
16.400000,1954.224000,0.995791
29.520000,1742.992000,1.043820
37.392000,491.344000,1.652258
24.272000,1632.784000,1.162765
29.520000,2804.400000,1.041047
20.336000,979.408000,1.260144
16.400000,1222.128000,1.576880
11.152000,2461.968000,1.811656
7.216000,1170.960000,0.872529
37.392000,2527.568000,0.676473
30.832000,1757.424000,0.892717
36.080000,1495.024000,1.556789
34.768000,2460.656000,0.805604
26.896000,8.528000,0.785954
37.392000,1189.328000,0.817915
21.648000,357.520000,1.416023
17.712000,354.896000,0.928327
4.592000,188.272000,0.669957
28.208000,635.664000,1.849166
17.712000,1463.536000,0.713669
8.528000,1728.560000,0.767544
34.768000,1139.472000,1.639059
8.528000,1820.400000,0.863860
8.528000,160.720000,1.108687
3.280000,1895.184000,1.157793
22.960000,1125.040000,0.708541
11.152000,2270.416000,1.242345
33.456000,3098.288000,0.770806
4.592000,1514.704000,2.342021
8.528000,762.928000,0.945115
1.968000,1471.408000,1.036982
17.712000,879.696000,0.665370
15.088000,204.016000,1.339813
4.592000,2957.904000,0.765007
1.968000,584.496000,1.630430
20.336000,2939.536000,1.146936
38.704000,448.048000,0.669297
19.024000,1720.688000,0.849368
13.776000,1939.792000,0.782989
20.336000,1430.736000,0.959704
22.960000,2660.080000,1.248596
12.464000,1660.336000,1.009536
17.712000,495.280000,0.891536
22.960000,837.712000,0.785249
17.712000,3036.624000,1.182429
37.392000,2496.080000,0.731614
4.592000,1846.640000,0.759571
12.464000,2640.400000,0.980351
13.776000,454.608000,0.996669
12.464000,1958.160000,0.703292
28.208000,1652.464000,0.686203
4.592000,1128.976000,0.716847
19.024000,2921.168000,0.920487
12.464000,711.760000,0.794059
8.528000,441.488000,1.129000
0.656000,139.728000,1.206296
5.904000,2980.208000,1.313461
5.904000,2404.240000,0.814753
20.336000,1435.984000,0.960830
12.464000,2990.704000,1.038114
22.960000,2056.560000,1.380286
16.400000,621.232000,1.004395
33.456000,594.992000,1.338586
38.704000,436.240000,0.696526
36.080000,2611.536000,0.981834
30.832000,1222.128000,0.908691
33.456000,736.688000,1.110933
12.464000,1050.256000,0.760481
37.392000,1034.512000,0.969244
12.464000,2868.688000,0.802727
7.216000,2452.784000,0.721986
17.712000,526.768000,0.986412
19.024000,1937.168000,0.890595
7.216000,1254.928000,0.982584
0.656000,902.000000,1.084474
13.776000,2637.776000,0.961179
21.648000,101.680000,0.672123
19.024000,400.816000,1.072609
15.088000,2497.392000,0.661205
13.776000,353.584000,0.755371
3.280000,2812.272000,1.994445
13.776000,416.560000,0.667621
32.144000,74.128000,0.766308
21.648000,747.184000,0.728504
24.272000,150.224000,0.922499
29.520000,2406.864000,0.752341
15.088000,1430.736000,1.209047
5.904000,2604.976000,1.280306
11.152000,2328.144000,1.061561
29.520000,264.368000,0.823040
32.144000,930.864000,0.760977
9.840000,2143.152000,0.712495
32.144000,3016.944000,1.113377
4.592000,2392.432000,1.599180
33.456000,135.792000,0.949877
25.584000,373.264000,1.369852
5.904000,2666.640000,0.982481
9.840000,604.176000,0.739835
28.208000,177.776000,0.715267
15.088000,802.288000,0.886547
28.208000,2965.776000,0.753463
7.216000,2517.072000,1.269442
11.152000,919.056000,2.524738
19.024000,524.144000,1.364540
33.456000,1459.600000,0.968026
38.704000,1480.592000,0.685304
16.400000,1517.328000,0.957845
9.840000,3049.744000,1.302177
7.216000,1693.136000,1.773966
21.648000,1500.272000,1.045195
28.208000,2312.400000,0.748211
19.024000,1647.216000,0.790427
11.152000,2311.088000,0.950666
33.456000,1735.120000,1.222957
11.152000,2170.704000,0.942928
0.656000,2301.904000,0.660994
16.400000,3207.184000,1.348903
7.216000,1867.632000,0.789074
33.456000,3208.496000,0.773041
24.272000,2656.144000,0.985817
3.280000,2067.056000,0.721274
3.280000,180.400000,1.381169
37.392000,2492.144000,0.730038
3.280000,1706.256000,1.827730
34.768000,395.568000,1.116460
28.208000,84.624000,0.989448
11.152000,778.672000,0.793084
26.896000,555.632000,0.716802
1.968000,1626.224000,1.045087
5.904000,1635.408000,0.706198
7.216000,1922.736000,0.697776
25.584000,842.960000,0.762127
5.904000,2981.520000,1.136597
4.592000,362.768000,1.103545
15.088000,244.688000,0.693643
12.464000,3174.384000,1.143472
3.280000,499.216000,1.279352
22.960000,947.920000,0.666598
29.520000,3089.104000,1.214541
30.832000,1298.224000,1.459989
24.272000,71.504000,0.877906
22.960000,964.976000,0.744003
22.960000,1365.136000,0.688979
9.840000,194.832000,0.723069
25.584000,3201.936000,0.859385
12.464000,2098.544000,1.616575
21.648000,518.896000,0.996923
11.152000,571.376000,0.746848
5.904000,1460.912000,0.691746
36.080000,172.528000,1.446550
11.152000,798.352000,0.687046
17.712000,2641.712000,0.989331
22.960000,908.560000,0.791689
9.840000,438.864000,0.969115
16.400000,2341.264000,1.751835
5.904000,3140.272000,1.418394
19.024000,2431.792000,1.253683
0.656000,738.000000,0.681174
4.592000,2317.648000,0.742230
9.840000,1114.544000,1.570774
38.704000,2953.968000,1.387975
37.392000,139.728000,0.891019
11.152000,1641.968000,1.195515
38.704000,1233.936000,1.241066
13.776000,2417.360000,0.802239
16.400000,353.584000,1.004589
28.208000,2401.616000,0.893994
8.528000,2359.632000,0.656596
4.592000,2846.384000,0.735744
19.024000,329.968000,1.336145
20.336000,2870.000000,0.672135
4.592000,2034.256000,1.175780
22.960000,1752.176000,1.563236
28.208000,732.752000,1.025759
1.968000,1132.912000,0.880202
28.208000,2118.224000,1.010241
3.280000,1992.272000,1.111092
11.152000,1111.920000,0.759418
38.704000,3022.192000,0.998861
16.400000,1976.528000,1.320939
3.280000,777.360000,0.954822
0.656000,963.664000,0.714441
25.584000,1021.392000,1.014481
12.464000,2027.696000,0.880592
11.152000,968.912000,0.668222
1.968000,1467.472000,0.838415
22.960000,2745.360000,1.217594
26.896000,3218.992000,0.819998
9.840000,800.976000,1.346841
4.592000,2582.672000,0.886325
37.392000,2408.176000,1.075975
20.336000,2332.080000,1.076967
8.528000,1084.368000,0.701125
9.840000,2355.696000,1.209466
20.336000,2469.840000,0.774817
4.592000,118.736000,0.964443
37.392000,2636.464000,0.695781
0.656000,2917.232000,0.729041
4.592000,1194.576000,0.774939
1.968000,3194.064000,1.285776
38.704000,2952.656000,0.923977
34.768000,1247.056000,1.215840
3.280000,2240.240000,0.830625
5.904000,1554.064000,1.047276
25.584000,2702.064000,0.895742
32.144000,2170.704000,0.846909
12.464000,630.416000,0.681194
21.648000,186.960000,0.657103
20.336000,2099.856000,1.156156
11.152000,581.872000,0.943737
28.208000,2446.224000,0.896009
9.840000,336.528000,0.944590
0.656000,479.536000,1.943493
22.960000,1585.552000,1.185339
30.832000,1796.784000,0.739579
16.400000,17.712000,1.647874
25.584000,2328.144000,0.968308
1.968000,2745.360000,0.929184
3.280000,1794.160000,1.175670
37.392000,2339.952000,0.699613
26.896000,2131.344000,0.713241
12.464000,1733.808000,1.601490
0.656000,1630.160000,0.810146
17.712000,2601.040000,0.847920
8.528000,2206.128000,1.407967
13.776000,3142.896000,0.770955
11.152000,1472.720000,0.731033
29.520000,2434.416000,0.705779
16.400000,2106.416000,1.012886
28.208000,823.280000,1.704869
3.280000,2973.648000,1.542397
28.208000,1006.960000,1.180585
13.776000,1029.264000,0.859197
7.216000,2926.416000,0.726702
9.840000,1151.280000,1.424848
11.152000,1601.296000,0.667931
32.144000,2484.272000,0.715212
0.656000,909.872000,0.778551
34.768000,1101.424000,0.750303
37.392000,937.424000,1.052514
34.768000,2271.728000,0.778993
13.776000,1110.608000,0.923107
19.024000,2227.120000,1.049643
34.768000,778.672000,0.702751
0.656000,2990.704000,0.850598
36.080000,1228.688000,0.665423
32.144000,2077.552000,0.690808
0.656000,2696.816000,1.513640
17.712000,461.168000,1.051309
11.152000,2187.760000,0.739310
1.968000,3137.648000,0.992146
21.648000,1496.336000,0.669238
1.968000,3039.248000,0.818471
26.896000,1378.256000,0.670218
19.024000,1824.336000,0.793770
21.648000,1453.040000,0.994151
3.280000,2460.656000,1.186706
4.592000,360.144000,0.676622
19.024000,2052.624000,0.747544
20.336000,718.320000,0.755920
22.960000,524.144000,0.935374
4.592000,928.240000,1.250965
9.840000,3180.944000,0.657337
3.280000,2948.720000,0.709182
29.520000,2091.984000,0.683975
32.144000,1906.992000,1.258344
32.144000,2438.352000,0.865006
20.336000,2276.976000,1.223548
30.832000,789.168000,1.130882
3.280000,1661.648000,0.746083
12.464000,12.464000,0.709125
24.272000,776.048000,0.887021
3.280000,866.576000,0.693468
0.656000,1434.672000,1.031693
13.776000,1119.792000,0.676511
0.656000,664.528000,1.112436
21.648000,1470.096000,0.698873
1.968000,398.192000,1.996942
1.968000,915.120000,0.917120
38.704000,2545.936000,0.953222
15.088000,2766.352000,1.184900
28.208000,1185.392000,0.704736
36.080000,198.768000,1.046982
29.520000,2599.728000,1.618481
8.528000,3200.624000,0.866560
29.520000,2749.296000,0.734166
4.592000,951.856000,1.521466
0.656000,1412.368000,0.874256
1.968000,2132.656000,1.121312
0.656000,696.016000,0.702929
0.656000,703.888000,0.806090
30.832000,2555.120000,0.696209
29.520000,444.112000,1.115620
8.528000,394.256000,1.103124
24.272000,373.264000,0.810647
26.896000,2295.344000,0.805777
5.904000,760.304000,0.721829
37.392000,768.176000,0.809586
12.464000,3023.504000,0.687249
28.208000,2938.224000,0.976461
25.584000,2800.464000,0.934223
9.840000,953.168000,0.827284
15.088000,2831.952000,0.875046
22.960000,1901.744000,0.672781
17.712000,667.152000,0.888170
8.528000,1841.392000,0.670628
29.520000,3043.184000,1.237599
26.896000,2779.472000,1.030812
15.088000,535.952000,1.349922
21.648000,1387.440000,0.873691
3.280000,305.040000,0.702777
36.080000,1543.568000,0.976137
3.280000,1683.952000,1.425287
16.400000,783.920000,1.232614
29.520000,642.224000,1.072819
32.144000,2241.552000,1.255263
20.336000,1691.824000,0.768488
15.088000,434.928000,0.723566
24.272000,0.656000,1.238307
4.592000,2447.536000,0.765591
32.144000,2076.240000,0.810768
32.144000,419.184000,1.125646
30.832000,2246.800000,0.719216
12.464000,976.784000,0.921191
8.528000,1269.360000,0.946232
28.208000,731.440000,1.271534
24.272000,311.600000,0.749906
38.704000,2675.824000,0.848778
13.776000,652.720000,1.032748
13.776000,2632.528000,0.676056
3.280000,617.296000,0.936749
8.528000,2942.160000,0.997951
3.280000,2388.496000,0.749909
15.088000,1283.792000,1.360501
20.336000,3013.008000,1.024594
24.272000,2618.096000,0.659136
30.832000,2216.624000,0.793338
20.336000,3152.080000,1.136988
22.960000,1573.744000,1.016963
12.464000,2228.432000,0.804234
5.904000,3001.200000,0.723669
0.656000,1543.568000,0.809127
38.704000,594.992000,0.869795
3.280000,2939.536000,0.968461
4.592000,2409.488000,1.034064
36.080000,2431.792000,0.864788
11.152000,807.536000,1.337185
22.960000,1102.736000,0.740854
28.208000,2204.816000,3.377042
22.960000,2098.544000,0.705693
9.840000,3198.000000,0.742802
34.768000,2854.256000,0.905943
11.152000,316.848000,1.006077
25.584000,2259.920000,0.829059
9.840000,1013.520000,0.680554
5.904000,3051.056000,1.675745
26.896000,2468.528000,0.981003
24.272000,1020.080000,0.740567
33.456000,2081.488000,1.349883
32.144000,1340.208000,1.159162
21.648000,675.024000,1.043032
16.400000,22.960000,0.825688
20.336000,64.944000,0.822158
4.592000,542.512000,0.707446
4.592000,821.968000,0.878437
33.456000,2683.696000,0.870478
9.840000,2742.736000,1.296505
19.024000,221.072000,0.703940
12.464000,688.144000,0.676916
33.456000,2368.816000,0.680944
13.776000,219.760000,0.802629
21.648000,2747.984000,0.770371
33.456000,1933.232000,0.725695
7.216000,102.992000,0.689325
25.584000,1180.144000,1.015555
9.840000,164.656000,0.735222
4.592000,1865.008000,1.626248
0.656000,2485.584000,0.957917
4.592000,1803.344000,0.965235
33.456000,913.808000,0.666932
15.088000,116.112000,1.038491
26.896000,635.664000,0.826432
12.464000,340.464000,0.666932
29.520000,3138.960000,0.672176
26.896000,2461.968000,0.672389
16.400000,1718.064000,0.912399
28.208000,2055.248000,0.789890
5.904000,5.904000,0.785706
3.280000,601.552000,0.923613
30.832000,608.112000,1.196884
0.656000,2063.120000,0.904781
15.088000,1599.984000,1.560894
29.520000,1136.848000,0.985142
21.648000,2568.240000,0.848905
13.776000,718.320000,1.369320
24.272000,1324.464000,1.082546
11.152000,165.968000,1.029119
36.080000,2300.592000,0.925411
5.904000,2971.024000,0.705809
16.400000,820.656000,0.900721
8.528000,1729.872000,1.506077
36.080000,1836.144000,0.769725
22.960000,2005.392000,0.688526
33.456000,2421.296000,0.733446
28.208000,1126.352000,0.807422
33.456000,699.952000,0.837135
0.656000,3070.736000,0.738985
5.904000,491.344000,0.787768
7.216000,2569.552000,0.887603
9.840000,812.784000,0.787453
1.968000,2952.656000,0.674626
3.280000,832.464000,0.830137
16.400000,1194.576000,0.884956
34.768000,587.120000,0.773184
4.592000,1021.392000,3.071387
26.896000,2130.032000,1.084223
19.024000,62.320000,0.739868
11.152000,150.224000,0.758451
28.208000,3140.272000,1.291940
26.896000,1369.072000,1.419986
15.088000,1493.712000,0.903201
24.272000,1756.112000,1.450478
11.152000,2067.056000,0.780542
26.896000,1812.528000,0.686970
38.704000,1714.128000,0.744752
13.776000,13.776000,0.725582
1.968000,1837.456000,1.297676
1.968000,819.344000,0.686914
16.400000,797.040000,0.792846
9.840000,3090.416000,0.741598
19.024000,1135.536000,0.663149
20.336000,692.080000,0.695784
13.776000,2148.400000,0.657484
22.960000,828.528000,1.150162
0.656000,535.952000,0.674769
26.896000,657.968000,0.914067
32.144000,374.576000,0.685021
16.400000,2421.296000,1.152999
4.592000,3142.896000,0.738151
11.152000,1542.256000,0.690793
34.768000,1590.800000,1.273903
34.768000,1851.888000,0.901978
4.592000,93.808000,0.810166
3.280000,1491.088000,0.688056
13.776000,2757.168000,0.808869
4.592000,387.696000,0.823220
36.080000,2994.640000,0.709662
25.584000,1088.304000,0.839851
20.336000,1189.328000,0.683301
0.656000,589.744000,1.108338
30.832000,807.536000,0.982818
0.656000,2830.640000,0.669157
4.592000,1573.744000,0.708029
32.144000,2582.672000,0.659744
32.144000,318.160000,0.690640
7.216000,2788.656000,1.282581
19.024000,1346.768000,1.058498
7.216000,1819.088000,0.865298
34.768000,797.040000,1.304045
32.144000,2652.208000,0.734059
12.464000,3124.528000,0.674443
3.280000,1017.456000,1.341200
21.648000,374.576000,0.922646
0.656000,1331.024000,0.664289
7.216000,1371.696000,0.657802
7.216000,2248.112000,1.156927
22.960000,230.256000,0.809465
11.152000,1212.944000,0.658386
4.592000,1598.672000,0.968068
19.024000,137.104000,1.673979
5.904000,2061.808000,1.145742
21.648000,362.768000,0.866113
15.088000,1719.376000,0.846287
12.464000,648.784000,0.918618
22.960000,1652.464000,0.656455
13.776000,1075.184000,1.480640
29.520000,2801.776000,0.955746
0.656000,2801.776000,0.788960
32.144000,768.176000,1.062096
26.896000,156.784000,0.887513
12.464000,2299.280000,1.607668
36.080000,1910.928000,0.737231
38.704000,1958.160000,1.169249
0.656000,2413.424000,1.121723
5.904000,1451.728000,0.694248
24.272000,2196.944000,1.235300
28.208000,3031.376000,1.095812
1.968000,1413.680000,1.048763
11.152000,1706.256000,0.908121
32.144000,2419.984000,1.020457
21.648000,1324.464000,0.662140
33.456000,206.640000,0.743110
29.520000,2761.104000,0.760251
37.392000,57.072000,1.672712
20.336000,2093.296000,0.664263
5.904000,535.952000,0.957188
9.840000,1588.176000,1.050460
3.280000,1788.912000,0.702070
17.712000,2145.776000,0.904448
28.208000,526.768000,0.784494
32.144000,2850.320000,0.932848
3.280000,921.680000,1.100891
4.592000,2573.488000,1.229970
30.832000,261.744000,1.492806
21.648000,1151.280000,0.866659
16.400000,251.248000,1.199402
3.280000,2360.944000,0.853665
0.656000,688.144000,1.296412
21.648000,3060.240000,0.747464
26.896000,1906.992000,0.782997
0.656000,1139.472000,0.858075
20.336000,567.440000,0.859604
33.456000,2430.480000,0.762063
4.592000,2165.456000,0.868122
26.896000,168.592000,0.743253
32.144000,3032.688000,0.936008
24.272000,2724.368000,0.983327
37.392000,752.432000,0.710731
3.280000,2330.768000,2.058453
5.904000,1641.968000,0.725386
21.648000,2690.256000,1.127605
7.216000,863.952000,0.862794
19.024000,2490.832000,0.698483
32.144000,1563.248000,0.716283
0.656000,2768.976000,1.326667
38.704000,2350.448000,1.432694
37.392000,2267.792000,1.499519
33.456000,3026.128000,0.963308
30.832000,242.064000,1.055666
22.960000,3007.760000,0.697494
15.088000,2729.616000,0.676747
4.592000,3083.856000,0.866341
4.592000,120.048000,0.845811
16.400000,1000.400000,0.730465
15.088000,1784.976000,0.977454
34.768000,2101.168000,1.224833
24.272000,3199.312000,0.937440
30.832000,2447.536000,0.691619
24.272000,1523.888000,0.703648
26.896000,3159.952000,0.925353
7.216000,2207.440000,1.077391
4.592000,1184.080000,1.357758
36.080000,806.224000,1.296052
5.904000,3047.120000,0.768707
24.272000,724.880000,1.868051
38.704000,474.288000,1.430594
16.400000,1143.408000,1.164426
22.960000,2583.984000,0.702269
1.968000,1618.352000,0.857784
33.456000,467.728000,1.348554
22.960000,3011.696000,1.181191
4.592000,2336.016000,0.801059
32.144000,3096.976000,0.775876
9.840000,2515.760000,1.646380
38.704000,2434.416000,0.661064
25.584000,1543.568000,0.696932
7.216000,913.808000,0.701825
3.280000,1710.192000,1.338926
11.152000,1376.944000,1.129103
1.968000,26.896000,1.297373
7.216000,2342.576000,0.806300
24.272000,1294.288000,0.689561
3.280000,2707.312000,0.743790
20.336000,1013.520000,0.748118
26.896000,717.008000,1.141166
12.464000,2809.648000,0.752214
22.960000,1800.720000,0.830028
16.400000,1111.920000,0.915665
5.904000,285.360000,1.650897
9.840000,836.400000,0.720867
36.080000,265.680000,0.742107
30.832000,1571.120000,1.211915
28.208000,2606.288000,0.749866
7.216000,1109.296000,1.331389
25.584000,1975.216000,0.803876
36.080000,946.608000,0.662557
20.336000,554.320000,0.728204
3.280000,535.952000,0.778267
26.896000,176.464000,1.015664
20.336000,91.184000,0.845444
20.336000,2691.568000,1.043010
0.656000,2106.416000,0.873218
12.464000,975.472000,0.922079
16.400000,1428.112000,0.686030
38.704000,100.368000,0.780924
9.840000,1578.992000,0.943685
1.968000,553.008000,0.866831
11.152000,1790.224000,0.830147
0.656000,356.208000,1.559994
25.584000,2061.808000,0.795692
9.840000,1840.080000,0.695860
11.152000,2099.856000,0.676722
36.080000,842.960000,1.415124
15.088000,2981.520000,1.202056
36.080000,2669.264000,1.460607
22.960000,8.528000,1.170221
22.960000,2707.312000,0.741173
30.832000,2577.424000,0.732449
20.336000,1800.720000,1.022979
19.024000,819.344000,1.415402
13.776000,1571.120000,0.934828
36.080000,2570.864000,0.851541
33.456000,154.160000,0.816988
5.904000,222.384000,0.697185
19.024000,1563.248000,0.835805
3.280000,2692.880000,2.048619
11.152000,1039.760000,0.827024
3.280000,2624.656000,0.771367
21.648000,1897.808000,0.983930
1.968000,1617.040000,0.977393
13.776000,307.664000,0.684816
29.520000,2965.776000,1.443087
20.336000,3211.120000,0.714581
26.896000,1195.888000,0.920584
26.896000,410.000000,1.461154
36.080000,3204.560000,1.847280
20.336000,1429.424000,0.756805
21.648000,559.568000,0.817538
37.392000,1942.416000,0.786163
19.024000,1178.832000,1.325120
5.904000,415.248000,0.989068
21.648000,3119.280000,1.052361
11.152000,2025.072000,0.687048
9.840000,34.768000,0.787033
13.776000,400.816000,0.740668
19.024000,1547.504000,1.049524
9.840000,1300.848000,0.658867
28.208000,2234.992000,0.708955
5.904000,269.616000,1.068748
3.280000,1363.824000,0.928662
20.336000,508.400000,1.212255
32.144000,1929.296000,0.768796
3.280000,1829.584000,0.944163
26.896000,451.984000,1.230062
8.528000,650.096000,0.770544
15.088000,1445.168000,0.895785
17.712000,2133.968000,1.010596
20.336000,68.880000,0.958808
16.400000,2687.632000,0.843306
36.080000,1676.080000,1.045977
21.648000,1823.024000,0.894145
20.336000,2471.152000,0.785589
20.336000,2881.808000,0.859481
4.592000,2191.696000,0.885603
30.832000,1805.968000,0.660996
0.656000,765.552000,0.781609
9.840000,2440.976000,1.077930
3.280000,1048.944000,0.700903
3.280000,434.928000,1.042767
19.024000,2599.728000,0.674356
12.464000,297.168000,0.929752
7.216000,2202.192000,0.893819
16.400000,276.176000,0.806740
36.080000,782.608000,0.882658
26.896000,2346.512000,1.743451
29.520000,2631.216000,0.672628
16.400000,3043.184000,0.876237
0.656000,2885.744000,0.873997
37.392000,999.088000,1.233240
8.528000,2305.840000,0.665295
0.656000,1396.624000,0.664661
38.704000,1324.464000,0.977170
15.088000,2468.528000,0.693706
12.464000,3035.312000,1.085437
5.904000,2915.920000,0.706082
7.216000,1227.376000,0.795691
3.280000,2913.296000,0.893667
7.216000,1159.152000,0.964718
37.392000,2022.448000,0.963320
16.400000,929.552000,1.460157
0.656000,2072.304000,0.679245
4.592000,1875.504000,0.929311
30.832000,529.392000,1.276579
3.280000,1298.224000,1.063010
33.456000,1542.256000,0.694223
32.144000,1983.088000,1.468821
4.592000,175.152000,1.129107
33.456000,2034.256000,1.111404
11.152000,349.648000,0.761752
13.776000,1972.592000,0.726588
21.648000,3074.672000,0.891946
29.520000,2712.560000,1.268135
38.704000,3162.576000,0.704093
13.776000,1798.096000,0.673034
7.216000,85.936000,0.793049
16.400000,871.824000,1.009232
17.712000,448.048000,1.026739
22.960000,420.496000,0.832686
8.528000,2757.168000,0.925067
33.456000,2502.640000,0.791270
0.656000,2366.192000,0.665926
4.592000,1169.648000,0.920793
36.080000,1458.288000,1.346008
28.208000,1807.280000,1.095489
13.776000,101.680000,0.738941
16.400000,2761.104000,0.907311
34.768000,2489.520000,0.782845
26.896000,2797.840000,0.724307
28.208000,804.912000,0.753595
16.400000,1400.560000,2.021823
24.272000,975.472000,0.731399
11.152000,2552.496000,0.714166
19.024000,1739.056000,0.924562
34.768000,159.408000,1.763284
25.584000,2977.584000,1.109007
5.904000,1838.768000,0.934650
0.656000,779.984000,0.824135
29.520000,2603.664000,0.691164
4.592000,837.712000,0.718374
22.960000,1563.248000,1.135316
5.904000,1910.928000,1.265965
38.704000,1009.584000,0.753977
16.400000,2791.280000,0.898337
12.464000,1773.168000,0.693999
16.400000,3070.736000,1.025890
21.648000,22.960000,1.418282
20.336000,663.216000,1.340069
4.592000,407.376000,1.061656
26.896000,2770.288000,0.656910
1.968000,1287.728000,0.809365
30.832000,2505.264000,0.733946
7.216000,2690.256000,0.699656
11.152000,389.008000,0.833622
16.400000,1676.080000,0.819750
0.656000,1193.264000,0.860449
26.896000,2627.280000,1.333131
0.656000,1010.896000,0.802979
32.144000,2454.096000,0.664854
9.840000,2776.848000,0.658953
19.024000,2671.888000,1.326721
38.704000,2452.784000,0.726967
28.208000,184.336000,0.754433
37.392000,980.720000,1.080120
36.080000,761.616000,1.063135
32.144000,1523.888000,1.282706
17.712000,3070.736000,1.245009
3.280000,1186.704000,0.734194
28.208000,427.056000,1.543321
30.832000,2938.224000,0.834421
16.400000,2759.792000,0.695511
13.776000,2316.336000,1.187355
38.704000,1530.448000,0.917567
33.456000,415.248000,0.962544
1.968000,2608.912000,1.374089
11.152000,1236.560000,1.327442
20.336000,1798.096000,1.191602
24.272000,572.688000,1.224519
19.024000,840.336000,0.740047
17.712000,2692.880000,0.923629
24.272000,2847.696000,0.767822
16.400000,1051.568000,1.620044
37.392000,2929.040000,0.749989
32.144000,3132.400000,0.738277
20.336000,2868.688000,0.869261
33.456000,2405.552000,0.684073
29.520000,1203.760000,1.276620
19.024000,311.600000,0.688877
38.704000,1182.768000,0.705075
38.704000,2591.856000,0.677084
30.832000,2347.824000,0.866860
1.968000,1893.872000,0.751697
16.400000,3048.432000,0.730463
8.528000,681.584000,1.068491
33.456000,667.152000,0.730380
29.520000,505.776000,0.891123
15.088000,3075.984000,1.279285
26.896000,1207.696000,1.006359
8.528000,2094.608000,0.897027
13.776000,2982.832000,0.967148
12.464000,450.672000,0.823313
16.400000,1757.424000,0.819200
24.272000,1290.352000,0.704366
36.080000,58.384000,1.181112
36.080000,1653.776000,0.817976
33.456000,2388.496000,1.250686
26.896000,2252.048000,0.906725
24.272000,1577.680000,0.821840
11.152000,85.936000,0.799658
5.904000,1645.904000,0.822087
36.080000,1170.960000,0.769406
21.648000,2002.768000,0.709561
34.768000,1973.904000,0.971910
38.704000,1826.960000,0.772257
25.584000,2973.648000,1.528187
5.904000,629.104000,1.182289
26.896000,2228.432000,0.683436
28.208000,492.656000,0.657393
19.024000,2542.000000,1.230529
9.840000,2322.896000,2.299426
29.520000,678.960000,1.066683
19.024000,1258.864000,0.716753
21.648000,664.528000,1.505398
32.144000,2198.256000,0.953049
4.592000,2564.304000,0.893876
21.648000,978.096000,1.500555
37.392000,361.456000,0.667140
9.840000,1270.672000,1.298099
22.960000,2497.392000,0.743042
36.080000,2716.496000,1.264169
25.584000,2372.752000,0.959759
12.464000,1627.536000,1.211385
19.024000,307.664000,0.686066
26.896000,390.320000,1.399232
37.392000,2273.040000,0.778626
17.712000,816.720000,1.874164
32.144000,3019.568000,0.924249
26.896000,150.224000,0.770981
36.080000,2051.312000,1.180294
3.280000,168.592000,0.869496
29.520000,1702.320000,0.717726
17.712000,555.632000,0.963783
11.152000,2547.248000,1.866742
32.144000,501.840000,0.838957
15.088000,511.024000,1.007021
8.528000,171.216000,0.705669
9.840000,420.496000,1.519949
25.584000,888.880000,0.795277
37.392000,72.816000,0.897120
37.392000,3100.912000,0.688770
21.648000,1025.328000,1.243487
26.896000,689.456000,0.819268
21.648000,2258.608000,0.777754
34.768000,659.280000,1.241541
22.960000,871.824000,1.352995
24.272000,2349.136000,0.799383
12.464000,753.744000,1.241282
26.896000,1146.032000,0.964607
20.336000,364.080000,1.714274
0.656000,404.752000,0.693808
34.768000,839.024000,0.875244
5.904000,929.552000,1.439376
12.464000,534.640000,1.555766
20.336000,2473.776000,0.803716
25.584000,1022.704000,1.737681
1.968000,1954.224000,0.768727
5.904000,3085.168000,0.929966
11.152000,1645.904000,1.105748
21.648000,604.176000,2.153443
38.704000,2381.936000,0.807197
15.088000,999.088000,0.694740
38.704000,259.120000,1.029131
5.904000,1119.792000,0.763614
9.840000,2503.952000,0.814925
32.144000,2253.360000,0.821233
17.712000,2969.712000,1.279413
25.584000,1889.936000,0.675018
34.768000,2469.840000,0.963792
28.208000,1987.024000,0.832014
12.464000,1009.584000,0.815966
21.648000,137.104000,0.895489
37.392000,1980.464000,0.841974
26.896000,1366.448000,0.659713
13.776000,2276.976000,0.987412
15.088000,950.544000,0.680595
0.656000,2307.152000,0.812917
9.840000,1719.376000,0.858753
38.704000,404.752000,0.846475
21.648000,2283.536000,0.959676
22.960000,2342.576000,0.828455
12.464000,852.144000,1.144222
19.024000,1694.448000,0.810468
1.968000,2488.208000,0.987250
34.768000,41.328000,0.661852
33.456000,3035.312000,0.706571
15.088000,953.168000,0.686801
26.896000,936.112000,0.782837
29.520000,1948.976000,0.858501
32.144000,752.432000,0.737408
29.520000,2250.736000,0.744517
0.656000,2088.048000,1.067384
29.520000,1328.400000,1.260112
11.152000,378.512000,1.429733
15.088000,1391.376000,0.877051
33.456000,2517.072000,1.188420
9.840000,1422.864000,1.474591
33.456000,455.920000,0.755327
16.400000,1652.464000,0.947874
32.144000,2299.280000,0.795080
17.712000,1951.600000,1.220142
9.840000,1539.632000,0.716681
0.656000,1829.584000,0.688961
30.832000,3153.392000,1.519193
29.520000,1367.760000,0.723592
0.656000,2767.664000,1.077217
16.400000,1706.256000,0.938792
1.968000,1453.040000,0.697593
0.656000,3082.544000,0.946532
24.272000,2153.648000,1.021388
19.024000,2214.000000,0.763842
29.520000,402.128000,0.794883
8.528000,2452.784000,0.676740
29.520000,2922.480000,0.872768
3.280000,1240.496000,0.665529
5.904000,450.672000,0.785841
13.776000,2930.352000,1.036113
38.704000,3192.752000,1.096088
38.704000,862.640000,0.885568
25.584000,1704.944000,1.340749
28.208000,711.760000,0.848641
36.080000,831.152000,0.753947
4.592000,3170.448000,0.878872
7.216000,2126.096000,0.671162
17.712000,3132.400000,0.818868
37.392000,2968.400000,0.688868
17.712000,2896.240000,1.455762
13.776000,2001.456000,1.530612
36.080000,2985.456000,1.704323
5.904000,3082.544000,1.322251
26.896000,2753.232000,0.695997
21.648000,1072.560000,0.789248
12.464000,740.624000,0.729533
22.960000,5.904000,0.698181
24.272000,1128.976000,0.736581
26.896000,1404.496000,0.661765
0.656000,1958.160000,1.539722
1.968000,64.944000,1.259989
28.208000,1292.976000,1.003940
34.768000,446.736000,0.741332
15.088000,2682.384000,0.758678
38.704000,417.872000,1.026866
29.520000,2523.632000,0.812330
34.768000,591.056000,0.717296
33.456000,869.200000,0.783373
19.024000,19.024000,1.223218
11.152000,135.792000,0.914592
17.712000,782.608000,0.738064
4.592000,1198.512000,1.349564
33.456000,576.624000,0.977324
32.144000,2042.128000,0.749667
38.704000,1483.216000,1.062563
38.704000,1526.512000,0.690579
11.152000,3040.560000,0.832023
37.392000,2204.816000,0.926251
12.464000,2023.760000,1.011772
12.464000,285.360000,0.770775
12.464000,189.584000,0.784653
30.832000,3217.680000,0.705770
4.592000,63.632000,0.662329
7.216000,954.480000,0.676562
26.896000,2632.528000,1.272098
0.656000,2183.824000,0.725054
22.960000,234.192000,0.862971
3.280000,390.320000,1.126208
0.656000,3031.376000,0.738067
5.904000,1942.416000,1.314720
32.144000,1836.144000,0.760803
15.088000,396.880000,2.285564
25.584000,1232.624000,1.029991
22.960000,745.872000,0.853339
22.960000,2695.504000,0.723398
36.080000,1416.304000,0.735899
19.024000,3201.936000,1.517783
32.144000,2653.520000,0.843520
0.656000,794.416000,1.383768
34.768000,1571.120000,1.201985
28.208000,1760.048000,0.899925
29.520000,2460.656000,0.800674
17.712000,2179.888000,0.741012
20.336000,1373.008000,0.798071
25.584000,1122.416000,0.665696
38.704000,2744.048000,0.768462
5.904000,135.792000,0.798897
5.904000,526.768000,0.801877
13.776000,3010.384000,0.889401
37.392000,1680.016000,0.808384
30.832000,2144.464000,0.814919
37.392000,404.752000,0.769618
22.960000,2450.160000,0.717580
24.272000,2455.408000,0.673707
1.968000,1550.128000,1.660301
25.584000,2918.544000,0.703127
12.464000,1211.632000,0.792062
21.648000,2190.384000,0.741410
33.456000,1752.176000,0.731640
37.392000,2898.864000,0.687117
24.272000,1167.024000,0.778630
38.704000,3056.304000,0.774040
20.336000,1497.648000,0.879283
33.456000,2151.024000,0.797141
21.648000,1064.688000,1.004425
16.400000,2409.488000,0.728531
1.968000,169.904000,1.162934
21.648000,2854.256000,0.829564
36.080000,758.992000,0.835422
12.464000,1883.376000,0.977152
34.768000,747.184000,0.766608
33.456000,2044.752000,1.124643
37.392000,2019.824000,1.297376
3.280000,2221.872000,0.662814
1.968000,492.656000,2.198468
13.776000,1451.728000,0.878762
12.464000,738.000000,1.013793
4.592000,3112.720000,0.673094
7.216000,1191.952000,0.748220
28.208000,1994.896000,0.955417
21.648000,2330.768000,0.721287
22.960000,2094.608000,0.709112
36.080000,1575.056000,0.787253
38.704000,2360.944000,0.798864
25.584000,1872.880000,0.925455
24.272000,361.456000,0.975893
32.144000,2885.744000,0.802313
9.840000,560.880000,0.791808
19.024000,1851.888000,0.704796
36.080000,752.432000,0.776331
20.336000,1336.272000,0.763585
24.272000,581.872000,0.960591
34.768000,902.000000,1.325156
7.216000,690.768000,0.675368
20.336000,1433.360000,0.745483
33.456000,2519.696000,1.259371
4.592000,1447.792000,0.866929
30.832000,1013.520000,0.698927
30.832000,1277.232000,0.824070
7.216000,1842.704000,0.667951
16.400000,1917.488000,0.939087
30.832000,3112.720000,1.431045
11.152000,2052.624000,0.725784
29.520000,1959.472000,0.840756
29.520000,1794.160000,1.561708
13.776000,2090.672000,1.358154
21.648000,1188.016000,0.656125
30.832000,2792.592000,0.962926
8.528000,1224.752000,0.726188
13.776000,2590.544000,0.824726
24.272000,1191.952000,1.441124
5.904000,673.712000,1.081667
15.088000,2669.264000,0.941068
25.584000,2337.328000,1.209041
12.464000,2181.200000,0.688841
12.464000,1109.296000,2.146151
1.968000,2734.864000,0.696070
15.088000,654.032000,0.673563
26.896000,2616.784000,1.065961
16.400000,2738.800000,0.716777
28.208000,114.800000,0.753822
19.024000,387.696000,0.990342
5.904000,2963.152000,0.783280
36.080000,423.120000,1.075304
9.840000,2587.920000,0.749974
29.520000,2486.896000,0.660427
34.768000,2231.056000,1.494675
26.896000,2039.504000,1.132800
33.456000,2338.640000,1.112613
38.704000,2560.368000,0.801445
20.336000,1521.264000,1.095872
0.656000,1945.040000,0.917390
22.960000,206.640000,1.162887
36.080000,272.240000,1.009370
1.968000,164.656000,0.940665
11.152000,1426.800000,1.014084
37.392000,1080.432000,0.759047
1.968000,1867.632000,0.797798
26.896000,310.288000,0.737460
24.272000,844.272000,0.726855
26.896000,758.992000,1.003129
15.088000,2524.944000,0.785052
7.216000,2404.240000,0.701117
5.904000,1916.176000,0.876521
38.704000,627.792000,1.344781
4.592000,862.640000,1.072716
26.896000,825.904000,0.753183
9.840000,428.368000,1.335517
32.144000,589.744000,1.392985
37.392000,2565.616000,0.934847
12.464000,2010.640000,0.738885
33.456000,1868.944000,1.411896
3.280000,1517.328000,1.093092
15.088000,1443.856000,1.416698
0.656000,2387.184000,0.695737
5.904000,2283.536000,0.756521
37.392000,2055.248000,0.874099
7.216000,2381.936000,0.808124
21.648000,2603.664000,1.710136
21.648000,600.240000,0.863537
34.768000,3028.752000,0.734664
12.464000,1185.392000,0.663842
37.392000,958.416000,0.731832
37.392000,871.824000,0.840511
15.088000,1668.208000,0.917188
4.592000,988.592000,0.916270
15.088000,629.104000,2.553197
8.528000,2618.096000,0.938779
5.904000,1648.528000,1.111749
37.392000,1254.928000,0.772598
11.152000,2330.768000,0.996889
34.768000,2501.328000,1.047428
28.208000,1500.272000,0.689702
26.896000,2978.896000,0.895736
4.592000,873.136000,0.710646
26.896000,1956.848000,1.038792
34.768000,2393.744000,0.857902
19.024000,978.096000,1.209152
37.392000,3137.648000,0.693761
20.336000,2000.144000,0.709811
9.840000,1543.568000,0.801310
34.768000,1439.920000,1.394794
22.960000,752.432000,0.949993
3.280000,1077.808000,1.840606
17.712000,2270.416000,0.671860
8.528000,469.040000,1.051646
0.656000,1838.768000,0.762407
1.968000,2593.168000,0.888845
21.648000,798.352000,1.174646
0.656000,1425.488000,0.748100
13.776000,810.160000,0.658227
19.024000,1771.856000,0.757620
11.152000,2200.880000,0.935553
25.584000,1605.232000,0.897800
12.464000,1488.464000,1.701821
8.528000,1711.504000,0.858704
34.768000,1678.704000,0.786973
36.080000,3023.504000,0.838984
5.904000,442.800000,0.963987
9.840000,3212.432000,0.814714
15.088000,32.144000,2.260244
32.144000,765.552000,0.683206
38.704000,1914.864000,1.334512
24.272000,2350.448000,1.066616
5.904000,79.376000,0.857339
24.272000,2667.952000,1.229943
33.456000,2686.320000,1.652299
38.704000,1039.760000,1.554752
22.960000,673.712000,1.156895
8.528000,1369.072000,0.750745
38.704000,984.656000,1.205858
13.776000,457.232000,1.462863
4.592000,764.240000,0.687646
13.776000,2598.416000,0.954233
37.392000,1647.216000,1.806290
16.400000,626.480000,0.777592
32.144000,1135.536000,0.837874
26.896000,840.336000,1.290339
38.704000,2060.496000,0.790619
8.528000,263.056000,0.713143
32.144000,2140.528000,0.701142
17.712000,2339.952000,0.867565
37.392000,1844.016000,0.803308
17.712000,2622.032000,1.079192
16.400000,2471.152000,0.993440
3.280000,43.952000,0.741267
5.904000,1820.400000,0.699496
19.024000,2385.872000,1.234476
12.464000,1564.560000,0.714142
37.392000,419.184000,1.098494
0.656000,2430.480000,0.827442
8.528000,2476.400000,1.129814
4.592000,758.992000,0.789522
5.904000,2400.304000,0.835612
38.704000,1127.664000,1.326235
3.280000,2153.648000,0.998308
32.144000,1005.648000,0.826139
22.960000,2273.040000,0.875475
22.960000,1840.080000,0.831035
7.216000,1432.048000,0.708233
17.712000,3196.688000,1.312967
30.832000,2926.416000,0.710789
32.144000,1887.312000,1.102437
33.456000,451.984000,0.668218
33.456000,760.304000,2.480094
29.520000,1867.632000,2.096036
3.280000,953.168000,0.775545
7.216000,2291.408000,1.609560
4.592000,2814.896000,1.490174
12.464000,1102.736000,0.809626
13.776000,2702.064000,1.423348
8.528000,2905.424000,0.903195
33.456000,3082.544000,1.057240
26.896000,2404.240000,0.712018
7.216000,2263.856000,1.082907
3.280000,3165.200000,0.703221
32.144000,2960.528000,0.837606
24.272000,1480.592000,0.802799
1.968000,2085.424000,0.748739
26.896000,2341.264000,0.721038
29.520000,3096.976000,0.698893
20.336000,858.704000,0.690370
29.520000,1924.048000,0.929206
11.152000,2615.472000,0.880078
29.520000,2248.112000,0.711252
30.832000,2644.336000,0.694049
30.832000,2324.208000,0.957195
8.528000,3110.096000,1.062657
22.960000,2687.632000,0.670716
7.216000,1727.248000,1.041253
7.216000,2805.712000,0.722089
25.584000,513.648000,0.735688
13.776000,2322.896000,0.760981
19.024000,268.304000,1.043382
15.088000,1051.568000,1.076810
29.520000,1046.320000,1.052658
8.528000,895.440000,1.377956
38.704000,2896.240000,1.161219
25.584000,130.544000,1.220357
37.392000,2225.808000,0.831754
16.400000,1880.752000,0.860481
32.144000,1719.376000,0.678533
26.896000,2944.784000,1.021819
7.216000,2757.168000,0.776122
7.216000,1401.872000,0.730635
29.520000,884.944000,0.842277
15.088000,2834.576000,0.833631
17.712000,1375.632000,0.657337
15.088000,1895.184000,0.813129
16.400000,3019.568000,0.832806
38.704000,285.360000,1.242629
3.280000,1176.208000,0.923379
24.272000,421.808000,0.931130
26.896000,1645.904000,1.363863
37.392000,1371.696000,0.659748
30.832000,1484.528000,0.723237
0.656000,2566.928000,1.096130
19.024000,1460.912000,1.016748
22.960000,824.592000,0.758058
32.144000,1638.032000,0.723487
26.896000,4.592000,1.810508
5.904000,999.088000,0.767452
34.768000,2276.976000,1.129293
7.216000,315.536000,0.665169
21.648000,1501.584000,1.401726
4.592000,311.600000,1.992216
17.712000,640.912000,0.702288
33.456000,3090.416000,1.210622
21.648000,1236.560000,1.035785
17.712000,429.680000,0.835684
7.216000,2557.744000,0.803804
30.832000,1871.568000,0.981961
16.400000,673.712000,1.772349
34.768000,575.312000,1.617751
12.464000,2625.968000,0.946862
16.400000,917.744000,1.457990
7.216000,1291.664000,1.116119
13.776000,1526.512000,0.819608
9.840000,2762.416000,0.776073
13.776000,358.832000,0.685078
9.840000,112.176000,1.322416
5.904000,72.816000,0.951278
30.832000,1593.424000,0.914486
1.968000,985.968000,1.070313
25.584000,99.056000,0.710399
1.968000,2448.848000,0.707472
17.712000,1972.592000,0.817207
17.712000,2971.024000,0.997494
30.832000,1544.880000,1.403733
15.088000,2825.392000,1.105013
17.712000,1382.192000,0.745057
32.144000,1976.528000,1.132315
37.392000,2799.152000,0.751368
33.456000,732.752000,1.015231
36.080000,2622.032000,0.899801
5.904000,323.408000,1.253695
38.704000,959.728000,1.072951
34.768000,1394.000000,0.742885
15.088000,825.904000,0.723142
11.152000,1697.072000,0.900420
28.208000,2413.424000,1.025789
3.280000,2723.056000,0.731570
32.144000,1232.624000,0.787200
8.528000,1466.160000,0.849773
32.144000,193.520000,1.625805
34.768000,2485.584000,0.798384
20.336000,1365.136000,1.817974
36.080000,3090.416000,0.867304
1.968000,2233.680000,1.032029
26.896000,2820.144000,0.904276
5.904000,1980.464000,0.761582
26.896000,2871.312000,1.139159
24.272000,991.216000,0.707960
5.904000,507.088000,1.200340
20.336000,1795.472000,0.727804
9.840000,2038.192000,1.229788
3.280000,1230.000000,1.156426
3.280000,156.784000,0.663979
17.712000,1596.048000,0.686256
8.528000,366.704000,1.791770
0.656000,930.864000,1.416502
32.144000,2081.488000,0.880594
0.656000,2147.088000,0.717075
17.712000,2768.976000,0.688611
37.392000,798.352000,0.756124
12.464000,1947.664000,1.072414
7.216000,783.920000,0.891462
12.464000,1697.072000,0.741166
20.336000,1172.272000,1.021265
21.648000,2556.432000,0.927896
8.528000,2181.200000,0.670441
37.392000,1207.696000,0.850700
19.024000,1619.664000,1.182651
12.464000,1752.176000,0.864625
36.080000,256.496000,1.447666
7.216000,183.024000,0.772684
15.088000,1795.472000,0.824068
25.584000,2261.232000,1.311506
5.904000,1362.512000,1.004577
7.216000,3031.376000,0.807683
8.528000,604.176000,0.883367
21.648000,1147.344000,0.958402
17.712000,261.744000,0.796906
9.840000,2788.656000,1.459222
34.768000,842.960000,1.001538
36.080000,2455.408000,0.968615
8.528000,795.728000,1.451016
28.208000,627.792000,0.659284
36.080000,1781.040000,0.875766
37.392000,2437.040000,1.025766
13.776000,390.320000,0.885155
11.152000,2855.568000,1.049872
34.768000,201.392000,0.676892
20.336000,1879.440000,1.018182
4.592000,1247.056000,1.241073
29.520000,1602.608000,1.120222
8.528000,1909.616000,0.882483
34.768000,2915.920000,0.671712
0.656000,1479.280000,1.470794
24.272000,2224.496000,0.757569
24.272000,911.184000,1.493876
24.272000,908.560000,0.957310
32.144000,1501.584000,1.047269
33.456000,2665.328000,1.140848
29.520000,1870.256000,0.980667
7.216000,675.024000,0.829628
11.152000,3198.000000,1.184445
22.960000,1281.168000,1.201142
20.336000,2728.304000,1.102335
32.144000,1188.016000,1.318281
21.648000,2976.272000,1.240698
9.840000,1853.200000,1.245641
37.392000,1992.272000,0.773305
36.080000,1939.792000,0.787530
25.584000,2599.728000,0.679681
26.896000,2845.072000,0.905620
17.712000,2305.840000,0.949383
21.648000,1459.600000,1.612876
34.768000,1954.224000,1.137117
3.280000,1657.712000,1.345341
20.336000,2896.240000,0.708801
13.776000,1530.448000,0.929245
25.584000,1966.032000,0.661104
5.904000,2178.576000,0.873781
21.648000,1576.368000,0.746934
22.960000,1883.376000,0.798868
29.520000,1127.664000,1.470629
3.280000,2728.304000,1.044529
7.216000,266.992000,1.534005
15.088000,164.656000,0.702389
16.400000,1899.120000,0.662881
0.656000,3212.432000,0.997472
38.704000,2696.816000,1.224687
32.144000,1876.816000,0.692979
36.080000,2288.784000,0.726280
29.520000,966.288000,0.797515
29.520000,1122.416000,0.679511
16.400000,2999.888000,0.927128
16.400000,404.752000,0.734687
33.456000,1149.968000,1.788906
36.080000,1901.744000,1.553731
38.704000,143.664000,1.599612
34.768000,2536.752000,1.106044
5.904000,1384.816000,0.690994
29.520000,757.680000,0.836377
26.896000,2557.744000,0.996552
22.960000,2178.576000,1.356140
3.280000,2297.968000,1.392353
36.080000,908.560000,0.945562
34.768000,1868.944000,1.724653
8.528000,2295.344000,0.659380
19.024000,867.888000,0.760435
7.216000,538.576000,0.739843
28.208000,7.216000,1.182280
16.400000,1883.376000,1.000097
20.336000,2419.984000,1.015031
11.152000,1131.600000,0.712558
15.088000,1271.984000,1.194425
38.704000,1401.872000,1.132581
19.024000,1922.736000,0.882371
37.392000,2664.016000,1.144490
7.216000,2434.416000,0.724606
32.144000,2671.888000,0.700535
21.648000,272.240000,1.150503
37.392000,316.848000,0.959963
24.272000,2427.856000,1.042911
34.768000,2315.024000,0.784121
17.712000,675.024000,0.955827
21.648000,845.584000,0.819192
4.592000,2681.072000,1.301114
8.528000,1130.288000,1.900172
24.272000,180.400000,0.962450
5.904000,1380.880000,1.071660
34.768000,3093.040000,0.793201
5.904000,2463.280000,0.872318
20.336000,234.192000,0.982331
33.456000,651.408000,0.831667
4.592000,1266.736000,0.865572
16.400000,198.768000,0.783449
21.648000,2320.272000,0.926466
29.520000,2549.872000,0.977377
36.080000,1573.744000,0.677780
4.592000,2994.640000,1.084846
38.704000,1165.712000,0.681408
3.280000,518.896000,0.706363
28.208000,167.280000,0.749730
28.208000,286.672000,0.837901
20.336000,1523.888000,0.688741
30.832000,1358.576000,0.781177
9.840000,629.104000,0.803092
12.464000,1624.912000,1.221678
3.280000,1886.000000,0.662753
15.088000,2792.592000,0.864381
12.464000,345.712000,0.841522
15.088000,2755.856000,0.937745
20.336000,2042.128000,1.385280
22.960000,1937.168000,0.780276
20.336000,1561.936000,0.757171
22.960000,735.376000,1.278555
30.832000,1308.720000,0.931577
34.768000,1548.816000,0.842043
20.336000,2388.496000,1.470069
37.392000,575.312000,0.696435
0.656000,3044.496000,0.729382
12.464000,42.640000,1.328535
13.776000,2389.808000,1.062584
34.768000,1662.960000,0.702804
12.464000,353.584000,1.183583
34.768000,2686.320000,0.902600
3.280000,2971.024000,0.855616
4.592000,1424.176000,0.731768
1.968000,2711.248000,1.291829
8.528000,577.936000,1.338877
3.280000,2371.440000,1.089574
33.456000,757.680000,0.678410
36.080000,2297.968000,1.314502
28.208000,3201.936000,1.138054
3.280000,1983.088000,1.076206
9.840000,854.768000,0.788182
1.968000,833.776000,0.998333
30.832000,932.176000,1.277322
5.904000,2248.112000,0.840906
30.832000,1302.160000,0.744167
8.528000,772.112000,0.845373
16.400000,45.264000,0.935716
22.960000,2914.608000,0.736674
4.592000,126.608000,0.668501
3.280000,2505.264000,1.116974
17.712000,437.552000,1.034196
11.152000,131.856000,0.811457
24.272000,1872.880000,0.786579
1.968000,3207.184000,0.705975
38.704000,1648.528000,0.748223
17.712000,284.048000,0.814979
1.968000,2868.688000,1.321417
26.896000,1104.048000,1.141666
29.520000,2349.136000,0.794898
0.656000,798.352000,1.200484
22.960000,2507.888000,1.546422
15.088000,3112.720000,1.251042
13.776000,1682.640000,0.727028
37.392000,2032.944000,0.818722
8.528000,246.000000,0.790231
0.656000,382.448000,0.874850
13.776000,2500.016000,0.906745
24.272000,116.112000,0.690861
26.896000,211.888000,0.817443
22.960000,1051.568000,0.973951
36.080000,1655.088000,0.666067
8.528000,643.536000,1.638189
11.152000,2166.768000,1.339061
13.776000,1602.608000,0.744120
38.704000,152.848000,1.092080
3.280000,1142.096000,1.169368
34.768000,2817.520000,0.725053
8.528000,2667.952000,1.478792
19.024000,142.352000,0.825737
7.216000,1791.536000,0.796772
32.144000,2578.736000,0.858024
26.896000,93.808000,0.743424
9.840000,747.184000,1.093663
34.768000,2624.656000,1.395831
4.592000,1685.264000,0.882946
28.208000,2808.336000,1.298509
30.832000,840.336000,2.180894
11.152000,841.648000,0.763219
26.896000,2481.648000,1.940310
32.144000,635.664000,1.292562
24.272000,501.840000,0.812992
34.768000,1506.832000,0.851442
20.336000,1568.496000,1.037566
19.024000,542.512000,0.876182
3.280000,911.184000,0.764528
13.776000,1017.456000,0.829796
25.584000,1618.352000,1.427578
19.024000,3192.752000,1.917122
34.768000,917.744000,0.979705
8.528000,1854.512000,0.859092
3.280000,2029.008000,1.632736
4.592000,2395.056000,0.816489
25.584000,3171.760000,0.802344
22.960000,1599.984000,0.800603
25.584000,1588.176000,0.656016
16.400000,1454.352000,0.920357
26.896000,2686.320000,0.707878
7.216000,1500.272000,0.723756
37.392000,2389.808000,0.795864
21.648000,3056.304000,0.922210
12.464000,2433.104000,0.904717
24.272000,661.904000,0.831845
7.216000,1550.128000,0.762503
9.840000,537.264000,0.872324
3.280000,3075.984000,0.769464
26.896000,2402.928000,1.419979
22.960000,1645.904000,0.764187
13.776000,2204.816000,1.261212
15.088000,2749.296000,0.662811
32.144000,1824.336000,0.764916
16.400000,1249.680000,0.657606
7.216000,992.528000,1.112173
20.336000,440.176000,0.941447
12.464000,2667.952000,0.682235
30.832000,2604.976000,0.763878
19.024000,1979.152000,0.717491
28.208000,556.944000,0.846782
16.400000,316.848000,0.847944
26.896000,1349.392000,1.134155
9.840000,189.584000,0.780477
12.464000,601.552000,1.036422
34.768000,1512.080000,2.117468
30.832000,860.016000,0.992239
36.080000,1922.736000,1.269612
28.208000,1512.080000,0.728948
7.216000,966.288000,0.957188
34.768000,2703.376000,0.837320
37.392000,85.936000,0.684285
37.392000,2029.008000,0.771636
0.656000,1232.624000,0.875822
1.968000,2257.296000,1.538869
17.712000,168.592000,0.997188
24.272000,2849.008000,1.177565
12.464000,1909.616000,1.725178
28.208000,1879.440000,0.916500
33.456000,1538.320000,0.683623
12.464000,1672.144000,0.864690
21.648000,702.576000,1.473579
24.272000,912.496000,0.845347
1.968000,1463.536000,1.240457
20.336000,3158.640000,0.813798
17.712000,366.704000,0.765763
26.896000,1172.272000,1.221518
22.960000,1282.480000,1.217785
36.080000,181.712000,1.015067
21.648000,680.272000,2.069876
26.896000,2883.120000,0.659078
38.704000,1485.840000,0.883870
13.776000,2583.984000,1.406215
22.960000,1397.936000,0.772256
16.400000,173.840000,0.915706
5.904000,692.080000,0.872025
17.712000,2892.304000,1.769063
29.520000,825.904000,0.752993
3.280000,1434.672000,0.714569
13.776000,1811.216000,0.834923
0.656000,1563.248000,0.885404
7.216000,1188.016000,0.834163
25.584000,1161.776000,0.934605
32.144000,2498.704000,0.697342
4.592000,3119.280000,0.774639
0.656000,1722.000000,0.722985
32.144000,337.840000,1.086745
5.904000,579.248000,1.872407
37.392000,84.624000,1.199679
33.456000,748.496000,0.846477
8.528000,1760.048000,0.847299
15.088000,70.192000,1.007529
15.088000,1123.728000,1.046362
32.144000,3111.408000,0.974722
3.280000,192.208000,1.034951
20.336000,1952.912000,1.367625
11.152000,799.664000,0.853794
32.144000,1770.544000,0.663121
36.080000,104.304000,0.669429
4.592000,1315.280000,1.027951
4.592000,1910.928000,1.100824
7.216000,449.360000,1.586694
33.456000,669.776000,0.869325
30.832000,92.496000,1.508971
30.832000,3026.128000,1.372330
33.456000,2921.168000,1.319731
9.840000,3035.312000,0.745939
37.392000,2877.872000,0.672178
30.832000,1509.456000,0.775275
34.768000,2788.656000,0.902016
9.840000,2287.472000,0.665187
26.896000,289.296000,1.171332
8.528000,2102.480000,0.797990
11.152000,1299.536000,0.698230
0.656000,546.448000,1.027709
17.712000,693.392000,1.430020
29.520000,1451.728000,0.705218
7.216000,290.608000,1.125740
12.464000,16.400000,0.697360
26.896000,564.816000,0.732101
19.024000,2824.080000,0.743044
24.272000,1554.064000,1.361755
5.904000,1592.112000,0.753747
20.336000,1216.880000,0.918317
26.896000,618.608000,0.657186
32.144000,299.792000,0.665603
3.280000,1543.568000,0.945987
3.280000,686.832000,0.715662
38.704000,2570.864000,0.828386
7.216000,786.544000,1.169774
9.840000,1674.768000,1.081930
8.528000,2595.792000,0.741055
28.208000,1619.664000,0.696755
25.584000,2283.536000,0.717205
36.080000,2450.160000,1.466380
29.520000,3127.152000,1.400952
0.656000,2157.584000,0.688389
22.960000,2461.968000,1.306160
17.712000,2728.304000,0.731781
26.896000,2900.176000,0.708269
15.088000,2692.880000,0.775081
33.456000,2690.256000,0.804501
24.272000,1762.672000,0.898968
33.456000,663.216000,1.196840
29.520000,2266.480000,0.767588
13.776000,3.280000,0.847656
29.520000,2148.400000,1.101522
34.768000,3150.768000,0.808372
30.832000,289.296000,0.891694
13.776000,560.880000,0.684909
3.280000,1966.032000,0.675113
12.464000,2915.920000,0.771583
12.464000,1904.368000,0.684519
16.400000,1220.816000,0.710423
7.216000,2255.984000,0.658859
16.400000,483.472000,1.142110
8.528000,1100.112000,0.939585
17.712000,2799.152000,0.936412
26.896000,1925.360000,0.693889
37.392000,993.840000,0.807100
3.280000,1927.984000,0.881495
20.336000,2103.792000,0.867662
22.960000,959.728000,1.231712
5.904000,3103.536000,0.852141
15.088000,3174.384000,0.703540
11.152000,1498.960000,0.845561
33.456000,1470.096000,0.784534
33.456000,2082.800000,1.162316
3.280000,1697.072000,1.187533
30.832000,1315.280000,0.985246
26.896000,1132.912000,2.603959
36.080000,368.016000,0.859932
26.896000,2789.968000,1.155868
1.968000,2315.024000,0.797124
24.272000,995.152000,0.921951
16.400000,3020.880000,0.802556
25.584000,1884.688000,0.800063
19.024000,731.440000,0.792729
22.960000,1905.680000,1.080067
5.904000,2788.656000,0.916732
29.520000,137.104000,0.925850
5.904000,2921.168000,0.787049
37.392000,2173.328000,0.703881
37.392000,1311.344000,0.809569
30.832000,2738.800000,0.753794
16.400000,2334.704000,0.700654
16.400000,1394.000000,0.848246
26.896000,1034.512000,0.750426
25.584000,2414.736000,1.419121
15.088000,2140.528000,1.203367
33.456000,2910.672000,1.071751
8.528000,2465.904000,0.955892
3.280000,2967.088000,0.749027
8.528000,2501.328000,1.230723
38.704000,2334.704000,1.396696
28.208000,1487.152000,0.808194
21.648000,141.040000,1.183566
21.648000,79.376000,0.841435
8.528000,770.800000,0.750624
19.024000,1998.832000,1.554821
22.960000,1434.672000,1.449685
20.336000,2110.352000,1.303806
15.088000,2691.568000,1.198302
32.144000,1336.272000,0.697990
21.648000,1046.320000,0.758393
19.024000,3144.208000,0.780261
9.840000,714.384000,0.820914
5.904000,277.488000,1.129264
20.336000,2447.536000,1.277810
16.400000,1854.512000,1.169249
11.152000,3027.440000,1.089323
37.392000,758.992000,0.792075
21.648000,1275.920000,1.020504
25.584000,1491.088000,0.790994
37.392000,2127.408000,0.803489
19.024000,898.064000,1.001566
29.520000,50.512000,0.793156
38.704000,2826.704000,0.716008
15.088000,1275.920000,1.311508
25.584000,1352.016000,0.689150
5.904000,2406.864000,0.855041
0.656000,1904.368000,0.772682
33.456000,46.576000,0.714502
36.080000,2482.960000,0.724715
11.152000,2740.112000,1.173157
4.592000,560.880000,0.768365
36.080000,3103.536000,1.234201
13.776000,1537.008000,0.690915
12.464000,609.424000,0.966979
37.392000,444.112000,0.893575
37.392000,2385.872000,1.872632
8.528000,2194.320000,1.001538
3.280000,2303.216000,0.744496
30.832000,1383.504000,1.061005
20.336000,3107.472000,0.732655
0.656000,1501.584000,1.248861
38.704000,3170.448000,1.563741
3.280000,1830.896000,0.682184
0.656000,530.704000,0.672193
36.080000,362.768000,0.865734
37.392000,543.824000,1.201295
22.960000,926.928000,0.742984
9.840000,2001.456000,0.716385
33.456000,2278.288000,0.667916
19.024000,2549.872000,0.937207
11.152000,2425.232000,1.064313
8.528000,689.456000,1.219710
17.712000,3.280000,0.832375
0.656000,1353.328000,1.148793
3.280000,1250.992000,0.706503
32.144000,1601.296000,0.694603
38.704000,538.576000,1.044178
1.968000,2610.224000,1.235012
26.896000,1888.624000,1.115043
0.656000,1211.632000,0.667925
28.208000,3204.560000,0.761149
33.456000,1338.896000,0.740236
30.832000,2463.280000,0.700811
0.656000,375.888000,0.980979
24.272000,1689.200000,1.217205
24.272000,1270.672000,0.658168
22.960000,686.832000,0.990325
16.400000,28.208000,0.659367
32.144000,1781.040000,1.100491
19.024000,408.688000,3.307397
3.280000,2059.184000,1.141788
11.152000,2856.880000,0.734844
0.656000,2902.800000,1.356968
17.712000,2709.936000,0.699875
32.144000,1733.808000,1.050651
30.832000,154.160000,1.399592
0.656000,88.560000,0.798219
20.336000,1387.440000,1.211566
21.648000,2805.712000,0.966141
32.144000,873.136000,1.318751
22.960000,1909.616000,0.754972
30.832000,3040.560000,1.657188
29.520000,2422.608000,1.287463
13.776000,2046.064000,1.164314
17.712000,1900.432000,0.805868
1.968000,70.192000,0.800607
8.528000,2198.256000,0.827144
37.392000,474.288000,0.982248
38.704000,2039.504000,0.911548
24.272000,2223.184000,0.697769
30.832000,726.192000,0.713353
8.528000,1925.360000,0.799533
11.152000,2130.032000,1.170237
16.400000,1930.608000,0.966291
26.896000,2565.616000,0.989238
26.896000,2894.928000,0.822372
20.336000,2267.792000,0.817951
37.392000,1466.160000,1.154794
12.464000,1682.640000,0.837848
11.152000,1109.296000,1.029306
15.088000,2511.824000,0.982639
29.520000,1756.112000,0.793798
7.216000,3217.680000,1.444836
20.336000,507.088000,0.978139
25.584000,2953.968000,0.793936
5.904000,2581.360000,1.189020
13.776000,1063.376000,0.719730
33.456000,1039.760000,0.841749
34.768000,764.240000,0.773531
16.400000,1430.736000,1.790775
29.520000,496.592000,1.084050
8.528000,1752.176000,3.082323
16.400000,1906.992000,0.693197
5.904000,984.656000,1.018584
19.024000,992.528000,0.818433
33.456000,437.552000,0.834959
17.712000,2440.976000,0.733692
0.656000,1927.984000,1.002924
7.216000,528.080000,1.002762
1.968000,1966.032000,0.871241
15.088000,1296.912000,1.062030
29.520000,1115.856000,0.894000
32.144000,1209.008000,0.950581
1.968000,1480.592000,1.336953
20.336000,148.912000,1.340321
3.280000,1744.304000,1.511166
28.208000,2952.656000,1.121576
0.656000,2864.752000,0.701121
4.592000,861.328000,0.677325
5.904000,2368.816000,2.260703
34.768000,2392.432000,1.202278
37.392000,1324.464000,0.793391
19.024000,354.896000,1.236773
20.336000,888.880000,2.280625
8.528000,3098.288000,0.850539
12.464000,2631.216000,0.664890
9.840000,1258.864000,0.809480
15.088000,2775.536000,0.902955
9.840000,125.296000,1.193468
37.392000,2976.272000,0.705078
30.832000,2443.600000,0.830859
32.144000,1874.192000,0.684104
13.776000,2686.320000,1.724286
8.528000,369.328000,1.103760
4.592000,705.200000,1.202688
24.272000,2791.280000,0.758667
26.896000,1487.152000,0.795072
0.656000,2682.384000,0.692368
24.272000,274.864000,0.796193
8.528000,3086.480000,1.098000
9.840000,1783.664000,0.810543
3.280000,1535.696000,0.682431
34.768000,891.504000,0.845620
5.904000,1845.328000,1.236682
32.144000,640.912000,1.368724
25.584000,1254.928000,0.956350
16.400000,2543.312000,0.945670
15.088000,2273.040000,0.773835
11.152000,1268.048000,1.182197
20.336000,1922.736000,1.136610
20.336000,2206.128000,1.081561
13.776000,3158.640000,1.232235
7.216000,1626.224000,0.756896
5.904000,1742.992000,1.555667
0.656000,307.664000,0.725235
33.456000,218.448000,1.226806
28.208000,589.744000,1.089477
19.024000,1593.424000,0.792480
30.832000,3125.840000,0.782866
37.392000,1883.376000,0.891394
25.584000,1445.168000,2.328925
3.280000,650.096000,0.778266
17.712000,2050.000000,1.002398
36.080000,1190.640000,0.745295
36.080000,1016.144000,0.665369
25.584000,769.488000,0.697643
16.400000,2381.936000,0.726113
30.832000,2804.400000,1.689605
26.896000,2707.312000,0.958861
24.272000,471.664000,0.985555
11.152000,1887.312000,0.835398
22.960000,689.456000,0.760494
20.336000,819.344000,0.722839
33.456000,2707.312000,0.701666
25.584000,770.800000,0.907025
34.768000,2656.144000,0.667094
13.776000,2438.352000,0.961042
36.080000,2551.184000,1.288664
38.704000,522.832000,1.334403
36.080000,2666.640000,1.142345
13.776000,1765.296000,0.666621
38.704000,783.920000,0.896533
34.768000,2618.096000,0.697808
21.648000,475.600000,0.765665
34.768000,2682.384000,0.669488
16.400000,1538.320000,0.890611
28.208000,2976.272000,0.727673
20.336000,3195.376000,1.318976
0.656000,147.600000,0.754190
13.776000,1943.728000,0.733402
9.840000,19.024000,0.993919
5.904000,2258.608000,1.627889
12.464000,562.192000,0.817932
12.464000,2031.632000,1.243600
3.280000,1383.504000,0.788294
19.024000,2971.024000,0.883717
22.960000,1628.848000,0.851619
32.144000,1556.688000,0.805722
11.152000,1745.616000,0.679071
3.280000,204.016000,1.105301
22.960000,976.784000,1.168322
9.840000,448.048000,0.917146
4.592000,2863.440000,2.158872
17.712000,2900.176000,0.925644
36.080000,1392.688000,0.779955
37.392000,2458.032000,0.685366
11.152000,148.912000,0.880031
37.392000,2885.744000,0.823411
13.776000,1245.744000,0.729213
29.520000,2380.624000,0.722153
22.960000,547.760000,0.926496
29.520000,2726.992000,0.875343
3.280000,677.648000,0.934161
5.904000,3072.048000,0.918576
0.656000,2303.216000,0.684001
38.704000,239.440000,1.121850
0.656000,769.488000,0.777137
25.584000,2364.880000,0.841086
7.216000,3154.704000,1.179318
22.960000,594.992000,0.824448
19.024000,2221.872000,1.418310
16.400000,1834.832000,2.372168
5.904000,2164.144000,1.521635
4.592000,748.496000,0.941489
34.768000,2930.352000,0.870222
11.152000,1261.488000,0.820456
37.392000,64.944000,1.278510
19.024000,3052.368000,1.330653
38.704000,1174.896000,0.748660
21.648000,622.544000,0.791876
22.960000,1134.224000,0.943296
22.960000,867.888000,1.765497
17.712000,1756.112000,0.939888
11.152000,3182.256000,1.472951
29.520000,2559.056000,1.065679
26.896000,1912.240000,1.297848
7.216000,2820.144000,0.718242
38.704000,1243.120000,0.677309
1.968000,2980.208000,0.846407
26.896000,617.296000,0.662198
33.456000,1253.616000,0.763718
16.400000,1181.456000,0.691869
5.904000,1353.328000,0.793923
0.656000,1673.456000,1.146358
0.656000,2156.272000,3.184582
15.088000,159.408000,1.120775
38.704000,2144.464000,0.820454
16.400000,756.368000,0.842011
29.520000,280.112000,1.903123
37.392000,1358.576000,0.862452
26.896000,43.952000,1.064492
38.704000,1880.752000,1.021634
34.768000,1514.704000,1.145189
12.464000,1325.776000,1.123792
33.456000,168.592000,0.820026
21.648000,1889.936000,1.096503
13.776000,1815.152000,0.899564
32.144000,612.048000,0.883243
37.392000,2269.104000,0.857304
5.904000,821.968000,0.682015
15.088000,2292.720000,1.127534
8.528000,2856.880000,1.137826
30.832000,2736.176000,1.197170
5.904000,2320.272000,1.824413
22.960000,2694.192000,1.097716
36.080000,1391.376000,1.145621
36.080000,1117.168000,1.099369
1.968000,2639.088000,0.712662
20.336000,1268.048000,1.027842
11.152000,1151.280000,0.850408
8.528000,1147.344000,0.717508
13.776000,629.104000,1.155478
26.896000,839.024000,0.669376
34.768000,2738.800000,0.849351
38.704000,341.776000,0.953787
22.960000,2535.440000,1.295889
37.392000,2965.776000,0.658260
34.768000,1358.576000,1.060447
11.152000,718.320000,1.446977
34.768000,3027.440000,1.446230
9.840000,2944.784000,0.960156
13.776000,488.720000,1.780407
8.528000,1879.440000,0.901884
36.080000,1993.584000,2.000575
4.592000,2419.984000,0.861097
0.656000,2203.504000,1.171351
19.024000,1233.936000,1.733592
21.648000,1115.856000,0.761163
19.024000,2152.336000,0.715302
33.456000,1471.408000,1.140904
16.400000,1889.936000,0.996073
28.208000,1979.152000,0.744593
1.968000,1274.608000,0.815888
29.520000,933.488000,0.744975
38.704000,2177.264000,0.771249
20.336000,1754.800000,0.810147
1.968000,841.648000,0.687379
25.584000,2460.656000,0.762289
26.896000,2927.728000,0.735352
17.712000,1997.520000,0.754464
30.832000,2164.144000,0.739218
17.712000,929.552000,0.755301
19.024000,3091.728000,0.759257
22.960000,2772.912000,1.105401
25.584000,606.800000,1.554048
34.768000,1821.712000,0.983346
25.584000,2526.256000,1.366581
9.840000,270.928000,0.886821
0.656000,1781.040000,0.802352
5.904000,3207.184000,0.696490
11.152000,2400.304000,0.853223
1.968000,2686.320000,1.332961
28.208000,612.048000,0.995401
19.024000,2889.680000,0.911550
3.280000,2385.872000,1.250149
8.528000,1066.000000,0.819087
20.336000,3205.872000,0.997808
20.336000,2135.280000,0.687828
3.280000,1582.928000,0.658341
22.960000,360.144000,0.994597
0.656000,3053.680000,0.736451
15.088000,2528.880000,0.973355
8.528000,396.880000,0.861315
11.152000,62.320000,1.066126
16.400000,734.064000,1.571000
24.272000,1677.392000,0.798187
22.960000,2816.208000,0.881469
5.904000,1182.768000,0.751689
24.272000,1782.352000,2.252053
34.768000,1731.184000,0.664158
5.904000,2847.696000,0.806483
21.648000,2093.296000,0.972079
21.648000,2194.320000,1.475616
32.144000,285.360000,1.082638
12.464000,1140.784000,0.962531
0.656000,12.464000,0.738628
5.904000,3142.896000,1.454622
0.656000,1310.032000,0.759932
33.456000,549.072000,0.719168
11.152000,3191.440000,0.810865
29.520000,2719.120000,0.670414
9.840000,528.080000,0.733921
36.080000,2460.656000,0.674405
22.960000,1737.744000,1.174236
22.960000,2253.360000,1.309814
33.456000,1724.624000,1.115022
29.520000,1271.984000,0.927994
22.960000,2608.912000,0.906341
4.592000,1870.256000,1.196148
15.088000,924.304000,0.985422
29.520000,907.248000,0.984655
8.528000,202.704000,0.963241
0.656000,2793.904000,0.735405
13.776000,2720.432000,0.805482
21.648000,306.352000,1.215316
30.832000,609.424000,1.177210
36.080000,3110.096000,0.784208
32.144000,234.192000,0.706586
13.776000,756.368000,0.872150
19.024000,148.912000,1.140027
32.144000,352.272000,0.880590
22.960000,2905.424000,0.710554
26.896000,1101.424000,1.138353
0.656000,1853.200000,1.397260
33.456000,1333.648000,0.792849
34.768000,1.968000,0.785984
7.216000,2738.800000,0.706132
17.712000,99.056000,1.052959
36.080000,938.736000,0.716462
30.832000,2880.496000,0.702984
28.208000,941.360000,1.547148
29.520000,1369.072000,0.866351
34.768000,3158.640000,0.821285
7.216000,2850.320000,0.714327
26.896000,1530.448000,1.181587
36.080000,579.248000,0.968898
7.216000,433.616000,0.720961
22.960000,1704.944000,2.008399
11.152000,2242.864000,0.858496
36.080000,720.944000,0.880352
11.152000,1883.376000,0.724386
24.272000,1904.368000,1.426851
36.080000,1132.912000,1.040884
7.216000,534.640000,1.369712
25.584000,2017.200000,0.883193
17.712000,2286.160000,0.767319
9.840000,2675.824000,1.261284
21.648000,2640.400000,1.419656
5.904000,1779.728000,1.052940
19.024000,2132.656000,1.639337
17.712000,2870.000000,0.995926
26.896000,2593.168000,0.691046
7.216000,3123.216000,0.882271
29.520000,487.408000,1.219852
25.584000,2258.608000,1.170465
9.840000,823.280000,1.295464
19.024000,3035.312000,0.672730
26.896000,68.880000,0.812339
26.896000,12.464000,1.813614
30.832000,2595.792000,0.684316
19.024000,185.648000,1.316877
37.392000,2489.520000,1.071018
32.144000,1324.464000,0.709583
20.336000,646.160000,0.732534
8.528000,24.272000,0.735278
7.216000,1127.664000,0.983798
0.656000,898.064000,0.910451
34.768000,622.544000,1.245080
17.712000,2357.008000,0.918546
16.400000,2367.504000,1.030879
38.704000,1379.568000,0.792176
4.592000,617.296000,0.915199
8.528000,1875.504000,0.663827
33.456000,2107.728000,0.876506
3.280000,684.208000,1.032150
37.392000,2280.912000,0.773010
0.656000,277.488000,1.258253
36.080000,1669.520000,1.507576
34.768000,532.016000,1.710010
9.840000,1909.616000,0.715844
32.144000,1867.632000,1.424786
20.336000,2654.832000,0.938584
17.712000,207.952000,0.755492
33.456000,1863.696000,1.263279
37.392000,3207.184000,0.962645
33.456000,328.656000,0.930616
34.768000,2417.360000,0.675835
30.832000,2118.224000,0.835198
25.584000,887.568000,1.240631
21.648000,2439.664000,0.751030
3.280000,2294.032000,0.835298
13.776000,2514.448000,0.674780
28.208000,789.168000,0.797507
29.520000,2654.832000,0.683213
28.208000,1586.864000,0.814437
11.152000,1156.528000,0.813010
32.144000,2816.208000,1.752416
7.216000,2431.792000,1.030179
22.960000,3141.584000,1.583850
4.592000,744.560000,1.585962
36.080000,3079.920000,1.236602
32.144000,1308.720000,0.711318
20.336000,755.056000,0.822220
34.768000,900.688000,0.753680
5.904000,1303.472000,0.975506
33.456000,429.680000,0.958500
30.832000,2497.392000,0.826022
28.208000,1546.192000,0.704440
25.584000,1840.080000,0.756190
4.592000,201.392000,0.801402
3.280000,1110.608000,1.204409
38.704000,2345.200000,1.408914
11.152000,2429.168000,0.989813
28.208000,1581.616000,0.711469
28.208000,2043.440000,0.670048
8.528000,798.352000,0.946133
4.592000,2380.624000,0.959796
16.400000,1102.736000,1.375983
3.280000,75.440000,0.677299
36.080000,1052.880000,0.702693
3.280000,1791.536000,0.679607
30.832000,340.464000,0.766638
33.456000,2423.920000,0.661925
3.280000,2881.808000,1.029564
28.208000,2913.296000,0.664055
33.456000,2999.888000,0.949587
4.592000,1992.272000,0.937564
34.768000,2620.720000,1.099705
3.280000,385.072000,0.670818
22.960000,675.024000,0.657874
28.208000,126.608000,0.741817
21.648000,217.136000,0.829442
28.208000,924.304000,0.727730
30.832000,633.040000,0.836422
30.832000,970.224000,1.323811
0.656000,1660.336000,0.687354
19.024000,1268.048000,1.151470
19.024000,638.288000,0.704829
0.656000,2872.624000,1.717215
29.520000,1435.984000,0.703234
30.832000,657.968000,1.830109
5.904000,76.752000,2.306955
29.520000,1861.072000,0.846643
15.088000,2947.408000,0.687426
21.648000,1425.488000,0.779311
36.080000,1231.312000,0.717546
29.520000,243.376000,0.726264
22.960000,1647.216000,1.176662
21.648000,634.352000,0.875512
5.904000,2199.568000,0.852483
16.400000,118.736000,0.906275
38.704000,116.112000,0.877681
16.400000,1792.848000,0.881317
4.592000,190.896000,1.342565
33.456000,1417.616000,0.728092
26.896000,15.088000,0.735301
5.904000,1610.480000,0.704086
20.336000,1064.688000,1.318446
5.904000,1006.960000,0.713057
12.464000,2692.880000,1.011343
4.592000,1203.760000,1.178568
0.656000,2370.128000,0.771072
5.904000,3192.752000,0.841037
22.960000,2870.000000,1.002168
37.392000,1767.920000,0.740290
4.592000,606.800000,0.881208
0.656000,1223.440000,0.780727
17.712000,680.272000,0.704265
5.904000,585.808000,1.202098
34.768000,2534.128000,0.746467
12.464000,1745.616000,0.714052
4.592000,1086.992000,1.008229
34.768000,3136.336000,1.213027
11.152000,1118.480000,1.649282
17.712000,2392.432000,1.130361
8.528000,2145.776000,1.104869
12.464000,1758.736000,0.724988
4.592000,3171.760000,1.034217
5.904000,1517.328000,1.512152
3.280000,904.624000,0.709065
19.024000,713.072000,1.043213
0.656000,2751.920000,1.249865
24.272000,2779.472000,0.870747
7.216000,1874.192000,0.685625
20.336000,613.360000,0.855285
5.904000,1750.864000,1.237560
26.896000,261.744000,1.277990
17.712000,1055.504000,0.675636
33.456000,1151.280000,1.209604
4.592000,2603.664000,0.947746
15.088000,807.536000,0.840114
0.656000,1304.784000,0.714309
3.280000,2368.816000,1.104035
0.656000,1149.968000,2.495850
11.152000,1501.584000,0.789592
36.080000,2406.864000,1.338225
30.832000,1863.696000,1.768978
0.656000,200.080000,0.694604
1.968000,1694.448000,0.762001
5.904000,1534.384000,0.971058
36.080000,1640.656000,0.697920
24.272000,2316.336000,0.896809
13.776000,188.272000,0.952358
28.208000,1943.728000,1.682208
25.584000,242.064000,0.869448
22.960000,2968.400000,0.825202
12.464000,2477.712000,0.933558
36.080000,1491.088000,0.792119
17.712000,190.896000,0.993115
22.960000,1617.040000,0.693882
33.456000,1008.272000,0.846807
20.336000,631.728000,0.767510
1.968000,2270.416000,0.773327
5.904000,2842.448000,0.824975
11.152000,1407.120000,1.235491
26.896000,2439.664000,0.743634
21.648000,1989.648000,1.227948
3.280000,2262.544000,0.909020
0.656000,1027.952000,1.366013
0.656000,1126.352000,0.756296
34.768000,1702.320000,0.709595
24.272000,655.344000,1.161504
20.336000,417.872000,1.097089
19.024000,1615.728000,1.008984
5.904000,1296.912000,1.559246
1.968000,1375.632000,0.940972
38.704000,1232.624000,1.087439
29.520000,2776.848000,0.727464
24.272000,517.584000,1.133957
13.776000,2922.480000,0.791807
24.272000,1846.640000,0.770561
12.464000,1269.360000,0.803782
12.464000,2606.288000,0.912361
28.208000,703.888000,0.989906
19.024000,2572.176000,1.531290
3.280000,1796.784000,1.321173
29.520000,1495.024000,0.810848
38.704000,1955.536000,0.657815
3.280000,2280.912000,1.769314
28.208000,2896.240000,1.467791
36.080000,2122.160000,0.764807
13.776000,1834.832000,0.675182
33.456000,1935.856000,0.814245
16.400000,1626.224000,0.974709
32.144000,2643.024000,0.940615
16.400000,1248.368000,1.476270
15.088000,389.008000,1.009218
30.832000,2367.504000,0.862563
33.456000,2929.040000,0.751470
28.208000,2518.384000,0.967058
22.960000,2871.312000,0.759422
33.456000,2140.528000,0.897009
34.768000,2837.200000,1.038513
25.584000,3114.032000,0.995181
37.392000,718.320000,1.178134
12.464000,1892.560000,1.361419
29.520000,353.584000,0.829891
25.584000,1098.800000,1.020635
17.712000,264.368000,1.020009
28.208000,2522.320000,0.865638
21.648000,2034.256000,0.703623
25.584000,1024.016000,0.663352
8.528000,1363.824000,1.457127
19.024000,2288.784000,0.911097
34.768000,752.432000,0.851037
9.840000,247.312000,1.246999
32.144000,1756.112000,1.252310
25.584000,2136.592000,0.840003
20.336000,1628.848000,0.821892
20.336000,2631.216000,1.147100
12.464000,1791.536000,1.153784
0.656000,1454.352000,0.960357
21.648000,1966.032000,0.860035
17.712000,1816.464000,0.971308
33.456000,1906.992000,0.735594
17.712000,3163.888000,1.499528
5.904000,1454.352000,1.639510
16.400000,2093.296000,1.138464
12.464000,1795.472000,0.955386
28.208000,1107.984000,0.774874
29.520000,2904.112000,0.684832
0.656000,1375.632000,1.034202
11.152000,2721.744000,0.855971
22.960000,1115.856000,0.720307
3.280000,307.664000,1.105833
38.704000,745.872000,0.676754
22.960000,1060.752000,1.130410
20.336000,1828.272000,1.039084
7.216000,1164.400000,0.725875
13.776000,3011.696000,0.774655
28.208000,689.456000,1.866718
29.520000,2051.312000,0.676640
20.336000,458.544000,1.024009
26.896000,415.248000,0.801182
12.464000,1125.040000,0.811777
16.400000,1156.528000,0.934198
33.456000,215.824000,0.901499
5.904000,1794.160000,0.779482
21.648000,703.888000,1.228824
16.400000,2513.136000,0.794268
13.776000,200.080000,1.082330
26.896000,1546.192000,0.853264
22.960000,316.848000,0.945144
15.088000,1155.216000,0.824500
5.904000,47.888000,1.436585
7.216000,2745.360000,0.775847
36.080000,1046.320000,1.034568
33.456000,3146.832000,1.746353
1.968000,2376.688000,0.666228
33.456000,1565.872000,0.674927
25.584000,2207.440000,0.994763
22.960000,2678.448000,0.986638
26.896000,1980.464000,1.038077
15.088000,383.760000,1.044252
0.656000,2112.976000,0.754105
8.528000,1117.168000,0.768345
19.024000,287.984000,0.809136
34.768000,2636.464000,0.772697
32.144000,2644.336000,1.013211
33.456000,2291.408000,0.811887
37.392000,2803.088000,0.782842
8.528000,2367.504000,0.969059
5.904000,1773.168000,0.972585
1.968000,3182.256000,0.716468
7.216000,3112.720000,1.108345
34.768000,608.112000,1.862458
24.272000,1342.832000,0.823658
16.400000,1924.048000,0.787733
32.144000,2604.976000,0.980771
29.520000,3198.000000,1.379676
13.776000,1858.448000,0.916066
29.520000,1000.400000,0.700639
22.960000,143.664000,0.660199
25.584000,1262.800000,0.998418
32.144000,188.272000,1.526981
21.648000,2650.896000,0.852523
36.080000,963.664000,0.739353
22.960000,1807.280000,0.733870
0.656000,2223.184000,1.792448
33.456000,1993.584000,0.815904
26.896000,2068.368000,2.840068
15.088000,1962.096000,0.909109
17.712000,198.768000,1.080863
36.080000,1146.032000,0.824325
3.280000,1371.696000,0.695420
25.584000,1749.552000,0.739072
4.592000,2398.992000,0.830085
0.656000,480.848000,0.693502
26.896000,407.376000,0.759929
38.704000,1240.496000,0.862652
28.208000,2380.624000,0.656907
12.464000,2368.816000,0.869830
19.024000,2517.072000,0.855216
13.776000,660.592000,0.744861
37.392000,2300.592000,1.626144
4.592000,556.944000,1.034967
7.216000,2370.128000,0.680556
26.896000,2417.360000,1.488247
28.208000,1809.904000,0.918043
4.592000,920.368000,0.793947
38.704000,2754.544000,0.828342
34.768000,28.208000,0.764927
34.768000,1552.752000,0.714430
22.960000,493.968000,1.055339
32.144000,1059.440000,0.743175
7.216000,1075.184000,0.944697
19.024000,1080.432000,1.441137
21.648000,1652.464000,0.926402
3.280000,2846.384000,0.750109
34.768000,1059.440000,0.814770
33.456000,175.152000,2.854610
0.656000,1748.240000,0.847804
36.080000,3123.216000,1.222228
36.080000,2623.344000,0.794866
0.656000,1876.816000,0.705414
9.840000,2164.144000,0.829315
17.712000,2026.384000,0.984757
12.464000,757.680000,0.867610
37.392000,2698.128000,0.691038
0.656000,2884.432000,0.912347
20.336000,3014.320000,0.660490
0.656000,1210.320000,0.915788
5.904000,1117.168000,0.680456
29.520000,2618.096000,0.950762
38.704000,3077.296000,0.788218
8.528000,1874.192000,1.161823
5.904000,458.544000,0.721676
17.712000,2637.776000,1.199900
15.088000,955.792000,0.841978
29.520000,568.752000,1.000685
15.088000,2170.704000,0.754803
28.208000,1784.976000,1.278948
32.144000,730.128000,1.225646
26.896000,322.096000,1.550434
36.080000,1071.248000,0.930742
8.528000,2207.440000,1.219015
13.776000,2304.528000,1.255732
32.144000,825.904000,0.722201
24.272000,1627.536000,0.712819
33.456000,2744.048000,0.803433
25.584000,2830.640000,1.860171
24.272000,1334.960000,0.659952
1.968000,3183.568000,1.231427
17.712000,2469.840000,0.691793
20.336000,424.432000,0.962275
26.896000,1983.088000,0.681622
26.896000,70.192000,0.982025
13.776000,470.352000,0.890353
1.968000,1891.248000,0.837277
0.656000,1753.488000,0.860662
1.968000,95.120000,2.681085
29.520000,1868.944000,0.697747
19.024000,1645.904000,1.105675
29.520000,648.784000,1.054048
19.024000,1182.768000,0.949602
21.648000,1321.840000,1.544081
3.280000,1396.624000,0.711150
26.896000,2241.552000,1.352548
17.712000,1418.928000,1.468933
19.024000,1897.808000,0.768740
34.768000,2296.656000,1.267686
20.336000,2543.312000,0.987878
7.216000,135.792000,1.056257
26.896000,108.240000,0.838829
8.528000,2662.704000,0.825752
7.216000,860.016000,0.972715
16.400000,3121.904000,0.715822
20.336000,627.792000,0.863818
8.528000,1956.848000,1.790283
1.968000,1451.728000,1.069965
9.840000,243.376000,1.468052
36.080000,2189.072000,0.877073
37.392000,1387.440000,1.291505
34.768000,459.856000,0.707251
20.336000,2153.648000,0.779741
29.520000,1165.712000,0.738632
4.592000,3204.560000,0.660276
30.832000,2091.984000,0.944584
12.464000,1778.416000,1.006663
38.704000,2892.304000,1.777563
34.768000,131.856000,0.890966
30.832000,2943.472000,1.178969
13.776000,2749.296000,1.274916
11.152000,2452.784000,0.890584
9.840000,576.624000,1.302636
21.648000,1601.296000,1.175743
13.776000,505.776000,1.475873
36.080000,2056.560000,2.195831
30.832000,2699.440000,0.703348
25.584000,2282.224000,0.683395
29.520000,1564.560000,0.842121
0.656000,1845.328000,1.144816
12.464000,675.024000,0.656641
7.216000,766.864000,0.983417
4.592000,3135.024000,1.013210
24.272000,743.248000,0.850537
30.832000,160.720000,0.737306
37.392000,525.456000,0.665611
34.768000,302.416000,0.662991
30.832000,1634.096000,0.746858
32.144000,1828.272000,1.028191
17.712000,2929.040000,1.115134
36.080000,1628.848000,0.662112
8.528000,1756.112000,0.909259
24.272000,690.768000,0.719754
20.336000,1605.232000,1.001338
32.144000,3107.472000,0.881517
13.776000,2231.056000,0.681290
22.960000,475.600000,1.454600
9.840000,594.992000,1.132846
17.712000,2043.440000,0.675615
19.024000,159.408000,1.394386
15.088000,2283.536000,0.681591
28.208000,1357.264000,0.732219
4.592000,1689.200000,1.404327
19.024000,1315.280000,1.569439
7.216000,1951.600000,1.457085
25.584000,1216.880000,0.704294
24.272000,2936.912000,1.407193
24.272000,1631.472000,0.903878
25.584000,2052.624000,2.121040
16.400000,1093.552000,0.704478
7.216000,1647.216000,0.800267
37.392000,200.080000,0.669475
9.840000,482.160000,1.047758
15.088000,916.432000,1.574119
11.152000,1349.392000,1.331563
1.968000,2393.744000,1.070451
33.456000,260.432000,1.464196
11.152000,1056.816000,0.783597
12.464000,1409.744000,0.805480
22.960000,2730.928000,0.679787
11.152000,984.656000,0.864579
12.464000,2496.080000,0.956854
21.648000,2324.208000,0.740198
3.280000,2202.192000,1.038083
16.400000,2505.264000,0.913712
24.272000,466.416000,0.866430
25.584000,1735.120000,0.864106
25.584000,848.208000,0.932529
34.768000,2313.712000,0.674501
21.648000,1456.976000,0.954520
25.584000,185.648000,0.906355
37.392000,503.152000,0.747448
13.776000,2691.568000,1.270815
11.152000,2376.688000,1.305827
8.528000,1792.848000,0.751194
28.208000,1626.224000,1.021590
17.712000,629.104000,0.732804
37.392000,1317.904000,0.986030
34.768000,2709.936000,1.548534
36.080000,165.968000,0.731897
17.712000,878.384000,0.782309
37.392000,1910.928000,0.792305
9.840000,2384.560000,0.704254
34.768000,2019.824000,0.839194
11.152000,2833.264000,0.938482
1.968000,1404.496000,1.500391
28.208000,1115.856000,0.696250
36.080000,2810.960000,0.774520
3.280000,2132.656000,0.748017
38.704000,186.960000,1.466780
11.152000,1400.560000,1.046083
29.520000,322.096000,1.765186
9.840000,496.592000,0.698986
11.152000,2435.728000,0.908644
26.896000,89.872000,0.726756
12.464000,919.056000,1.131353
9.840000,350.960000,0.884952
17.712000,1964.720000,1.522627
5.904000,1089.616000,0.699506
16.400000,971.536000,1.688277
37.392000,1118.480000,0.657236
17.712000,496.592000,0.951970
15.088000,1617.040000,1.319659
9.840000,89.872000,1.619192
17.712000,1522.576000,1.036203
12.464000,1563.248000,1.854745
26.896000,2726.992000,0.766730
38.704000,2967.088000,0.956767
28.208000,180.400000,1.180077
29.520000,1316.592000,1.920941
36.080000,1829.584000,1.291638
5.904000,588.432000,1.505561
9.840000,197.456000,1.156399
24.272000,1437.296000,0.684579
9.840000,1174.896000,0.787800
11.152000,1599.984000,1.497836
13.776000,2018.512000,0.694070
3.280000,2999.888000,1.180678
21.648000,2408.176000,0.860662
33.456000,1972.592000,0.814469
38.704000,863.952000,1.649800
38.704000,2357.008000,0.733540
34.768000,2998.576000,0.742879
32.144000,3195.376000,1.062331
8.528000,1432.048000,0.823858
30.832000,2282.224000,1.020201
3.280000,472.976000,0.830615
28.208000,663.216000,0.684253
30.832000,1454.352000,0.736754
7.216000,146.288000,0.865991
1.968000,366.704000,0.935215
36.080000,264.368000,0.845891
22.960000,1664.272000,0.831474
38.704000,2859.504000,0.684772
26.896000,2119.536000,0.829289
19.024000,1248.368000,1.629077
30.832000,263.056000,1.141422
30.832000,896.752000,0.950331
36.080000,2974.960000,1.248067
28.208000,1209.008000,0.891158
30.832000,562.192000,0.730039
20.336000,146.288000,0.705374
16.400000,1470.096000,0.657423
20.336000,1635.408000,0.740652
22.960000,2252.048000,0.715284
9.840000,1412.368000,1.172875
11.152000,2713.872000,0.856788
8.528000,2639.088000,1.171867
30.832000,2724.368000,0.828388
26.896000,2803.088000,1.538001
37.392000,707.824000,0.940332
19.024000,2044.752000,0.969577
13.776000,413.936000,0.875274
8.528000,2583.984000,1.048524
30.832000,1662.960000,0.900957
4.592000,290.608000,1.286596
36.080000,2509.200000,1.171513
7.216000,1337.584000,0.668115
21.648000,2497.392000,0.893578
37.392000,2879.184000,0.675543
9.840000,850.832000,0.664173
17.712000,1184.080000,1.252820
38.704000,158.096000,1.255359
8.528000,1742.992000,0.666445
20.336000,1346.768000,1.079347
30.832000,3194.064000,1.278956
34.768000,2496.080000,1.192019
13.776000,2988.080000,1.601141
30.832000,2245.488000,0.762103
34.768000,783.920000,1.401539
9.840000,512.336000,1.330856
7.216000,2343.888000,1.026721
20.336000,1441.232000,0.754862
5.904000,1909.616000,0.677909
22.960000,1291.664000,0.757564
1.968000,2653.520000,0.695030
32.144000,3002.512000,0.673251
15.088000,3154.704000,0.929062
4.592000,3123.216000,1.173955
16.400000,1981.776000,1.030131
30.832000,542.512000,0.746739
28.208000,1210.320000,0.694926
38.704000,2451.472000,0.959287
11.152000,137.104000,0.663948
12.464000,1617.040000,0.891057
24.272000,1914.864000,0.665120
16.400000,1640.656000,0.850155
38.704000,1874.192000,0.829273
25.584000,180.400000,1.093258
29.520000,3133.712000,1.308529
0.656000,3161.264000,0.787160
29.520000,971.536000,1.336600
21.648000,2214.000000,1.184865
0.656000,3208.496000,1.661771
3.280000,1035.824000,2.180257
12.464000,1538.320000,0.966906
13.776000,2413.424000,1.203372
33.456000,1555.376000,1.200112
9.840000,2908.048000,0.988013
7.216000,420.496000,1.775867
33.456000,272.240000,0.751368
11.152000,211.888000,0.802489
0.656000,238.128000,1.108948
13.776000,549.072000,1.572415
30.832000,2750.608000,1.116736
12.464000,1551.440000,0.921964
15.088000,2639.088000,0.687123
17.712000,308.976000,0.979969
11.152000,503.152000,1.436304
33.456000,2876.560000,1.044462
13.776000,1641.968000,2.084197
12.464000,2706.000000,1.122364
3.280000,2919.856000,0.743022
24.272000,2440.976000,1.229926
36.080000,125.296000,0.933202
12.464000,315.536000,0.671988
4.592000,2976.272000,1.116892
24.272000,2677.136000,0.712592
13.776000,1640.656000,1.479543
34.768000,884.944000,0.673609
15.088000,1844.016000,0.954429
38.704000,2845.072000,0.724027
22.960000,3044.496000,1.062889
1.968000,761.616000,0.866669
7.216000,1180.144000,1.331742
12.464000,777.360000,0.907804
37.392000,3221.616000,0.748319
13.776000,947.920000,0.893405
19.024000,324.720000,0.717252
5.904000,1146.032000,0.999292
32.144000,38.704000,1.246271
29.520000,3028.752000,0.866883
1.968000,1052.880000,0.916190
28.208000,2594.480000,0.768063
19.024000,2410.800000,0.725932
22.960000,2050.000000,1.180942
1.968000,1707.568000,0.793405
28.208000,1048.944000,1.744402
16.400000,365.392000,0.793597
38.704000,592.368000,0.659486
19.024000,348.336000,0.949099
32.144000,1641.968000,1.792378
29.520000,1829.584000,0.890944
34.768000,1913.552000,0.703648
26.896000,513.648000,0.805081
34.768000,455.920000,0.693296
19.024000,1710.192000,0.838996
15.088000,1522.576000,0.670651
9.840000,2913.296000,1.230123
5.904000,636.976000,0.731496
34.768000,3.280000,0.798947
4.592000,437.552000,1.337871
38.704000,343.088000,0.699466
16.400000,1849.264000,0.799304
22.960000,2153.648000,0.998566
22.960000,2237.616000,0.832683
38.704000,85.936000,1.388598
36.080000,2523.632000,0.777450
30.832000,1880.752000,1.142487
16.400000,2643.024000,0.705524
36.080000,1577.680000,1.067540
32.144000,2913.296000,0.706796
1.968000,2174.640000,0.994500
36.080000,625.168000,0.883917
20.336000,2778.160000,1.179100
29.520000,2580.048000,0.704757
24.272000,457.232000,0.760298
32.144000,373.264000,1.022088
24.272000,1089.616000,0.664897
30.832000,2872.624000,1.041692
0.656000,1672.144000,0.856644
33.456000,769.488000,1.012502
8.528000,1596.048000,0.805879
19.024000,1693.136000,1.193608
37.392000,1812.528000,0.893205
30.832000,2643.024000,0.906962
15.088000,1770.544000,1.005196
5.904000,1883.376000,0.950060
29.520000,3047.120000,0.694462
16.400000,162.032000,0.874530
0.656000,3028.752000,0.781944
37.392000,2017.200000,0.760459
7.216000,1407.120000,0.711728
12.464000,1369.072000,0.660276
33.456000,1876.816000,0.964146
32.144000,2586.608000,1.419671
37.392000,315.536000,0.658040
24.272000,2467.216000,1.077092
29.520000,538.576000,1.170289
4.592000,2152.336000,0.799937
17.712000,1706.256000,1.250196
30.832000,2085.424000,0.713324
11.152000,2792.592000,1.009658
36.080000,2127.408000,0.716625
22.960000,1914.864000,0.745927
1.968000,749.808000,1.567732
5.904000,2905.424000,0.854755
21.648000,2679.760000,0.966274
29.520000,12.464000,0.836175
13.776000,2158.896000,1.500088
8.528000,873.136000,0.658671
7.216000,3086.480000,0.687340
19.024000,844.272000,1.365394
17.712000,2237.616000,1.228042
8.528000,1519.952000,1.142082
26.896000,966.288000,0.866114
21.648000,297.168000,1.852736
13.776000,2039.504000,0.869210
29.520000,163.344000,0.710179
33.456000,1514.704000,1.329862
9.840000,758.992000,2.370397
30.832000,1529.136000,1.568496
9.840000,2932.976000,1.383000
38.704000,1292.976000,0.892349
28.208000,2141.840000,0.920860
0.656000,3150.768000,1.342680
29.520000,988.592000,1.370428
37.392000,1383.504000,1.174210
0.656000,1152.592000,1.062263
13.776000,412.624000,0.724545
12.464000,992.528000,2.270727
1.968000,2919.856000,0.877477
1.968000,160.720000,1.205498
8.528000,735.376000,1.217320
9.840000,2961.840000,1.160162
34.768000,705.200000,1.162953
15.088000,1285.104000,1.525508
0.656000,835.088000,1.399153
30.832000,735.376000,0.905973
17.712000,2681.072000,0.679250
9.840000,2296.656000,0.855993
28.208000,1800.720000,0.829563
30.832000,209.264000,1.169746
16.400000,2308.464000,0.886666
8.528000,1079.120000,1.698922
9.840000,2816.208000,0.876482
21.648000,642.224000,1.391516
20.336000,727.504000,0.775656
16.400000,3072.048000,0.804293
29.520000,2309.776000,1.039253
4.592000,3156.016000,0.686658
1.968000,328.656000,0.887114
36.080000,706.512000,0.748493
16.400000,2460.656000,0.825105
11.152000,2741.424000,0.692925
38.704000,1882.064000,0.674296
33.456000,857.392000,1.041211
21.648000,2000.144000,1.371656
34.768000,2422.608000,0.684257
5.904000,2200.880000,0.709001
26.896000,1001.712000,0.740224
38.704000,1870.256000,1.373385
19.024000,2855.568000,0.701541
7.216000,1993.584000,1.039468
33.456000,266.992000,1.619645
15.088000,2374.064000,1.099945
17.712000,2263.856000,0.692346
0.656000,1683.952000,1.293697
24.272000,835.088000,0.841495
30.832000,249.936000,1.245202
32.144000,2813.584000,0.732404
22.960000,1917.488000,0.690358
33.456000,1794.160000,0.733575
25.584000,1569.808000,1.960473
9.840000,2451.472000,0.791937
9.840000,828.528000,1.290867
13.776000,486.096000,0.897230
21.648000,114.800000,0.805171
36.080000,1237.872000,0.832009
25.584000,945.296000,1.435455
9.840000,444.112000,1.208074
19.024000,2057.872000,0.767031
4.592000,1220.816000,0.761815
12.464000,703.888000,1.567799
15.088000,3044.496000,1.165938
4.592000,138.416000,1.304869
26.896000,1859.760000,1.245772
38.704000,2965.776000,0.864324
36.080000,1481.904000,1.202096
37.392000,1475.344000,0.772286
32.144000,1039.760000,0.826962
4.592000,2747.984000,1.065357
24.272000,2901.488000,0.694894
32.144000,2280.912000,0.841321
1.968000,336.528000,1.001912
26.896000,678.960000,0.769710
26.896000,1424.176000,1.035434
19.024000,57.072000,1.470842
34.768000,2552.496000,1.039368
37.392000,1535.696000,0.686554
5.904000,335.216000,0.660560
24.272000,856.080000,0.955049
9.840000,3207.184000,1.016752
5.904000,462.480000,0.686271
38.704000,1975.216000,1.543409
28.208000,877.072000,0.746696
8.528000,1442.544000,0.953694
8.528000,560.880000,0.694824
12.464000,2149.712000,1.062016
0.656000,3136.336000,1.141871
17.712000,3138.960000,0.873959
24.272000,1394.000000,1.655100
25.584000,1138.160000,0.726798
30.832000,1173.584000,0.840521
16.400000,3052.368000,1.402317
22.960000,2518.384000,0.728104
20.336000,3222.928000,1.210427
11.152000,1178.832000,0.817040
19.024000,2496.080000,0.668272
7.216000,1100.112000,1.042048
20.336000,2796.528000,0.794255
37.392000,702.576000,0.943023
21.648000,2026.384000,1.231005
37.392000,1096.176000,1.090727
0.656000,466.416000,0.997508
12.464000,1548.816000,0.742546
25.584000,2906.736000,0.751488
9.840000,2795.216000,0.960669
1.968000,2459.344000,0.863287
34.768000,581.872000,1.370630
30.832000,226.320000,1.464194
11.152000,1834.832000,0.724880
4.592000,2637.776000,0.728637
13.776000,225.008000,1.160735
1.968000,429.680000,1.055765
29.520000,1055.504000,1.218774
20.336000,1414.992000,0.880437
15.088000,589.744000,1.337600
17.712000,490.032000,1.434842
17.712000,2691.568000,0.703101
20.336000,2489.520000,1.371317
15.088000,3070.736000,0.875903
36.080000,1488.464000,0.659537
4.592000,3187.504000,0.730657
28.208000,2127.408000,0.883745
0.656000,2324.208000,1.191668
11.152000,2459.344000,0.684603
12.464000,1270.672000,0.871530
5.904000,13.776000,0.893741
32.144000,1888.624000,0.791635
34.768000,147.600000,1.001877
33.456000,2730.928000,0.731097
8.528000,260.432000,0.750228
22.960000,2381.936000,0.718879
20.336000,2443.600000,1.261754
4.592000,1207.696000,0.666654
16.400000,228.944000,0.699920
21.648000,2814.896000,0.807835
7.216000,2754.544000,0.831442
26.896000,991.216000,0.721092
0.656000,1151.280000,0.661707
37.392000,1450.416000,0.855928
34.768000,1181.456000,0.988868
28.208000,2299.280000,0.692541
26.896000,1506.832000,1.026066
9.840000,234.192000,0.800374
37.392000,1214.256000,0.723373
5.904000,1920.112000,1.131325
3.280000,1585.552000,1.262673
15.088000,2747.984000,1.215320
28.208000,215.824000,1.219898
4.592000,2341.264000,0.934574
20.336000,2826.704000,0.902482
17.712000,2645.648000,1.658986
22.960000,2297.968000,0.725188
22.960000,2156.272000,0.752692
37.392000,2098.544000,2.147354
36.080000,630.416000,1.211530
5.904000,1397.936000,1.496055
33.456000,2890.992000,0.781643
32.144000,610.736000,1.103888
15.088000,1258.864000,0.896144
21.648000,1924.048000,0.861535
12.464000,1921.424000,0.773647
28.208000,1745.616000,0.955739
13.776000,2166.768000,0.750265
21.648000,825.904000,0.775497
22.960000,3149.456000,1.348683
25.584000,2926.416000,0.849815
17.712000,248.624000,0.658492
37.392000,1483.216000,0.736146
22.960000,2963.152000,0.711030
33.456000,2133.968000,1.229727
13.776000,1025.328000,1.056509
33.456000,1792.848000,0.861009
28.208000,659.280000,0.723438
22.960000,2922.480000,0.744935
37.392000,2109.040000,0.790124
13.776000,669.776000,0.886354
38.704000,932.176000,2.305463
32.144000,3133.712000,0.897645
17.712000,1905.680000,0.976378
22.960000,2863.440000,1.126370
21.648000,2699.440000,0.699898
5.904000,110.864000,1.060986
11.152000,1247.056000,0.845067
12.464000,2646.960000,1.401747
9.840000,697.328000,0.890968
16.400000,478.224000,1.181024
3.280000,534.640000,1.109886
33.456000,1216.880000,0.670289
22.960000,1748.240000,0.996001
12.464000,1506.832000,1.319834
7.216000,2254.672000,1.290768
7.216000,929.552000,0.731441
28.208000,1168.336000,0.990196
37.392000,411.312000,0.829869
0.656000,242.064000,1.066090
15.088000,45.264000,1.445909
32.144000,2980.208000,1.049139
17.712000,2884.432000,0.757872
15.088000,785.232000,1.006864
33.456000,184.336000,1.119827
1.968000,339.152000,0.844282
12.464000,1017.456000,1.009652
8.528000,2400.304000,1.262166
13.776000,1956.848000,1.143383
11.152000,308.976000,0.748086
3.280000,1350.704000,0.836059
1.968000,2296.656000,1.002653
26.896000,1741.680000,0.779526
20.336000,1948.976000,0.895576
3.280000,516.272000,0.657570
30.832000,1325.776000,1.098290
34.768000,2363.568000,1.510007
22.960000,400.816000,1.113436
11.152000,2501.328000,1.435115
8.528000,183.024000,0.939059
32.144000,2796.528000,0.690941
30.832000,706.512000,0.706221
3.280000,1342.832000,1.423222
30.832000,415.248000,1.164229
17.712000,1379.568000,0.751798
21.648000,2269.104000,0.724981
1.968000,387.696000,1.151000
24.272000,2060.496000,0.906060
36.080000,2821.456000,1.014984
24.272000,1763.984000,0.709430
8.528000,1676.080000,0.790439
3.280000,2556.432000,1.595266
24.272000,3111.408000,1.000662
16.400000,1601.296000,0.709399
7.216000,2608.912000,0.725422
13.776000,1823.024000,0.992721
29.520000,2431.792000,0.813214
0.656000,1568.496000,1.038373
4.592000,1770.544000,0.972430
5.904000,2683.696000,1.083951
38.704000,2354.384000,0.916508
37.392000,1447.792000,0.852041
25.584000,1394.000000,0.851311
11.152000,2644.336000,0.660775
38.704000,70.192000,0.948903
12.464000,1585.552000,1.401659
37.392000,1149.968000,1.389370
0.656000,2343.888000,2.135998
17.712000,643.536000,0.734754
15.088000,1045.008000,0.702901
33.456000,1285.104000,1.868105
8.528000,2410.800000,0.692555
29.520000,1500.272000,0.887767
32.144000,795.728000,0.948461
20.336000,143.664000,0.696792
24.272000,2665.328000,1.355088
15.088000,504.464000,1.300639
15.088000,2624.656000,0.715526
24.272000,2770.288000,1.278850
38.704000,1172.272000,0.663450
19.024000,3203.248000,1.027793
12.464000,2353.072000,0.956264
19.024000,302.416000,0.783041
26.896000,21.648000,0.883706
20.336000,1639.344000,0.792819
21.648000,303.728000,0.739130
22.960000,2284.848000,1.051539
7.216000,1447.792000,0.688065
4.592000,2492.144000,1.274225
9.840000,2118.224000,0.819058
32.144000,583.184000,0.887884
0.656000,2269.104000,0.746013
12.464000,118.736000,1.117464
37.392000,2443.600000,0.732316
7.216000,2669.264000,1.328685
9.840000,1357.264000,3.179764
21.648000,993.840000,1.339205
4.592000,1943.728000,1.169224
17.712000,760.304000,1.053374
20.336000,202.704000,0.825234
33.456000,2637.776000,0.696472
37.392000,465.104000,2.013090
38.704000,846.896000,0.907268
16.400000,2132.656000,0.786682
16.400000,1043.696000,1.474620
8.528000,329.968000,0.689303
17.712000,2254.672000,1.068558
21.648000,1245.744000,1.066858
19.024000,2157.584000,0.980445
32.144000,2384.560000,0.840062
8.528000,933.488000,1.403462
1.968000,1005.648000,1.318813
1.968000,91.184000,0.779748
22.960000,2115.600000,1.263569
33.456000,16.400000,1.061122
13.776000,905.936000,0.658416
21.648000,1607.856000,0.778721
9.840000,2416.048000,0.762228
1.968000,143.664000,1.175162
5.904000,2120.848000,1.007667
7.216000,793.104000,2.355347
24.272000,507.088000,0.745565
15.088000,912.496000,0.758635
1.968000,278.800000,0.691522
25.584000,391.632000,0.935931
25.584000,55.760000,0.863233
25.584000,713.072000,0.740579
25.584000,2416.048000,0.850342
7.216000,933.488000,1.346937
17.712000,2883.120000,0.875871
30.832000,2430.480000,1.069697
13.776000,1638.032000,0.914540
20.336000,2215.312000,0.945677
12.464000,1260.176000,0.968998
38.704000,921.680000,0.702139
20.336000,1757.424000,0.877917
3.280000,2866.064000,0.721583
22.960000,1294.288000,1.739986
0.656000,2503.952000,1.098455
7.216000,2165.456000,0.722490
28.208000,120.048000,1.185296
32.144000,1521.264000,0.686150
28.208000,3188.816000,1.442660
38.704000,761.616000,0.853621
7.216000,3090.416000,0.751364
15.088000,3062.864000,1.211396
5.904000,773.424000,0.824121
37.392000,2927.728000,0.870902
29.520000,1599.984000,0.662106
33.456000,1441.232000,0.661668
34.768000,1744.304000,0.826382
32.144000,1264.112000,0.752761
4.592000,430.992000,1.216706
38.704000,647.472000,1.041545
26.896000,1333.648000,1.119893
33.456000,1354.640000,2.179735
36.080000,2046.064000,0.976765
22.960000,814.096000,0.833342
17.712000,394.256000,0.970679
5.904000,1597.360000,0.816386
22.960000,2982.832000,0.988831
1.968000,2477.712000,0.884793
20.336000,534.640000,0.804172
24.272000,1131.600000,0.674925
11.152000,752.432000,1.122173
3.280000,1859.760000,0.882950
1.968000,345.712000,0.926925
19.024000,2733.552000,1.329296
1.968000,2069.680000,0.667986
26.896000,1167.024000,0.756212
26.896000,183.024000,0.877732
38.704000,2852.944000,1.301735
3.280000,912.496000,1.275362
12.464000,535.952000,0.971261
22.960000,3082.544000,0.920614
9.840000,1147.344000,0.759046
1.968000,1698.384000,1.421874
26.896000,2043.440000,0.878335
34.768000,537.264000,0.862925
37.392000,1722.000000,0.847923
1.968000,2656.144000,0.779302
21.648000,1488.464000,0.777606
19.024000,1796.784000,0.855598
25.584000,1299.536000,1.446801
7.216000,1471.408000,0.869377
37.392000,1900.432000,0.682771
24.272000,2019.824000,0.792061
4.592000,2009.328000,1.364691
33.456000,1283.792000,1.069320
17.712000,861.328000,1.150520
8.528000,416.560000,0.880384
12.464000,920.368000,0.732169
36.080000,2632.528000,0.838346
12.464000,1086.992000,0.683353
29.520000,1521.264000,0.857142
37.392000,1666.896000,0.702620
26.896000,3052.368000,1.105632
13.776000,1281.168000,0.727271
24.272000,2610.224000,1.669934
25.584000,213.200000,0.674615
36.080000,1537.008000,0.680548
28.208000,908.560000,0.855247
19.024000,2873.936000,0.791974
1.968000,1072.560000,0.704153
15.088000,2480.336000,1.001700
13.776000,7.216000,0.712509
24.272000,1264.112000,0.801104
30.832000,1174.896000,0.827116
25.584000,1662.960000,0.970773
17.712000,382.448000,1.341163
5.904000,2622.032000,0.693072
34.768000,731.440000,0.661485
21.648000,2316.336000,0.696420
24.272000,1038.448000,0.733984
21.648000,1627.536000,0.802380
7.216000,512.336000,0.880020
34.768000,352.272000,1.375925
5.904000,3208.496000,0.893032
13.776000,884.944000,1.164653
3.280000,2927.728000,1.075126
37.392000,3121.904000,1.109091
16.400000,724.880000,0.752804
0.656000,183.024000,0.807193
32.144000,2427.856000,0.771380
34.768000,402.128000,1.559224
4.592000,117.424000,0.669407
8.528000,920.368000,0.684011
25.584000,3175.696000,0.947516
24.272000,1475.344000,0.912551
0.656000,2792.592000,1.561305
38.704000,3039.248000,0.745721
37.392000,2762.416000,0.928711
37.392000,1950.288000,1.050994
15.088000,605.488000,0.719697
4.592000,537.264000,1.281501
34.768000,120.048000,1.239061
13.776000,1172.272000,0.771215
15.088000,198.768000,0.808959
3.280000,3051.056000,0.790635
20.336000,500.528000,0.932651
16.400000,101.680000,1.021926
26.896000,1529.136000,1.003776
13.776000,2849.008000,0.935298
17.712000,920.368000,1.349424
33.456000,1546.192000,1.727233
24.272000,591.056000,0.749846
8.528000,495.280000,0.899516
22.960000,509.712000,0.691273
0.656000,2791.280000,0.659729
20.336000,1695.760000,0.687753
1.968000,2002.768000,0.835090
5.904000,51.824000,1.143397
22.960000,67.568000,0.734874
11.152000,2351.760000,1.045689
21.648000,2843.760000,0.946790
37.392000,517.584000,0.810388
30.832000,125.296000,0.783986
25.584000,891.504000,0.896734
15.088000,882.320000,0.813502
7.216000,2203.504000,1.069227
5.904000,484.784000,1.596189
26.896000,2284.848000,0.682919
11.152000,2238.928000,1.286358
22.960000,32.144000,0.855905
9.840000,2140.528000,0.666994
22.960000,2767.664000,0.887058
29.520000,2644.336000,0.781799
5.904000,2274.352000,0.896078
26.896000,2612.848000,0.901575
21.648000,2469.840000,1.301987
21.648000,1358.576000,1.022604
28.208000,2940.848000,0.789305
30.832000,2051.312000,1.550743
16.400000,1762.672000,1.255046
21.648000,841.648000,0.808978
3.280000,1581.616000,0.992663
3.280000,3026.128000,0.673811
0.656000,1644.592000,0.741829
34.768000,228.944000,0.699363
30.832000,546.448000,0.935952
4.592000,2557.744000,0.793622
33.456000,2812.272000,0.744272
9.840000,1001.712000,0.950719
28.208000,26.896000,0.708080
17.712000,2080.176000,0.752871
1.968000,108.240000,0.807116
4.592000,331.280000,0.921115
5.904000,920.368000,0.994069
29.520000,832.464000,0.707072
21.648000,2940.848000,0.842748
1.968000,547.760000,1.441529
19.024000,2787.344000,0.896845
22.960000,1938.480000,0.948530
37.392000,3116.656000,0.846541
37.392000,2759.792000,1.068199
36.080000,2713.872000,0.826553
19.024000,2645.648000,0.869377
28.208000,1345.456000,0.944988
29.520000,2207.440000,1.159672
1.968000,2241.552000,0.685378
5.904000,1189.328000,0.818094
13.776000,2908.048000,0.728381
34.768000,2423.920000,0.837701
30.832000,2199.568000,0.816549
19.024000,511.024000,0.903686
4.592000,2911.984000,1.053878
16.400000,865.264000,0.659313
17.712000,1102.736000,0.780291
15.088000,2549.872000,1.082392
38.704000,1459.600000,1.198048
7.216000,419.184000,1.339427
38.704000,917.744000,0.934860
20.336000,1299.536000,1.237766
11.152000,3135.024000,2.000985
20.336000,3157.328000,0.684184
1.968000,373.264000,0.927980
25.584000,2498.704000,1.811011
32.144000,842.960000,0.752753
29.520000,1845.328000,0.698138
34.768000,2572.176000,0.873046
13.776000,2606.288000,1.019732
0.656000,2969.712000,1.076625
36.080000,2064.432000,0.880864
0.656000,1424.176000,1.148052
9.840000,2089.360000,1.174757
21.648000,2828.016000,0.763296
29.520000,257.808000,0.858806
12.464000,135.792000,0.784669
7.216000,218.448000,0.804489
37.392000,339.152000,0.661377
1.968000,2890.992000,1.008913
15.088000,2038.192000,0.671239
37.392000,413.936000,0.729733
15.088000,1199.824000,0.945069
11.152000,3024.816000,1.007661
37.392000,1408.432000,0.917961
17.712000,2124.784000,0.898478
22.960000,564.816000,0.814265
5.904000,1498.960000,1.515996
30.832000,837.712000,0.660999
34.768000,1299.536000,0.744590
25.584000,221.072000,0.775374
26.896000,2286.160000,1.148067
1.968000,1143.408000,0.751676
38.704000,1863.696000,0.668972
28.208000,3207.184000,0.793410
26.896000,2312.400000,0.769214
11.152000,3108.784000,1.027819
38.704000,919.056000,0.916816
17.712000,1703.632000,0.680342
29.520000,2364.880000,1.008664
33.456000,1394.000000,0.663705
30.832000,1778.416000,0.951174
3.280000,1104.048000,0.955124
20.336000,2637.776000,1.416929
5.904000,884.944000,1.298729
7.216000,697.328000,0.976845
3.280000,2328.144000,0.955652
1.968000,214.512000,1.324324
28.208000,113.488000,0.828384
11.152000,2354.384000,1.780633
4.592000,3180.944000,2.041601
1.968000,251.248000,0.887371
19.024000,2591.856000,1.515832
26.896000,2177.264000,1.098685
34.768000,2939.536000,1.068244
7.216000,1559.312000,0.922608
4.592000,3034.000000,0.736433
30.832000,507.088000,1.048339
25.584000,2734.864000,1.106039
13.776000,3081.232000,1.260531
19.024000,609.424000,0.773699
30.832000,2059.184000,1.988363
33.456000,1189.328000,0.844920
8.528000,1051.568000,0.693557
34.768000,2879.184000,0.961132
29.520000,1547.504000,0.721555
3.280000,1286.416000,1.628357
33.456000,198.768000,1.126124
22.960000,82.000000,1.233143
19.024000,1022.704000,0.821768
5.904000,2809.648000,0.693406
5.904000,967.600000,2.327554
13.776000,160.720000,1.007736
25.584000,2897.552000,0.740751
5.904000,3205.872000,0.660382
30.832000,1303.472000,0.731911
17.712000,433.616000,0.889393
3.280000,896.752000,0.949772
24.272000,53.136000,0.948657
30.832000,2109.040000,0.658382
38.704000,2419.984000,1.397885
29.520000,3093.040000,0.942226
37.392000,2429.168000,1.456875
32.144000,1866.320000,0.828818
1.968000,2332.080000,0.656676
11.152000,2978.896000,1.550843
17.712000,3087.792000,1.151316
21.648000,919.056000,1.033659
3.280000,758.992000,0.766086
34.768000,762.928000,0.711570
3.280000,291.920000,0.718353
38.704000,1466.160000,1.151927
15.088000,3146.832000,0.704415
1.968000,772.112000,0.906400
32.144000,3154.704000,0.664998
21.648000,1237.872000,0.844742
20.336000,2793.904000,1.056160
5.904000,947.920000,0.830090
28.208000,1841.392000,1.539893
4.592000,3010.384000,0.916644
4.592000,96.432000,0.959434
30.832000,3209.808000,0.998742
25.584000,2248.112000,0.691373
13.776000,3044.496000,0.962050
15.088000,2338.640000,0.937778
19.024000,180.400000,0.920539
26.896000,964.976000,1.322611
24.272000,2200.880000,1.088785
15.088000,1558.000000,0.793261
28.208000,349.648000,0.793000
33.456000,564.816000,1.009133
32.144000,3123.216000,0.801781
9.840000,1934.544000,0.904310
4.592000,389.008000,0.717100
30.832000,2502.640000,1.747314
22.960000,1089.616000,0.806547
26.896000,462.480000,0.772639
36.080000,1320.528000,0.729983
26.896000,1758.736000,1.237819
34.768000,837.712000,1.057317
3.280000,820.656000,0.867086
8.528000,883.632000,1.115210
11.152000,938.736000,1.105439
33.456000,2047.376000,0.659768
30.832000,1216.880000,1.057364
19.024000,1479.280000,0.676991
33.456000,1062.064000,0.913713
34.768000,55.760000,0.811314
17.712000,1027.952000,0.750891
9.840000,2707.312000,0.972982
19.024000,1045.008000,0.903910
1.968000,1765.296000,0.779585
15.088000,1426.800000,0.685384
28.208000,1020.080000,1.078867
26.896000,2464.592000,1.016971
30.832000,2473.776000,0.961465
38.704000,22.960000,1.104171
19.024000,36.080000,1.291578
8.528000,2494.768000,0.765860
36.080000,327.344000,0.975257
16.400000,421.808000,1.603063
20.336000,2524.944000,1.113224
29.520000,1708.880000,0.690049
19.024000,929.552000,0.990665
20.336000,1753.488000,0.752743
17.712000,1927.984000,0.694328
26.896000,2329.456000,1.135757
15.088000,310.288000,1.012304
19.024000,736.688000,1.921028
25.584000,2320.272000,1.586004
1.968000,2854.256000,1.515041
0.656000,1033.200000,1.320021
25.584000,1952.912000,0.657011
4.592000,2078.864000,1.039402
21.648000,1739.056000,1.046914
4.592000,1379.568000,0.831699
30.832000,2419.984000,1.541558
21.648000,1109.296000,0.661620
0.656000,921.680000,0.686476
15.088000,992.528000,1.153917
19.024000,2497.392000,0.889411
17.712000,425.744000,1.310383
17.712000,1634.096000,0.937438
11.152000,2725.680000,1.196036
11.152000,2762.416000,0.728493
8.528000,335.216000,0.849364
36.080000,3200.624000,0.659837
12.464000,323.408000,0.733902
30.832000,538.576000,1.009595
13.776000,1470.096000,0.672182
17.712000,1559.312000,1.241104
20.336000,1323.152000,0.791827
37.392000,2821.456000,0.691175
26.896000,2639.088000,0.993711
4.592000,2175.952000,0.736913
28.208000,2135.280000,1.466496
0.656000,1580.304000,0.677755
34.768000,1386.128000,1.268725
1.968000,642.224000,0.932698
29.520000,3184.880000,0.803488
28.208000,1224.752000,0.722312
4.592000,354.896000,0.784861
37.392000,816.720000,0.780154
20.336000,1496.336000,1.382375
29.520000,3056.304000,0.974179
19.024000,2391.120000,1.002794
15.088000,503.152000,1.076214
0.656000,890.192000,0.762701
15.088000,171.216000,3.119082
5.904000,639.600000,1.579905
29.520000,1088.304000,0.715245
34.768000,594.992000,0.725826
8.528000,2925.104000,0.982647
19.024000,892.816000,0.656135
36.080000,1872.880000,1.023798
17.712000,2036.880000,0.798656
36.080000,1888.624000,1.121736
19.024000,2564.304000,0.819097
7.216000,1466.160000,0.825171
1.968000,2178.576000,0.807164
11.152000,779.984000,1.347000
12.464000,1233.936000,0.724980
1.968000,1909.616000,0.802927
28.208000,2168.080000,1.102874
36.080000,1435.984000,1.049691
11.152000,1119.792000,0.965489
5.904000,2423.920000,1.089457
3.280000,1649.840000,2.685663
25.584000,3198.000000,0.716026
21.648000,2396.368000,1.232139
36.080000,1968.656000,0.811440
33.456000,2078.864000,0.709983
1.968000,2271.728000,1.162819
9.840000,2217.936000,0.727733
15.088000,373.264000,1.727893
22.960000,2598.416000,0.740739
11.152000,2154.960000,1.011164
26.896000,1408.432000,0.792797
16.400000,315.536000,0.698271
0.656000,246.000000,1.023282
32.144000,1661.648000,0.854990
12.464000,465.104000,2.487399
16.400000,2737.488000,1.538156
30.832000,1586.864000,0.687704
5.904000,2583.984000,0.952203
22.960000,1921.424000,1.473808
21.648000,40.016000,2.061369
28.208000,2186.448000,1.221993
21.648000,117.424000,0.665592
11.152000,1266.736000,0.852564
16.400000,842.960000,0.759282
36.080000,1569.808000,2.074317
15.088000,1741.680000,0.865468
16.400000,1909.616000,0.950547
32.144000,2589.232000,2.159627
16.400000,1281.168000,1.022833
26.896000,83.312000,0.706480
4.592000,357.520000,0.934150
3.280000,2060.496000,1.042530
33.456000,186.960000,0.684396
11.152000,2416.048000,0.681602
19.024000,3136.336000,1.420225
37.392000,88.560000,0.849141
28.208000,419.184000,0.808249
11.152000,375.888000,0.767550
28.208000,1530.448000,0.660096
16.400000,728.816000,1.136653
8.528000,1645.904000,1.251375
25.584000,33.456000,0.781447
9.840000,808.848000,0.718102
38.704000,1421.552000,0.658354
12.464000,1317.904000,0.940689
20.336000,705.200000,0.870834
17.712000,1016.144000,1.022121
3.280000,1656.400000,1.055699
19.024000,1652.464000,0.745178
5.904000,1275.920000,0.658160
37.392000,2660.080000,0.752085
0.656000,1069.936000,0.766992
25.584000,92.496000,1.338631
11.152000,1972.592000,0.814453
32.144000,2354.384000,0.742331
16.400000,2854.256000,0.969779
20.336000,1396.624000,0.842656
25.584000,2946.096000,0.751704
9.840000,842.960000,0.784402
22.960000,1862.384000,1.384235
16.400000,2749.296000,1.100454
15.088000,1568.496000,0.919949
4.592000,3094.352000,0.701843
12.464000,231.568000,0.862989
8.528000,1017.456000,1.231576
13.776000,667.152000,0.778567
5.904000,1291.664000,0.694187
15.088000,1300.848000,1.561217
19.024000,1657.712000,1.119437
1.968000,2771.600000,1.000033
38.704000,373.264000,0.977119
12.464000,1001.712000,1.297404
8.528000,328.656000,0.704177
30.832000,2599.728000,0.750640
28.208000,1719.376000,0.842039
24.272000,2244.176000,0.676380
21.648000,2402.928000,1.009756
3.280000,484.784000,1.164565
38.704000,2363.568000,0.926079
34.768000,974.160000,0.794630
3.280000,2678.448000,0.932031
0.656000,2914.608000,1.110144
4.592000,890.192000,0.936954
11.152000,1361.200000,0.723407
32.144000,1665.584000,0.935943
38.704000,2183.824000,0.961549
28.208000,2458.032000,1.061583
37.392000,2162.832000,0.898586
19.024000,562.192000,0.786470
5.904000,1425.488000,0.705105
9.840000,2149.712000,0.939092
20.336000,2800.464000,1.200144
24.272000,1920.112000,1.550446
12.464000,1561.936000,0.816732
20.336000,104.304000,1.564919
37.392000,2196.944000,0.868293
15.088000,1342.832000,0.745863
37.392000,1205.072000,0.669763
32.144000,2687.632000,0.686112
19.024000,758.992000,0.680234
13.776000,1090.928000,0.721250
13.776000,1.968000,1.426245
7.216000,106.928000,1.118876
3.280000,1262.800000,0.760764
28.208000,2582.672000,1.203999
7.216000,215.824000,0.865740
21.648000,1012.208000,0.780603
20.336000,2190.384000,1.726927
30.832000,823.280000,1.867660
12.464000,1924.048000,0.950757
11.152000,992.528000,0.743631
25.584000,933.488000,0.735457
8.528000,159.408000,0.822971
22.960000,2557.744000,1.077029
33.456000,1708.880000,0.731029
30.832000,173.840000,0.782936
16.400000,2291.408000,0.811963
12.464000,614.672000,0.704731
28.208000,883.632000,1.408735
32.144000,1735.120000,1.016959
1.968000,2210.064000,0.814710
30.832000,438.864000,0.730318
11.152000,333.904000,0.720923
24.272000,1151.280000,0.950431
15.088000,66.256000,1.069014
4.592000,2250.736000,1.024476
29.520000,2566.928000,0.700234
1.968000,123.984000,1.059119
21.648000,1073.872000,0.752680
8.528000,1872.880000,0.793280
16.400000,919.056000,1.337190
30.832000,2957.904000,0.704727
1.968000,446.736000,0.740859
9.840000,235.504000,0.662887
9.840000,3077.296000,0.987267
4.592000,2430.480000,1.436586
3.280000,591.056000,0.727120
17.712000,2664.016000,0.905171
20.336000,1784.976000,0.884204
4.592000,2413.424000,0.735008
30.832000,2868.688000,0.843385
34.768000,2269.104000,0.707044
8.528000,3184.880000,1.470675
3.280000,693.392000,0.973368
5.904000,2629.904000,1.113325
37.392000,584.496000,0.954189
32.144000,190.896000,0.974587
15.088000,1058.128000,0.898280
34.768000,1620.976000,0.978895
9.840000,2690.256000,0.978613
16.400000,467.728000,1.525667
9.840000,1984.400000,0.820601
13.776000,3096.976000,0.852215
28.208000,955.792000,0.706245
29.520000,154.160000,0.728363
16.400000,1605.232000,1.039269
24.272000,3009.072000,0.902261
16.400000,1660.336000,0.755159
3.280000,1132.912000,0.886695
37.392000,636.976000,0.753201
30.832000,1691.824000,0.707193
8.528000,1498.960000,1.281580
19.024000,1366.448000,1.158018
22.960000,1963.408000,0.766312
17.712000,844.272000,0.966798
22.960000,2200.880000,0.955097
3.280000,2837.200000,1.150917
33.456000,2098.544000,1.107404
17.712000,255.184000,1.213823
17.712000,358.832000,0.696652
19.024000,2342.576000,0.730932
11.152000,3146.832000,1.932216
30.832000,269.616000,1.277339
29.520000,3203.248000,1.220916
38.704000,1147.344000,1.331676
34.768000,1202.448000,0.690300
19.024000,2317.648000,0.774197
4.592000,1240.496000,1.085329
20.336000,226.320000,0.670455
34.768000,1691.824000,0.685482
25.584000,1471.408000,0.669665
20.336000,1472.720000,0.897716
38.704000,438.864000,0.742542
30.832000,2796.528000,0.870661
0.656000,2131.344000,0.807359
1.968000,1977.840000,0.707641
12.464000,2257.296000,0.887314
32.144000,1796.784000,0.762327
29.520000,2076.240000,0.859573
37.392000,618.608000,0.788715
1.968000,3056.304000,0.848149
12.464000,223.696000,1.378964
26.896000,1771.856000,1.029862
30.832000,1020.080000,0.815124
25.584000,2619.408000,1.269917
29.520000,2759.792000,0.700576
13.776000,1543.568000,1.089152
1.968000,505.776000,0.746615
7.216000,1143.408000,0.673938
29.520000,1525.200000,0.714529
11.152000,1661.648000,0.883433
24.272000,678.960000,1.839988
4.592000,189.584000,0.697910
37.392000,1332.336000,0.739942
24.272000,1169.648000,0.728393
1.968000,999.088000,1.383390
15.088000,350.960000,0.800934
7.216000,1279.856000,0.669002
22.960000,2835.888000,1.073664
4.592000,1362.512000,1.152441
36.080000,2242.864000,0.977078
15.088000,941.360000,1.169202
13.776000,1325.776000,0.669552
30.832000,2560.368000,1.067258
1.968000,3148.144000,0.740099
16.400000,1056.816000,1.584446
0.656000,1122.416000,1.222262
37.392000,3023.504000,1.221692
4.592000,1245.744000,0.840515
0.656000,2280.912000,0.774135
28.208000,2359.632000,1.542241
13.776000,2864.752000,0.971937
7.216000,458.544000,0.795185
5.904000,1739.056000,1.617672
21.648000,546.448000,0.739627
11.152000,2343.888000,0.816854
15.088000,2103.792000,0.797018
28.208000,389.008000,0.940251
3.280000,577.936000,1.070263
22.960000,1750.864000,0.686376
22.960000,714.384000,0.683881
13.776000,2043.440000,0.917226
21.648000,1024.016000,0.927834
21.648000,2182.512000,1.028210
25.584000,3043.184000,1.052389
19.024000,2089.360000,0.916070
25.584000,619.920000,0.697676
25.584000,2864.752000,0.867433
8.528000,2713.872000,0.683285
3.280000,2868.688000,1.171611
20.336000,1550.128000,0.762828
1.968000,723.568000,1.031077
38.704000,251.248000,0.800699
28.208000,1282.480000,0.708693
37.392000,568.752000,1.230227
9.840000,180.400000,0.894974
8.528000,1311.344000,0.828520
5.904000,228.944000,0.686054
24.272000,829.840000,1.176355
4.592000,1140.784000,0.903152
5.904000,2234.992000,1.830293
29.520000,2934.288000,1.386574
20.336000,1914.864000,0.710229
33.456000,320.784000,0.809844
33.456000,1003.024000,0.847827
21.648000,1672.144000,0.733778
34.768000,1018.768000,1.142166
26.896000,1534.384000,0.935751
4.592000,49.200000,1.132947
7.216000,3220.304000,1.055086
20.336000,480.848000,1.318877
28.208000,1918.800000,1.113151
26.896000,727.504000,1.321898
33.456000,833.776000,0.861013
7.216000,361.456000,0.657018
17.712000,2980.208000,1.119276
29.520000,2414.736000,0.919737
3.280000,2660.080000,1.061367
21.648000,387.696000,1.688361
38.704000,2228.432000,1.107914
26.896000,1181.456000,1.255728
0.656000,1189.328000,0.817982
29.520000,621.232000,1.193587
36.080000,1665.584000,1.872412
4.592000,619.920000,1.402691
30.832000,2438.352000,0.701604
11.152000,789.168000,0.764917
38.704000,126.608000,1.017877
30.832000,1701.008000,0.790403
38.704000,1757.424000,0.885059
21.648000,1270.672000,0.692969
11.152000,2035.568000,2.130491
26.896000,1737.744000,1.819375
34.768000,1285.104000,0.812344
24.272000,1433.360000,0.761120
17.712000,1837.456000,1.143312
34.768000,315.536000,1.484191
4.592000,495.280000,0.882894
7.216000,331.280000,0.741426
16.400000,2502.640000,1.041098
26.896000,1346.768000,0.855415
30.832000,198.768000,0.990594
28.208000,2696.816000,0.668825
22.960000,2664.016000,1.233679
17.712000,1958.160000,0.769133
24.272000,2632.528000,1.094694
15.088000,2587.920000,0.955592
12.464000,1555.376000,0.707573
21.648000,1195.888000,1.031388
3.280000,2645.648000,0.710286
13.776000,2442.288000,1.114641
15.088000,1460.912000,0.787037
33.456000,592.368000,0.733002
0.656000,744.560000,0.666546
25.584000,91.184000,0.710565
37.392000,3167.824000,0.896133
29.520000,1668.208000,0.995195
38.704000,185.648000,0.985305
37.392000,324.720000,0.681021
38.704000,37.392000,1.259081
28.208000,2148.400000,1.911049
11.152000,2851.632000,0.675764
1.968000,1275.920000,0.894458
32.144000,392.944000,0.745844
19.024000,2511.824000,1.128316
11.152000,190.896000,1.754502
7.216000,1176.208000,1.187115
1.968000,1084.368000,1.268641
8.528000,993.840000,1.218058
22.960000,1761.360000,0.879599
20.336000,1908.304000,0.672549
24.272000,395.568000,1.162595
13.776000,2378.000000,1.026241
28.208000,2602.352000,0.911143
4.592000,1058.128000,0.833396
22.960000,2796.528000,1.742945
17.712000,2661.392000,0.811264
1.968000,2902.800000,0.829401
5.904000,555.632000,1.976598
32.144000,1990.960000,0.668484
28.208000,1958.160000,0.784129
12.464000,3108.784000,0.835066
36.080000,1867.632000,0.702373
3.280000,2237.616000,0.757812
16.400000,2212.688000,0.710486
7.216000,2316.336000,1.428992
9.840000,3200.624000,1.012262
7.216000,1152.592000,1.041599
0.656000,1682.640000,0.761439
29.520000,1373.008000,0.968385
17.712000,2576.112000,1.460570
30.832000,1270.672000,0.829770
37.392000,2178.576000,0.717496
20.336000,2763.728000,0.766961
37.392000,1792.848000,0.852534
33.456000,2269.104000,0.854441
28.208000,3014.320000,0.657443
20.336000,158.096000,0.736535
19.024000,194.832000,0.977954
1.968000,2292.720000,0.681164
0.656000,471.664000,0.862728
3.280000,2161.520000,0.822123
21.648000,2566.928000,0.706755
26.896000,2111.664000,0.897784
16.400000,2257.296000,0.705481
29.520000,622.544000,1.130237
17.712000,108.240000,1.240275
11.152000,811.472000,0.737238
36.080000,8.528000,1.241888
26.896000,104.304000,0.678198
5.904000,1286.416000,0.967514
20.336000,899.376000,1.466980
0.656000,1695.760000,0.798898
19.024000,339.152000,0.712287
7.216000,1331.024000,1.120980
17.712000,2843.760000,0.683161
16.400000,588.432000,0.675738
30.832000,1160.464000,0.907889
32.144000,1522.576000,0.810180
4.592000,2195.632000,1.625680
7.216000,755.056000,0.984674
28.208000,378.512000,0.730009
4.592000,1316.592000,1.234429
38.704000,1071.248000,1.423988
5.904000,2447.536000,0.740700
15.088000,1005.648000,1.231032
26.896000,2736.176000,1.142861
13.776000,2431.792000,0.710295
30.832000,1286.416000,0.701551
38.704000,2486.896000,0.799917
15.088000,2228.432000,1.217905
30.832000,1430.736000,0.679398
12.464000,1067.312000,0.684515
21.648000,665.840000,0.983980
12.464000,2351.760000,1.013068
34.768000,2542.000000,2.146387
5.904000,1268.048000,0.841684
28.208000,480.848000,1.543868
32.144000,850.832000,0.715975
0.656000,991.216000,0.712806
36.080000,521.520000,0.874241
29.520000,420.496000,0.700270
24.272000,214.512000,0.753731
32.144000,547.760000,0.789770
38.704000,1732.496000,0.791634
11.152000,2849.008000,0.765608
4.592000,774.736000,0.684540
36.080000,2469.840000,1.920364
4.592000,1025.328000,1.067666
13.776000,738.000000,0.750491
8.528000,1173.584000,1.181658
4.592000,1740.368000,1.114770
38.704000,1868.944000,1.291646
8.528000,1025.328000,0.734239
21.648000,1084.368000,0.773225
13.776000,2455.408000,0.756220
33.456000,2143.152000,1.012052
24.272000,3091.728000,1.081001
26.896000,2799.152000,0.803470
3.280000,3129.776000,0.835145
13.776000,661.904000,1.495434
38.704000,1584.240000,1.115401
3.280000,3031.376000,0.722616
11.152000,743.248000,0.796628
0.656000,328.656000,0.855224
38.704000,2149.712000,1.001600
25.584000,2683.696000,0.839784
8.528000,3203.248000,0.844620
13.776000,2333.392000,0.801054
37.392000,2116.912000,0.789426
0.656000,1379.568000,0.836939
34.768000,941.360000,1.340426
13.776000,2136.592000,0.861926
8.528000,3030.064000,0.822142
20.336000,3020.880000,0.661109
11.152000,2896.240000,1.965044
21.648000,2998.576000,0.695066
11.152000,905.936000,0.927306
11.152000,3095.664000,0.673977
7.216000,1990.960000,1.299460
32.144000,2566.928000,0.684891
20.336000,406.064000,0.910356
30.832000,946.608000,0.752208
12.464000,1241.808000,0.695271
15.088000,1401.872000,0.683472
8.528000,1282.480000,1.006917
26.896000,2232.368000,0.667224
19.024000,3043.184000,1.045404
5.904000,2870.000000,0.710976
22.960000,1310.032000,0.849631
22.960000,592.368000,0.942013
3.280000,2101.168000,1.053301
19.024000,2535.440000,1.241991
37.392000,2643.024000,0.723733
30.832000,1659.024000,1.546410
20.336000,579.248000,1.956585
34.768000,413.936000,1.311843
29.520000,67.568000,0.924719
5.904000,717.008000,1.635771
36.080000,2463.280000,1.246555
16.400000,1740.368000,0.711516
20.336000,1656.400000,0.805660
30.832000,2267.792000,1.778859
17.712000,1424.176000,0.715728
8.528000,3152.080000,1.851648
16.400000,2726.992000,0.754289
4.592000,445.424000,0.913336
29.520000,1605.232000,0.859329
36.080000,2594.480000,1.033066
38.704000,2631.216000,1.046301
25.584000,3128.464000,0.670979
9.840000,2486.896000,0.957077
19.024000,774.736000,1.892208
34.768000,2963.152000,1.186940
22.960000,1685.264000,0.728113
24.272000,2623.344000,1.927618
32.144000,339.152000,0.760022
28.208000,281.424000,0.701486
24.272000,950.544000,1.025984
28.208000,671.088000,0.908607
4.592000,2604.976000,1.340984
3.280000,1201.136000,0.727074
22.960000,1495.024000,1.029416
7.216000,2223.184000,0.929321
19.024000,3099.600000,0.685049
3.280000,114.800000,0.656651
19.024000,2817.520000,1.518143
16.400000,2774.224000,0.731486
26.896000,829.840000,0.710180
22.960000,2116.912000,0.687792
0.656000,1871.568000,1.179488
32.144000,2728.304000,0.911925
29.520000,2881.808000,0.762971
37.392000,887.568000,0.669523
34.768000,2451.472000,0.699399
9.840000,2881.808000,0.684357
19.024000,673.712000,0.763415
9.840000,1586.864000,0.900800
37.392000,390.320000,0.917268
16.400000,1197.200000,1.450020
38.704000,1092.240000,0.710858
32.144000,2152.336000,0.776708
7.216000,2035.568000,1.092580
21.648000,2005.392000,0.806713
26.896000,1144.720000,0.976124
20.336000,730.128000,0.876366
7.216000,217.136000,1.078306
37.392000,1026.640000,1.134769
33.456000,211.888000,1.008243
24.272000,1774.480000,0.978499
12.464000,1763.984000,0.824393
29.520000,382.448000,1.157293
9.840000,171.216000,0.678256
3.280000,1971.280000,0.884413
19.024000,297.168000,1.567466
8.528000,821.968000,1.428633
22.960000,2220.560000,1.242569
8.528000,1310.032000,1.074417
12.464000,146.288000,1.486211
21.648000,1992.272000,1.218523
5.904000,988.592000,0.807219
21.648000,2448.848000,1.245094
12.464000,2429.168000,1.205079
16.400000,2971.024000,0.843732
28.208000,1689.200000,0.832155
20.336000,1495.024000,0.706284
11.152000,883.632000,0.847054
26.896000,2995.952000,0.679357
24.272000,2133.968000,1.199055
38.704000,2008.016000,0.870331
1.968000,2221.872000,1.077997
30.832000,2662.704000,0.708141
9.840000,2175.952000,0.687774
11.152000,538.576000,1.039067
7.216000,240.752000,0.844287
37.392000,1826.960000,0.683566
34.768000,11.152000,1.215200
28.208000,613.360000,1.059485
1.968000,2658.768000,1.936249
37.392000,2325.520000,0.701130
26.896000,30.832000,1.319925
15.088000,688.144000,1.076662
3.280000,954.480000,0.765751
29.520000,2723.056000,0.758273
4.592000,723.568000,0.739378
24.272000,2938.224000,0.900756
7.216000,2761.104000,0.683582
1.968000,2999.888000,0.660343
24.272000,3133.712000,1.546360
24.272000,49.200000,1.196548
4.592000,1909.616000,0.819379
28.208000,1910.928000,0.860337
36.080000,1018.768000,0.893955
30.832000,2685.008000,1.073375
1.968000,903.312000,0.969930
21.648000,453.296000,1.004306
24.272000,2013.264000,0.969320
0.656000,1556.688000,1.062977
28.208000,928.240000,0.707365
30.832000,1554.064000,1.686334
32.144000,104.304000,0.684926
16.400000,1045.008000,1.040465
5.904000,2817.520000,1.180060
17.712000,1619.664000,1.025056
21.648000,2094.608000,0.698928
7.216000,709.136000,0.713948
19.024000,2860.816000,0.702261
1.968000,1530.448000,0.697444
38.704000,1824.336000,1.491215
33.456000,2208.752000,1.293338
28.208000,1324.464000,0.673466
13.776000,369.328000,1.024772
30.832000,1611.792000,0.941306
26.896000,1526.512000,0.719027
9.840000,1067.312000,0.907452
12.464000,514.960000,0.904103
38.704000,2940.848000,0.764168
28.208000,681.584000,0.733035
3.280000,2772.912000,0.932360
1.968000,2892.304000,1.412300
16.400000,3136.336000,0.754700
17.712000,1698.384000,0.769826
12.464000,2902.800000,1.482675
17.712000,2977.584000,0.894704
37.392000,2993.328000,1.369219
38.704000,2103.792000,0.778716
7.216000,1737.744000,1.031924
7.216000,68.880000,1.168169
0.656000,2023.760000,1.125045
38.704000,1203.760000,0.717345
17.712000,966.288000,1.787653
28.208000,686.832000,2.016429
28.208000,482.160000,1.106013
21.648000,2536.752000,2.191044
15.088000,3026.128000,0.943746
19.024000,1498.960000,1.012922
1.968000,853.456000,1.225739
4.592000,377.200000,0.944110
13.776000,331.280000,1.053891
13.776000,532.016000,0.688470
7.216000,2025.072000,0.726347
4.592000,1599.984000,1.780287
32.144000,2849.008000,1.211495
28.208000,975.472000,1.789750
25.584000,1973.904000,0.830277
15.088000,719.632000,1.091477
21.648000,2591.856000,0.919309
33.456000,2506.576000,0.808589
3.280000,1584.240000,1.044633
1.968000,433.616000,0.983085
21.648000,886.256000,1.419096
17.712000,3195.376000,0.717540
1.968000,2968.400000,1.242044
19.024000,970.224000,1.277385
30.832000,600.240000,0.729561
15.088000,996.464000,0.656371
13.776000,2809.648000,0.705527
7.216000,1752.176000,1.822942
26.896000,496.592000,0.942140
24.272000,1232.624000,0.962606
26.896000,1871.568000,0.734264
17.712000,2545.936000,0.746927
37.392000,2402.928000,0.934154
25.584000,605.488000,0.719989
36.080000,633.040000,0.813149
34.768000,389.008000,0.870312
16.400000,163.344000,0.962638
9.840000,2581.360000,1.140163
13.776000,525.456000,0.933676
4.592000,1197.200000,0.702058
16.400000,148.912000,0.781615
8.528000,997.776000,0.789750
30.832000,80.688000,0.747630
1.968000,728.816000,1.086243
26.896000,252.560000,0.734952
0.656000,2956.592000,0.687566
22.960000,3062.864000,1.720943
9.840000,1454.352000,0.799095
38.704000,3208.496000,1.306255
34.768000,690.768000,0.705294
20.336000,2801.776000,1.814669
1.968000,1256.240000,1.156042
38.704000,2249.424000,0.777247
30.832000,2573.488000,1.391379
16.400000,915.120000,0.770705
22.960000,158.096000,0.969351
1.968000,1635.408000,0.689079
11.152000,1281.168000,0.841038
26.896000,1380.880000,1.657436
9.840000,2824.080000,0.939682
15.088000,597.616000,0.688311
3.280000,1593.424000,1.134310
32.144000,1509.456000,1.780883
1.968000,246.000000,1.498688
38.704000,1997.520000,0.850434
20.336000,1295.600000,1.001501
20.336000,2851.632000,1.322169
16.400000,2544.624000,0.687903
34.768000,2923.792000,0.921422
22.960000,1740.368000,0.661175
37.392000,1619.664000,0.749096
5.904000,761.616000,0.658070
15.088000,749.808000,0.858002
29.520000,613.360000,0.917217
37.392000,1203.760000,0.796894
8.528000,2496.080000,0.672950
3.280000,2082.800000,1.118324
1.968000,1042.384000,0.669116
36.080000,461.168000,0.798210
33.456000,1421.552000,0.753952
36.080000,2603.664000,0.796597
13.776000,446.736000,1.263721
12.464000,1865.008000,0.837136
3.280000,642.224000,0.686251
13.776000,1534.384000,0.757209
9.840000,2253.360000,1.461189
19.024000,2471.152000,1.331301
19.024000,2698.128000,1.043576
26.896000,707.824000,0.842802
34.768000,2876.560000,1.151296
13.776000,3146.832000,0.947341
22.960000,1143.408000,1.056768
34.768000,2514.448000,1.141538
38.704000,640.912000,0.939748
5.904000,2750.608000,1.330421
22.960000,951.856000,0.872210
8.528000,631.728000,0.860960
8.528000,1845.328000,0.670720
36.080000,2486.896000,0.682391
5.904000,1760.048000,1.028184
19.024000,286.672000,1.154450
11.152000,2814.896000,0.820249
12.464000,1131.600000,0.793398
21.648000,1063.376000,0.999892
7.216000,1001.712000,1.809801
17.712000,585.808000,1.293681
7.216000,810.160000,0.664596
28.208000,2236.304000,0.766943
8.528000,2061.808000,1.250200
8.528000,314.224000,0.814734
4.592000,214.512000,0.840052
8.528000,2724.368000,1.625938
21.648000,3003.824000,0.905090
28.208000,619.920000,1.004334
5.904000,547.760000,1.113516
33.456000,1143.408000,0.717515
26.896000,1934.544000,0.744105
9.840000,1798.096000,1.024207
9.840000,2295.344000,0.692526
5.904000,1245.744000,1.241072
9.840000,2656.144000,1.115913
1.968000,1779.728000,1.161036
25.584000,1346.768000,0.972269
33.456000,2326.832000,0.660372
20.336000,344.400000,0.896797
8.528000,1657.712000,0.923013
5.904000,2488.208000,0.989891
13.776000,2889.680000,0.917443
29.520000,504.464000,0.840854
20.336000,1955.536000,0.891885
17.712000,2069.680000,0.701673
32.144000,385.072000,0.687201
3.280000,1631.472000,0.824815
8.528000,1826.960000,0.719779
22.960000,1346.768000,0.920058
11.152000,1693.136000,0.987067
4.592000,1340.208000,0.702564
0.656000,1760.048000,0.695582
28.208000,1408.432000,0.772017
0.656000,2522.320000,0.713654
20.336000,2640.400000,0.745447
0.656000,2737.488000,1.082320
20.336000,3018.256000,0.682405
11.152000,2405.552000,0.934408
3.280000,497.904000,0.703632
36.080000,2959.216000,0.878216
22.960000,1178.832000,1.243958
4.592000,453.296000,0.674975
11.152000,894.128000,1.029970
33.456000,1946.352000,1.484346
0.656000,312.912000,0.687395
37.392000,1909.616000,0.883259
32.144000,690.768000,0.822977
33.456000,3102.224000,0.763347
16.400000,2452.784000,0.774784
24.272000,2022.448000,2.114414
21.648000,3061.552000,0.754817
34.768000,1762.672000,0.673423
29.520000,2111.664000,1.151604
28.208000,1096.176000,2.034791
34.768000,1190.640000,0.878411
32.144000,1745.616000,0.920228
0.656000,28.208000,0.791183
36.080000,391.632000,2.439095
30.832000,1198.512000,0.867590
21.648000,2562.992000,0.794595
30.832000,3003.824000,0.719518
0.656000,651.408000,0.865709
36.080000,1233.936000,0.788395
8.528000,201.392000,0.683490
24.272000,654.032000,1.104048
0.656000,2381.936000,1.061656
33.456000,598.928000,1.229322
25.584000,1842.704000,1.017501
0.656000,2011.952000,1.646780
37.392000,2294.032000,0.847108
5.904000,1357.264000,1.187159
4.592000,2568.240000,0.819146
8.528000,1067.312000,0.818554
13.776000,239.440000,0.720692
32.144000,2148.400000,1.164675
17.712000,898.064000,1.701277
0.656000,1296.912000,0.898763
1.968000,314.224000,0.670849
8.528000,1888.624000,0.663046
33.456000,627.792000,1.130771
17.712000,2593.168000,0.744796
21.648000,1756.112000,1.586309
15.088000,2635.152000,1.716587
5.904000,3040.560000,1.018892
30.832000,2971.024000,1.194520
38.704000,1976.528000,0.709972
20.336000,2008.016000,0.784002
17.712000,1945.040000,1.251650
25.584000,738.000000,1.158749
20.336000,2762.416000,0.676120
4.592000,1206.384000,0.925796
26.896000,333.904000,0.952775
37.392000,882.320000,1.147261
20.336000,856.080000,1.697611
12.464000,2791.280000,0.691299
8.528000,2223.184000,0.792588
29.520000,1744.304000,1.154530
38.704000,3123.216000,0.814749
13.776000,755.056000,0.762112
0.656000,1034.512000,0.885806
19.024000,1384.816000,0.952521
24.272000,1519.952000,0.870707
11.152000,1291.664000,0.851497
28.208000,209.264000,0.717014
28.208000,3053.680000,0.973256
33.456000,3072.048000,1.379593
22.960000,572.688000,0.828383
33.456000,1397.936000,1.705066
30.832000,3074.672000,0.672608
24.272000,1449.104000,0.957979
24.272000,1156.528000,1.056165
26.896000,1963.408000,1.040283
28.208000,1742.992000,0.682281
21.648000,1851.888000,0.668395
28.208000,221.072000,0.658387
21.648000,2434.416000,0.789211
19.024000,1614.416000,0.942119
19.024000,332.592000,0.785950
38.704000,390.320000,0.906407
32.144000,1922.736000,0.920407
9.840000,2101.168000,0.904550
19.024000,2695.504000,0.723354
21.648000,2851.632000,0.848049
22.960000,2964.464000,0.739716
8.528000,428.368000,0.914622
3.280000,2263.856000,1.139501
34.768000,2846.384000,0.657663
5.904000,1892.560000,0.906701
20.336000,715.696000,0.892950
28.208000,3048.432000,0.796652
24.272000,1933.232000,0.806568
15.088000,1749.552000,0.668706
17.712000,997.776000,0.664562
15.088000,369.328000,1.075033
7.216000,2194.320000,0.720079
20.336000,225.008000,1.652494
11.152000,2602.352000,0.768635
22.960000,2274.352000,0.933998
25.584000,487.408000,0.886359
25.584000,664.528000,0.841821
5.904000,524.144000,0.750978
4.592000,2084.112000,0.742662
33.456000,291.920000,0.672077
32.144000,1051.568000,0.995150
24.272000,727.504000,0.784618
1.968000,2657.456000,1.196556
9.840000,1464.848000,1.283298
29.520000,2316.336000,1.258005
29.520000,1560.624000,0.831889
25.584000,2475.088000,0.900903
24.272000,575.312000,0.748624
0.656000,2255.984000,0.915316
19.024000,2544.624000,0.813070
13.776000,2254.672000,1.152924
37.392000,2258.608000,1.027057
25.584000,579.248000,0.699075
12.464000,58.384000,1.012929
17.712000,3107.472000,0.687315
4.592000,297.168000,0.673090
26.896000,2135.280000,2.119522
32.144000,2691.568000,0.736862
17.712000,50.512000,1.140643
26.896000,1454.352000,0.695733
8.528000,3065.488000,1.060225
34.768000,1618.352000,1.197144
4.592000,483.472000,0.957294
13.776000,1395.312000,1.120337
15.088000,210.576000,1.125870
0.656000,2573.488000,0.680089
13.776000,902.000000,0.872026
22.960000,1471.408000,1.103991
4.592000,1468.784000,0.866295
15.088000,2307.152000,0.813852
25.584000,1581.616000,0.924518
20.336000,2931.664000,0.724226
12.464000,2216.624000,1.146753
37.392000,398.192000,3.123233
5.904000,1992.272000,0.725736
38.704000,41.328000,0.660551
19.024000,1058.128000,1.128786
11.152000,1296.912000,1.013574
12.464000,1651.152000,1.433354
30.832000,2359.632000,0.662638
5.904000,3123.216000,0.963026
24.272000,2893.616000,1.440805
32.144000,1749.552000,2.139408
9.840000,978.096000,1.442846
28.208000,638.288000,0.725657
29.520000,1619.664000,0.823058
1.968000,341.776000,0.756407
13.776000,2833.264000,0.684642
19.024000,640.912000,0.819934
9.840000,3068.112000,0.714541
28.208000,2414.736000,0.959637
20.336000,2934.288000,0.711710
4.592000,1735.120000,1.107278
16.400000,1596.048000,0.902665
32.144000,2569.552000,0.732473
21.648000,143.664000,0.837423
7.216000,1354.640000,1.401255
34.768000,1126.352000,0.989580
16.400000,1664.272000,0.677092
11.152000,3028.752000,0.663165
20.336000,2258.608000,1.136795
36.080000,2787.344000,1.006300
11.152000,509.712000,0.925295
21.648000,66.256000,0.895885
17.712000,226.320000,2.705794
5.904000,1046.320000,0.853131
20.336000,198.768000,0.861968
32.144000,3183.568000,0.659515
0.656000,243.376000,0.808696
33.456000,2589.232000,0.840577
32.144000,694.704000,0.993276
1.968000,1729.872000,0.658974
33.456000,2379.312000,0.777335
5.904000,1712.816000,0.816185
25.584000,2421.296000,1.174213
29.520000,1113.232000,0.909196
5.904000,2908.048000,0.787976
37.392000,2175.952000,1.138488
7.216000,1304.784000,0.932476
21.648000,1715.440000,0.881118
25.584000,783.920000,1.621055
21.648000,1983.088000,0.916699
1.968000,1397.936000,0.982452
26.896000,2805.712000,2.096334
33.456000,2909.360000,0.711392
21.648000,1752.176000,0.750810
7.216000,696.016000,1.456447
1.968000,2456.720000,0.899644
21.648000,2984.144000,0.900375
3.280000,2148.400000,0.704164
8.528000,675.024000,0.851209
22.960000,2750.608000,0.797775
13.776000,1632.784000,0.992954
26.896000,1644.592000,2.091601
12.464000,1620.976000,0.719971
5.904000,1466.160000,1.418904
37.392000,988.592000,0.937506
16.400000,2447.536000,1.218159
9.840000,406.064000,0.710389
32.144000,3186.192000,0.841138
17.712000,821.968000,1.119627
16.400000,2349.136000,0.851218
32.144000,1812.528000,1.179119
36.080000,1788.912000,1.644840
21.648000,1230.000000,0.855789
13.776000,2629.904000,1.215930
13.776000,177.776000,0.674572
38.704000,1602.608000,1.214662
13.776000,3110.096000,0.743495
38.704000,1601.296000,0.858480
20.336000,2266.480000,1.678324
5.904000,3138.960000,0.882904
33.456000,693.392000,0.731847
9.840000,2274.352000,0.811587
3.280000,1193.264000,0.759475
5.904000,2864.752000,0.731871
3.280000,727.504000,1.028482
28.208000,1275.920000,0.973855
19.024000,1269.360000,0.937238
28.208000,353.584000,0.730486
7.216000,1149.968000,1.462116
0.656000,2637.776000,0.731290
16.400000,2835.888000,0.729790
8.528000,1954.224000,0.935152
28.208000,2561.680000,1.312181
32.144000,1972.592000,1.161436
37.392000,823.280000,0.906763
38.704000,2993.328000,1.011609
32.144000,2305.840000,0.725804
13.776000,2610.224000,1.734813
9.840000,926.928000,1.583290
29.520000,1222.128000,0.679127
3.280000,2208.752000,0.705315
25.584000,1610.480000,1.252111
13.776000,2820.144000,1.469781
37.392000,1240.496000,0.804770
12.464000,932.176000,0.850311
33.456000,1157.840000,0.687387
36.080000,2253.360000,2.574531
29.520000,3068.112000,0.729728
25.584000,1640.656000,0.841151
5.904000,131.856000,0.679068
8.528000,2086.736000,0.721677
5.904000,921.680000,0.702425
32.144000,2468.528000,0.790140
9.840000,2687.632000,0.757651
33.456000,1963.408000,0.890851
34.768000,2204.816000,0.678980
19.024000,1682.640000,0.656247
9.840000,1750.864000,1.232370
9.840000,29.520000,0.900822
20.336000,1855.824000,0.706196
36.080000,348.336000,0.704459
16.400000,1984.400000,0.911929
32.144000,2309.776000,0.700739
1.968000,542.512000,1.082991
16.400000,2985.456000,0.706651
7.216000,3215.056000,0.857722
21.648000,2997.264000,0.804073
3.280000,503.152000,1.690106
26.896000,667.152000,0.729986
28.208000,1699.696000,0.764770
19.024000,1766.608000,0.782947
1.968000,101.680000,0.675804
1.968000,1865.008000,0.821591
5.904000,2523.632000,0.859139
28.208000,524.144000,0.990827
20.336000,437.552000,0.711992
12.464000,507.088000,1.058070
32.144000,225.008000,1.275880
16.400000,2799.152000,0.912597
11.152000,2661.392000,1.288496
20.336000,1821.712000,1.006501
25.584000,416.560000,0.886536
19.024000,70.192000,0.765097
13.776000,2370.128000,0.660512
38.704000,1185.392000,1.226321
20.336000,1607.856000,0.800522
26.896000,231.568000,0.848610
8.528000,357.520000,0.659507
4.592000,983.344000,0.698726
15.088000,630.416000,1.036813
29.520000,1781.040000,0.796446
29.520000,1727.248000,0.854348
34.768000,2143.152000,0.826269
7.216000,306.352000,0.746895
5.904000,2910.672000,1.294668
26.896000,1757.424000,0.678049
11.152000,537.264000,1.660034
12.464000,1777.104000,0.965095
3.280000,3162.576000,0.687219
5.904000,583.184000,0.756692
28.208000,970.224000,1.075139
33.456000,778.672000,1.139040
25.584000,3167.824000,1.076864
15.088000,1655.088000,0.852887
29.520000,1156.528000,1.067903
25.584000,62.320000,0.667363
12.464000,2278.288000,0.957888
26.896000,984.656000,0.856852
29.520000,1496.336000,0.857754
37.392000,1012.208000,1.451423
8.528000,302.416000,0.846813
19.024000,807.536000,0.833447
4.592000,2927.728000,1.182086
16.400000,554.320000,0.787796
26.896000,171.216000,1.191324
0.656000,2021.136000,1.330955
36.080000,1474.032000,0.742256
15.088000,395.568000,0.850113
24.272000,446.736000,0.670973
30.832000,1268.048000,0.731067
1.968000,289.296000,0.707147
29.520000,299.792000,1.139482
32.144000,2135.280000,0.660210
22.960000,2047.376000,0.894226
37.392000,1815.152000,0.702260
24.272000,2649.584000,0.912360
11.152000,1459.600000,0.685391
5.904000,680.272000,0.684982
5.904000,1365.136000,0.783185
36.080000,2746.672000,0.956622
11.152000,556.944000,1.310413
0.656000,1407.120000,0.724370
16.400000,2950.032000,0.843447
26.896000,1842.704000,0.915501
15.088000,1589.488000,1.015017
3.280000,83.312000,0.811190
9.840000,2574.800000,0.779661
16.400000,1134.224000,0.837825
25.584000,3032.688000,0.791520
3.280000,2179.888000,0.934763
29.520000,3216.368000,1.146826
5.904000,234.192000,0.927568
11.152000,255.184000,1.718671
17.712000,110.864000,0.988398
29.520000,285.360000,0.848558
30.832000,723.568000,0.714201
34.768000,2566.928000,0.880626
12.464000,445.424000,1.137783
5.904000,909.872000,1.259409
26.896000,2649.584000,0.924643
19.024000,1292.976000,0.784671
1.968000,2267.792000,1.454470
9.840000,1779.728000,0.812220
13.776000,774.736000,1.062998
24.272000,601.552000,0.684516
32.144000,1414.992000,0.688140
7.216000,421.808000,1.319412
37.392000,1657.712000,1.165832
21.648000,2107.728000,0.762276
15.088000,1925.360000,0.685111
38.704000,2009.328000,0.825172
5.904000,505.776000,1.569378
29.520000,3187.504000,0.849418
7.216000,2709.936000,0.700050
22.960000,1401.872000,0.739591
3.280000,2183.824000,0.721078
26.896000,938.736000,0.667013
16.400000,130.544000,0.753615
3.280000,1488.464000,1.155908
34.768000,235.504000,1.255931
21.648000,2443.600000,0.669462
16.400000,2393.744000,1.090695
17.712000,1005.648000,0.779406
22.960000,2030.320000,0.951955
26.896000,2013.264000,0.708100
26.896000,1134.224000,1.254490
8.528000,1563.248000,1.056127
0.656000,3213.744000,1.307714
4.592000,1892.560000,0.983661
15.088000,832.464000,1.019980
37.392000,332.592000,0.824630
24.272000,2109.040000,1.045280
4.592000,1968.656000,0.889321
26.896000,3060.240000,0.679418
0.656000,2078.864000,0.762128
37.392000,2208.752000,0.913331
28.208000,151.536000,1.030931
13.776000,625.168000,0.694598
8.528000,789.168000,0.684067
22.960000,1077.808000,0.695036
32.144000,1396.624000,1.414006
38.704000,1888.624000,0.905103
19.024000,1261.488000,0.914490
26.896000,7.216000,1.306674
5.904000,3098.288000,0.664494
30.832000,2784.720000,0.783769
21.648000,3157.328000,0.786303
25.584000,2741.424000,0.866300
32.144000,184.336000,0.797766
3.280000,1484.528000,0.716847
13.776000,3204.560000,1.074268
11.152000,345.712000,0.798123
38.704000,3093.040000,2.260762
32.144000,2817.520000,0.866286
24.272000,2905.424000,1.480500
38.704000,1964.720000,1.804217
24.272000,896.752000,0.789121
26.896000,3111.408000,0.744107
5.904000,1434.672000,1.309178
11.152000,2384.560000,1.412482
20.336000,741.936000,1.194240
34.768000,955.792000,1.448519
33.456000,130.544000,0.715653
24.272000,1775.792000,0.999522
38.704000,1798.096000,0.776628
34.768000,2051.312000,0.673256
0.656000,1834.832000,0.928345
30.832000,1092.240000,0.855711
13.776000,289.296000,0.672884
16.400000,2461.968000,1.080063
30.832000,63.632000,0.678635
30.832000,1630.160000,0.663117
26.896000,2014.576000,0.725949
12.464000,2035.568000,0.692424
30.832000,1384.816000,1.207363
4.592000,2406.864000,0.957325
3.280000,3209.808000,0.994590
25.584000,2375.376000,0.797851
30.832000,2629.904000,0.703059
13.776000,171.216000,0.729433
30.832000,694.704000,0.759501
21.648000,534.640000,1.063963
20.336000,1648.528000,0.785037
9.840000,427.056000,0.897738
38.704000,650.096000,0.861212
36.080000,3194.064000,2.071145
13.776000,2964.464000,0.673466
30.832000,877.072000,1.155193
7.216000,253.872000,0.987754
8.528000,1027.952000,0.798278
20.336000,2628.592000,1.069562
5.904000,121.360000,1.078886
34.768000,2934.288000,0.836684
19.024000,2161.520000,0.740150
33.456000,1786.288000,2.065176
36.080000,2292.720000,0.736857
5.904000,2589.232000,1.186879
1.968000,2877.872000,0.799342
8.528000,219.760000,0.770929
9.840000,2097.232000,0.678525
34.768000,1769.232000,0.872334
28.208000,193.520000,0.700613
9.840000,1770.544000,1.115572
37.392000,3010.384000,0.832435
38.704000,99.056000,0.945534
37.392000,1130.288000,0.700507
28.208000,2589.232000,0.849216
8.528000,2734.864000,1.460996
13.776000,3178.320000,1.038793
25.584000,2961.840000,0.737059
32.144000,2375.376000,1.449848
34.768000,2270.416000,1.100807
15.088000,1954.224000,0.859008
28.208000,1862.384000,1.583481
33.456000,1847.952000,0.748175
34.768000,2464.592000,0.990056
1.968000,1290.352000,0.754600
12.464000,1235.248000,0.750682
22.960000,580.560000,0.712409
38.704000,1644.592000,1.275793
34.768000,753.744000,0.911486
3.280000,469.040000,1.574663
9.840000,457.232000,0.736684
37.392000,1315.280000,1.871124
21.648000,423.120000,0.791117
3.280000,934.800000,1.415592
8.528000,269.616000,1.024839
34.768000,2031.632000,1.845890
12.464000,1148.656000,1.124098
16.400000,760.304000,0.736037
3.280000,1736.432000,1.085351
30.832000,551.696000,1.746063
13.776000,2098.544000,0.821765
4.592000,2091.984000,1.008141
38.704000,2862.128000,0.985914
24.272000,1777.104000,0.721595
30.832000,2947.408000,1.088304
12.464000,207.952000,1.362831
17.712000,2438.352000,0.742755
37.392000,326.032000,0.846306
21.648000,277.488000,0.714950
36.080000,1811.216000,1.163512
38.704000,66.256000,1.050158
9.840000,379.824000,1.358857
28.208000,2383.248000,0.765326
26.896000,702.576000,1.124504
28.208000,673.712000,0.807590
0.656000,2204.816000,0.702718
3.280000,610.736000,0.705955
15.088000,2161.520000,0.703683
25.584000,196.144000,0.839102
21.648000,1653.776000,1.453166
24.272000,1404.496000,0.792360
19.024000,1496.336000,0.664417
16.400000,1342.832000,1.611417
33.456000,2838.512000,1.353865
17.712000,3146.832000,1.037802
19.024000,618.608000,0.703083
20.336000,2880.496000,0.761423
26.896000,916.432000,0.956587
28.208000,3022.192000,0.975101
22.960000,3198.000000,0.686283
8.528000,1291.664000,0.869382
12.464000,2845.072000,0.913363
16.400000,598.928000,0.784420
25.584000,223.696000,0.707470
19.024000,470.352000,0.711879
13.776000,2591.856000,1.034228
3.280000,82.000000,0.932818
13.776000,1699.696000,1.012272
15.088000,2582.672000,0.933320
21.648000,2461.968000,0.809033
24.272000,123.984000,1.098736
13.776000,2675.824000,0.707462
36.080000,2425.232000,0.940953
15.088000,2578.736000,0.808689
32.144000,2521.008000,0.812521
26.896000,985.968000,0.852070
13.776000,1736.432000,0.698451
7.216000,476.912000,0.741139
13.776000,869.200000,1.223922
13.776000,789.168000,1.117145
38.704000,2971.024000,0.922984
11.152000,1487.152000,0.835802
12.464000,2839.824000,0.975468
5.904000,3016.944000,1.226533
33.456000,408.688000,0.846167
17.712000,2745.360000,0.846221
7.216000,2405.552000,0.766486
28.208000,1559.312000,0.799613
36.080000,824.592000,1.419298
37.392000,327.344000,0.669313
12.464000,1199.824000,0.798074
29.520000,2568.240000,0.679204
28.208000,1791.536000,0.690329
24.272000,842.960000,0.880610
38.704000,276.176000,0.762226
38.704000,315.536000,1.206934
7.216000,269.616000,0.792166
4.592000,1317.904000,0.670098
8.528000,1858.448000,0.911008
12.464000,584.496000,0.688093
4.592000,1623.600000,0.792330
19.024000,1859.760000,0.704910
29.520000,3098.288000,0.725425
7.216000,2101.168000,0.864440
28.208000,2009.328000,0.706028
29.520000,3174.384000,0.679517
26.896000,1828.272000,2.611287
30.832000,1149.968000,1.652009
34.768000,458.544000,0.891220
17.712000,2527.568000,1.343536
3.280000,1909.616000,0.880489
17.712000,2417.360000,0.691421
7.216000,99.056000,1.250473
33.456000,2001.456000,0.997445
30.832000,91.184000,0.727575
16.400000,3111.408000,0.738964
36.080000,2144.464000,0.908335
21.648000,1432.048000,1.048129
3.280000,1149.968000,0.738973
32.144000,2095.920000,0.684168
11.152000,3142.896000,0.863094
25.584000,2797.840000,1.230401
0.656000,2910.672000,0.690098
25.584000,3019.568000,0.846641
29.520000,1013.520000,1.501749
7.216000,1602.608000,0.931232
4.592000,2536.752000,1.005700
21.648000,3129.776000,0.706778
9.840000,1601.296000,0.795662
3.280000,1746.928000,1.038247
8.528000,1635.408000,1.198214
28.208000,614.672000,0.663652
25.584000,2040.816000,0.901808
26.896000,2549.872000,1.131365
28.208000,2543.312000,0.715692
25.584000,2833.264000,0.694094
19.024000,2909.360000,1.170938
33.456000,3182.256000,0.701627
5.904000,2276.976000,1.098270
21.648000,669.776000,0.735822
0.656000,1184.080000,0.790125
1.968000,1603.920000,0.896964
38.704000,2547.248000,0.658940
21.648000,2416.048000,0.774196
25.584000,2245.488000,0.774108
4.592000,459.856000,0.676840
12.464000,2524.944000,0.967230
25.584000,2825.392000,1.076310
30.832000,976.784000,0.900816
26.896000,1918.800000,1.176279
25.584000,2674.512000,1.177040
33.456000,1161.776000,0.763801
22.960000,2652.208000,1.020944
29.520000,1891.248000,1.257896
29.520000,1320.528000,0.664946
1.968000,406.064000,0.706682
11.152000,732.752000,1.284797
33.456000,1462.224000,0.755095
17.712000,1072.560000,1.057453
8.528000,983.344000,0.914028
7.216000,2000.144000,0.708079
8.528000,853.456000,0.741426
0.656000,11.152000,1.189994
34.768000,1185.392000,0.727086
25.584000,821.968000,0.662919
0.656000,1484.528000,0.963727
12.464000,1105.360000,0.880499
0.656000,1119.792000,0.664070
8.528000,389.008000,1.092239
4.592000,3043.184000,0.880998
0.656000,1376.944000,0.735124
32.144000,1742.992000,0.743019
36.080000,306.352000,0.834487
7.216000,1043.696000,0.673083
19.024000,2667.952000,0.675421
33.456000,720.944000,0.690826
8.528000,841.648000,0.901663
28.208000,1211.632000,0.758638
22.960000,1948.976000,0.805129
28.208000,728.816000,1.386929
1.968000,1144.720000,0.887705
7.216000,1153.904000,0.757759
24.272000,992.528000,0.929240
26.896000,2330.768000,1.164424
7.216000,1010.896000,0.913029
32.144000,221.072000,0.931075
30.832000,1376.944000,0.741995
5.904000,654.032000,0.835372
17.712000,2378.000000,0.845161
37.392000,751.120000,1.253080
21.648000,167.280000,1.894548
22.960000,1226.064000,1.045745
16.400000,415.248000,1.226871
16.400000,1289.040000,0.748387
1.968000,1686.576000,2.341435
20.336000,420.496000,0.725931
26.896000,3119.280000,1.117523
34.768000,2093.296000,0.910616
5.904000,2476.400000,0.940453
4.592000,579.248000,0.707546
32.144000,378.512000,1.142522
20.336000,1048.944000,0.669858
21.648000,1227.376000,0.704043
25.584000,362.768000,0.971713
25.584000,2981.520000,0.927263
34.768000,465.104000,1.002366
37.392000,1796.784000,0.803144
21.648000,497.904000,1.079822
29.520000,546.448000,0.678107
22.960000,1357.264000,0.869744
17.712000,3013.008000,0.928325
30.832000,2402.928000,1.496829
38.704000,946.608000,0.828867
24.272000,168.592000,0.839636
20.336000,1386.128000,0.882387
11.152000,194.832000,0.726966
34.768000,71.504000,1.487301
19.024000,2835.888000,1.270284
11.152000,455.920000,0.897833
5.904000,591.056000,0.898494
20.336000,1693.136000,0.919677
33.456000,167.280000,0.699527
4.592000,2543.312000,0.711142
19.024000,2925.104000,1.294404
20.336000,1416.304000,0.911228
13.776000,3035.312000,1.412372
9.840000,1809.904000,1.455475
12.464000,259.120000,1.052025
38.704000,206.640000,1.112351
15.088000,1689.200000,1.133590
11.152000,1896.496000,1.071153
5.904000,2350.448000,0.867199
16.400000,525.456000,0.846743
12.464000,122.672000,1.269703
13.776000,1840.080000,0.996564
28.208000,3158.640000,0.687808
34.768000,2688.944000,0.759795
0.656000,1842.704000,0.917836
28.208000,314.224000,1.037087
15.088000,1055.504000,1.480904
26.896000,116.112000,0.917515
4.592000,839.024000,0.699273
1.968000,1455.664000,0.761804
4.592000,1051.568000,1.342970
20.336000,2758.480000,0.761296
15.088000,1542.256000,0.706343
20.336000,900.688000,0.673643
29.520000,1160.464000,0.831914
30.832000,221.072000,0.847452
36.080000,940.048000,0.853583
20.336000,252.560000,0.868994
16.400000,1450.416000,0.776088
3.280000,3212.432000,0.715564
1.968000,1266.736000,1.900265
9.840000,1575.056000,0.926757
24.272000,1947.664000,1.040830
15.088000,126.608000,0.905699
26.896000,2942.160000,0.690953
9.840000,2412.112000,0.835902
22.960000,1069.936000,0.685857
8.528000,707.824000,0.787817
4.592000,2255.984000,0.719687
28.208000,1094.864000,0.976417
38.704000,1819.088000,1.160881
28.208000,3102.224000,1.049183
33.456000,340.464000,0.684578
12.464000,2038.192000,1.360521
30.832000,1845.328000,0.715192
13.776000,1508.144000,0.660983
20.336000,2029.008000,0.806787
0.656000,392.944000,0.855475
21.648000,541.200000,1.101193
4.592000,740.624000,1.140880
21.648000,660.592000,0.904706
30.832000,1096.176000,0.819658
12.464000,1174.896000,0.743752
36.080000,196.144000,1.012234
24.272000,2127.408000,1.236625
24.272000,1542.256000,0.815381
11.152000,1729.872000,2.574870
24.272000,2366.192000,1.025927
3.280000,327.344000,0.927686
36.080000,2992.016000,1.011185
25.584000,682.896000,1.332035
5.904000,594.992000,0.713176
30.832000,37.392000,0.758198
3.280000,2935.600000,1.170109
38.704000,1544.880000,1.292958
38.704000,2308.464000,1.881131
33.456000,172.528000,0.796537
30.832000,743.248000,0.798141
13.776000,2974.960000,0.915007
37.392000,1746.928000,1.067019
13.776000,2185.136000,1.027251
21.648000,1535.696000,0.937769
12.464000,2231.056000,1.003794
34.768000,3131.088000,1.664107
12.464000,311.600000,1.037062
9.840000,2721.744000,0.661647
29.520000,517.584000,1.830371
9.840000,1983.088000,0.713641
4.592000,24.272000,0.939624
17.712000,2539.376000,0.792688
21.648000,2001.456000,0.710188
4.592000,3005.136000,0.710544
1.968000,2317.648000,0.971622
17.712000,1778.416000,0.714016
30.832000,1110.608000,0.782610
21.648000,2930.352000,0.733584
36.080000,558.256000,0.722652
13.776000,2366.192000,0.879490
37.392000,2614.160000,1.176489
25.584000,2670.576000,0.907609
20.336000,839.024000,1.349824
17.712000,2312.400000,1.038458
32.144000,1565.872000,1.303933
5.904000,581.872000,0.893798
30.832000,214.512000,2.252211
17.712000,1668.208000,1.271774
33.456000,1866.320000,1.083894
7.216000,1765.296000,0.988650
3.280000,148.912000,2.306753
34.768000,2665.328000,1.416553
36.080000,2368.816000,1.684661
29.520000,639.600000,0.698710
22.960000,1404.496000,1.037188
0.656000,1182.768000,1.232728
25.584000,678.960000,0.858425
33.456000,2255.984000,0.793317
21.648000,2204.816000,0.890890
21.648000,2170.704000,2.204894
37.392000,3110.096000,0.919160
3.280000,475.600000,0.752663
28.208000,2971.024000,0.667124
1.968000,2088.048000,1.101776
28.208000,1698.384000,0.946967
26.896000,1846.640000,0.762322
26.896000,1815.152000,0.780440
25.584000,2265.168000,0.738320
12.464000,2999.888000,0.887826
11.152000,1823.024000,0.943205
22.960000,1558.000000,0.686097
19.024000,1931.920000,1.026246
30.832000,256.496000,1.067001
3.280000,1972.592000,0.839796
0.656000,1578.992000,0.839269
30.832000,1926.672000,1.063914
20.336000,29.520000,0.795815
34.768000,2123.472000,0.953119
15.088000,976.784000,0.715915
9.840000,2288.784000,0.776369
0.656000,381.136000,1.418153
34.768000,2971.024000,1.048683
26.896000,1916.176000,1.024289
7.216000,1004.336000,1.122101
12.464000,2866.064000,1.172371
4.592000,2877.872000,0.781819
24.272000,2702.064000,1.184738
5.904000,991.216000,0.830258
7.216000,2807.024000,0.706026
3.280000,2666.640000,1.373223
16.400000,2140.528000,1.416967
9.840000,2334.704000,0.673948
30.832000,1366.448000,0.727896
3.280000,888.880000,1.020464
11.152000,567.440000,0.675449
13.776000,2475.088000,1.601433
21.648000,93.808000,2.036830
32.144000,1037.136000,0.662915
12.464000,3187.504000,1.056284
11.152000,2778.160000,0.769452
5.904000,2918.544000,0.720725
29.520000,1798.096000,0.886813
25.584000,768.176000,0.917963
33.456000,3114.032000,1.006362
30.832000,1257.552000,1.120282
33.456000,1248.368000,1.060023
37.392000,2398.992000,0.966067
0.656000,2211.376000,0.726909
32.144000,1178.832000,1.429727
4.592000,1862.384000,0.888525
37.392000,1202.448000,1.528837
30.832000,427.056000,0.781332
1.968000,2017.200000,0.671208
11.152000,1042.384000,1.685977
16.400000,2275.664000,0.708670
30.832000,2070.992000,0.660421
13.776000,1782.352000,1.414450
12.464000,66.256000,0.930369
11.152000,2591.856000,0.861077
9.840000,1552.752000,0.696225
29.520000,999.088000,1.707748
5.904000,1796.784000,0.854990
15.088000,1370.384000,0.685025
32.144000,798.352000,0.898812
30.832000,2565.616000,0.943014
20.336000,1666.896000,0.819679
17.712000,2876.560000,0.911899
11.152000,846.896000,1.217248
34.768000,3107.472000,0.793995
7.216000,646.160000,1.196843
24.272000,3170.448000,1.123270
36.080000,3039.248000,1.479541
20.336000,1577.680000,0.809955
8.528000,2553.808000,1.740683
11.152000,3140.272000,1.173397
29.520000,819.344000,0.972416
34.768000,2510.512000,2.627783
4.592000,1211.632000,0.870334
37.392000,1504.208000,0.805439
19.024000,2723.056000,1.083712
5.904000,846.896000,1.069242
13.776000,2395.056000,0.777903
20.336000,1358.576000,0.733289
37.392000,2114.288000,0.872483
36.080000,1492.400000,0.747069
34.768000,2010.640000,0.907461
29.520000,1485.840000,1.228427
7.216000,219.760000,1.305397
0.656000,1417.616000,1.123694
37.392000,3036.624000,1.048689
13.776000,1525.200000,1.132594
20.336000,921.680000,0.845359
24.272000,1173.584000,0.965268
7.216000,3167.824000,0.850395
8.528000,3145.520000,0.885211
32.144000,462.480000,1.411694
12.464000,2964.464000,1.865121
13.776000,2883.120000,0.677864
22.960000,919.056000,0.758305
5.904000,319.472000,1.397325
25.584000,1168.336000,0.742512
28.208000,303.728000,0.793414
16.400000,2744.048000,0.776871
13.776000,230.256000,1.205534
36.080000,1750.864000,1.003728
15.088000,1250.992000,1.118263
38.704000,2166.768000,0.695068
33.456000,176.464000,1.565680
7.216000,222.384000,1.502630
8.528000,1491.088000,0.747186
24.272000,1581.616000,0.748187
16.400000,829.840000,0.901761
3.280000,2817.520000,0.674920
37.392000,2313.712000,0.945851
0.656000,3198.000000,1.007348
15.088000,1829.584000,0.708663
8.528000,1500.272000,0.737458
36.080000,2921.168000,0.761677
17.712000,176.464000,1.164269
33.456000,1332.336000,0.679395
22.960000,1895.184000,1.113454
5.904000,423.120000,1.384749
33.456000,3069.424000,0.978267
8.528000,2366.192000,0.866149
3.280000,3148.144000,0.856217
36.080000,3034.000000,0.988936
37.392000,560.880000,0.902960
19.024000,371.952000,0.730206
9.840000,1149.968000,0.920417
25.584000,307.664000,0.775079
33.456000,2137.904000,0.747763
9.840000,1399.248000,0.786214
25.584000,580.560000,1.767410
0.656000,1575.056000,1.106720
20.336000,2387.184000,1.547354
29.520000,356.208000,0.723034
17.712000,2914.608000,0.814268
34.768000,2988.080000,1.215727
32.144000,2139.216000,0.717614
8.528000,1414.992000,1.311539
0.656000,3061.552000,1.033978
37.392000,1809.904000,1.993741
26.896000,1081.744000,0.897148
5.904000,50.512000,0.759351
30.832000,3015.632000,0.774953
19.024000,2976.272000,1.251614
9.840000,2219.248000,0.794086
1.968000,974.160000,0.661989
1.968000,118.736000,1.043333
38.704000,824.592000,1.377546
24.272000,2299.280000,0.709392
25.584000,1763.984000,1.586606
36.080000,853.456000,1.093909
32.144000,2821.456000,1.320136
4.592000,3117.968000,0.690433
26.896000,394.256000,1.704093
21.648000,1299.536000,0.803779
29.520000,1333.648000,1.067676
33.456000,688.144000,0.702219
1.968000,1130.288000,1.390700
11.152000,3060.240000,0.856203
22.960000,668.464000,0.751406
28.208000,78.064000,1.285759
38.704000,1998.832000,0.928564
29.520000,2044.752000,1.572937
13.776000,184.336000,2.586151
33.456000,773.424000,0.754864
3.280000,2009.328000,0.740306
9.840000,1199.824000,1.399125
32.144000,1345.456000,0.820445
29.520000,248.624000,1.175849
33.456000,2500.016000,0.732956
5.904000,1666.896000,0.935601
13.776000,76.752000,1.446729
1.968000,3221.616000,0.708223
22.960000,99.056000,0.837684
19.024000,1779.728000,0.800121
37.392000,1375.632000,0.877232
17.712000,1662.960000,0.900279
9.840000,2221.872000,0.771866
3.280000,2788.656000,1.096841
26.896000,686.832000,0.757093
24.272000,335.216000,0.741793
8.528000,2796.528000,0.813407
36.080000,2908.048000,1.606536
37.392000,3085.168000,0.784398
15.088000,591.056000,1.285547
30.832000,2990.704000,1.571820
0.656000,1219.504000,0.682066
3.280000,3153.392000,0.666833
25.584000,2783.408000,0.871875
20.336000,919.056000,0.725335
30.832000,2227.120000,0.714589
3.280000,1424.176000,0.711413
13.776000,80.688000,0.925173
12.464000,1715.440000,0.728098
13.776000,1156.528000,0.704119
25.584000,2047.376000,1.036153
5.904000,3146.832000,1.011916
25.584000,332.592000,0.827116
34.768000,340.464000,0.887904
25.584000,3102.224000,1.150720
8.528000,475.600000,1.030926
19.024000,1201.136000,0.956535
19.024000,420.496000,1.026690
15.088000,857.392000,0.733175
33.456000,2358.320000,0.802555
22.960000,2734.864000,1.468917
21.648000,2404.240000,0.657619
5.904000,1334.960000,0.797007
17.712000,3003.824000,0.785523
17.712000,1445.168000,0.910939
5.904000,714.384000,0.808004
15.088000,25.584000,1.041841
34.768000,1701.008000,0.901897
20.336000,265.680000,0.939334
30.832000,2439.664000,1.055830
9.840000,1290.352000,0.715197
38.704000,193.520000,0.888281
22.960000,163.344000,0.957893
12.464000,1135.536000,1.603995
32.144000,1077.808000,1.413329
12.464000,2135.280000,0.851078
28.208000,1017.456000,0.702694
25.584000,2620.720000,0.687776
17.712000,2978.896000,0.785627
30.832000,1048.944000,0.709968
0.656000,1341.520000,0.713250
4.592000,1130.288000,0.711549
11.152000,1592.112000,0.857279
15.088000,2460.656000,0.794905
0.656000,3066.800000,0.829676
16.400000,1447.792000,0.861063
16.400000,2548.560000,1.834286
36.080000,1929.296000,1.484368
17.712000,2778.160000,1.788292
11.152000,2455.408000,0.882231
8.528000,2767.664000,1.056313
24.272000,2850.320000,0.944119
32.144000,1917.488000,1.478052
37.392000,2595.792000,0.699455
32.144000,781.296000,0.694140
33.456000,395.568000,0.673522
34.768000,2517.072000,0.702125
12.464000,2544.624000,0.692256
4.592000,2635.152000,0.769348
0.656000,517.584000,1.012395
4.592000,402.128000,0.727754
28.208000,3203.248000,0.716865
32.144000,1025.328000,0.808114
38.704000,656.656000,0.762631
13.776000,1003.024000,0.742622
8.528000,2317.648000,2.292046
17.712000,967.600000,0.801050
25.584000,1739.056000,0.657784
11.152000,2783.408000,0.748962
5.904000,1979.152000,0.797091
30.832000,2570.864000,1.326849
25.584000,2607.600000,0.868170
11.152000,2220.560000,0.932500
11.152000,551.696000,1.093589
9.840000,2858.192000,1.441528
12.464000,2479.024000,0.716275
26.896000,2448.848000,0.981652
37.392000,67.568000,1.438088
24.272000,475.600000,0.762558
24.272000,2057.872000,0.811222
37.392000,2901.488000,1.187009
17.712000,941.360000,1.230645
37.392000,3037.936000,0.713929
36.080000,1485.840000,1.123631
22.960000,3072.048000,0.681654
5.904000,2682.384000,0.986949
28.208000,2490.832000,0.794093
13.776000,2624.656000,1.380575
7.216000,1868.944000,1.134951
22.960000,2349.136000,1.108914
9.840000,508.400000,0.763628
5.904000,1282.480000,1.419858
13.776000,512.336000,1.707300
3.280000,2027.696000,0.781896
17.712000,2683.696000,0.776461
1.968000,2888.368000,0.772274
3.280000,869.200000,1.188295
3.280000,0.656000,0.670730
29.520000,242.064000,2.519775
4.592000,651.408000,1.503476
33.456000,3103.536000,0.868183
17.712000,1686.576000,0.793940
38.704000,622.544000,1.199080
22.960000,2101.168000,0.829634
0.656000,1825.648000,1.105727
11.152000,895.440000,1.133219
21.648000,1980.464000,0.777252
17.712000,2524.944000,0.722206
34.768000,925.616000,1.437270
8.528000,1823.024000,0.796324
22.960000,2114.288000,0.793613
25.584000,1697.072000,0.849366
26.896000,1024.016000,1.640376
29.520000,1037.136000,1.065847
36.080000,365.392000,0.878784
11.152000,453.296000,1.021276
32.144000,1908.304000,0.698982
26.896000,3045.808000,1.308493
4.592000,629.104000,0.704181
25.584000,2580.048000,0.709010
38.704000,1745.616000,0.856237
26.896000,2148.400000,1.108214
36.080000,894.128000,0.828308
7.216000,820.656000,1.067658
9.840000,3178.320000,0.756941
17.712000,3051.056000,1.400774
7.216000,1833.520000,0.983912
22.960000,2498.704000,1.073155
22.960000,2746.672000,0.727969
4.592000,269.616000,0.736821
4.592000,1930.608000,0.799532
13.776000,1185.392000,0.765466
17.712000,2126.096000,1.669374
22.960000,2000.144000,0.782411
13.776000,1086.992000,1.149140
33.456000,2123.472000,0.708142
21.648000,1030.576000,1.409274
33.456000,127.920000,0.942953
30.832000,850.832000,0.826027
36.080000,1051.568000,1.040127
22.960000,1989.648000,2.181403
4.592000,373.264000,0.846394
0.656000,253.872000,0.820199
37.392000,1159.152000,0.688563
11.152000,471.664000,0.756381
8.528000,1443.856000,0.699913
3.280000,373.264000,0.826638
36.080000,1605.232000,0.801920
25.584000,274.864000,2.276940
21.648000,2110.352000,0.768125
36.080000,2350.448000,0.751073
3.280000,2746.672000,1.289831
22.960000,1409.744000,0.686173
16.400000,470.352000,0.736820
37.392000,873.136000,1.198122
24.272000,1005.648000,0.738821
19.024000,1769.232000,0.966511
34.768000,1432.048000,0.902945
13.776000,2147.088000,0.981773
0.656000,669.776000,0.852572
12.464000,996.464000,0.706960
28.208000,465.104000,1.892113
28.208000,1874.192000,0.834401
28.208000,2784.720000,0.901408
1.968000,904.624000,1.226982
5.904000,650.096000,1.371483
17.712000,1428.112000,0.857106
0.656000,70.192000,0.698304
3.280000,1737.744000,1.088953
28.208000,1244.432000,0.814300
36.080000,3100.912000,1.224665
1.968000,32.144000,0.726304
12.464000,1512.080000,0.832718
36.080000,945.296000,0.666178
19.024000,2640.400000,0.802831
8.528000,781.296000,1.027133
15.088000,1698.384000,1.166654
13.776000,112.176000,1.735951
17.712000,2688.944000,1.218838
7.216000,88.560000,0.945452
16.400000,2822.768000,1.018599
25.584000,1767.920000,1.212989
29.520000,2829.328000,0.795433
12.464000,2486.896000,0.857101
25.584000,2507.888000,0.671238
20.336000,278.800000,0.972235
15.088000,2169.392000,0.922419
29.520000,3103.536000,1.154273
0.656000,1445.168000,0.685055
33.456000,2366.192000,0.975255
15.088000,2709.936000,0.837767
8.528000,1135.536000,0.858100
32.144000,2229.744000,1.032930
7.216000,2196.944000,1.098966
0.656000,2050.000000,1.269505
16.400000,1691.824000,1.763864
19.024000,3169.136000,1.020914
29.520000,2381.936000,0.904399
21.648000,349.648000,0.829326
30.832000,971.536000,1.177694
21.648000,412.624000,0.888579
29.520000,2583.984000,0.661542
13.776000,1458.288000,0.934301
16.400000,2828.016000,0.771810
36.080000,3187.504000,0.920926
5.904000,3081.232000,0.825990
9.840000,1117.168000,0.741370
37.392000,2998.576000,1.073427
22.960000,116.112000,1.026575
38.704000,234.192000,0.816358
13.776000,444.112000,1.732380
0.656000,3030.064000,1.209766
34.768000,2090.672000,1.266333
11.152000,478.224000,0.870893
21.648000,1458.288000,0.999527
13.776000,57.072000,1.240792
22.960000,1615.728000,1.090215
32.144000,160.720000,0.989385
19.024000,1725.936000,0.769869
0.656000,1134.224000,0.709381
37.392000,663.216000,0.919093
11.152000,2324.208000,1.129373
15.088000,2215.312000,0.923956
20.336000,2486.896000,0.765574
1.968000,184.336000,0.887021
4.592000,3031.376000,1.324578
30.832000,3002.512000,1.399175
29.520000,3016.944000,0.760879
0.656000,413.936000,1.516125
11.152000,1611.792000,0.734741
38.704000,150.224000,0.998335
28.208000,2095.920000,0.898646
8.528000,1362.512000,0.788261
3.280000,1602.608000,0.950259
34.768000,2225.808000,0.740854
32.144000,2158.896000,0.674099
16.400000,1401.872000,0.879179
7.216000,444.112000,0.903048
17.712000,761.616000,1.330321
12.464000,1519.952000,0.732981
1.968000,2193.008000,0.679684
28.208000,2300.592000,0.693457
1.968000,732.752000,0.823271
36.080000,72.816000,1.373186
5.904000,2430.480000,0.812564
34.768000,1916.176000,0.936910
8.528000,2809.648000,1.365161
8.528000,911.184000,1.524682
28.208000,717.008000,0.763858
17.712000,1581.616000,0.982838
29.520000,1775.792000,0.902225
15.088000,936.112000,0.751883
7.216000,2522.320000,0.959040
17.712000,962.352000,0.733047
37.392000,610.736000,0.703263
16.400000,341.776000,1.338430
24.272000,47.888000,0.773830
17.712000,2280.912000,1.299561
24.272000,1602.608000,0.920285
25.584000,1291.664000,0.952511
32.144000,1825.648000,0.852451
32.144000,2402.928000,0.857684
12.464000,1130.288000,0.792768
32.144000,3068.112000,0.802242
0.656000,983.344000,1.118446
20.336000,2080.176000,1.254494
16.400000,601.552000,0.735206
8.528000,852.144000,0.707294
37.392000,2569.552000,0.766757
38.704000,395.568000,0.997884
19.024000,1117.168000,0.903789
9.840000,49.200000,1.157688
4.592000,253.872000,1.035650
22.960000,1392.688000,1.141747
4.592000,1710.192000,1.245214
33.456000,417.872000,0.744615
25.584000,671.088000,0.685926
7.216000,1085.680000,0.665244
38.704000,1564.560000,1.104997
19.024000,2867.376000,0.913853
30.832000,2808.336000,0.925345
25.584000,1808.592000,1.098612
0.656000,782.608000,1.582564
26.896000,606.800000,0.740421
29.520000,226.320000,1.236786
16.400000,2978.896000,0.736569
1.968000,810.160000,0.667544
0.656000,1300.848000,0.707375
21.648000,1344.144000,0.763225
28.208000,1596.048000,0.736816
30.832000,1733.808000,0.913569
37.392000,2039.504000,1.509776
20.336000,736.688000,0.994533
24.272000,2082.800000,1.003696
37.392000,955.792000,1.608831
1.968000,192.208000,0.802678
28.208000,1317.904000,1.502150
12.464000,3082.544000,1.055014
25.584000,2151.024000,0.755473
15.088000,786.544000,1.017413
16.400000,1602.608000,0.884124
21.648000,734.064000,0.683728
36.080000,1167.024000,0.757319
7.216000,2408.176000,0.662906
28.208000,95.120000,0.794588
33.456000,1290.352000,0.970592
38.704000,2266.480000,0.942704
38.704000,32.144000,1.419654
25.584000,1547.504000,0.729339
13.776000,2960.528000,0.767117
4.592000,1089.616000,0.815486
32.144000,2168.080000,1.788041
24.272000,46.576000,0.956974
34.768000,3140.272000,0.877294
28.208000,2771.600000,0.993021
32.144000,1985.712000,0.969747
16.400000,2847.696000,0.743512
30.832000,2614.160000,1.087351
37.392000,1481.904000,0.941658
34.768000,736.688000,0.992105
12.464000,926.928000,0.664806
17.712000,2518.384000,0.680877
17.712000,1948.976000,1.385835
1.968000,2328.144000,0.744448
15.088000,1845.328000,0.739975
12.464000,2974.960000,0.693941
26.896000,1247.056000,0.708108
20.336000,2601.040000,0.892810
34.768000,3178.320000,0.708193
37.392000,1231.312000,0.671551
7.216000,484.784000,0.777874
13.776000,2623.344000,1.112646
36.080000,2742.736000,0.907213
13.776000,159.408000,0.782018
4.592000,2583.984000,1.097835
16.400000,2084.112000,0.826166
3.280000,2170.704000,1.424831
9.840000,2211.376000,0.738257
33.456000,587.120000,0.737927
20.336000,2855.568000,0.846316
24.272000,2669.264000,0.802445
36.080000,2829.328000,0.784232
37.392000,2738.800000,0.694292
13.776000,1564.560000,0.898030
34.768000,1522.576000,0.827308
0.656000,2666.640000,0.676947
20.336000,1075.184000,1.317229
37.392000,2018.512000,0.870241
28.208000,1724.624000,1.742679
17.712000,1853.200000,0.877255
8.528000,2650.896000,1.086781
11.152000,1245.744000,1.272166
30.832000,3047.120000,0.682555
34.768000,1900.432000,0.989623
16.400000,1938.480000,1.236059
36.080000,2948.720000,0.710598
9.840000,2645.648000,0.686664
28.208000,3208.496000,1.046969
1.968000,93.808000,0.682075
33.456000,1474.032000,0.788842
7.216000,2090.672000,0.782622
28.208000,1607.856000,1.336460
34.768000,2021.136000,1.664334
7.216000,2419.984000,0.873616
1.968000,85.936000,0.886981
22.960000,1594.736000,0.716908
36.080000,2269.104000,1.015363
17.712000,217.136000,0.696310
36.080000,671.088000,0.952543
15.088000,1163.088000,0.679393
0.656000,2341.264000,0.688187
21.648000,1979.152000,1.082592
5.904000,2168.080000,0.870844
3.280000,538.576000,0.837173
26.896000,100.368000,1.211472
12.464000,839.024000,0.830814
33.456000,1437.296000,1.159822
19.024000,190.896000,1.626098
17.712000,1488.464000,1.655604
21.648000,2080.176000,0.732498
34.768000,3159.952000,0.682898
26.896000,1298.224000,0.734713
38.704000,2154.960000,0.775708
12.464000,1781.040000,1.598467
0.656000,702.576000,0.859506
28.208000,1647.216000,1.095703
24.272000,1188.016000,0.769535
37.392000,530.704000,1.260365
1.968000,2238.928000,1.987528
26.896000,1485.840000,0.684526
11.152000,1018.768000,1.378972
1.968000,357.520000,0.790705
1.968000,261.744000,1.288564
37.392000,2820.144000,0.859914
22.960000,3222.928000,1.375435
37.392000,1903.056000,0.911657
9.840000,1653.776000,0.842766
7.216000,1771.856000,1.006661
34.768000,2446.224000,0.692402
17.712000,1046.320000,0.830464
0.656000,520.208000,0.950599
20.336000,193.520000,1.238542
19.024000,1060.752000,1.030048
32.144000,2047.376000,0.659980
4.592000,677.648000,0.737590
36.080000,3120.592000,0.665351
29.520000,1195.888000,1.185182
16.400000,1042.384000,1.211394
32.144000,1438.608000,0.809205
29.520000,2956.592000,0.837444
15.088000,424.432000,0.794869
15.088000,1998.832000,0.708843
30.832000,2038.192000,0.738924
36.080000,1249.680000,2.429842
4.592000,15.088000,1.394911
34.768000,2029.008000,1.069065
9.840000,555.632000,0.808621
38.704000,2120.848000,0.661512
15.088000,476.912000,1.362414
29.520000,1981.776000,0.673288
17.712000,579.248000,1.024065
36.080000,1586.864000,0.704791
4.592000,2648.272000,0.723372
30.832000,1653.776000,1.087616
15.088000,1803.344000,0.719404
5.904000,2521.008000,0.733391
13.776000,2843.760000,0.976217
29.520000,790.480000,1.330035
36.080000,631.728000,0.776358
28.208000,3054.992000,1.098263
32.144000,812.784000,0.912284
4.592000,1501.584000,0.774403
16.400000,1513.392000,0.739174
3.280000,1777.104000,1.752510
26.896000,2535.440000,0.726115
36.080000,2010.640000,1.580746
8.528000,2355.696000,1.316459
20.336000,2971.024000,1.088723
28.208000,3091.728000,0.660474
28.208000,2311.088000,0.670086
36.080000,2337.328000,1.086644
19.024000,1543.568000,0.680068
25.584000,144.976000,1.694621
20.336000,171.216000,0.714189
24.272000,1226.064000,1.318740
11.152000,1610.480000,0.896350
13.776000,2429.168000,0.780691
22.960000,1375.632000,0.657364
12.464000,1306.096000,0.756646
21.648000,1718.064000,0.660856
16.400000,2164.144000,0.828821
28.208000,1744.304000,0.780290
7.216000,2759.792000,1.069516
32.144000,824.592000,0.701960
34.768000,1060.752000,1.350614
16.400000,3154.704000,1.961107
8.528000,887.568000,0.776821
13.776000,3212.432000,0.935348
36.080000,482.160000,1.256688
28.208000,915.120000,0.693648
34.768000,1939.792000,1.428707
28.208000,3119.280000,0.669027
8.528000,3027.440000,0.765383
1.968000,2109.040000,0.722888
34.768000,1976.528000,0.877051
26.896000,214.512000,0.712568
32.144000,682.896000,1.374403
25.584000,3117.968000,1.034483
25.584000,1942.416000,1.024237
15.088000,249.936000,0.748783
20.336000,991.216000,1.111171
0.656000,2216.624000,0.942879
20.336000,1593.424000,0.924808
17.712000,2747.984000,0.789343
17.712000,2328.144000,1.012380
37.392000,246.000000,0.774267
38.704000,365.392000,0.708447
26.896000,1660.336000,0.714169
25.584000,266.992000,0.755700
34.768000,1607.856000,0.754237
4.592000,1282.480000,0.744909
20.336000,1661.648000,0.663105
25.584000,2278.288000,0.767835
24.272000,1336.272000,0.731352
11.152000,1680.016000,1.044044
33.456000,1641.968000,1.024759
30.832000,575.312000,1.234558
38.704000,2458.032000,0.705407
33.456000,171.216000,0.728313
11.152000,1088.304000,0.770637
0.656000,2807.024000,0.691280
21.648000,3218.992000,0.944379
37.392000,1728.560000,0.694923
36.080000,438.864000,0.719994
13.776000,1643.280000,1.023347
38.704000,1060.752000,1.095273
20.336000,2562.992000,2.025926
22.960000,137.104000,0.897904
12.464000,697.328000,1.031077
1.968000,1437.296000,0.739228
13.776000,2612.848000,0.677819
38.704000,1708.880000,0.709179
3.280000,2055.248000,0.967960
22.960000,1430.736000,1.432302
22.960000,1056.816000,1.000259
0.656000,1383.504000,1.355855
20.336000,2133.968000,0.874322
32.144000,324.720000,0.823646
7.216000,701.264000,1.371213
13.776000,1824.336000,0.795198
7.216000,200.080000,0.938026
8.528000,1348.080000,0.701870
30.832000,560.880000,1.727247
12.464000,3119.280000,0.863008
9.840000,2014.576000,0.692590
21.648000,2429.168000,0.709988
5.904000,3068.112000,0.803295
5.904000,192.208000,0.846145
11.152000,298.480000,0.773252
34.768000,368.016000,0.675513
0.656000,957.104000,1.423003
37.392000,1264.112000,1.192631
9.840000,1425.488000,0.785508
21.648000,2627.280000,0.785138
24.272000,287.984000,1.160293
26.896000,940.048000,0.692107
0.656000,3200.624000,0.883956
9.840000,741.936000,1.571045
17.712000,2484.272000,1.376015
12.464000,1501.584000,1.232915
33.456000,82.000000,0.685578
29.520000,1592.112000,0.853841
22.960000,860.016000,1.783310
21.648000,175.152000,0.793329
4.592000,1134.224000,1.060445
1.968000,739.312000,0.991225
11.152000,2830.640000,0.725668
37.392000,2607.600000,0.681518
28.208000,999.088000,0.845089
24.272000,1468.784000,1.375983
7.216000,2585.296000,1.172313
24.272000,2737.488000,0.797279
22.960000,1674.768000,0.844637
36.080000,389.008000,0.686838
28.208000,1149.968000,0.863376
1.968000,1569.808000,0.880176
7.216000,2464.592000,0.959999
1.968000,2026.384000,0.719275
28.208000,2362.256000,1.049917
36.080000,2930.352000,1.428277
33.456000,457.232000,0.760590
34.768000,1451.728000,0.872895
15.088000,760.304000,0.759929
17.712000,1967.344000,0.890304
0.656000,2506.576000,1.005206
17.712000,2926.416000,0.843044
3.280000,1093.552000,0.935915
8.528000,1090.928000,0.764012
11.152000,2969.712000,0.863527
4.592000,1483.216000,0.678714
33.456000,2498.704000,1.126103
21.648000,3086.480000,1.594769
37.392000,1323.152000,1.449254
8.528000,3149.456000,0.798959
16.400000,3006.448000,0.695463
29.520000,1399.248000,1.031868
25.584000,719.632000,0.936320
38.704000,1149.968000,0.698208
3.280000,1332.336000,1.135975
20.336000,2847.696000,0.742820
37.392000,2950.032000,1.329545
16.400000,2821.456000,1.443650
0.656000,1649.840000,1.119763
21.648000,1189.328000,0.737584
12.464000,2570.864000,1.143450
1.968000,1138.160000,1.223858
36.080000,3009.072000,1.782929
24.272000,387.696000,0.837088
26.896000,1826.960000,1.081894
38.704000,2388.496000,0.775529
24.272000,795.728000,0.876780
36.080000,1285.104000,0.667854
32.144000,3192.752000,1.020224
4.592000,1510.768000,1.305251
24.272000,2858.192000,1.048619
37.392000,3171.760000,0.865518
30.832000,2232.368000,1.506461
21.648000,884.944000,1.699613
5.904000,181.712000,1.021467
20.336000,2518.384000,0.722258
12.464000,265.680000,0.873612
8.528000,1615.728000,0.875707
32.144000,387.696000,0.877278
7.216000,2078.864000,0.873163
28.208000,1945.040000,1.018573
19.024000,1610.480000,0.737755
21.648000,2444.912000,1.121716
9.840000,1963.408000,0.890980
15.088000,1882.064000,1.382336
7.216000,78.064000,1.366149
13.776000,1665.584000,0.729210
26.896000,2968.400000,1.042555
37.392000,1674.768000,0.805771
21.648000,1534.384000,0.683331
17.712000,2349.136000,0.832462
4.592000,2439.664000,0.929709
33.456000,2803.088000,0.848375
3.280000,556.944000,1.160517
12.464000,416.560000,0.832552
16.400000,2450.160000,0.656619
34.768000,1051.568000,0.683557
22.960000,1736.432000,0.932858
38.704000,453.296000,1.183599
37.392000,1711.504000,0.869885
1.968000,1769.232000,1.262810
32.144000,475.600000,0.879880
24.272000,2130.032000,0.732455
20.336000,3111.408000,0.713591
13.776000,1723.312000,0.694317
17.712000,152.848000,0.673630
37.392000,1799.408000,0.958581
29.520000,1077.808000,0.958686
32.144000,968.912000,0.930952
8.528000,365.392000,1.012836
15.088000,1641.968000,0.741623
12.464000,2564.304000,0.881111
21.648000,696.016000,1.797235
8.528000,1714.128000,1.251682
15.088000,1665.584000,1.251635
17.712000,933.488000,0.689416
4.592000,2606.288000,0.674501
4.592000,1249.680000,0.829429
11.152000,671.088000,0.737854
37.392000,1428.112000,0.974882
12.464000,690.768000,0.953912
30.832000,861.328000,1.072215
29.520000,102.992000,0.704009
12.464000,425.744000,1.127748
19.024000,249.936000,0.708208
20.336000,1392.688000,0.830980
38.704000,2648.272000,1.037919
34.768000,2215.312000,2.017186
34.768000,2547.248000,1.523528
5.904000,2855.568000,0.717277
38.704000,139.728000,0.929870
9.840000,2576.112000,0.952402
25.584000,505.776000,1.086495
13.776000,85.936000,0.700714
15.088000,2757.168000,1.807786
24.272000,2730.928000,1.287292
38.704000,1960.784000,1.168213
24.272000,2063.120000,0.981733
7.216000,2139.216000,1.240215
28.208000,2847.696000,0.897554
25.584000,382.448000,1.027131
28.208000,450.672000,2.336072
17.712000,3062.864000,1.059549
38.704000,1236.560000,1.416063
29.520000,423.120000,1.531967
30.832000,1783.664000,1.168622
12.464000,532.016000,0.782788
24.272000,1361.200000,1.866137
16.400000,688.144000,0.738976
30.832000,808.848000,0.705035
3.280000,3093.040000,1.234729
37.392000,2329.456000,4.846332
29.520000,2489.520000,0.922955
24.272000,1804.656000,1.316007
5.904000,1202.448000,0.996214
11.152000,2442.288000,1.104593
29.520000,1325.776000,0.798796
33.456000,853.456000,0.718153
34.768000,2253.360000,0.824020
36.080000,287.984000,0.754932
24.272000,1623.600000,0.661485
38.704000,236.816000,0.677113
12.464000,2162.832000,0.864765
4.592000,102.992000,0.993632
29.520000,2211.376000,0.677869
24.272000,2660.080000,0.912810
3.280000,1809.904000,1.285949
29.520000,68.880000,0.834713
16.400000,2288.784000,1.199766
38.704000,1716.752000,0.728072
12.464000,1568.496000,0.753861
1.968000,2443.600000,0.952642
7.216000,1567.184000,0.927555
19.024000,2156.272000,1.387103
37.392000,2866.064000,0.778126
11.152000,751.120000,0.675585
21.648000,2789.968000,0.954264
13.776000,1399.248000,1.122918
20.336000,1344.144000,0.963263
26.896000,1722.000000,0.808682
9.840000,218.448000,0.915698
7.216000,2824.080000,0.747926
29.520000,2859.504000,1.614233
1.968000,2392.432000,0.892085
1.968000,2316.336000,0.752308
11.152000,2715.184000,1.151069
8.528000,3162.576000,1.381940
36.080000,311.600000,1.149538
1.968000,3157.328000,0.718685
29.520000,2929.040000,1.287023
15.088000,2073.616000,1.322454
28.208000,2515.760000,0.989950
36.080000,1286.416000,0.860213
32.144000,2359.632000,0.656880
1.968000,137.104000,0.906078
29.520000,841.648000,0.887187
22.960000,1066.000000,0.750472
22.960000,1207.696000,0.862548
20.336000,779.984000,0.812667
38.704000,2001.456000,1.129185
36.080000,259.120000,1.322807
28.208000,361.456000,1.204422
17.712000,3127.152000,1.007235
37.392000,1735.120000,0.857207
9.840000,1327.088000,0.964470
26.896000,2750.608000,1.768679
17.712000,2363.568000,1.068815
33.456000,2951.344000,1.835663
17.712000,2786.032000,0.897328
1.968000,2029.008000,0.680341
33.456000,2429.168000,1.061156
9.840000,2185.136000,0.989021
8.528000,29.520000,0.721609
15.088000,478.224000,0.985561
9.840000,263.056000,1.897907
19.024000,1576.368000,1.152666
34.768000,774.736000,0.914838
28.208000,2673.200000,0.776525
24.272000,1626.224000,1.028387
3.280000,1728.560000,1.067135
8.528000,316.848000,0.702275
17.712000,702.576000,1.619022
11.152000,1925.360000,0.707323
13.776000,636.976000,1.042554
20.336000,284.048000,0.694819
30.832000,1563.248000,0.718867
19.024000,3001.200000,1.899369
20.336000,316.848000,0.678731
7.216000,533.328000,1.396697
21.648000,1883.376000,0.737074
21.648000,2717.808000,1.280259
7.216000,299.792000,0.681217
26.896000,848.208000,0.690291
25.584000,1630.160000,0.687866
30.832000,2757.168000,1.473545
17.712000,47.888000,0.978806
37.392000,633.040000,1.030300
29.520000,837.712000,1.022072
26.896000,2654.832000,1.117026
38.704000,1140.784000,0.933205
7.216000,2776.848000,0.759013
38.704000,2782.096000,0.715025
9.840000,131.856000,0.858201
32.144000,1963.408000,0.764995
24.272000,2856.880000,1.681804
4.592000,2618.096000,0.819233
20.336000,373.264000,0.965680
38.704000,1585.552000,0.840813
9.840000,1135.536000,1.170441
30.832000,824.592000,0.823192
1.968000,1803.344000,0.892120
29.520000,1809.904000,0.759690
33.456000,399.504000,1.049141
29.520000,2216.624000,0.993288
12.464000,2797.840000,0.762108
37.392000,1882.064000,1.048727
28.208000,307.664000,1.133978
22.960000,2148.400000,0.703772
38.704000,1093.552000,0.894355
30.832000,1107.984000,0.779554
38.704000,875.760000,0.700745
33.456000,2074.928000,0.965438
26.896000,177.776000,1.909767
4.592000,1745.616000,2.094559
12.464000,70.192000,0.880315
36.080000,148.912000,0.722523
30.832000,87.248000,0.696219
28.208000,978.096000,0.976171
15.088000,1484.528000,1.277465
37.392000,109.552000,0.896799
29.520000,3162.576000,0.813028
1.968000,185.648000,0.811582
30.832000,3087.792000,1.227730
22.960000,655.344000,1.208219
33.456000,368.016000,0.747645
9.840000,613.360000,0.709512
26.896000,2485.584000,0.788897
21.648000,752.432000,0.700318
13.776000,829.840000,1.121582
38.704000,273.552000,0.852630
13.776000,2283.536000,1.478628
17.712000,1648.528000,1.157511
17.712000,783.920000,1.058777
21.648000,3114.032000,0.664508
9.840000,660.592000,1.640274
9.840000,858.704000,0.774939
0.656000,420.496000,0.853262
36.080000,2387.184000,1.743532
33.456000,1739.056000,1.150377
15.088000,550.384000,0.939767
9.840000,1634.096000,0.795601
30.832000,290.608000,2.578776
34.768000,1575.056000,1.059238
15.088000,3041.872000,0.828979
29.520000,1758.736000,0.680714
29.520000,1413.680000,1.442802
17.712000,547.760000,1.322190
4.592000,1820.400000,1.039619
38.704000,1913.552000,0.812522
28.208000,2151.024000,0.656920
38.704000,1223.440000,0.950971
38.704000,347.024000,1.060375
0.656000,3024.816000,0.963951
12.464000,2338.640000,0.903646
20.336000,808.848000,0.867037
34.768000,2747.984000,0.810791
16.400000,1996.208000,0.824222
15.088000,958.416000,0.922326
13.776000,1048.944000,1.549367
8.528000,3157.328000,0.697622
12.464000,2011.952000,0.829533
11.152000,2308.464000,0.790945
17.712000,2284.848000,0.793485
3.280000,2048.688000,0.776072
33.456000,1589.488000,0.871688
13.776000,1296.912000,0.699754
37.392000,866.576000,0.755012
5.904000,2214.000000,0.903425
26.896000,225.008000,0.918512
3.280000,1891.248000,0.741788
12.464000,743.248000,0.873184
34.768000,3053.680000,1.006782
7.216000,129.232000,1.222616
8.528000,333.904000,1.017710
38.704000,1500.272000,1.231008
13.776000,2737.488000,1.019757
9.840000,949.232000,0.874851
36.080000,1920.112000,0.725163
30.832000,3190.128000,0.741216
25.584000,308.976000,0.815530
9.840000,249.936000,0.898382
21.648000,274.864000,0.822821
29.520000,2328.144000,0.705351
5.904000,1370.384000,0.829106
36.080000,93.808000,1.017337
28.208000,517.584000,0.668028
37.392000,2368.816000,0.692879
0.656000,3166.512000,0.800423
24.272000,713.072000,0.785745
24.272000,2017.200000,0.672706
32.144000,2677.136000,0.877532
28.208000,1603.920000,1.188398
37.392000,281.424000,0.692088
33.456000,1967.344000,1.004305
7.216000,1045.008000,0.738773
26.896000,961.040000,0.911336
3.280000,892.816000,1.148218
15.088000,2501.328000,1.165770
13.776000,2530.192000,0.851440
21.648000,70.192000,1.331072
28.208000,1104.048000,0.715590
33.456000,312.912000,1.011205
30.832000,739.312000,1.144160
33.456000,1853.200000,0.662819
12.464000,193.520000,1.097307
26.896000,257.808000,0.964248
33.456000,1910.928000,0.842237
3.280000,732.752000,1.024182
37.392000,1308.720000,1.305652
30.832000,55.760000,1.132130
21.648000,1042.384000,0.705257
26.896000,1008.272000,0.907894
4.592000,2556.432000,1.009968
4.592000,286.672000,0.668303
21.648000,53.136000,1.044996
26.896000,766.864000,0.769725
19.024000,1062.064000,0.996457
25.584000,1370.384000,0.813068
4.592000,2998.576000,0.679260
34.768000,33.456000,0.676165
33.456000,2130.032000,0.660608
5.904000,1964.720000,0.702923
19.024000,386.384000,0.703721
21.648000,440.176000,1.175178
7.216000,1240.496000,1.967811
32.144000,585.808000,0.696717
16.400000,1941.104000,1.246071
17.712000,475.600000,0.820817
13.776000,665.840000,0.681628
22.960000,892.816000,2.122436
21.648000,2942.160000,0.662808
30.832000,1375.632000,1.069296
28.208000,1256.240000,0.671275
25.584000,1787.600000,0.881615
1.968000,2122.160000,0.688790
3.280000,2690.256000,1.016986
21.648000,2990.704000,0.676481
26.896000,511.024000,0.999170
1.968000,1857.136000,2.131088
4.592000,1304.784000,0.915156
28.208000,395.568000,0.658148
1.968000,1724.624000,1.030481
4.592000,1153.904000,1.274950
11.152000,1068.624000,0.770074
3.280000,3152.080000,1.049163
24.272000,3222.928000,0.753264
25.584000,1390.064000,0.722917
11.152000,1086.992000,0.749141
25.584000,2371.440000,1.320530
26.896000,3204.560000,0.986800
3.280000,2145.776000,0.973269
32.144000,1758.736000,0.814474
29.520000,1086.992000,1.354961
33.456000,2763.728000,0.698669
9.840000,1925.360000,1.575768
32.144000,1176.208000,0.930861
34.768000,881.008000,0.667867
12.464000,1990.960000,0.659367
7.216000,67.568000,0.683980
24.272000,1842.704000,0.753969
30.832000,54.448000,0.883509
9.840000,134.480000,0.680933
7.216000,1357.264000,1.169263
37.392000,2737.488000,0.897633
1.968000,870.512000,0.870144
11.152000,2009.328000,0.891007
11.152000,942.672000,1.032335
8.528000,2637.776000,0.673567
29.520000,2019.824000,0.691114
30.832000,1582.928000,0.788762
24.272000,2265.168000,1.637074
7.216000,2273.040000,0.902874
21.648000,445.424000,1.251029
4.592000,2761.104000,1.068108
4.592000,2482.960000,0.915701
17.712000,1506.832000,0.721778
26.896000,2044.752000,0.810097
30.832000,366.704000,1.042922
33.456000,2870.000000,0.692662
7.216000,2476.400000,0.966136
33.456000,2048.688000,0.843847
19.024000,1230.000000,0.714586
8.528000,1739.056000,1.155961
9.840000,724.880000,0.996806
4.592000,1813.840000,0.748508
22.960000,1279.856000,1.302306
25.584000,732.752000,0.857660
7.216000,1539.632000,0.696324
5.904000,2824.080000,0.766959
38.704000,2784.720000,1.687102
0.656000,2419.984000,1.369483
17.712000,2269.104000,0.714675
9.840000,3019.568000,0.855542
36.080000,2452.784000,1.423047
3.280000,508.400000,0.719195
37.392000,2358.320000,0.872971
26.896000,2884.432000,1.060727
4.592000,2707.312000,0.794761
5.904000,118.736000,0.802605
33.456000,2234.992000,1.027577
17.712000,488.720000,0.664422
15.088000,810.160000,0.675368
20.336000,776.048000,1.805973
28.208000,2467.216000,1.382902
4.592000,1451.728000,1.085345
29.520000,1942.416000,0.666478
20.336000,1851.888000,1.471553
26.896000,55.760000,0.670251
38.704000,975.472000,0.686859
33.456000,1373.008000,0.942121
15.088000,1546.192000,2.111699
12.464000,1916.176000,0.862042
32.144000,778.672000,1.485811
1.968000,1212.944000,0.683244
32.144000,1560.624000,0.956286
0.656000,2186.448000,1.175718
33.456000,849.520000,0.831801
3.280000,2342.576000,0.684612
13.776000,1188.016000,0.882958
36.080000,2717.808000,0.693952
29.520000,2993.328000,0.685341
37.392000,2961.840000,0.862228
32.144000,1240.496000,0.693215
17.712000,950.544000,0.715621
13.776000,1279.856000,0.733509
5.904000,1754.800000,0.872975
25.584000,2972.336000,0.675399
8.528000,2326.832000,0.999047
20.336000,1989.648000,0.780958
38.704000,433.616000,0.907226
20.336000,3045.808000,0.722283
9.840000,2834.576000,0.685741
28.208000,2438.352000,0.698834
12.464000,773.424000,0.904611
33.456000,2695.504000,0.765630
15.088000,819.344000,0.706036
1.968000,1756.112000,0.986211
24.272000,1895.184000,1.675804
7.216000,2468.528000,0.895730
19.024000,2749.296000,0.818053
9.840000,1904.368000,0.842301
30.832000,24.272000,1.223910
37.392000,2261.232000,0.679806
17.712000,2935.600000,0.877504
19.024000,518.896000,1.205103
9.840000,2130.032000,1.487198
32.144000,2780.784000,0.676869
36.080000,2502.640000,0.662306
13.776000,152.848000,0.685775
24.272000,3070.736000,1.014019
33.456000,290.608000,0.869729
3.280000,925.616000,0.690848
28.208000,2139.216000,0.834643
4.592000,2915.920000,0.958320
13.776000,1425.488000,0.664463
7.216000,2536.752000,1.687587
1.968000,274.864000,0.802864
28.208000,155.472000,0.681187
17.712000,1897.808000,1.475386
25.584000,1882.064000,0.673340
29.520000,298.480000,0.708611
34.768000,1519.952000,0.880067
32.144000,2043.440000,0.891811
20.336000,1544.880000,0.789771
8.528000,2112.976000,0.700782
30.832000,135.792000,0.943517
21.648000,597.616000,0.876759
13.776000,989.904000,0.665419
4.592000,2385.872000,2.576847
24.272000,1190.640000,0.772407
36.080000,529.392000,0.749352
4.592000,2807.024000,1.191821
3.280000,833.776000,0.966390
0.656000,1001.712000,0.837641
13.776000,915.120000,0.857722
33.456000,148.912000,1.224458
20.336000,800.976000,0.735835
4.592000,701.264000,0.765612
24.272000,114.800000,1.317162
19.024000,184.336000,0.992645
20.336000,2526.256000,0.876535
26.896000,1307.408000,1.209864
28.208000,2190.384000,1.627045
9.840000,3132.400000,0.710913
34.768000,1651.152000,0.944116
8.528000,3204.560000,0.755607
11.152000,593.680000,0.726088
12.464000,3079.920000,0.941504
34.768000,57.072000,1.041643
24.272000,2101.168000,0.786484
11.152000,1989.648000,0.929547
30.832000,2467.216000,0.914418
34.768000,850.832000,0.743787
3.280000,1813.840000,1.247005
37.392000,1920.112000,1.378171
19.024000,2455.408000,0.733239
33.456000,20.336000,0.839372
19.024000,1808.592000,0.931168
12.464000,2258.608000,1.457911
11.152000,1492.400000,0.949644
1.968000,2324.208000,0.702646
15.088000,2220.560000,0.940134
8.528000,2231.056000,0.719576
20.336000,200.080000,0.802234
20.336000,2304.528000,0.684709
1.968000,3100.912000,1.360710
21.648000,1973.904000,0.906117
16.400000,2682.384000,1.209601
8.528000,1243.120000,1.035884
38.704000,2089.360000,0.707121
11.152000,797.040000,1.002776
25.584000,2389.808000,0.838776
34.768000,1233.936000,1.024645
7.216000,2778.160000,0.670793
22.960000,1888.624000,0.769708
9.840000,575.312000,0.685598
25.584000,179.088000,0.723528
15.088000,529.392000,0.684847
13.776000,2476.400000,1.521029
7.216000,1711.504000,0.779704
19.024000,741.936000,0.993764
9.840000,2646.960000,0.739585
25.584000,1450.416000,1.021737
32.144000,1816.464000,0.892135
17.712000,866.576000,0.914868
1.968000,2025.072000,0.769273
19.024000,118.736000,0.879385
1.968000,1487.152000,1.127395
8.528000,131.856000,0.723868
36.080000,3087.792000,0.952343
20.336000,256.496000,1.320944
15.088000,1638.032000,1.208500
30.832000,802.288000,0.683409
33.456000,1119.792000,0.730408
34.768000,2064.432000,0.880237
17.712000,1813.840000,1.058527
38.704000,3001.200000,0.673100
24.272000,228.944000,0.873686
24.272000,2105.104000,1.288582
16.400000,3032.688000,1.062516
20.336000,264.368000,1.404842
0.656000,975.472000,2.254188
3.280000,2500.016000,0.886959
7.216000,270.928000,1.084453
11.152000,2843.760000,0.685428
8.528000,2193.008000,0.718223
38.704000,2683.696000,0.915485
37.392000,1573.744000,0.681896
38.704000,860.016000,0.806457
25.584000,791.792000,1.140953
28.208000,407.376000,0.837465
3.280000,2683.696000,0.751592
25.584000,2940.848000,1.949588
17.712000,291.920000,1.247172
15.088000,975.472000,1.027957
13.776000,551.696000,1.568248
37.392000,2363.568000,0.657411
4.592000,979.408000,1.648882
20.336000,1972.592000,1.191619
12.464000,2534.128000,0.731407
20.336000,2454.096000,0.718861
29.520000,782.608000,0.837311
29.520000,1321.840000,0.666352
38.704000,2076.240000,1.222729
34.768000,2042.128000,1.118406
12.464000,1265.424000,1.627081
28.208000,1947.664000,0.946309
20.336000,181.712000,0.706750
38.704000,2927.728000,0.661635
22.960000,707.824000,0.897390
20.336000,2355.696000,0.904818
22.960000,997.776000,0.840238
26.896000,837.712000,1.016478
21.648000,676.336000,0.698116
30.832000,151.536000,1.066902
29.520000,1125.040000,0.932459
20.336000,2797.840000,1.265981
36.080000,1194.576000,1.107810
5.904000,2522.320000,0.876286
12.464000,1155.216000,0.724016
11.152000,2618.096000,1.065727
24.272000,2807.024000,0.674418
12.464000,639.600000,0.795725
13.776000,2271.728000,0.915660
13.776000,1666.896000,0.694338
17.712000,432.304000,0.806810
0.656000,2384.560000,0.905440
16.400000,2313.712000,0.764204
15.088000,1966.032000,0.723232
20.336000,1188.016000,1.132455
29.520000,15.088000,0.826004
5.904000,1543.568000,0.817475
32.144000,2938.224000,0.763542
29.520000,1895.184000,0.852138
29.520000,2412.112000,0.841412
11.152000,1199.824000,0.738605
29.520000,1392.688000,2.660901
26.896000,1643.280000,1.025327
24.272000,2784.720000,0.889641
7.216000,1252.304000,1.019153
34.768000,1161.776000,0.677116
38.704000,1722.000000,0.677868
15.088000,1613.104000,0.701632
3.280000,850.832000,1.140456
1.968000,532.016000,0.688947
38.704000,1090.928000,0.671548
36.080000,1758.736000,0.815666
15.088000,1232.624000,0.852795
24.272000,122.672000,1.347601
5.904000,2358.320000,0.724077
17.712000,87.248000,1.154637
25.584000,1220.816000,0.779091
12.464000,3013.008000,0.893760
15.088000,2927.728000,1.175287
16.400000,1193.264000,0.747833
28.208000,1535.696000,1.275072
25.584000,142.352000,0.997032
24.272000,546.448000,0.820463
8.528000,842.960000,2.385502
19.024000,999.088000,0.765020
20.336000,1777.104000,0.665512
24.272000,1796.784000,1.196269
17.712000,1174.896000,0.709333
30.832000,374.576000,0.851824
3.280000,588.432000,0.903503
16.400000,2733.552000,0.666059
3.280000,1847.952000,0.748407
30.832000,1933.232000,0.787351
9.840000,2956.592000,0.902340
19.024000,605.488000,0.851647
28.208000,873.136000,0.972233
0.656000,266.992000,1.528935
38.704000,2185.136000,0.665738
15.088000,2688.944000,1.119835
36.080000,581.872000,0.770239
12.464000,2082.800000,0.837579
16.400000,307.664000,0.656926
13.776000,553.008000,1.397513
21.648000,385.072000,0.986568
5.904000,2136.592000,1.205044
13.776000,728.816000,0.718454
12.464000,1286.416000,1.005685
16.400000,36.080000,0.721421
3.280000,2559.056000,0.914338
32.144000,2505.264000,0.819896
16.400000,2005.392000,1.056380
32.144000,2708.624000,0.873167
22.960000,126.608000,1.179203
8.528000,1350.704000,0.673416
0.656000,3005.136000,0.955210
11.152000,2908.048000,0.960568
0.656000,3170.448000,1.142329
37.392000,1105.360000,0.712001
7.216000,3078.608000,0.723645
28.208000,2982.832000,1.290435
25.584000,2267.792000,1.051827
9.840000,882.320000,0.837045
5.904000,1674.768000,0.684446
15.088000,488.720000,1.404046
32.144000,144.976000,1.762926
8.528000,1718.064000,1.312092
15.088000,714.384000,0.673653
25.584000,462.480000,0.684887
15.088000,1716.752000,0.836849
38.704000,146.288000,1.260934
38.704000,3204.560000,1.185365
13.776000,2279.600000,1.020693
11.152000,454.608000,0.921491
34.768000,434.928000,0.715470
29.520000,1620.976000,1.061187
26.896000,2633.840000,0.881617
25.584000,2515.760000,0.772627
20.336000,765.552000,2.207577
34.768000,2608.912000,0.720311
25.584000,2471.152000,1.120204
32.144000,26.896000,1.376378
8.528000,2959.216000,0.897603
21.648000,869.200000,0.677279
22.960000,2737.488000,0.781310
20.336000,2220.560000,0.738746
24.272000,2448.848000,0.838135
38.704000,2288.784000,0.720056
19.024000,1471.408000,0.681513
4.592000,2834.576000,0.676043
19.024000,2513.136000,1.200159
30.832000,1186.704000,0.925532
25.584000,1258.864000,0.836341
9.840000,151.536000,1.502971
19.024000,2742.736000,0.712350
20.336000,2005.392000,0.756619
1.968000,1927.984000,0.659512
28.208000,1901.744000,0.663515
33.456000,812.784000,1.399331
5.904000,1174.896000,0.789543
19.024000,2224.496000,1.218775
34.768000,1724.624000,0.692425
33.456000,2253.360000,0.686875
36.080000,3002.512000,1.095967
32.144000,1459.600000,0.672420
7.216000,3060.240000,0.846254
21.648000,455.920000,0.688469
38.704000,3194.064000,1.264733
36.080000,2490.832000,0.706548
30.832000,1948.976000,1.451850
11.152000,2492.144000,0.729652
36.080000,2152.336000,1.068001
36.080000,2481.648000,1.580014
12.464000,2813.584000,0.924256
1.968000,1119.792000,0.853715
22.960000,626.480000,0.814901
30.832000,310.288000,1.060578
3.280000,1501.584000,0.853622
24.272000,1109.296000,0.944106
28.208000,1076.496000,1.609536
29.520000,2140.528000,0.985332
30.832000,2517.072000,0.676370
38.704000,2421.296000,0.904264
5.904000,2577.424000,0.886333
13.776000,2842.448000,0.700019
0.656000,2118.224000,1.424951
11.152000,2993.328000,0.720009
21.648000,3009.072000,0.807322
1.968000,1172.272000,1.155057
24.272000,2675.824000,0.723218
3.280000,2510.512000,0.698570
34.768000,954.480000,0.668011
34.768000,888.880000,1.033878
3.280000,2977.584000,0.866319
4.592000,587.120000,0.674061
32.144000,1165.712000,0.696716
37.392000,436.240000,0.844158
21.648000,33.456000,1.013895
16.400000,2477.712000,0.663069
38.704000,3178.320000,1.160607
36.080000,1597.360000,0.823568
12.464000,567.440000,0.804571
15.088000,3031.376000,1.458158
19.024000,1867.632000,1.213322
16.400000,2692.880000,0.730323
12.464000,908.560000,1.039435
32.144000,1268.048000,1.010558
36.080000,1111.920000,0.762765
8.528000,2442.288000,0.873882
11.152000,2573.488000,0.796764
12.464000,2304.528000,0.677075
38.704000,902.000000,1.426201
17.712000,646.160000,1.041147
16.400000,2842.448000,0.842882
26.896000,508.400000,1.016882
9.840000,1500.272000,1.594461
34.768000,1470.096000,0.842852
24.272000,66.256000,1.347447
33.456000,790.480000,0.741995
12.464000,2649.584000,1.297912
34.768000,3187.504000,1.718015
28.208000,2259.920000,0.691372
28.208000,1156.528000,0.962767
24.272000,2814.896000,0.682085
38.704000,543.824000,0.754848
28.208000,9.840000,0.752747
4.592000,3037.936000,0.742765
0.656000,2782.096000,1.023751
33.456000,112.176000,0.697516
29.520000,2535.440000,0.849756
13.776000,2026.384000,0.854003
26.896000,1799.408000,0.678918
4.592000,2095.920000,0.849200
11.152000,933.488000,1.255015
8.528000,1050.256000,0.656575
36.080000,1693.136000,0.936144
17.712000,1767.920000,0.656270
13.776000,3068.112000,0.729860
36.080000,3093.040000,0.705243
3.280000,2940.848000,0.925639
26.896000,1832.208000,0.816168
13.776000,545.136000,1.353337
15.088000,1624.912000,1.351361
38.704000,597.616000,0.881445
19.024000,2225.808000,0.758301
36.080000,1853.200000,0.963462
34.768000,1300.848000,0.811019
0.656000,2699.440000,1.201600
36.080000,331.280000,0.780405
20.336000,3077.296000,0.801003
16.400000,2662.704000,0.656918
33.456000,2590.544000,0.674529
0.656000,1565.872000,0.926268
8.528000,1687.888000,0.850213
16.400000,882.320000,0.721786
37.392000,749.808000,0.821476
8.528000,2917.232000,1.148061
32.144000,2459.344000,0.745436
15.088000,600.240000,1.216314
5.904000,112.176000,1.540720
3.280000,239.440000,1.262862
3.280000,2093.296000,0.876069
0.656000,223.696000,1.340979
28.208000,1359.888000,3.201611
7.216000,1268.048000,0.660202
28.208000,1084.368000,0.744820
26.896000,1712.816000,0.735199
25.584000,305.040000,1.421553
8.528000,2480.336000,0.701179
11.152000,120.048000,1.241718
7.216000,2057.872000,0.739250
38.704000,392.944000,1.236664
30.832000,1762.672000,1.009913
24.272000,1369.072000,0.917135
19.024000,1895.184000,0.658463
22.960000,70.192000,1.492009
33.456000,1834.832000,0.671449
30.832000,454.608000,0.894079
30.832000,962.352000,0.908517
25.584000,2883.120000,0.872829
4.592000,2052.624000,1.057379
34.768000,694.704000,1.118977
22.960000,2706.000000,0.711324
26.896000,760.304000,0.929192
33.456000,947.920000,0.944821
17.712000,2934.288000,0.964019
7.216000,610.736000,1.020574
4.592000,82.000000,0.733285
16.400000,1407.120000,0.703099
11.152000,1228.688000,0.729224
22.960000,589.744000,0.804504
1.968000,593.680000,0.798295
16.400000,3187.504000,0.741539
29.520000,1892.560000,0.753023
37.392000,2027.696000,2.903578
37.392000,2871.312000,1.105987
34.768000,3182.256000,0.677890
19.024000,2682.384000,0.897635
38.704000,1554.064000,0.725404
7.216000,2006.704000,1.041057
32.144000,2978.896000,1.664987
16.400000,1947.664000,0.810665
24.272000,3064.176000,1.486892
30.832000,878.384000,1.140745
29.520000,1414.992000,1.331915
24.272000,243.376000,0.972638
30.832000,1632.784000,1.179260
25.584000,1812.528000,1.277123
25.584000,714.384000,1.022790
19.024000,1475.344000,1.329145
32.144000,821.968000,0.980449
30.832000,849.520000,0.676775
25.584000,1170.960000,0.824963
37.392000,1064.688000,1.096759
5.904000,59.696000,0.926651
33.456000,3112.720000,1.278069
3.280000,2191.696000,0.928138
1.968000,1685.264000,0.875434
4.592000,2999.888000,1.069680
8.528000,1164.400000,0.885218
1.968000,1160.464000,0.938760
8.528000,915.120000,0.870425
0.656000,2153.648000,1.408966
24.272000,1994.896000,0.973005
17.712000,450.672000,0.740069
1.968000,865.264000,0.696089
17.712000,242.064000,1.080650
5.904000,970.224000,0.897000
8.528000,2750.608000,1.091667
24.272000,579.248000,0.722210
16.400000,1253.616000,0.900952
3.280000,2603.664000,0.796202
21.648000,2926.416000,1.050278
12.464000,3205.872000,0.754072
26.896000,1332.336000,0.864948
26.896000,3154.704000,1.855783
20.336000,2981.520000,1.067538
33.456000,3199.312000,1.169855
37.392000,1384.816000,0.802633
5.904000,40.016000,0.925828
30.832000,1927.984000,1.345447
12.464000,2350.448000,0.691653
36.080000,374.576000,0.910266
17.712000,470.352000,0.915578
16.400000,1317.904000,1.154066
8.528000,2073.616000,0.772296
37.392000,235.504000,1.110586
16.400000,659.280000,0.888241
17.712000,467.728000,0.730045
16.400000,856.080000,3.087985
8.528000,2915.920000,1.645767
24.272000,1866.320000,0.689009
11.152000,1391.376000,1.083351
20.336000,1498.960000,0.965399
26.896000,1355.952000,1.359801
30.832000,1084.368000,2.245303
12.464000,2345.200000,0.716889
33.456000,3079.920000,0.664310
15.088000,131.856000,0.670999
7.216000,1875.504000,1.409247
25.584000,2284.848000,1.004757
24.272000,1761.360000,1.297771
19.024000,3044.496000,0.697676
16.400000,2154.960000,0.699346
25.584000,1316.592000,1.167690
21.648000,1250.992000,1.147789
37.392000,1394.000000,1.020477
26.896000,1435.984000,1.169659
38.704000,1333.648000,0.779074
12.464000,625.168000,1.037092
3.280000,3159.952000,0.960289
11.152000,404.752000,1.721057
33.456000,8.528000,1.077476
11.152000,1720.688000,1.070988
32.144000,1569.808000,0.664172
8.528000,2067.056000,0.866903
9.840000,2040.816000,0.833196
0.656000,1592.112000,0.949208
1.968000,423.120000,0.885153
16.400000,1568.496000,1.504350
7.216000,238.128000,1.655917
24.272000,1925.360000,0.730909
38.704000,2013.264000,0.810299
19.024000,1174.896000,0.763654
33.456000,786.544000,1.002201
17.712000,184.336000,0.952112
38.704000,2746.672000,0.679849
9.840000,1729.872000,0.739848
11.152000,1502.896000,0.801259
20.336000,2370.128000,0.794920
24.272000,205.328000,1.076260
7.216000,1826.960000,0.724370
25.584000,1165.712000,1.449531
11.152000,1433.360000,0.668158
25.584000,3085.168000,1.237294
13.776000,1197.200000,1.937983
36.080000,508.400000,0.769329
19.024000,1348.080000,0.702044
13.776000,122.672000,0.724133
19.024000,333.904000,1.607070
11.152000,1443.856000,0.891908
25.584000,1477.968000,0.673525
34.768000,1950.288000,0.819501
12.464000,1719.376000,1.867714
28.208000,2687.632000,0.902952
15.088000,2458.032000,1.083238
38.704000,608.112000,0.658139
24.272000,1517.328000,1.050473
12.464000,2661.392000,0.744165
36.080000,877.072000,0.748046
19.024000,2721.744000,1.161008
24.272000,294.544000,1.211475
8.528000,2698.128000,1.191678
25.584000,1680.016000,1.007672
38.704000,1289.040000,0.693980
12.464000,1820.400000,0.898883
37.392000,2559.056000,0.687083
8.528000,1327.088000,0.830537
33.456000,1552.752000,0.968806
16.400000,1003.024000,1.209512
0.656000,406.064000,0.657741
16.400000,205.328000,0.900815
20.336000,2871.312000,0.688896
25.584000,1790.224000,0.866594
24.272000,1578.992000,1.682841
3.280000,2275.664000,0.882912
3.280000,1695.760000,0.935091
25.584000,437.552000,0.791034
29.520000,2433.104000,0.822987
37.392000,2063.120000,1.080138
15.088000,853.456000,0.750494
12.464000,43.952000,0.968828
16.400000,2766.352000,0.773936
16.400000,1590.800000,0.746660
0.656000,51.824000,1.141759
9.840000,665.840000,0.681146
30.832000,253.872000,0.864931
11.152000,240.752000,1.473506
25.584000,736.688000,0.811824
4.592000,2923.792000,0.683431
20.336000,1670.832000,0.781529
33.456000,329.968000,2.488439
5.904000,2433.104000,0.850013
32.144000,1846.640000,1.288164
34.768000,773.424000,0.816139
7.216000,724.880000,1.356460
20.336000,1585.552000,0.895135
0.656000,1693.136000,1.977807
8.528000,1422.864000,1.316646
25.584000,1796.784000,1.104227
11.152000,1480.592000,0.656524
36.080000,588.432000,0.785197
13.776000,1899.120000,1.021237
16.400000,2637.776000,0.679000
4.592000,2808.336000,0.916607
28.208000,2709.936000,0.674179
29.520000,1703.632000,0.979525
15.088000,142.352000,0.894302
20.336000,1399.248000,0.870350
13.776000,2469.840000,1.117173
17.712000,482.160000,0.679910
26.896000,783.920000,1.590018
34.768000,1906.992000,0.931985
5.904000,1564.560000,1.666979
0.656000,1731.184000,1.197858
0.656000,322.096000,1.059119
7.216000,1226.064000,0.827030
0.656000,2633.840000,1.298926
33.456000,433.616000,0.934511
0.656000,2410.800000,0.849527
4.592000,1665.584000,1.042101
20.336000,3106.160000,0.839525
29.520000,899.376000,0.804367
13.776000,1521.264000,1.170335
12.464000,2620.720000,0.852946
3.280000,2809.648000,0.934526
20.336000,2098.544000,0.739392
33.456000,2846.384000,0.672014
11.152000,395.568000,0.934637
4.592000,2870.000000,0.745394
12.464000,53.136000,1.925626
34.768000,453.296000,0.834143
7.216000,3205.872000,0.725485
29.520000,209.264000,0.664002
38.704000,1582.928000,1.566893
11.152000,971.536000,1.138071
25.584000,2896.240000,1.235715
13.776000,2631.216000,1.813374
30.832000,2471.152000,0.758213
7.216000,1101.424000,0.731850
0.656000,1128.976000,0.932125
9.840000,1331.024000,1.261859
19.024000,845.584000,0.694354
13.776000,2315.024000,0.693736
25.584000,884.944000,0.902549
29.520000,3217.680000,0.668249
12.464000,424.432000,0.876158
3.280000,941.360000,0.952557
0.656000,358.832000,0.773177
30.832000,1903.056000,1.112619
37.392000,1571.120000,0.965787
4.592000,1189.328000,1.224211
17.712000,1863.696000,0.930179
34.768000,2807.024000,0.904095
1.968000,167.280000,0.659766
13.776000,2078.864000,1.208885
16.400000,1283.792000,0.799336
4.592000,1327.088000,1.307415
7.216000,1485.840000,0.680410
20.336000,1903.056000,1.695661
7.216000,1888.624000,1.062983
21.648000,1043.696000,0.974772
4.592000,264.368000,0.841578
30.832000,281.424000,0.941860
21.648000,231.568000,2.747091
32.144000,2025.072000,0.691755
7.216000,1233.936000,0.712457
37.392000,2876.560000,0.999359
25.584000,63.632000,0.693536
13.776000,2740.112000,1.404885
26.896000,3177.008000,1.108368
16.400000,1161.776000,0.898918
0.656000,508.400000,0.868182
34.768000,2965.776000,1.512263
28.208000,1526.512000,0.886069
12.464000,818.032000,0.755441
24.272000,3069.424000,0.856750
8.528000,3011.696000,0.917300
11.152000,3093.040000,1.274686
34.768000,3014.320000,0.769426
25.584000,2053.936000,0.862852
34.768000,2333.392000,0.719227
0.656000,97.744000,0.854889
5.904000,2507.888000,0.777714
8.528000,718.320000,0.890947
24.272000,3165.200000,0.716360
15.088000,1067.312000,0.931399
15.088000,812.784000,1.167931
12.464000,347.024000,1.018709
12.464000,3045.808000,0.704608
4.592000,109.552000,0.672420
33.456000,2688.944000,1.280562
22.960000,2073.616000,1.119480
1.968000,2158.896000,0.999063
3.280000,1414.992000,1.691776
13.776000,427.056000,0.669403
12.464000,295.856000,0.842125
16.400000,2245.488000,1.081720
15.088000,1628.848000,0.755490
5.904000,2174.640000,0.727638
37.392000,1062.064000,0.805312
17.712000,3128.464000,1.158290
9.840000,2547.248000,1.009684
19.024000,2198.256000,0.659489
24.272000,2548.560000,0.748027
8.528000,1886.000000,1.250068
24.272000,2414.736000,0.967217
37.392000,2137.904000,0.757232
28.208000,1867.632000,0.892258
29.520000,861.328000,1.362731
19.024000,1804.656000,0.866020
5.904000,1366.448000,0.673935
34.768000,108.240000,0.674948
9.840000,2431.792000,0.700731
30.832000,1685.264000,0.727905
36.080000,728.816000,0.756878
17.712000,1447.792000,0.760402
9.840000,2160.208000,0.830835
33.456000,1605.232000,1.140788
13.776000,508.400000,0.712639
29.520000,1962.096000,0.666620
33.456000,2784.720000,1.078015
26.896000,728.816000,1.162435
20.336000,1823.024000,0.736895
20.336000,2046.064000,0.922960
17.712000,3095.664000,0.725012
24.272000,717.008000,0.886301
21.648000,1790.224000,0.666739
37.392000,933.488000,0.844010
16.400000,2063.120000,0.704822
16.400000,1559.312000,0.839740
30.832000,1317.904000,0.731016
19.024000,396.880000,0.872821
13.776000,617.296000,0.831042
11.152000,3186.192000,0.783712
17.712000,1391.376000,0.670756
15.088000,2477.712000,0.679319
34.768000,2564.304000,0.673449
26.896000,987.280000,0.844092
12.464000,2747.984000,0.900826
19.024000,1303.472000,0.824639
24.272000,183.024000,0.860995
29.520000,1508.144000,0.834344
4.592000,3009.072000,0.799375
26.896000,2324.208000,1.059890
1.968000,2250.736000,0.965884
36.080000,2397.680000,0.911126
3.280000,621.232000,1.228208
12.464000,1164.400000,0.657220
21.648000,46.576000,2.066584
33.456000,753.744000,0.865815
21.648000,1300.848000,0.672277
4.592000,1832.208000,0.761260
17.712000,1190.640000,1.581703
5.904000,1185.392000,0.906715
34.768000,2275.664000,1.007001
20.336000,916.432000,0.984782
15.088000,987.280000,0.673434
32.144000,844.272000,0.821176
24.272000,1432.048000,0.700837
25.584000,2032.944000,0.753200
13.776000,2402.928000,1.486608
32.144000,2631.216000,0.932702
7.216000,1871.568000,0.748204
5.904000,685.520000,1.173737
26.896000,815.408000,0.811310
9.840000,2098.544000,0.842897
34.768000,1269.360000,0.995794
21.648000,975.472000,0.694291
21.648000,1857.136000,1.190943
22.960000,538.576000,0.919854
22.960000,747.184000,1.026129
20.336000,706.512000,0.781952
16.400000,1699.696000,0.828881
38.704000,1727.248000,1.004324
13.776000,2585.296000,0.789297
24.272000,2367.504000,1.287904
24.272000,1223.440000,1.264063
1.968000,782.608000,1.378194
19.024000,2688.944000,1.301777
15.088000,866.576000,1.012727
11.152000,2346.512000,1.227993
34.768000,920.368000,1.164803
8.528000,2106.416000,0.727694
24.272000,2982.832000,0.661398
28.208000,2473.776000,1.179015
4.592000,848.208000,1.556906
4.592000,2157.584000,1.172117
34.768000,92.496000,1.525367
21.648000,2207.440000,0.841741
25.584000,150.224000,0.744938
26.896000,627.792000,0.785623
4.592000,349.648000,0.707580
11.152000,818.032000,0.879642
24.272000,1740.368000,0.741818
26.896000,2681.072000,1.078954
4.592000,1244.432000,0.688971
19.024000,1273.296000,1.081070
33.456000,671.088000,0.758720
25.584000,765.552000,0.763521
29.520000,92.496000,0.900458
38.704000,1344.144000,0.903273
12.464000,860.016000,0.708846
17.712000,3156.016000,1.208898
28.208000,2217.936000,0.693816
1.968000,1096.176000,1.053860
32.144000,1306.096000,0.938684
22.960000,785.232000,0.704916
25.584000,2587.920000,1.399978
20.336000,1781.040000,0.915759
38.704000,352.272000,1.598723
29.520000,2570.864000,1.130644
32.144000,2212.688000,1.556340
4.592000,1934.544000,0.830481
29.520000,2789.968000,0.767590
34.768000,298.480000,1.103449
20.336000,1198.512000,0.688300
8.528000,928.240000,0.694290
17.712000,677.648000,0.687614
38.704000,667.152000,1.621176
30.832000,2031.632000,0.693170
13.776000,853.456000,0.942872
0.656000,1678.704000,0.763897
37.392000,731.440000,1.171688
12.464000,2004.080000,1.415719
20.336000,562.192000,0.683517
19.024000,1874.192000,1.104541
9.840000,417.872000,0.823355
17.712000,1505.520000,0.768388
36.080000,244.688000,0.696966
21.648000,312.912000,0.700613
15.088000,13.776000,0.699553
12.464000,1567.184000,0.796108
37.392000,1938.480000,0.689075
26.896000,1165.712000,0.755608
28.208000,2967.088000,0.675091
1.968000,1121.104000,0.818632
15.088000,1479.280000,2.329312
8.528000,377.200000,0.660375
24.272000,1601.296000,0.748879
38.704000,2614.160000,1.227559
15.088000,2545.936000,0.787229
9.840000,2050.000000,0.683130
21.648000,2371.440000,0.859023
25.584000,2294.032000,0.674040
37.392000,2231.056000,0.865713
33.456000,1380.880000,1.340481
19.024000,116.112000,1.819832
9.840000,1041.072000,0.896578
7.216000,2086.736000,0.855905
16.400000,585.808000,1.006630
37.392000,2401.616000,0.706173
25.584000,1914.864000,0.753418
0.656000,3195.376000,0.950968
13.776000,503.152000,0.721515
1.968000,1281.168000,0.896790
33.456000,1262.800000,0.692210
28.208000,1754.800000,0.736189
13.776000,1378.256000,1.153706
4.592000,533.328000,1.400237
3.280000,1662.960000,0.921576
38.704000,3144.208000,0.832668
7.216000,2686.320000,2.235095
1.968000,1299.536000,0.920989
12.464000,45.264000,0.674898
38.704000,2115.600000,1.063303
25.584000,3034.000000,0.696369
13.776000,2564.304000,1.531877
13.776000,2703.376000,1.506232
21.648000,1799.408000,0.703487
0.656000,2185.136000,1.330488
38.704000,905.936000,0.848377
16.400000,1420.240000,0.669228
34.768000,194.832000,1.006456
4.592000,604.176000,0.863234
28.208000,2547.248000,1.150074
38.704000,322.096000,1.918005
4.592000,1498.960000,0.973832
21.648000,2459.344000,0.935853
5.904000,1803.344000,1.405355
36.080000,2740.112000,0.682220
7.216000,1193.264000,0.687669
13.776000,724.880000,0.856034
8.528000,741.936000,1.300280
29.520000,2025.072000,0.939780
32.144000,1296.912000,1.147298
4.592000,781.296000,1.461330
16.400000,1405.808000,0.775603
0.656000,581.872000,1.006560
1.968000,1382.192000,0.714067
21.648000,1686.576000,0.867438
9.840000,348.336000,0.750528
36.080000,975.472000,0.782423
38.704000,528.080000,0.910325
20.336000,2313.712000,0.754579
25.584000,1488.464000,0.818041
13.776000,3112.720000,0.949057
12.464000,1416.304000,0.674973
29.520000,2557.744000,1.137292
16.400000,1564.560000,0.713413
16.400000,926.928000,1.278229
9.840000,2265.168000,0.747562
38.704000,291.920000,0.805208
11.152000,2038.192000,1.137232
7.216000,1340.208000,0.764000
16.400000,2506.576000,0.662475
1.968000,1169.648000,1.007906
11.152000,1761.360000,0.702111
11.152000,2185.136000,0.906727
38.704000,51.824000,0.989006
8.528000,78.064000,0.776094
15.088000,223.696000,0.712162
22.960000,922.992000,0.733067
1.968000,196.144000,1.289184
32.144000,3065.488000,0.744028
37.392000,1880.752000,1.265093
0.656000,1016.144000,0.671156
13.776000,1492.400000,1.382861
37.392000,1164.400000,0.877682
30.832000,1971.280000,0.825870
37.392000,1236.560000,0.857007
16.400000,1378.256000,1.813168
26.896000,2637.776000,0.760126
25.584000,1644.592000,0.695524
0.656000,2629.904000,0.972306
32.144000,881.008000,1.095532
16.400000,3030.064000,0.823912
15.088000,235.504000,2.527873
29.520000,753.744000,1.415921
26.896000,2196.944000,0.662578
25.584000,2535.440000,0.802700
20.336000,2677.136000,1.168683
0.656000,1588.176000,0.857838
15.088000,1462.224000,0.788940
3.280000,1906.992000,1.682555
3.280000,3199.312000,0.776169
37.392000,2946.096000,1.111820
15.088000,3182.256000,1.686218
32.144000,2544.624000,1.198595
5.904000,2679.760000,1.695045
30.832000,596.304000,1.141542
9.840000,2157.584000,1.559198
37.392000,1516.016000,0.838276
12.464000,2158.896000,0.810228
37.392000,1161.776000,1.268015
32.144000,605.488000,0.687975
9.840000,1046.320000,1.450240
22.960000,3204.560000,1.464354
4.592000,261.744000,1.183985
36.080000,3158.640000,0.863603
34.768000,1366.448000,0.884138
21.648000,2585.296000,0.909347
17.712000,3096.976000,0.728288
0.656000,2521.008000,0.745485
21.648000,1165.712000,1.949258
11.152000,1413.680000,0.919011
37.392000,1151.280000,0.759378
3.280000,743.248000,1.304561
29.520000,2936.912000,0.751062
0.656000,2169.392000,0.673223
17.712000,1100.112000,0.982598
33.456000,3022.192000,0.736529
19.024000,3095.664000,1.624335
38.704000,2856.880000,0.698289
3.280000,1295.600000,0.994709
13.776000,34.768000,0.899538
1.968000,1361.200000,0.992941
15.088000,1699.696000,0.946506
26.896000,2967.088000,0.729262
7.216000,1097.488000,0.836380
37.392000,1334.960000,0.787127
21.648000,1366.448000,0.705993
12.464000,1159.152000,0.764096
15.088000,398.192000,0.829693
17.712000,2792.592000,0.747001
19.024000,2859.504000,1.022272
7.216000,2534.128000,1.097559
21.648000,2576.112000,0.698749
12.464000,2329.456000,1.007731
15.088000,1771.856000,0.941431
8.528000,2892.304000,0.769691
11.152000,2137.904000,0.696293
28.208000,1371.696000,0.989116
29.520000,698.640000,0.946152
38.704000,3188.816000,1.093518
34.768000,638.288000,1.032581
30.832000,2482.960000,0.772378
30.832000,1206.384000,0.894642
9.840000,2152.336000,0.778755
24.272000,2465.904000,1.028751
38.704000,651.408000,1.121410
29.520000,2741.424000,1.353472
9.840000,1350.704000,0.738673
17.712000,232.880000,0.711619
13.776000,2170.704000,0.813001
25.584000,432.304000,1.179279
15.088000,1033.200000,0.973009
12.464000,2042.128000,0.989812
33.456000,1517.328000,0.791400
36.080000,1950.288000,1.169379
29.520000,1069.936000,0.671156
33.456000,2448.848000,0.710544
11.152000,2050.000000,0.710693
25.584000,1231.312000,1.091654
25.584000,1093.552000,1.075524
8.528000,2170.704000,0.967430
38.704000,1355.952000,0.847730
16.400000,1506.832000,1.711934
15.088000,1816.464000,0.681724
0.656000,1366.448000,0.725871
16.400000,97.744000,0.995547
16.400000,2997.264000,2.293434
25.584000,78.064000,0.813935
4.592000,900.688000,0.937449
36.080000,2519.696000,0.662363
1.968000,1508.144000,0.685224
36.080000,2358.320000,0.766674
22.960000,2581.360000,2.424217
16.400000,331.280000,0.836640
5.904000,125.296000,0.798916
1.968000,1523.888000,1.391306
19.024000,2481.648000,0.750995
16.400000,2419.984000,0.962902
9.840000,2728.304000,0.725643
4.592000,1521.264000,0.920571
29.520000,1992.272000,0.660870
5.904000,1062.064000,0.968568
16.400000,3082.544000,1.279188
33.456000,475.600000,0.881115
25.584000,1850.576000,0.915077
22.960000,2465.904000,1.159705
21.648000,1878.128000,1.015389
37.392000,238.128000,1.109937
29.520000,718.320000,0.970742
21.648000,3108.784000,0.782663
9.840000,2455.408000,0.848592
15.088000,1000.400000,1.389062
19.024000,2687.632000,0.769120
7.216000,2132.656000,0.741963
15.088000,1912.240000,0.729364
38.704000,2587.920000,0.917352
17.712000,2379.312000,0.778176
32.144000,602.864000,1.098572
5.904000,1948.976000,1.076827
26.896000,3115.344000,1.327118
28.208000,1060.752000,1.166914
4.592000,2401.616000,0.874001
38.704000,2063.120000,0.997660
37.392000,1379.568000,1.074166
30.832000,1716.752000,0.850855
0.656000,454.608000,1.667087
30.832000,356.208000,1.488443
24.272000,1253.616000,0.748662
17.712000,1992.272000,0.684453
1.968000,71.504000,1.356058
5.904000,1749.552000,0.793475
8.528000,2837.200000,1.100590
30.832000,270.928000,0.739385
32.144000,2014.576000,0.753105
4.592000,1470.096000,0.817291
12.464000,1853.200000,0.671934
37.392000,1380.880000,0.787075
24.272000,589.744000,0.738378
36.080000,3156.016000,0.765420
21.648000,2070.992000,0.671209
1.968000,2556.432000,0.675207
11.152000,1555.376000,1.310419
28.208000,2468.528000,0.671291
20.336000,2795.216000,1.564554
8.528000,2269.104000,1.151560
21.648000,1434.672000,0.682387
26.896000,2081.488000,1.727367
19.024000,680.272000,0.809779
19.024000,1198.512000,1.234618
28.208000,1655.088000,1.148053
25.584000,475.600000,1.913787
28.208000,226.320000,0.784502
28.208000,72.816000,1.152216
25.584000,1317.904000,0.703652
3.280000,402.128000,0.688922
13.776000,744.560000,0.712937
21.648000,2821.456000,1.107739
13.776000,293.232000,1.105587
5.904000,122.672000,0.756714
7.216000,2943.472000,0.881879
36.080000,696.016000,1.603376
9.840000,892.816000,0.796127
29.520000,2742.736000,1.388934
29.520000,2796.528000,0.802480
11.152000,1983.088000,0.769232
7.216000,1720.688000,0.869739
26.896000,764.240000,0.784443
32.144000,1533.072000,1.179402
33.456000,1458.288000,1.305781
25.584000,2111.664000,0.722739
29.520000,1197.200000,0.826067
8.528000,2103.792000,0.887651
20.336000,454.608000,0.701986
37.392000,1237.872000,1.417519
24.272000,171.216000,1.090746
9.840000,1657.712000,0.834617
20.336000,227.632000,1.152205
30.832000,58.384000,1.349358
13.776000,167.280000,0.800448
0.656000,2009.328000,0.872700
33.456000,1997.520000,1.040836
5.904000,2969.712000,1.080878
25.584000,1862.384000,1.671643
12.464000,2263.856000,0.660157
37.392000,1653.776000,0.734070
4.592000,3102.224000,0.667638
29.520000,1773.168000,1.058820
25.584000,2286.160000,0.882785
29.520000,635.664000,0.898878
26.896000,118.736000,1.606571
20.336000,710.448000,1.464560
30.832000,2223.184000,0.687894
9.840000,2173.328000,0.706786
36.080000,1846.640000,0.821841
17.712000,987.280000,1.067079
24.272000,3039.248000,0.825280
1.968000,2068.368000,1.329973
28.208000,1830.896000,0.935565
22.960000,312.912000,0.656981
37.392000,1294.288000,0.778982
28.208000,1396.624000,0.820875
33.456000,1702.320000,0.866844
0.656000,1664.272000,0.672605
34.768000,1804.656000,0.915794
3.280000,261.744000,0.702151
38.704000,1386.128000,0.814733
29.520000,1921.424000,0.715395
16.400000,332.592000,1.062113
28.208000,1677.392000,0.692822
4.592000,1079.120000,0.911144
11.152000,816.720000,1.213940
22.960000,501.840000,1.179610
11.152000,37.392000,0.710821
29.520000,1286.416000,0.865124
5.904000,2695.504000,1.112545
12.464000,2786.032000,1.429998
36.080000,3171.760000,0.658572
8.528000,89.872000,1.010565
32.144000,2069.680000,0.769632
20.336000,2597.104000,0.660931
15.088000,1576.368000,1.002657
1.968000,2215.312000,0.922096
12.464000,2346.512000,1.246404
15.088000,1981.776000,0.754803
28.208000,1266.736000,1.087197
13.776000,694.704000,0.871921
29.520000,1722.000000,0.902785
11.152000,1849.264000,1.291970
17.712000,1256.240000,0.717283
5.904000,1018.768000,0.995499
5.904000,3112.720000,0.876593
1.968000,664.528000,0.749415
7.216000,1295.600000,0.753291
26.896000,1904.368000,0.719719
22.960000,954.480000,0.788128
36.080000,1796.784000,0.715542
5.904000,55.760000,0.688290
37.392000,368.016000,0.951058
20.336000,1870.256000,0.996331
7.216000,1926.672000,0.682101
25.584000,2206.128000,1.411303
9.840000,2477.712000,1.037438
22.960000,461.168000,0.663287
20.336000,2127.408000,1.074771
5.904000,287.984000,1.151101
29.520000,2951.344000,0.694835
34.768000,1449.104000,1.082806
28.208000,1988.336000,0.724721
29.520000,2876.560000,1.130679
30.832000,1568.496000,1.009036
21.648000,1676.080000,0.834368
4.592000,1754.800000,0.989371
1.968000,980.720000,0.740054
15.088000,1235.248000,0.906705
22.960000,2629.904000,0.993939
26.896000,230.256000,0.977861
37.392000,1211.632000,0.684784
37.392000,433.616000,0.770356
34.768000,758.992000,0.815360
28.208000,3020.880000,1.356664
25.584000,264.368000,0.974228
4.592000,1506.832000,0.809396
12.464000,2901.488000,1.114419
8.528000,165.968000,1.092590
30.832000,2881.808000,1.011866
25.584000,1576.368000,0.685771
19.024000,1319.216000,0.656642
15.088000,141.040000,0.891947
30.832000,3096.976000,0.697333
3.280000,2696.816000,1.054788
17.712000,2908.048000,2.019670
1.968000,1908.304000,0.785912
30.832000,593.680000,0.875159
17.712000,1569.808000,0.925498
24.272000,3065.488000,1.054231
32.144000,894.128000,0.672731
12.464000,2856.880000,1.231163
19.024000,2261.232000,0.729918
3.280000,2700.752000,0.828526
37.392000,2346.512000,0.957407
21.648000,1172.272000,0.995765
30.832000,574.000000,0.876742
1.968000,1188.016000,0.860430
20.336000,1045.008000,0.866838
7.216000,2681.072000,0.657061
4.592000,3093.040000,0.957326
25.584000,40.016000,0.864124
24.272000,959.728000,0.948498
37.392000,2271.728000,1.815596
17.712000,1655.088000,0.723213
34.768000,289.296000,0.763635
24.272000,2199.568000,0.756650
30.832000,1609.168000,1.048063
21.648000,743.248000,0.686824
7.216000,2765.040000,0.677075
29.520000,2963.152000,1.042782
37.392000,2427.856000,1.433737
33.456000,1239.184000,0.715852
12.464000,2451.472000,1.226703
17.712000,2955.280000,0.692860
11.152000,2749.296000,1.184700
24.272000,148.912000,0.823124
3.280000,455.920000,0.947174
21.648000,950.544000,0.732782
3.280000,1445.168000,0.806869
3.280000,3182.256000,0.725732
26.896000,690.768000,0.692082
34.768000,1967.344000,0.715467
9.840000,2111.664000,1.260062
28.208000,197.456000,0.962020
19.024000,2355.696000,0.971117
29.520000,162.032000,0.816310
19.024000,3128.464000,0.680096
29.520000,2925.104000,1.660935
1.968000,707.824000,1.371380
25.584000,377.200000,1.207905
17.712000,798.352000,0.749771
19.024000,1783.664000,0.795076
19.024000,1676.080000,0.711610
13.776000,227.632000,0.690571
37.392000,2788.656000,0.787586
29.520000,3135.024000,1.314119
32.144000,3.280000,0.768570
37.392000,2594.480000,1.157201
20.336000,726.192000,0.882859
24.272000,306.352000,0.978317
29.520000,673.712000,1.551349
0.656000,980.720000,1.111287
1.968000,1720.688000,1.057050
8.528000,988.592000,0.859504
19.024000,1241.808000,1.184625
34.768000,2960.528000,0.696678
33.456000,3209.808000,0.687510
38.704000,2604.976000,1.516483
30.832000,1396.624000,1.113844
26.896000,2503.952000,1.504277
20.336000,2829.328000,1.168488
24.272000,2749.296000,0.767541
21.648000,2221.872000,0.762610
38.704000,1198.512000,0.658509
38.704000,1083.056000,0.825349
34.768000,612.048000,1.446107
33.456000,1376.944000,0.919400
38.704000,1104.048000,0.949875
16.400000,399.504000,0.671188
28.208000,1312.656000,0.910065
1.968000,1420.240000,1.068528
3.280000,106.928000,0.766272
5.904000,184.336000,1.128803
8.528000,3212.432000,0.928778
26.896000,2585.296000,0.949071
36.080000,799.664000,1.174008
8.528000,1344.144000,0.791338
38.704000,1756.112000,0.903405
24.272000,2885.744000,1.403531
30.832000,2464.592000,1.110920
13.776000,1184.080000,0.873685
3.280000,1828.272000,0.700733
29.520000,656.656000,0.877023
15.088000,3043.184000,1.125988
19.024000,2106.416000,0.831417
13.776000,2103.792000,0.733393
36.080000,3111.408000,1.119253
11.152000,707.824000,1.372050
16.400000,13.776000,0.939217
33.456000,2110.352000,0.712718
3.280000,232.880000,1.100882
7.216000,797.040000,1.040815
25.584000,2914.608000,0.799105
21.648000,2974.960000,1.145422
38.704000,204.016000,0.716066
22.960000,1892.560000,0.757567
19.024000,724.880000,0.936319
16.400000,1149.968000,1.154897
33.456000,1791.536000,0.830732
4.592000,417.872000,0.790018
15.088000,1639.344000,0.740182
33.456000,614.672000,0.703095
36.080000,2479.024000,1.456717
34.768000,1817.776000,1.302381
16.400000,1292.976000,0.775036
7.216000,514.960000,0.990450
29.520000,2259.920000,0.679904
16.400000,2691.568000,2.333810
24.272000,3003.824000,1.218348
16.400000,1435.984000,0.889704
36.080000,2984.144000,0.901015
25.584000,870.512000,0.731847
13.776000,1711.504000,0.693644
9.840000,735.376000,0.808988
0.656000,2986.768000,1.470829
19.024000,2883.120000,0.914387
33.456000,2359.632000,1.138135
16.400000,3036.624000,0.701230
19.024000,58.384000,1.021319
8.528000,1946.352000,1.651600
8.528000,1289.040000,1.121258
17.712000,455.920000,0.939835
15.088000,642.224000,0.841059
30.832000,2593.168000,0.708524
9.840000,982.032000,0.973466
4.592000,470.352000,0.703104
22.960000,2039.504000,0.952029
20.336000,1733.808000,1.025740
19.024000,2784.720000,0.778753
34.768000,113.488000,1.614390
36.080000,2578.736000,0.675772
38.704000,1967.344000,0.659183
24.272000,1085.680000,0.720284
0.656000,1287.728000,0.757070
19.024000,1905.680000,0.724234
9.840000,3089.104000,0.673150
26.896000,1844.016000,0.787186
30.832000,2837.200000,0.727380
4.592000,1854.512000,1.037203
0.656000,2166.768000,1.008911
26.896000,2105.104000,1.340274
29.520000,2972.336000,1.543292
13.776000,1101.424000,0.969634
0.656000,2681.072000,0.692507
5.904000,1059.440000,0.679110
13.776000,1319.216000,0.660396
29.520000,2543.312000,0.737140
38.704000,2995.952000,1.094208
33.456000,978.096000,1.425144
34.768000,1090.928000,0.703714
32.144000,3163.888000,0.889240
12.464000,613.360000,1.078316
15.088000,391.632000,0.918737
16.400000,1492.400000,0.665383
22.960000,2654.832000,0.767421
37.392000,43.952000,0.802154
34.768000,1955.536000,0.750299
11.152000,2527.568000,0.911488
12.464000,1963.408000,0.657807
38.704000,1131.600000,0.803457
4.592000,652.720000,0.709622
4.592000,1926.672000,1.111784
24.272000,1887.312000,0.844843
36.080000,1484.528000,0.818829
19.024000,1828.272000,0.798760
1.968000,3191.440000,0.673291
32.144000,2353.072000,0.908237
19.024000,424.432000,0.712839
37.392000,383.760000,1.466202
12.464000,2311.088000,0.701045
30.832000,2249.424000,0.993143
0.656000,1686.576000,0.760418
11.152000,2115.600000,0.687980
21.648000,538.576000,0.773373
12.464000,1792.848000,1.011684
24.272000,2591.856000,1.123356
30.832000,1324.464000,1.319029
24.272000,2583.984000,0.964995
7.216000,3128.464000,0.808803
15.088000,647.472000,0.916057
17.712000,971.536000,0.846143
29.520000,190.896000,0.910747
19.024000,1464.848000,0.714468
28.208000,1294.288000,0.715057
17.712000,1227.376000,0.736545
22.960000,2321.584000,0.810093
30.832000,106.928000,2.262716
34.768000,404.752000,0.922617
20.336000,972.848000,1.058826
1.968000,2643.024000,0.732648
32.144000,2202.192000,1.010963
24.272000,1.968000,0.772088
17.712000,2776.848000,0.683926
13.776000,1142.096000,0.959682
38.704000,2860.816000,1.045499
19.024000,446.736000,0.849063
24.272000,2741.424000,0.837734
9.840000,1466.160000,1.068859
37.392000,1588.176000,1.550431
7.216000,358.832000,0.807333
22.960000,183.024000,0.785242
16.400000,3120.592000,0.715673
15.088000,2515.760000,0.720517
30.832000,305.040000,0.817239
0.656000,2173.328000,0.876168
11.152000,2905.424000,0.848601
21.648000,8.528000,0.854149
11.152000,2195.632000,0.752463
13.776000,2804.400000,0.883042
16.400000,2078.864000,0.706923
28.208000,123.984000,0.667506
13.776000,974.160000,0.953442
37.392000,2333.392000,0.705039
26.896000,2469.840000,1.468620
25.584000,2591.856000,0.968485
8.528000,1771.856000,0.859163
5.904000,1862.384000,0.847066
37.392000,1212.944000,0.714814
38.704000,835.088000,0.688305
17.712000,2918.544000,1.112389
28.208000,2416.048000,0.911972
7.216000,2593.168000,1.066671
24.272000,1727.248000,0.922773
12.464000,789.168000,1.676714
25.584000,2253.360000,0.765434
12.464000,2270.416000,0.700379
24.272000,1438.608000,1.680004
22.960000,2488.208000,0.901193
37.392000,1140.784000,0.734853
8.528000,2510.512000,0.837425
30.832000,2574.800000,1.453575
12.464000,2539.376000,0.720590
26.896000,2965.776000,1.316108
7.216000,3177.008000,1.304861
33.456000,1883.376000,0.896879
11.152000,1491.088000,0.807036
19.024000,1927.984000,0.766528
12.464000,1996.208000,0.735952
7.216000,2717.808000,0.677002
33.456000,2539.376000,0.879707
5.904000,395.568000,0.663950
12.464000,3135.024000,0.801671
5.904000,420.496000,0.702796
12.464000,1571.120000,0.839650
29.520000,2665.328000,1.091595
1.968000,12.464000,0.914745
29.520000,2964.464000,0.677685
36.080000,602.864000,0.707294
9.840000,1432.048000,0.741715
37.392000,2151.024000,1.153247
3.280000,2286.160000,0.765199
7.216000,3087.792000,0.893552
1.968000,748.496000,0.680577
9.840000,852.144000,0.686485
21.648000,2342.576000,0.692703
25.584000,1432.048000,1.654676
34.768000,2043.440000,0.916798
32.144000,354.896000,0.808017
5.904000,1412.368000,1.218366
7.216000,1884.688000,0.686603
15.088000,295.856000,1.142858
32.144000,2191.696000,0.757706
30.832000,1394.000000,1.364159
38.704000,406.064000,1.461441
26.896000,1884.688000,0.916291
24.272000,1547.504000,0.844791
1.968000,2835.888000,0.751030
24.272000,1033.200000,0.759218
16.400000,2465.904000,0.812596
34.768000,2576.112000,0.739685
4.592000,1596.048000,0.659619
24.272000,2010.640000,0.729775
28.208000,1125.040000,0.670401
4.592000,1782.352000,0.941553
0.656000,2480.336000,0.720802
32.144000,1939.792000,1.024483
38.704000,1132.912000,1.059220
7.216000,3209.808000,0.978617
22.960000,2788.656000,0.920352
37.392000,1641.968000,0.768599
29.520000,2149.712000,0.852448
15.088000,636.976000,0.696737
13.776000,1496.336000,1.185828
22.960000,490.032000,0.796606
12.464000,2400.304000,1.028193
0.656000,3026.128000,0.824871
33.456000,1927.984000,0.819922
3.280000,723.568000,0.865536
33.456000,1167.024000,0.855840
9.840000,1618.352000,0.714207
38.704000,3043.184000,0.719004
17.712000,1265.424000,0.912849
21.648000,1001.712000,0.745809
7.216000,2378.000000,1.042741
17.712000,2437.040000,0.742974
8.528000,1634.096000,0.930492
4.592000,2612.848000,0.790364
38.704000,2606.288000,0.751200
36.080000,764.240000,1.231598
19.024000,2648.272000,1.145119
38.704000,618.608000,2.527565
11.152000,2265.168000,0.746459
16.400000,1090.928000,1.009924
29.520000,2906.736000,0.905125
29.520000,1748.240000,0.870954
3.280000,1066.000000,1.272398
5.904000,371.952000,0.663648
20.336000,356.208000,1.303720
16.400000,2034.256000,1.511900
13.776000,2985.456000,0.683176
0.656000,722.256000,1.729714
32.144000,1030.576000,1.047340
8.528000,1666.896000,0.670482
0.656000,1895.184000,1.411588
0.656000,152.848000,0.698135
19.024000,1564.560000,0.822046
7.216000,7.216000,1.111631
19.024000,1021.392000,1.483458
12.464000,337.840000,0.723954
1.968000,1000.400000,0.745551
21.648000,2279.600000,1.031916
16.400000,2326.832000,1.088883
11.152000,1163.088000,0.747193
0.656000,226.320000,1.174157
13.776000,92.496000,1.301619
12.464000,362.768000,0.658553
12.464000,2391.120000,1.346384
34.768000,928.240000,1.119860
29.520000,1421.552000,1.143273
3.280000,3204.560000,0.749089
5.904000,2536.752000,1.351037
12.464000,1147.344000,0.824354
12.464000,543.824000,1.707397
26.896000,2338.640000,1.114550
12.464000,869.200000,1.485474
9.840000,1069.936000,0.844341
5.904000,2810.960000,0.964310
0.656000,3086.480000,0.694155
12.464000,1003.024000,0.713988
20.336000,545.136000,1.045344
19.024000,2590.544000,1.274207
12.464000,495.280000,0.997639
33.456000,3180.944000,2.158594
24.272000,560.880000,1.293302
7.216000,2391.120000,0.902939
7.216000,1546.192000,1.215188
16.400000,2795.216000,2.616224
26.896000,2572.176000,0.871221
33.456000,2038.192000,1.372258
7.216000,1426.800000,1.170931
17.712000,500.528000,1.692011
16.400000,2312.400000,0.852719
12.464000,1849.264000,1.160503
15.088000,1975.216000,1.743880
36.080000,1241.808000,1.151050
4.592000,2254.672000,0.809785
0.656000,1994.896000,1.134002
3.280000,2601.040000,1.267972
5.904000,2015.888000,0.947878
37.392000,833.776000,0.849773
28.208000,566.128000,1.634556
24.272000,1862.384000,0.969186
38.704000,2593.168000,1.251691
22.960000,1396.624000,2.027371
28.208000,449.360000,0.976151
7.216000,9.840000,1.796147
24.272000,1628.848000,1.020981
8.528000,2555.120000,0.700142
24.272000,326.032000,1.370699
30.832000,474.288000,0.774957
34.768000,1453.040000,0.917255
17.712000,1552.752000,0.821779
20.336000,1826.960000,1.821162
3.280000,62.320000,0.849645
7.216000,991.216000,0.809498
37.392000,601.552000,0.664976
36.080000,2396.368000,0.733590
9.840000,1922.736000,0.700222
24.272000,1611.792000,0.887724
21.648000,2866.064000,0.990726
34.768000,2606.288000,1.251158
7.216000,2336.016000,1.941690
24.272000,2940.848000,0.970491
4.592000,54.448000,0.714758
26.896000,1022.704000,0.734314
19.024000,29.520000,0.753675
37.392000,2597.104000,0.690226
8.528000,2932.976000,1.110590
11.152000,1899.120000,0.660381
5.904000,1719.376000,1.861343
11.152000,50.512000,0.827230
9.840000,434.928000,1.014068
25.584000,2303.216000,0.964669
30.832000,2800.464000,0.988200
3.280000,1480.592000,0.732976
15.088000,1310.032000,0.803107
30.832000,2732.240000,0.857585
4.592000,646.160000,0.721622
15.088000,416.560000,0.672713
33.456000,1066.000000,0.853806
29.520000,476.912000,0.945469
17.712000,2951.344000,0.936991
33.456000,1064.688000,1.684929
29.520000,1849.264000,0.815312
33.456000,1212.944000,0.901530
15.088000,1289.040000,0.818038
12.464000,3152.080000,0.664635
9.840000,2345.200000,1.176043
0.656000,1640.656000,1.482733
38.704000,2015.888000,0.851078
28.208000,2902.800000,0.921544
8.528000,458.544000,1.070001
13.776000,2017.200000,1.482119
12.464000,1059.440000,0.904101
0.656000,543.824000,1.298882
36.080000,1152.592000,0.732311
29.520000,633.040000,0.689506
25.584000,1125.040000,0.691840
15.088000,2266.480000,0.836060
12.464000,3153.392000,0.687502
5.904000,2287.472000,1.186504
8.528000,1529.136000,2.173144
28.208000,2107.728000,1.215839
26.896000,2615.472000,0.758575
21.648000,1438.608000,0.808311
19.024000,466.416000,0.656726
0.656000,1491.088000,0.942857
15.088000,1118.480000,0.736831
4.592000,2479.024000,0.832944
29.520000,3074.672000,1.036808
11.152000,1435.984000,0.906724
12.464000,1796.784000,1.085398
28.208000,642.224000,1.801852
37.392000,1000.400000,0.740816
16.400000,476.912000,1.351658
28.208000,1159.152000,0.865652
7.216000,2447.536000,0.656833
29.520000,2573.488000,1.092845
30.832000,2141.840000,1.315596
20.336000,2646.960000,0.876206
21.648000,917.744000,0.724385
38.704000,1535.696000,1.024722
21.648000,240.752000,1.298005
28.208000,1959.472000,2.197155
0.656000,2371.440000,0.693479
36.080000,730.128000,2.181037
29.520000,2169.392000,1.060872
28.208000,1543.568000,0.698339
33.456000,2994.640000,1.242228
3.280000,2051.312000,1.017536
25.584000,1241.808000,0.699741
25.584000,3062.864000,0.780568
13.776000,677.648000,0.761433
1.968000,762.928000,0.823122
29.520000,2400.304000,0.835798
17.712000,1093.552000,1.503623
12.464000,2307.152000,1.130084
13.776000,1135.536000,0.756081
36.080000,970.224000,0.759633
29.520000,3007.760000,2.045572
34.768000,1698.384000,0.969814
4.592000,2061.808000,0.757967
7.216000,2073.616000,1.799111
12.464000,2354.384000,0.807858
29.520000,3167.824000,1.166067
12.464000,1205.072000,0.667571
21.648000,15.088000,0.993049
9.840000,1441.232000,1.015854
1.968000,1123.728000,0.875844
22.960000,2141.840000,0.992863
36.080000,2577.424000,0.739017
17.712000,12.464000,0.733504
19.024000,2430.480000,0.675402
37.392000,350.960000,0.973962
17.712000,2893.616000,0.807911
17.712000,335.216000,2.021453
21.648000,2143.152000,0.851915
20.336000,1895.184000,0.889677
9.840000,442.800000,0.766173
3.280000,1561.936000,1.970364
5.904000,2482.960000,0.751362
29.520000,1638.032000,1.159200
1.968000,333.904000,0.666827
15.088000,3048.432000,0.688429
25.584000,1997.520000,0.710737
33.456000,3034.000000,1.004848
38.704000,2246.800000,0.782374
29.520000,193.520000,0.817219
29.520000,175.152000,0.668710
20.336000,2338.640000,0.911426
34.768000,2851.632000,1.371726
22.960000,1872.880000,1.039324
1.968000,1665.584000,1.065003
33.456000,2166.768000,1.133067
22.960000,794.416000,0.801581
0.656000,1615.728000,0.744217
0.656000,1324.464000,1.739960
22.960000,1910.928000,0.766632
12.464000,2906.736000,1.236254
25.584000,1261.488000,0.692437
1.968000,158.096000,0.679348
20.336000,2985.456000,0.664986
33.456000,566.128000,1.275349
21.648000,97.744000,0.676784
3.280000,2013.264000,0.750725
11.152000,1943.728000,0.665890
29.520000,472.976000,0.762766
0.656000,974.160000,0.789155
34.768000,1346.768000,0.713297
16.400000,2032.944000,0.671825
26.896000,82.000000,0.925511
17.712000,2707.312000,0.706694
3.280000,1359.888000,0.847812
32.144000,3037.936000,0.899581
30.832000,749.808000,0.774391
8.528000,2038.192000,0.945115
9.840000,160.720000,2.736434
16.400000,1131.600000,1.465747
36.080000,668.464000,0.657418
21.648000,1197.200000,0.702506
7.216000,2480.336000,0.753553
16.400000,2820.144000,0.664757
12.464000,2817.520000,0.919900
37.392000,2194.320000,0.887626
38.704000,857.392000,0.782849
21.648000,7.216000,1.236324
38.704000,2873.936000,0.716340
5.904000,2002.768000,0.670666
0.656000,558.256000,0.669676
34.768000,1405.808000,0.912254
3.280000,542.512000,1.098813
30.832000,1935.856000,1.347398
38.704000,943.984000,0.659161
38.704000,446.736000,1.116907
4.592000,1488.464000,0.728528
33.456000,921.680000,0.683085
5.904000,142.352000,0.722820
21.648000,1059.440000,1.018259
36.080000,2025.072000,0.744847
37.392000,1865.008000,0.887098
29.520000,612.048000,0.703136
8.528000,2468.528000,0.832625
24.272000,2862.128000,1.488470
21.648000,375.888000,1.065028
20.336000,833.776000,0.910729
11.152000,1613.104000,0.818205
17.712000,1413.680000,0.873578
11.152000,280.112000,0.811631
19.024000,59.696000,0.800201
17.712000,3215.056000,1.385526
11.152000,2362.256000,0.750322
26.896000,2392.432000,0.791727
25.584000,2586.608000,0.774011
4.592000,1456.976000,0.669973
34.768000,2238.928000,1.626918
20.336000,2532.816000,0.977744
26.896000,433.616000,1.487095
33.456000,2795.216000,0.791286
9.840000,2915.920000,0.926230
26.896000,356.208000,0.659385
11.152000,1386.128000,0.770266
37.392000,3089.104000,0.754275
33.456000,293.232000,1.035705
29.520000,1728.560000,0.779231
34.768000,2669.264000,1.187271
34.768000,70.192000,0.686168
24.272000,2565.616000,0.661649
1.968000,1449.104000,1.522677
34.768000,232.880000,1.057570
9.840000,596.304000,1.193174
24.272000,322.096000,0.920127
15.088000,604.176000,1.068139
0.656000,2346.512000,0.907981
13.776000,1722.000000,0.767528
32.144000,2791.280000,0.746445
24.272000,3014.320000,0.708534
25.584000,1816.464000,1.121663
38.704000,109.552000,0.931637
8.528000,1266.736000,0.894217
25.584000,1164.400000,0.691249
26.896000,385.072000,0.717679
36.080000,2846.384000,0.744357
8.528000,2562.992000,0.671633
22.960000,3022.192000,1.371701
34.768000,2290.096000,1.028281
17.712000,2911.984000,0.864709
5.904000,3075.984000,0.777729
24.272000,2354.384000,1.128711
36.080000,654.032000,2.046613
16.400000,1628.848000,0.995931
24.272000,2652.208000,1.052604
26.896000,698.640000,0.771134
34.768000,922.992000,0.750507
28.208000,3108.784000,0.974231
0.656000,1373.008000,1.065417
19.024000,1122.416000,0.822742
0.656000,2174.640000,1.478073
9.840000,3069.424000,0.775564
13.776000,3024.816000,0.923218
24.272000,3079.920000,1.509065
38.704000,3102.224000,1.205846
21.648000,2734.864000,1.013618
30.832000,2103.792000,1.053835
13.776000,147.600000,0.680324
1.968000,1989.648000,1.010639
9.840000,2784.720000,0.735050
36.080000,126.608000,1.202099
5.904000,2397.680000,1.166807
17.712000,2943.472000,0.819908
16.400000,2315.024000,0.830544
29.520000,1920.112000,0.675692
24.272000,2889.680000,0.672632
28.208000,2122.160000,0.903980
22.960000,2469.840000,1.170425
30.832000,482.160000,1.058256
36.080000,819.344000,1.062273
28.208000,1758.736000,1.012181
20.336000,1337.584000,1.310382
25.584000,1939.792000,0.744523
34.768000,3102.224000,1.084747
34.768000,1086.992000,1.343153
37.392000,1673.456000,0.965135
12.464000,1732.496000,0.963099
7.216000,2734.864000,1.036644
4.592000,3208.496000,1.102962
16.400000,1236.560000,0.669621
21.648000,1127.664000,0.935613
19.024000,2494.768000,1.059007
28.208000,1045.008000,0.899793
8.528000,1850.576000,0.961540
34.768000,3094.352000,1.124475
3.280000,2813.584000,1.003519
28.208000,1205.072000,1.273891
29.520000,331.280000,1.019363
36.080000,1037.136000,1.124613
26.896000,1387.440000,1.122995
22.960000,705.200000,0.943201
32.144000,82.000000,0.993714
26.896000,54.448000,1.202487
7.216000,1411.056000,0.706972
7.216000,2179.888000,0.671930
33.456000,1622.288000,1.352426
12.464000,2143.152000,0.843445
4.592000,1948.976000,0.732270
24.272000,2282.224000,0.819603
7.216000,349.648000,0.729287
20.336000,55.760000,0.680333
34.768000,2961.840000,0.904911
15.088000,1948.976000,1.746537
11.152000,1270.672000,0.781357
37.392000,905.936000,1.129200
36.080000,2234.992000,0.662538
13.776000,1912.240000,0.767147
28.208000,2347.824000,1.092813
21.648000,2753.232000,1.516965
26.896000,164.656000,0.893673
15.088000,205.328000,0.782170
17.712000,1042.384000,1.423316
13.776000,1236.560000,0.792017
5.904000,2669.264000,1.390286
16.400000,526.768000,0.899058
38.704000,155.472000,0.728070
5.904000,799.664000,0.791392
0.656000,707.824000,1.089871
21.648000,3075.984000,0.786478
9.840000,2379.312000,1.396074
4.592000,2212.688000,0.746375
34.768000,188.272000,0.856892
24.272000,470.352000,0.728589
36.080000,1239.184000,0.778798
13.776000,3062.864000,0.739471
4.592000,1836.144000,1.183116
5.904000,2467.216000,1.179367
30.832000,1239.184000,0.681015
21.648000,2715.184000,1.610509
8.528000,3211.120000,0.863376
32.144000,1443.856000,0.837405
0.656000,840.336000,1.322419
11.152000,3009.072000,0.807505
17.712000,2093.296000,0.818790
38.704000,2673.200000,1.092367
32.144000,2301.904000,0.903521
9.840000,1391.376000,0.660953
12.464000,1085.680000,0.670012
9.840000,2573.488000,1.128093
37.392000,1396.624000,1.325653
28.208000,647.472000,0.871472
13.776000,2729.616000,1.422124
16.400000,3196.688000,1.004213
26.896000,63.632000,1.104963
9.840000,2010.640000,0.931473
19.024000,1701.008000,1.241956
17.712000,900.688000,0.690694
4.592000,2884.432000,0.783554
15.088000,3099.600000,1.638292
8.528000,1947.664000,0.884385
7.216000,1160.464000,0.780786
15.088000,2447.536000,0.975512
28.208000,2078.864000,1.024154
17.712000,1292.976000,0.785489
17.712000,1239.184000,1.654047
11.152000,991.216000,1.018580
30.832000,3030.064000,0.905435
20.336000,2610.224000,0.818851
8.528000,2965.776000,0.938564
34.768000,776.048000,0.719910
24.272000,2761.104000,1.179804
22.960000,711.760000,0.750829
4.592000,610.736000,0.721411
5.904000,2719.120000,0.979274
3.280000,3060.240000,1.054595
33.456000,912.496000,0.727657
17.712000,726.192000,0.994020
16.400000,329.968000,1.150018
20.336000,3167.824000,1.370870
9.840000,1403.184000,0.819518
29.520000,521.520000,0.817241
8.528000,1387.440000,0.759727
33.456000,1439.920000,0.849585
17.712000,1140.784000,0.832550
16.400000,1859.760000,1.200270
13.776000,1997.520000,0.953724
0.656000,2925.104000,0.661744
3.280000,2825.392000,0.856531
13.776000,2717.808000,0.812003
9.840000,1020.080000,0.725949
22.960000,1959.472000,0.874863
26.896000,2217.936000,0.675388
1.968000,2678.448000,0.790753
29.520000,2372.752000,1.149470
5.904000,2562.992000,0.792279
11.152000,553.008000,0.730353
30.832000,3103.536000,0.698035
20.336000,446.736000,1.053050
19.024000,2189.072000,1.140696
32.144000,2044.752000,1.127836
11.152000,706.512000,0.793468
13.776000,3145.520000,1.137190
17.712000,905.936000,0.658832
9.840000,1687.888000,1.004786
28.208000,2292.720000,0.675949
16.400000,2482.960000,0.720001
4.592000,2925.104000,0.669419
30.832000,1575.056000,0.670907
0.656000,932.176000,0.853853
26.896000,1128.976000,1.388522
32.144000,3198.000000,0.692647
30.832000,2027.696000,0.972663
30.832000,1941.104000,1.627353
4.592000,97.744000,1.040196
28.208000,1989.648000,0.975015
13.776000,903.312000,0.756856
37.392000,206.640000,1.903886
38.704000,1910.928000,1.125478
22.960000,2948.720000,0.733060
36.080000,257.808000,0.680682
17.712000,1323.152000,0.678201
29.520000,895.440000,1.492168
3.280000,2010.640000,0.771338
33.456000,1106.672000,0.705588
30.832000,545.136000,2.230888
7.216000,667.152000,0.763905
16.400000,2573.488000,0.723229
17.712000,989.904000,1.104348
9.840000,1519.952000,0.778039
20.336000,2342.576000,2.152650
9.840000,964.976000,0.964472
29.520000,1341.520000,0.697527
37.392000,1694.448000,0.978895
5.904000,783.920000,1.221759
7.216000,741.936000,0.787993
9.840000,1003.024000,1.463982
16.400000,849.520000,0.853924
33.456000,1613.104000,1.015836
12.464000,718.320000,2.512291
28.208000,1967.344000,1.262232
0.656000,179.088000,0.750492
26.896000,2622.032000,0.703376
32.144000,406.064000,1.429126
4.592000,558.256000,0.945646
20.336000,2032.944000,0.861526
38.704000,2139.216000,0.924160
3.280000,1921.424000,0.842179
21.648000,738.000000,1.008242
28.208000,3161.264000,1.423616
12.464000,1794.160000,0.685817
8.528000,1741.680000,1.795634
29.520000,2560.368000,0.976295
5.904000,2064.432000,1.226071
34.768000,672.400000,0.870566
11.152000,2522.320000,1.034504
4.592000,8.528000,1.639698
34.768000,467.728000,0.722761
7.216000,2011.952000,1.046325
16.400000,1138.160000,1.381474
36.080000,135.792000,0.964707
7.216000,1470.096000,0.755724
33.456000,741.936000,1.058060
38.704000,1883.376000,0.746126
13.776000,1477.968000,1.146073
16.400000,1241.808000,0.774024
24.272000,423.120000,0.784186
29.520000,1912.240000,0.686504
1.968000,2974.960000,0.875499
25.584000,2858.192000,1.134170
20.336000,2311.088000,0.726025
19.024000,1228.688000,0.714689
11.152000,2607.600000,0.675679
1.968000,2347.824000,0.730805
4.592000,905.936000,0.902198
33.456000,1146.032000,0.943837
38.704000,175.152000,1.592572
13.776000,900.688000,0.776448
26.896000,2116.912000,1.439876
15.088000,2646.960000,0.997695
37.392000,1102.736000,0.964421
32.144000,3043.184000,1.357321
30.832000,398.192000,1.026754
33.456000,2438.352000,1.898412
19.024000,1706.256000,0.774638
7.216000,113.488000,0.744980
17.712000,2515.760000,0.746467
1.968000,1544.880000,1.438807
4.592000,2906.736000,1.242151
33.456000,1114.544000,0.772782
3.280000,1185.392000,1.408243
7.216000,2401.616000,0.738702
7.216000,654.032000,0.694020
8.528000,433.616000,1.064347
5.904000,953.168000,1.522285
0.656000,2299.280000,0.743282
3.280000,3044.496000,0.868260
12.464000,74.128000,0.836742
15.088000,2072.304000,0.730983
12.464000,2140.528000,1.025495
3.280000,694.704000,0.834224
36.080000,724.880000,1.211827
11.152000,3114.032000,0.699140
21.648000,1076.496000,0.910740
29.520000,1471.408000,0.925440
28.208000,2464.592000,0.877969
15.088000,3053.680000,1.014795
8.528000,2586.608000,0.941532
11.152000,609.424000,0.750213
15.088000,2372.752000,0.828361
37.392000,3154.704000,0.796415
15.088000,3167.824000,0.898358
15.088000,242.064000,1.209355
25.584000,1191.952000,1.408640
37.392000,482.160000,0.973751
13.776000,1844.016000,0.862446
17.712000,2297.968000,1.384317
29.520000,2168.080000,1.392642
21.648000,2426.544000,0.876808
9.840000,1014.832000,0.983546
8.528000,1655.088000,0.689554
3.280000,2863.440000,0.999070
4.592000,2953.968000,0.683196
26.896000,1243.120000,0.677198
5.904000,2993.328000,1.468536
12.464000,591.056000,1.025450
7.216000,1984.400000,0.830251
20.336000,758.992000,0.900782
3.280000,1336.272000,0.762975
8.528000,1345.456000,0.919535
16.400000,2325.520000,0.822272
0.656000,1925.360000,0.676781
28.208000,2074.928000,0.819600
15.088000,2371.440000,1.100385
22.960000,154.160000,0.733581
0.656000,1088.304000,1.205619
30.832000,2879.184000,1.545527
21.648000,2778.160000,0.686517
37.392000,1727.248000,2.035954
33.456000,524.144000,0.688300
21.648000,2607.600000,0.848702
24.272000,2930.352000,0.726972
0.656000,1031.888000,1.025456
3.280000,78.064000,0.701175
28.208000,1222.128000,1.125103
25.584000,1505.520000,0.883220
7.216000,647.472000,1.294251
7.216000,1683.952000,0.688402
8.528000,1509.456000,1.455096
37.392000,1460.912000,1.241376
3.280000,2173.328000,0.681536
7.216000,2556.432000,0.698911
8.528000,1026.640000,0.743892
24.272000,1533.072000,0.943334
3.280000,2464.592000,0.827679
7.216000,1844.016000,0.867194
9.840000,1261.488000,0.854920
26.896000,2889.680000,0.741884
26.896000,2393.744000,0.656853
36.080000,266.992000,0.860775
32.144000,949.232000,0.805173
20.336000,2408.176000,0.684087
7.216000,1929.296000,1.059161
13.776000,3039.248000,0.752103
20.336000,339.152000,0.824545
11.152000,626.480000,1.066254
25.584000,2939.536000,1.003345
38.704000,740.624000,1.060707
20.336000,1513.392000,0.697272
0.656000,2196.944000,0.681658
9.840000,2775.536000,0.749395
9.840000,904.624000,0.946226
3.280000,1006.960000,0.884555
24.272000,3094.352000,0.735635
21.648000,1724.624000,0.880167
19.024000,3003.824000,0.812361
13.776000,2080.176000,0.857657
30.832000,2793.904000,0.728591
11.152000,1626.224000,1.400465
17.712000,1069.936000,0.883472
5.904000,1732.496000,0.709563
5.904000,2729.616000,0.820472
25.584000,2468.528000,1.669295
37.392000,1068.624000,0.671981
8.528000,1518.640000,0.793902
16.400000,1127.664000,0.692163
36.080000,2851.632000,0.828765
32.144000,1090.928000,0.864334
17.712000,1666.896000,1.311001
3.280000,289.296000,1.212707
22.960000,1571.120000,0.925044
7.216000,246.000000,0.886629
13.776000,650.096000,0.659078
9.840000,470.352000,0.689356
24.272000,2624.656000,1.106680
30.832000,2664.016000,0.735422
33.456000,1105.360000,0.660609
13.776000,420.496000,0.656454
22.960000,1211.632000,1.119035
5.904000,1770.544000,0.789381
34.768000,3208.496000,0.736007
25.584000,2391.120000,1.105087
30.832000,541.200000,1.014095
7.216000,3014.320000,0.753675
37.392000,3065.488000,0.824286
29.520000,2909.360000,0.712117
0.656000,2518.384000,1.551693
38.704000,2255.984000,0.723369
11.152000,417.872000,1.018509
11.152000,765.552000,0.854641
13.776000,2301.904000,1.793451
12.464000,3112.720000,0.992590
7.216000,702.576000,0.835581
21.648000,204.016000,0.825744
4.592000,2930.352000,0.937863
28.208000,677.648000,0.911308
17.712000,158.096000,0.833641
26.896000,2921.168000,2.069005
5.904000,2309.776000,1.293693
3.280000,1883.376000,0.996575
32.144000,2467.216000,0.751900
36.080000,1223.440000,0.688442
22.960000,1348.080000,0.901273
19.024000,930.864000,1.231534
20.336000,1456.976000,1.077393
21.648000,1964.720000,1.013840
26.896000,378.512000,0.738037
26.896000,3053.680000,0.819172
0.656000,2762.416000,0.947879
22.960000,614.672000,0.723123
22.960000,1185.392000,0.671952
3.280000,2699.440000,0.715995
36.080000,2157.584000,0.839616
15.088000,3198.000000,1.578641
21.648000,1834.832000,0.842034
8.528000,340.464000,1.024567
7.216000,3222.928000,0.760159
26.896000,3209.808000,1.351569
16.400000,2539.376000,0.730494
25.584000,2387.184000,0.716203
28.208000,2315.024000,0.662066
17.712000,1281.168000,0.808304
0.656000,2594.480000,0.808922
9.840000,2141.840000,0.679145
26.896000,3183.568000,0.945288
20.336000,1983.088000,0.701119
16.400000,2198.256000,0.863814
17.712000,2804.400000,0.748334
13.776000,2211.376000,1.187384
29.520000,2014.576000,1.401671
26.896000,469.040000,0.871930
7.216000,2909.360000,0.755843
26.896000,2813.584000,0.706602
7.216000,983.344000,0.697748
33.456000,169.904000,1.200344
19.024000,1324.464000,1.792786
29.520000,1631.472000,0.838917
0.656000,2481.648000,0.888126
36.080000,2616.784000,0.694599
28.208000,1966.032000,1.094004
16.400000,1677.392000,0.751099
13.776000,1262.800000,1.400127
26.896000,1442.544000,1.337727
37.392000,1206.384000,1.665857
22.960000,2519.696000,0.852131
30.832000,791.792000,0.662485
12.464000,2953.968000,1.276167
38.704000,2253.360000,0.833399
9.840000,776.048000,0.672679
19.024000,1038.448000,0.857031
25.584000,2723.056000,1.075594
26.896000,36.080000,2.500757
4.592000,1964.720000,0.699803
16.400000,2547.248000,0.766523
8.528000,227.632000,1.379856
19.024000,541.200000,0.758337
29.520000,605.488000,1.086994
7.216000,2841.136000,1.131655
29.520000,1548.816000,0.739402
24.272000,1481.904000,0.818131
19.024000,2082.800000,0.676851
24.272000,2372.752000,0.737784
25.584000,2766.352000,1.132143
0.656000,1076.496000,1.302215
7.216000,3121.904000,1.407952
34.768000,794.416000,0.980591
25.584000,176.464000,0.931426
17.712000,1981.776000,0.841251
29.520000,2389.808000,0.866373
12.464000,3177.008000,0.950765
20.336000,608.112000,0.739177
3.280000,281.424000,0.663329
22.960000,643.536000,0.926918
30.832000,1614.416000,0.789280
5.904000,165.968000,1.461138
33.456000,3013.008000,1.286559
36.080000,2963.152000,0.665576
16.400000,2494.768000,2.176079
4.592000,2623.344000,0.672137
13.776000,1203.760000,0.944532
7.216000,2278.288000,1.104625
21.648000,971.536000,0.925738
0.656000,2636.464000,1.073090
37.392000,689.456000,0.738908
0.656000,2904.112000,0.787619
13.776000,954.480000,0.712928
32.144000,2166.768000,1.588032
33.456000,298.480000,1.044370
16.400000,375.888000,1.236042
16.400000,3.280000,0.734369
36.080000,866.576000,1.037452
4.592000,1638.032000,1.099286
32.144000,3034.000000,1.144553
12.464000,1134.224000,0.856921
20.336000,2988.080000,0.907693
34.768000,2438.352000,1.470866
38.704000,131.856000,0.772111
12.464000,3027.440000,0.885466
32.144000,1960.784000,0.770254
0.656000,1735.120000,0.868778
4.592000,547.760000,0.990842
11.152000,364.080000,1.054267
26.896000,228.944000,1.072368
3.280000,692.080000,0.876853
32.144000,739.312000,1.493790
17.712000,2551.184000,0.718837
12.464000,938.736000,0.909232
20.336000,1677.392000,0.716980
1.968000,2505.264000,0.737780
30.832000,3062.864000,1.365838
7.216000,1282.480000,1.299197
19.024000,2053.936000,1.274011
36.080000,1739.056000,0.707133
7.216000,2868.688000,0.711494
4.592000,566.128000,1.741441
8.528000,1682.640000,0.661560
11.152000,643.536000,0.902829
24.272000,152.848000,1.356132
34.768000,2421.296000,0.953465
11.152000,2295.344000,0.946097
32.144000,2725.680000,0.700482
30.832000,2807.024000,0.732308
30.832000,2935.600000,0.728950
0.656000,2200.880000,1.167581
22.960000,101.680000,0.884911
15.088000,2133.968000,0.731242
29.520000,2625.968000,1.181194
36.080000,2944.784000,0.798579
30.832000,2653.520000,1.001484
0.656000,2649.584000,0.928464
38.704000,1647.216000,0.661370
24.272000,940.048000,0.829151
20.336000,2114.288000,0.751415
16.400000,1123.728000,1.302235
4.592000,2542.000000,0.735403
37.392000,430.992000,0.911030
8.528000,2333.392000,0.783689
30.832000,605.488000,0.845385
37.392000,2661.392000,0.670784
11.152000,3020.880000,0.738819
32.144000,1769.232000,0.974427
24.272000,643.536000,0.828979
19.024000,284.048000,0.886598
28.208000,2397.680000,1.134349
21.648000,1395.312000,1.201535
25.584000,2618.096000,0.678196
9.840000,2305.840000,0.751390
7.216000,2440.976000,0.930534
3.280000,2248.112000,0.796405
7.216000,1445.168000,0.850317
11.152000,2005.392000,0.945616
12.464000,2245.488000,0.963654
38.704000,2040.816000,1.315044
19.024000,1790.224000,0.804587
9.840000,2471.152000,0.690004
3.280000,2115.600000,1.489934
21.648000,2326.832000,0.658234
37.392000,2967.088000,1.222118
37.392000,29.520000,0.686105
32.144000,2712.560000,1.080358
5.904000,1638.032000,0.897087
8.528000,362.768000,0.719732
34.768000,2824.080000,0.659130
