37.392000,3026.128000,1.217339
38.704000,1038.448000,0.974163
5.904000,3144.208000,1.044488
22.960000,2490.832000,0.859498
19.024000,2843.760000,0.951332
5.904000,2990.704000,0.785391
0.656000,3087.792000,1.386280
38.704000,400.816000,0.888688
15.088000,3167.824000,1.519453
32.144000,2278.288000,0.756397
13.776000,315.536000,0.677290
12.464000,1551.440000,1.046051
7.216000,2547.248000,0.712383
36.080000,2165.456000,0.741026
30.832000,1123.728000,0.887903
25.584000,1836.144000,0.728939
15.088000,2090.672000,0.727074
20.336000,1146.032000,1.808634
17.712000,2085.424000,0.733875
19.024000,2685.008000,0.917377
9.840000,2097.232000,0.786567
34.768000,758.992000,0.978018
11.152000,583.184000,0.839128
33.456000,3090.416000,0.723281
30.832000,3217.680000,1.213426
19.024000,1159.152000,0.761514
38.704000,537.264000,0.851777
36.080000,2658.768000,0.768740
13.776000,3201.936000,0.914735
13.776000,1114.544000,0.754814
11.152000,1859.760000,1.309355
9.840000,2876.560000,0.817336
38.704000,2140.528000,0.799728
8.528000,2538.064000,0.660205
30.832000,2972.336000,0.866181
24.272000,2397.680000,1.136118
15.088000,2870.000000,0.848662
32.144000,1863.696000,0.820976
5.904000,833.776000,1.273110
25.584000,1226.064000,0.971134
20.336000,1170.960000,1.325993
12.464000,633.040000,0.759578
33.456000,235.504000,1.020566
28.208000,420.496000,1.162689
26.896000,2547.248000,0.681337
29.520000,734.064000,0.719533
34.768000,1488.464000,1.270470
0.656000,500.528000,1.190484
13.776000,2572.176000,0.984243
12.464000,1668.208000,0.883032
37.392000,1849.264000,0.817225
30.832000,951.856000,1.502911
19.024000,160.720000,0.660289
26.896000,2025.072000,0.724093
15.088000,2942.160000,0.725213
13.776000,3110.096000,0.670892
7.216000,584.496000,1.323408
32.144000,323.408000,0.698210
13.776000,3083.856000,0.983914
37.392000,2742.736000,1.425848
33.456000,108.240000,0.915227
37.392000,820.656000,0.819661
16.400000,2379.312000,0.843812
24.272000,2639.088000,0.992772
25.584000,2854.256000,1.811515
26.896000,1243.120000,1.744282
0.656000,2873.936000,0.753486
9.840000,2955.280000,1.050403
3.280000,999.088000,0.730950
20.336000,2559.056000,0.746083
33.456000,353.584000,1.065610
36.080000,1138.160000,0.981909
4.592000,3137.648000,1.806137
11.152000,1685.264000,1.292883
20.336000,2867.376000,1.006314
32.144000,1188.016000,0.805940
34.768000,34.768000,2.004510
13.776000,2111.664000,1.925833
29.520000,1937.168000,0.707802
36.080000,1039.760000,1.103458
16.400000,3078.608000,1.027903
37.392000,553.008000,0.685126
9.840000,2792.592000,1.412584
17.712000,1895.184000,1.301296
26.896000,1724.624000,1.075990
30.832000,533.328000,1.016014
12.464000,3196.688000,1.084056
22.960000,1821.712000,0.767113
17.712000,1096.176000,1.438779
37.392000,189.584000,0.890597
9.840000,2046.064000,0.920630
24.272000,1512.080000,0.914049
17.712000,751.120000,0.683766
8.528000,3167.824000,1.621807
15.088000,92.496000,1.166862
9.840000,761.616000,1.083298
34.768000,301.104000,0.694509
20.336000,2577.424000,1.049223
13.776000,2119.536000,0.738983
22.960000,1190.640000,1.463715
28.208000,3196.688000,0.680241
28.208000,3003.824000,0.859245
26.896000,963.664000,1.694481
13.776000,1383.504000,0.789653
22.960000,3019.568000,1.003927
9.840000,2597.104000,0.755382
37.392000,907.248000,0.887883
32.144000,2029.008000,0.760189
12.464000,929.552000,0.967080
1.968000,257.808000,0.754490
36.080000,2704.688000,0.711482
34.768000,1765.296000,1.220944
37.392000,2347.824000,1.362311
38.704000,2288.784000,1.136654
4.592000,861.328000,1.155398
36.080000,2136.592000,0.782497
22.960000,327.344000,0.823258
36.080000,1338.896000,0.699725
1.968000,1657.712000,1.584662
16.400000,3144.208000,0.829907
8.528000,1723.312000,0.872381
38.704000,1985.712000,1.077298
30.832000,911.184000,0.752535
25.584000,3054.992000,1.314728
13.776000,723.568000,1.416155
30.832000,3098.288000,0.776123
8.528000,2586.608000,0.755864
36.080000,1758.736000,0.909208
29.520000,1585.552000,0.794758
7.216000,1966.032000,1.017516
26.896000,281.424000,0.970656
13.776000,840.336000,0.783207
4.592000,1649.840000,1.331999
24.272000,2065.744000,0.911704
33.456000,1584.240000,0.676448
11.152000,398.192000,0.798872
16.400000,2206.128000,0.687037
28.208000,1458.288000,0.660488
17.712000,1786.288000,0.715127
32.144000,3070.736000,0.830632
25.584000,188.272000,0.670428
19.024000,2245.488000,0.868765
12.464000,423.120000,0.955008
30.832000,411.312000,1.412592
9.840000,1930.608000,0.966387
15.088000,410.000000,0.757498
32.144000,3188.816000,1.810775
7.216000,2906.736000,0.791337
28.208000,571.376000,0.928107
15.088000,3048.432000,0.994685
34.768000,2624.656000,0.670994
4.592000,1930.608000,0.666332
34.768000,2199.568000,0.689904
21.648000,2069.680000,0.660090
4.592000,1845.328000,0.720805
25.584000,2193.008000,0.914448
33.456000,907.248000,1.014710
4.592000,2614.160000,1.014468
30.832000,1374.320000,1.269335
29.520000,1455.664000,1.336325
36.080000,1886.000000,1.004495
32.144000,1594.736000,1.248471
29.520000,192.208000,1.117745
5.904000,1498.960000,1.472203
36.080000,1917.488000,0.775709
37.392000,2242.864000,1.048964
16.400000,1025.328000,0.846524
19.024000,324.720000,1.049960
15.088000,619.920000,0.996721
16.400000,1089.616000,2.285021
1.968000,1290.352000,0.981888
9.840000,1386.128000,0.687114
25.584000,2485.584000,0.824537
24.272000,829.840000,1.081597
13.776000,2151.024000,1.152287
37.392000,3039.248000,0.852569
30.832000,1250.992000,0.967251
37.392000,3120.592000,2.231535
33.456000,2274.352000,0.922343
24.272000,2671.888000,1.362983
37.392000,1763.984000,1.112254
36.080000,3167.824000,0.989265
28.208000,1340.208000,1.151080
29.520000,577.936000,0.776426
0.656000,1470.096000,0.952916
3.280000,493.968000,0.926500
25.584000,2742.736000,0.941428
3.280000,37.392000,1.007447
5.904000,955.792000,1.027323
30.832000,2223.184000,0.667654
33.456000,215.824000,0.942197
33.456000,2317.648000,0.910714
38.704000,428.368000,0.809927
26.896000,365.392000,0.755043
12.464000,1118.480000,0.796392
7.216000,12.464000,1.097341
24.272000,563.504000,1.957727
8.528000,1313.968000,0.671920
13.776000,2880.496000,0.943604
29.520000,277.488000,0.968858
34.768000,64.944000,0.949742
32.144000,2186.448000,0.722077
3.280000,2301.904000,0.674263
34.768000,102.992000,0.864916
13.776000,1261.488000,0.741980
8.528000,1951.600000,0.870533
5.904000,3032.688000,0.674987
30.832000,364.080000,1.391662
4.592000,2514.448000,0.923916
34.768000,2461.968000,0.808051
21.648000,1711.504000,0.667391
38.704000,1165.712000,0.716151
26.896000,2553.808000,0.782599
12.464000,3077.296000,0.719966
25.584000,2803.088000,0.666056
28.208000,850.832000,1.068342
8.528000,1084.368000,0.666212
26.896000,1498.960000,0.695415
16.400000,51.824000,1.120841
34.768000,425.744000,0.893475
30.832000,627.792000,0.864194
30.832000,3140.272000,1.185922
36.080000,1089.616000,0.686050
36.080000,2196.944000,0.870668
32.144000,984.656000,0.668068
15.088000,1854.512000,2.590368
12.464000,2480.336000,1.129312
13.776000,612.048000,0.699658
33.456000,1174.896000,1.047511
11.152000,1775.792000,0.700925
12.464000,1148.656000,0.801686
7.216000,2936.912000,1.018033
13.776000,1256.240000,0.826974
11.152000,2063.120000,0.903370
20.336000,2772.912000,0.751139
25.584000,2486.896000,0.671159
7.216000,513.648000,0.968243
0.656000,2309.776000,0.881887
4.592000,1833.520000,0.836763
4.592000,2555.120000,0.822533
30.832000,93.808000,1.024434
13.776000,1004.336000,0.713221
32.144000,2576.112000,0.767131
0.656000,1361.200000,1.112763
21.648000,1531.760000,0.694084
29.520000,1958.160000,0.845026
12.464000,2238.928000,0.766783
25.584000,966.288000,0.914583
8.528000,3146.832000,0.702404
24.272000,2451.472000,0.796624
36.080000,1760.048000,0.845930
5.904000,1188.016000,1.101911
28.208000,777.360000,1.365731
12.464000,282.736000,1.086423
1.968000,2051.312000,0.841952
17.712000,2569.552000,0.718581
8.528000,1463.536000,0.830296
7.216000,2095.920000,1.177751
38.704000,2418.672000,1.406284
3.280000,55.760000,0.751905
7.216000,2379.312000,0.791379
24.272000,303.728000,0.744149
7.216000,545.136000,0.981218
24.272000,1328.400000,0.723075
7.216000,697.328000,1.316171
32.144000,2995.952000,0.907245
8.528000,738.000000,0.724291
30.832000,2059.184000,0.892416
12.464000,347.024000,0.674371
24.272000,3138.960000,0.967239
38.704000,2488.208000,1.017463
21.648000,1568.496000,1.272533
16.400000,307.664000,1.423496
26.896000,1173.584000,0.716226
20.336000,1647.216000,0.948672
24.272000,1117.168000,0.661791
21.648000,78.064000,1.144496
25.584000,1281.168000,1.234409
26.896000,2562.992000,0.661805
19.024000,1459.600000,0.737644
20.336000,1722.000000,1.617472
37.392000,1369.072000,2.097051
3.280000,1147.344000,0.701300
7.216000,3001.200000,0.859140
12.464000,2610.224000,1.162986
16.400000,92.496000,0.711751
30.832000,707.824000,1.038479
11.152000,2080.176000,0.852831
15.088000,70.192000,0.676021
32.144000,221.072000,1.029180
32.144000,2589.232000,1.168542
4.592000,3201.936000,0.720549
22.960000,789.168000,2.486376
16.400000,2964.464000,0.662941
36.080000,87.248000,1.500518
28.208000,1906.992000,1.263665
8.528000,270.928000,1.075524
28.208000,2704.688000,0.909611
21.648000,3079.920000,1.034921
16.400000,3014.320000,1.095237
32.144000,3161.264000,0.719592
4.592000,50.512000,0.688599
34.768000,2498.704000,0.717868
0.656000,878.384000,0.750921
16.400000,1359.888000,0.818357
12.464000,2166.768000,0.748328
26.896000,946.608000,1.014915
29.520000,238.128000,1.285698
1.968000,1955.536000,1.106085
20.336000,487.408000,1.299527
20.336000,2393.744000,1.052421
28.208000,602.864000,1.159671
28.208000,1850.576000,1.072480
1.968000,335.216000,1.016098
29.520000,2775.536000,0.954822
1.968000,832.464000,0.705249
30.832000,530.704000,1.578400
25.584000,1832.208000,1.196703
28.208000,2573.488000,1.021061
33.456000,3074.672000,0.672111
4.592000,1803.344000,1.436399
37.392000,1168.336000,0.696216
15.088000,63.632000,0.788772
26.896000,2643.024000,0.677917
11.152000,2922.480000,0.686495
7.216000,2002.768000,1.344045
34.768000,1542.256000,1.606025
33.456000,3163.888000,2.007432
19.024000,899.376000,0.852923
15.088000,1879.440000,0.788726
4.592000,728.816000,1.225935
28.208000,2123.472000,0.832776
9.840000,1636.720000,1.018114
1.968000,274.864000,0.803560
5.904000,2664.016000,0.671006
32.144000,2249.424000,1.288414
20.336000,205.328000,0.961803
7.216000,2174.640000,0.816692
33.456000,462.480000,0.716602
19.024000,2893.616000,1.098767
9.840000,1312.656000,1.077929
20.336000,2077.552000,1.233415
11.152000,209.264000,0.673189
30.832000,1506.832000,0.781893
29.520000,513.648000,0.900256
26.896000,827.216000,0.823801
25.584000,106.928000,1.060697
29.520000,1973.904000,1.402809
16.400000,158.096000,0.724646
38.704000,1580.304000,0.726804
3.280000,1647.216000,0.933602
7.216000,2089.360000,0.914554
8.528000,1514.704000,1.086984
36.080000,1405.808000,0.906077
12.464000,2055.248000,0.906039
20.336000,2330.768000,0.837861
17.712000,1702.320000,1.620049
26.896000,2854.256000,1.281103
16.400000,2706.000000,0.772736
0.656000,1160.464000,0.741516
13.776000,284.048000,1.079574
32.144000,2719.120000,1.109064
9.840000,2503.952000,0.805875
1.968000,470.352000,0.765440
22.960000,28.208000,0.723253
16.400000,323.408000,1.068878
8.528000,1635.408000,0.690161
16.400000,2961.840000,0.953903
25.584000,1110.608000,1.279855
9.840000,1622.288000,1.187194
30.832000,1130.288000,1.739910
19.024000,779.984000,1.121322
26.896000,3027.440000,1.046526
34.768000,2522.320000,1.351912
9.840000,54.448000,0.689947
22.960000,3069.424000,0.890008
19.024000,1355.952000,0.754560
4.592000,302.416000,1.465747
17.712000,1291.664000,0.771076
37.392000,2825.392000,0.867286
1.968000,1825.648000,0.763002
0.656000,574.000000,1.259157
11.152000,1388.752000,0.914020
17.712000,1303.472000,0.985184
20.336000,2271.728000,1.367650
29.520000,303.728000,0.986592
36.080000,356.208000,0.658890
37.392000,1222.128000,1.352735
3.280000,1519.952000,0.810749
28.208000,2696.816000,0.873637
20.336000,1052.880000,1.250457
3.280000,1232.624000,0.703009
11.152000,1554.064000,0.656539
13.776000,2229.744000,0.879808
36.080000,3153.392000,0.952993
26.896000,3159.952000,0.684671
8.528000,2807.024000,1.369270
25.584000,3072.048000,0.773953
17.712000,844.272000,1.040280
37.392000,2721.744000,1.001556
3.280000,369.328000,0.975625
12.464000,1244.432000,0.672243
9.840000,751.120000,0.718380
3.280000,2967.088000,1.082215
16.400000,3149.456000,0.716948
24.272000,360.144000,0.728346
1.968000,1275.920000,1.306954
33.456000,1509.456000,0.701515
9.840000,364.080000,0.736049
26.896000,2510.512000,1.577179
29.520000,3099.600000,1.319429
38.704000,227.632000,0.740525
9.840000,1298.224000,0.817129
29.520000,1371.696000,1.607533
22.960000,1034.512000,0.782064
37.392000,71.504000,1.184024
5.904000,152.848000,0.873583
12.464000,2328.144000,0.811574
4.592000,715.696000,1.578278
11.152000,122.672000,1.511783
32.144000,1031.888000,0.904560
24.272000,2115.600000,0.843649
24.272000,99.056000,1.074796
15.088000,3015.632000,0.747282
32.144000,2484.272000,1.436618
37.392000,3085.168000,0.696812
15.088000,2812.272000,0.838339
1.968000,3158.640000,0.919913
22.960000,272.240000,1.741232
9.840000,1361.200000,1.152748
13.776000,2889.680000,1.213035
8.528000,423.120000,0.936550
17.712000,1665.584000,1.022400
24.272000,13.776000,0.682127
0.656000,2581.360000,1.168962
28.208000,2587.920000,0.989042
34.768000,2165.456000,0.711329
20.336000,2657.456000,0.933616
3.280000,902.000000,1.394803
16.400000,1573.744000,0.848478
21.648000,1122.416000,0.963256
8.528000,1554.064000,0.939393
1.968000,415.248000,0.739294
28.208000,278.800000,0.690274
33.456000,1845.328000,0.667562
37.392000,17.712000,1.238100
19.024000,1079.120000,0.973697
21.648000,755.056000,1.151407
34.768000,2341.264000,0.877272
25.584000,480.848000,0.752791
5.904000,1985.712000,1.217309
15.088000,2713.872000,0.843479
26.896000,2161.520000,1.074076
21.648000,190.896000,0.911221
7.216000,971.536000,1.502723
13.776000,1367.760000,1.015015
4.592000,2380.624000,1.132928
3.280000,2528.880000,0.804444
28.208000,2725.680000,0.690089
13.776000,883.632000,0.688005
0.656000,2379.312000,0.692000
22.960000,675.024000,1.898938
1.968000,1479.280000,1.168378
19.024000,964.976000,0.850693
24.272000,2915.920000,0.861581
30.832000,692.080000,0.740513
36.080000,100.368000,1.352768
32.144000,3003.824000,0.682250
3.280000,584.496000,0.814323
34.768000,3035.312000,0.909716
38.704000,1937.168000,1.423773
1.968000,1568.496000,1.452714
26.896000,2852.944000,0.690177
28.208000,217.136000,0.810875
24.272000,1724.624000,0.853917
38.704000,800.976000,0.743768
4.592000,466.416000,0.832447
19.024000,1763.984000,1.786931
19.024000,1786.288000,0.666453
7.216000,1020.080000,0.706624
38.704000,2999.888000,1.324878
4.592000,2391.120000,1.822598
19.024000,1307.408000,0.765944
20.336000,46.576000,1.341658
15.088000,798.352000,0.797584
34.768000,2971.024000,0.976560
4.592000,741.936000,0.766999
15.088000,1927.984000,1.315129
30.832000,3128.464000,0.833254
25.584000,1754.800000,0.980494
12.464000,1485.840000,1.156650
20.336000,2317.648000,1.177529
8.528000,1024.016000,0.959159
13.776000,2261.232000,0.678002
12.464000,618.608000,1.210715
21.648000,743.248000,0.954510
28.208000,408.688000,0.915109
4.592000,189.584000,0.954309
25.584000,2304.528000,1.294300
28.208000,243.376000,0.832329
28.208000,2586.608000,0.929877
7.216000,609.424000,0.656709
25.584000,2378.000000,0.930726
21.648000,507.088000,0.693104
21.648000,2279.600000,2.765741
22.960000,1720.688000,1.169444
13.776000,2294.032000,1.221478
17.712000,319.472000,1.480747
4.592000,1250.992000,0.675407
17.712000,423.120000,1.290795
25.584000,2286.160000,0.771146
32.144000,1193.264000,0.747564
29.520000,1603.920000,0.738230
37.392000,1735.120000,0.783009
11.152000,648.784000,0.694744
22.960000,2801.776000,0.783894
8.528000,2564.304000,1.838760
13.776000,50.512000,0.799677
33.456000,2446.224000,0.684797
1.968000,1404.496000,0.747774
38.704000,812.784000,0.810063
33.456000,2008.016000,0.799107
37.392000,770.800000,1.691730
4.592000,874.448000,0.716246
32.144000,832.464000,0.666990
7.216000,22.960000,0.674065
16.400000,2641.712000,0.985836
29.520000,2105.104000,0.727265
16.400000,1896.496000,1.793527
17.712000,1686.576000,1.006904
4.592000,1412.368000,0.873570
28.208000,1097.488000,0.803766
0.656000,3040.560000,1.112246
4.592000,327.344000,0.838582
34.768000,693.392000,1.346204
37.392000,525.456000,0.894859
20.336000,1996.208000,0.894424
11.152000,3015.632000,1.806164
1.968000,1951.600000,0.693954
9.840000,1104.048000,0.890287
17.712000,180.400000,0.721319
0.656000,2720.432000,0.661627
5.904000,1614.416000,1.973905
20.336000,942.672000,0.902285
9.840000,2120.848000,0.687914
7.216000,2119.536000,0.953789
8.528000,1790.224000,1.827818
5.904000,3047.120000,0.659750
11.152000,592.368000,0.718974
5.904000,1468.784000,1.262438
16.400000,2105.104000,0.679459
33.456000,2805.712000,0.771410
29.520000,1089.616000,0.809832
4.592000,436.240000,0.794060
33.456000,2509.200000,1.830151
13.776000,1181.456000,0.667892
8.528000,1900.432000,1.149973
30.832000,2166.768000,1.133978
32.144000,516.272000,0.842284
37.392000,2763.728000,0.925040
8.528000,167.280000,1.025434
11.152000,2270.416000,0.739487
15.088000,97.744000,1.155858
30.832000,3039.248000,0.740921
28.208000,943.984000,0.674816
34.768000,1989.648000,1.084543
36.080000,1769.232000,0.824430
17.712000,760.304000,0.753441
5.904000,2716.496000,1.725880
15.088000,791.792000,0.956712
15.088000,41.328000,0.944965
15.088000,2803.088000,1.344374
22.960000,2494.768000,1.290399
36.080000,1122.416000,0.834576
38.704000,2723.056000,0.713743
34.768000,2011.952000,1.122503
26.896000,181.712000,0.767829
16.400000,2303.216000,0.705433
8.528000,1447.792000,0.765928
33.456000,2080.176000,1.124624
24.272000,3177.008000,1.019293
7.216000,936.112000,1.036556
37.392000,1041.072000,0.802507
34.768000,1411.056000,1.015935
0.656000,2085.424000,1.245346
34.768000,899.376000,0.849336
0.656000,1640.656000,0.815706
32.144000,2455.408000,0.735859
5.904000,622.544000,0.876473
21.648000,3016.944000,0.833217
0.656000,2639.088000,1.060420
5.904000,261.744000,0.884259
32.144000,2797.840000,1.484635
34.768000,1788.912000,0.684733
7.216000,1802.032000,1.077482
16.400000,303.728000,1.161247
9.840000,657.968000,0.757753
36.080000,1312.656000,0.890958
21.648000,631.728000,1.505437
17.712000,1298.224000,0.773817
17.712000,1383.504000,0.706495
38.704000,179.088000,1.025136
21.648000,1534.384000,0.737235
5.904000,105.616000,0.928680
15.088000,2846.384000,0.983945
8.528000,1530.448000,1.170615
25.584000,2195.632000,0.778858
7.216000,2746.672000,0.740430
7.216000,2967.088000,0.657022
8.528000,1005.648000,1.020620
34.768000,1842.704000,0.829856
12.464000,2576.112000,0.807430
33.456000,2217.936000,0.676022
32.144000,307.664000,0.817209
16.400000,2417.360000,1.160351
33.456000,114.800000,0.757149
15.088000,2153.648000,0.964274
5.904000,1878.128000,1.493898
15.088000,888.880000,1.249593
29.520000,381.136000,1.449096
38.704000,2755.856000,0.708818
38.704000,2998.576000,0.998716
19.024000,353.584000,0.789107
24.272000,2681.072000,0.903576
32.144000,1910.928000,0.792935
4.592000,2789.968000,0.728119
24.272000,1681.328000,0.947446
12.464000,2762.416000,1.173934
12.464000,2486.896000,1.191163
28.208000,1164.400000,1.387644
5.904000,2274.352000,1.368900
34.768000,1627.536000,1.112458
19.024000,2237.616000,1.173172
0.656000,352.272000,1.237123
25.584000,2334.704000,0.746483
24.272000,832.464000,0.890578
38.704000,1125.040000,0.874454
3.280000,2376.688000,0.985467
33.456000,1782.352000,0.855480
8.528000,2649.584000,0.770722
26.896000,2195.632000,0.869458
0.656000,3127.152000,0.929853
29.520000,2569.552000,0.983706
19.024000,1073.872000,0.876439
26.896000,12.464000,0.864332
38.704000,2985.456000,1.211576
28.208000,2619.408000,0.761032
16.400000,680.272000,0.669339
33.456000,2437.040000,0.747970
37.392000,2837.200000,1.387249
16.400000,756.368000,0.754554
26.896000,2169.392000,0.670116
1.968000,2199.568000,0.803895
22.960000,2242.864000,0.696367
5.904000,2586.608000,0.660797
33.456000,445.424000,0.801279
20.336000,2690.256000,0.663275
16.400000,1008.272000,0.893232
37.392000,2568.240000,0.663356
21.648000,2614.160000,1.188504
8.528000,2967.088000,0.804646
7.216000,2582.672000,1.086892
30.832000,2102.480000,0.885218
37.392000,2653.520000,0.979629
19.024000,1968.656000,1.076064
20.336000,3201.936000,0.689167
19.024000,2855.568000,0.755731
37.392000,1363.824000,0.777138
28.208000,154.160000,0.755813
9.840000,2583.984000,1.084725
28.208000,3120.592000,1.329991
25.584000,3056.304000,0.746746
29.520000,2510.512000,0.977919
37.392000,85.936000,1.231972
11.152000,1659.024000,1.432115
38.704000,1374.320000,0.784315
36.080000,270.928000,1.032444
21.648000,83.312000,1.306972
3.280000,823.280000,0.994540
26.896000,3209.808000,1.117956
25.584000,1496.336000,1.680213
16.400000,1041.072000,0.848336
13.776000,2021.136000,0.733011
15.088000,2315.024000,0.845618
34.768000,1109.296000,1.033244
37.392000,2791.280000,1.010088
34.768000,541.200000,0.788174
22.960000,741.936000,0.779937
34.768000,1365.136000,0.847438
34.768000,3047.120000,0.797477
37.392000,2803.088000,0.705225
12.464000,1226.064000,0.782869
34.768000,2131.344000,0.731468
34.768000,2926.416000,0.836840
36.080000,2666.640000,0.756953
26.896000,2911.984000,0.778330
36.080000,673.712000,0.933884
22.960000,302.416000,0.922552
34.768000,2490.832000,1.380431
30.832000,395.568000,0.879339
0.656000,1725.936000,0.911463
9.840000,3085.168000,1.495139
22.960000,1635.408000,0.683047
0.656000,774.736000,0.836257
28.208000,2951.344000,1.396368
37.392000,496.592000,0.688866
8.528000,2372.752000,0.837733
4.592000,1086.992000,0.996594
8.528000,499.216000,1.306131
5.904000,991.216000,0.897930
26.896000,1512.080000,1.093171
8.528000,3041.872000,0.893292
8.528000,3100.912000,1.317057
25.584000,2372.752000,2.076045
38.704000,651.408000,0.945180
15.088000,253.872000,0.776799
37.392000,978.096000,0.657415
37.392000,1577.680000,0.668511
20.336000,96.432000,0.696674
1.968000,747.184000,0.697997
13.776000,444.112000,0.711363
9.840000,2284.848000,0.770672
28.208000,3207.184000,0.974000
15.088000,1568.496000,0.907729
9.840000,862.640000,0.802630
25.584000,370.640000,1.139151
30.832000,371.952000,1.308800
12.464000,470.352000,0.892517
33.456000,2915.920000,0.726589
5.904000,3102.224000,0.666532
37.392000,1325.776000,1.463443
32.144000,932.176000,0.906171
36.080000,1597.360000,0.676571
25.584000,2729.616000,0.946604
11.152000,444.112000,0.794772
13.776000,3051.056000,0.676398
22.960000,2081.488000,0.730566
4.592000,1593.424000,1.001736
26.896000,470.352000,0.971472
28.208000,1722.000000,0.831656
11.152000,1838.768000,0.802268
16.400000,1585.552000,0.701634
33.456000,2548.560000,0.833284
0.656000,297.168000,1.108705
11.152000,270.928000,0.712212
0.656000,1290.352000,0.845357
7.216000,2867.376000,0.721301
3.280000,429.680000,1.345841
16.400000,940.048000,0.755146
32.144000,104.304000,0.997056
0.656000,2498.704000,1.115926
37.392000,362.768000,1.393368
13.776000,1706.256000,0.871596
19.024000,1521.264000,0.657321
9.840000,1937.168000,0.734708
28.208000,580.560000,0.738343
21.648000,1678.704000,1.654216
13.776000,677.648000,0.934642
36.080000,430.992000,0.820237
13.776000,1555.376000,1.287831
11.152000,2042.128000,1.034505
28.208000,2418.672000,0.926312
33.456000,1998.832000,1.369999
1.968000,1266.736000,0.664587
15.088000,633.040000,0.703718
32.144000,68.880000,1.249807
33.456000,2416.048000,1.161750
34.768000,614.672000,1.259974
29.520000,110.864000,1.952700
32.144000,1316.592000,0.942190
8.528000,839.024000,0.860613
26.896000,1838.768000,0.878408
34.768000,51.824000,1.080363
1.968000,894.128000,0.660494
26.896000,474.288000,0.798038
15.088000,1333.648000,0.772547
17.712000,934.800000,0.688528
12.464000,352.272000,0.659567
12.464000,453.296000,0.739494
32.144000,1937.168000,0.670662
28.208000,1072.560000,0.759357
16.400000,324.720000,0.767700
5.904000,1332.336000,1.044321
33.456000,1661.648000,0.954661
16.400000,2805.712000,1.073331
13.776000,795.728000,0.664842
0.656000,982.032000,0.687285
1.968000,659.280000,0.674800
19.024000,1599.984000,1.080936
8.528000,247.312000,1.133893
34.768000,916.432000,1.281140
4.592000,823.280000,1.210431
36.080000,2695.504000,0.686268
11.152000,846.896000,1.590103
22.960000,912.496000,0.805165
19.024000,2299.280000,1.273610
11.152000,322.096000,0.981239
8.528000,2780.784000,1.031443
26.896000,138.416000,0.847614
22.960000,2325.520000,0.989223
15.088000,78.064000,0.901535
24.272000,2005.392000,0.909906
1.968000,2207.440000,0.744564
29.520000,1292.976000,0.681276
28.208000,2120.848000,0.762191
32.144000,2821.456000,1.068549
17.712000,800.976000,0.936887
0.656000,2976.272000,0.847190
24.272000,84.624000,1.254939
8.528000,2383.248000,0.742435
11.152000,819.344000,0.711514
17.712000,3020.880000,0.800443
19.024000,575.312000,0.913780
33.456000,1311.344000,0.875416
20.336000,4.592000,1.700334
20.336000,8.528000,1.474026
21.648000,1130.288000,0.775299
34.768000,1665.584000,0.660412
5.904000,2568.240000,1.135002
5.904000,2611.536000,0.710521
37.392000,3090.416000,0.854339
8.528000,937.424000,0.686449
25.584000,2566.928000,1.271344
16.400000,2035.568000,0.734939
17.712000,252.560000,0.660620
28.208000,1711.504000,0.839365
7.216000,1766.608000,0.954714
3.280000,2311.088000,0.834034
5.904000,1202.448000,1.503246
4.592000,1462.224000,0.883448
26.896000,1941.104000,0.698183
20.336000,2181.200000,0.777284
5.904000,2010.640000,1.183660
3.280000,1871.568000,0.725469
37.392000,2086.736000,0.705190
8.528000,415.248000,1.159070
8.528000,2379.312000,0.669949
38.704000,862.640000,0.686550
17.712000,2419.984000,0.791882
7.216000,1313.968000,1.476012
0.656000,2231.056000,1.133358
25.584000,2047.376000,1.107043
16.400000,476.912000,1.603720
16.400000,685.520000,0.951278
1.968000,1401.872000,0.891540
3.280000,2065.744000,0.702242
20.336000,2803.088000,0.667410
38.704000,3146.832000,0.689446
30.832000,2653.520000,2.029971
17.712000,2543.312000,0.676557
22.960000,242.064000,0.753099
24.272000,877.072000,0.758690
7.216000,2497.392000,0.779860
5.904000,879.696000,2.699285
7.216000,740.624000,0.919572
38.704000,3095.664000,0.901992
17.712000,933.488000,0.658771
25.584000,787.856000,1.024524
17.712000,3154.704000,0.823010
37.392000,2374.064000,1.226887
5.904000,2237.616000,0.735536
34.768000,1800.720000,0.970461
17.712000,2220.560000,0.844608
22.960000,486.096000,1.246670
37.392000,2805.712000,1.284931
11.152000,2406.864000,1.152286
20.336000,2198.256000,1.079779
37.392000,1336.272000,0.737023
11.152000,568.752000,0.656158
3.280000,2824.080000,1.000886
21.648000,2325.520000,0.835082
7.216000,610.736000,1.016787
32.144000,2871.312000,0.988133
1.968000,3036.624000,1.302405
13.776000,1994.896000,1.451978
36.080000,2782.096000,0.806991
36.080000,656.656000,0.730788
33.456000,2400.304000,0.815912
7.216000,1481.904000,0.850854
1.968000,1006.960000,1.173201
30.832000,2629.904000,1.127463
38.704000,631.728000,1.019078
26.896000,3165.200000,0.703130
11.152000,783.920000,0.689225
26.896000,3047.120000,0.971537
16.400000,1934.544000,0.689999
9.840000,1233.936000,0.868082
38.704000,445.424000,1.142304
15.088000,1850.576000,0.901598
29.520000,3011.696000,0.853507
4.592000,2208.752000,0.675880
5.904000,2101.168000,1.026007
19.024000,2755.856000,0.758303
24.272000,2929.040000,0.758954
36.080000,2214.000000,1.478215
9.840000,1407.120000,0.690285
32.144000,474.288000,0.917225
15.088000,2532.816000,1.161690
17.712000,1257.552000,1.101485
25.584000,685.520000,0.722597
29.520000,703.888000,0.680119
5.904000,3111.408000,1.131675
3.280000,99.056000,0.681581
20.336000,55.760000,1.164212
37.392000,89.872000,0.770770
3.280000,957.104000,0.940522
28.208000,2294.032000,1.079408
21.648000,2552.496000,0.907132
25.584000,1758.736000,0.941273
37.392000,252.560000,1.082539
32.144000,2460.656000,1.586112
8.528000,501.840000,0.716051
8.528000,1525.200000,0.863935
5.904000,825.904000,0.695836
25.584000,2106.416000,0.726015
30.832000,521.520000,0.784244
30.832000,362.768000,0.766905
11.152000,352.272000,1.445946
3.280000,197.456000,0.875408
24.272000,766.864000,1.530390
36.080000,415.248000,0.744170
11.152000,2650.896000,1.501347
3.280000,2153.648000,0.735567
3.280000,2623.344000,0.711000
37.392000,1357.264000,0.693909
26.896000,2238.928000,0.732113
29.520000,2670.576000,1.511278
1.968000,2730.928000,0.993341
30.832000,2998.576000,1.118349
8.528000,3205.872000,1.154667
21.648000,992.528000,0.681878
38.704000,371.952000,1.330059
7.216000,2875.248000,0.687949
32.144000,916.432000,1.089243
37.392000,49.200000,0.922802
16.400000,167.280000,1.294819
26.896000,2481.648000,0.698965
34.768000,2997.264000,0.957124
8.528000,508.400000,0.942295
4.592000,2814.896000,0.963641
24.272000,2759.792000,1.313088
20.336000,2581.360000,0.961430
7.216000,941.360000,1.522635
5.904000,2486.896000,0.799053
33.456000,287.984000,0.735088
13.776000,1462.224000,0.741589
29.520000,1101.424000,1.523049
25.584000,1615.728000,0.960584
16.400000,1686.576000,1.231160
8.528000,2897.552000,0.714531
38.704000,1847.952000,0.727549
29.520000,2099.856000,0.696443
13.776000,912.496000,0.884127
24.272000,2911.984000,0.816399
17.712000,669.776000,1.193601
9.840000,211.888000,0.711379
29.520000,2439.664000,0.702480
1.968000,682.896000,1.594931
5.904000,1418.928000,0.730231
28.208000,1622.288000,0.769285
32.144000,238.128000,1.139568
32.144000,1353.328000,1.086596
3.280000,867.888000,0.979841
4.592000,3218.992000,1.097888
13.776000,442.800000,0.791123
16.400000,1506.832000,0.826008
9.840000,1761.360000,0.749324
24.272000,673.712000,0.725626
26.896000,1661.648000,0.946700
24.272000,761.616000,1.138678
20.336000,2484.272000,0.744576
15.088000,736.688000,0.826618
19.024000,1546.192000,0.938512
16.400000,2809.648000,0.894242
12.464000,472.976000,0.661232
1.968000,1079.120000,1.424965
19.024000,1052.880000,0.793600
15.088000,1034.512000,0.970425
21.648000,148.912000,0.778809
11.152000,2810.960000,0.894222
29.520000,1146.032000,0.933528
33.456000,1733.808000,1.199227
12.464000,207.952000,0.716159
24.272000,685.520000,1.497758
19.024000,2932.976000,0.773949
0.656000,1167.024000,1.480176
21.648000,370.640000,0.720194
21.648000,113.488000,1.479751
1.968000,2747.984000,0.709932
5.904000,2984.144000,0.842180
11.152000,2513.136000,0.675178
7.216000,1321.840000,1.192740
9.840000,2754.544000,0.724625
1.968000,272.240000,0.757371
16.400000,821.968000,0.666600
22.960000,2561.680000,0.673025
22.960000,773.424000,1.358759
4.592000,710.448000,2.392521
19.024000,1593.424000,1.301834
1.968000,883.632000,0.873145
24.272000,1938.480000,0.832153
32.144000,1245.744000,0.870754
3.280000,3044.496000,1.768051
30.832000,532.016000,0.687959
4.592000,1938.480000,1.012266
36.080000,496.592000,1.152805
15.088000,2535.440000,0.743042
4.592000,2969.712000,0.687093
13.776000,1602.608000,0.724901
33.456000,975.472000,1.253482
13.776000,2556.432000,0.871238
16.400000,1135.536000,0.929572
21.648000,402.128000,0.689552
25.584000,1538.320000,0.679649
37.392000,2395.056000,0.760469
19.024000,2670.576000,0.657308
34.768000,1178.832000,1.084959
12.464000,406.064000,0.705215
36.080000,2629.904000,1.706246
7.216000,1607.856000,0.826990
8.528000,1677.392000,0.711798
7.216000,1048.944000,0.832470
16.400000,1012.208000,0.720925
9.840000,1379.568000,1.040097
9.840000,675.024000,0.938299
29.520000,1414.992000,1.343948
7.216000,1201.136000,1.149759
3.280000,1308.720000,0.773626
1.968000,976.784000,0.802596
22.960000,110.864000,1.004926
28.208000,598.928000,0.941954
30.832000,256.496000,0.797845
38.704000,432.304000,1.008393
32.144000,2568.240000,1.190645
5.904000,1880.752000,0.803550
30.832000,2700.752000,0.713301
1.968000,2081.488000,0.843061
8.528000,319.472000,1.165172
0.656000,803.600000,1.138752
21.648000,2674.512000,1.141035
17.712000,1531.760000,1.386867
19.024000,1407.120000,1.501574
25.584000,1649.840000,0.978439
16.400000,3094.352000,0.889135
5.904000,3114.032000,1.071536
26.896000,476.912000,1.030889
25.584000,3187.504000,0.969914
26.896000,1875.504000,0.744994
4.592000,2664.016000,0.700744
38.704000,2590.544000,0.687840
8.528000,360.144000,0.778293
37.392000,787.856000,1.194081
8.528000,2227.120000,1.104554
16.400000,1955.536000,0.873348
26.896000,1161.776000,0.693093
36.080000,1500.272000,1.368828
28.208000,2881.808000,1.312523
13.776000,1812.528000,0.658725
4.592000,882.320000,0.748952
20.336000,1682.640000,0.722094
19.024000,3098.288000,2.053004
19.024000,1659.024000,1.026183
1.968000,696.016000,0.912479
7.216000,2210.064000,1.106419
1.968000,2720.432000,0.848793
33.456000,261.744000,0.681898
1.968000,2783.408000,0.961670
22.960000,125.296000,0.680362
7.216000,2451.472000,0.902434
19.024000,2850.320000,2.019593
36.080000,1249.680000,0.867406
28.208000,2380.624000,0.685521
5.904000,1775.792000,1.466242
5.904000,2081.488000,1.215462
1.968000,2131.344000,0.789404
3.280000,1849.264000,0.939864
22.960000,1878.128000,0.722293
0.656000,2908.048000,0.911768
1.968000,698.640000,0.972146
15.088000,2995.952000,0.942613
0.656000,68.880000,0.837652
3.280000,1222.128000,0.660197
5.904000,837.712000,1.055207
19.024000,1670.832000,1.396115
36.080000,2534.128000,1.941177
4.592000,2463.280000,1.023430
17.712000,904.624000,1.758538
17.712000,1266.736000,0.657386
32.144000,1127.664000,0.700685
15.088000,2527.568000,0.833574
32.144000,656.656000,0.726920
13.776000,2450.160000,0.897430
9.840000,2181.200000,1.687513
17.712000,2843.760000,0.918360
33.456000,263.056000,0.758886
1.968000,1220.816000,0.670912
26.896000,2515.760000,0.999346
15.088000,3196.688000,1.140739
12.464000,2179.888000,1.007660
12.464000,644.848000,0.834811
12.464000,2170.704000,0.729374
13.776000,3032.688000,1.165138
0.656000,2771.600000,0.694534
36.080000,1763.984000,1.187055
16.400000,743.248000,0.745042
32.144000,2602.352000,0.976991
38.704000,1287.728000,1.520606
8.528000,2855.568000,1.038688
9.840000,1630.160000,0.964821
5.904000,472.976000,0.981098
1.968000,1638.032000,0.868115
7.216000,459.856000,1.008355
15.088000,2393.744000,1.821993
7.216000,1439.920000,0.691178
36.080000,2095.920000,0.807004
7.216000,2734.864000,0.922441
33.456000,1013.520000,1.070196
37.392000,1879.440000,0.750460
7.216000,967.600000,2.118313
25.584000,1331.024000,0.664236
21.648000,614.672000,0.765410
37.392000,1683.952000,0.730827
32.144000,699.952000,0.789216
9.840000,949.232000,0.752974
29.520000,1808.592000,0.752737
15.088000,2716.496000,0.809332
4.592000,968.912000,0.712897
28.208000,2225.808000,0.788384
22.960000,1050.256000,1.156712
8.528000,1589.488000,0.696563
28.208000,2939.536000,1.220293
11.152000,1093.552000,0.666332
9.840000,919.056000,0.662858
8.528000,2992.016000,1.059866
0.656000,1232.624000,0.691558
33.456000,1443.856000,0.860748
12.464000,3073.360000,0.841655
30.832000,1110.608000,0.688663
25.584000,1584.240000,0.790650
7.216000,1704.944000,0.776618
20.336000,2622.032000,1.025023
29.520000,970.224000,0.697962
12.464000,1043.696000,0.861930
3.280000,251.248000,1.319512
20.336000,2816.208000,0.754180
11.152000,2242.864000,2.092141
22.960000,445.424000,1.077106
30.832000,696.016000,0.708465
5.904000,2733.552000,1.230769
22.960000,2437.040000,0.763627
34.768000,9.840000,0.657552
29.520000,169.904000,0.775004
22.960000,684.208000,0.662284
29.520000,2385.872000,1.173806
36.080000,2240.240000,1.906219
7.216000,1435.984000,0.776420
1.968000,305.040000,0.867327
7.216000,1027.952000,0.910048
17.712000,2601.040000,1.059885
7.216000,1051.568000,1.200407
20.336000,1316.592000,0.659269
8.528000,314.224000,0.690733
34.768000,2210.064000,1.164959
0.656000,1930.608000,0.729962
21.648000,1219.504000,1.047014
22.960000,49.200000,1.040258
25.584000,1268.048000,0.814805
22.960000,193.520000,0.722707
0.656000,951.856000,0.835037
20.336000,1933.232000,0.850546
36.080000,407.376000,0.966150
22.960000,968.912000,0.874775
8.528000,786.544000,0.920767
24.272000,2524.944000,0.932285
9.840000,2300.592000,0.779181
38.704000,1168.336000,1.416252
32.144000,1277.232000,0.750821
16.400000,389.008000,0.800468
13.776000,1195.888000,1.195190
17.712000,1328.400000,0.812162
17.712000,1565.872000,1.038300
0.656000,2143.152000,0.760024
29.520000,551.696000,1.024042
4.592000,2231.056000,1.143684
20.336000,2667.952000,0.946141
7.216000,2055.248000,1.664812
4.592000,922.992000,1.239379
21.648000,2519.696000,0.735143
29.520000,2422.608000,0.726014
13.776000,2421.296000,0.898067
0.656000,2358.320000,0.864838
19.024000,694.704000,2.299889
33.456000,2788.656000,0.941231
26.896000,686.832000,1.331754
36.080000,116.112000,0.885776
9.840000,1399.248000,0.907124
12.464000,601.552000,0.982915
38.704000,776.048000,1.296895
11.152000,236.816000,0.778337
19.024000,3216.368000,0.715914
26.896000,3.280000,0.889943
36.080000,482.160000,0.713494
13.776000,2360.944000,0.760242
28.208000,2456.720000,0.734761
11.152000,689.456000,1.686554
5.904000,765.552000,0.776599
36.080000,915.120000,0.791657
24.272000,3032.688000,1.204491
16.400000,808.848000,1.431751
9.840000,1987.024000,1.076613
20.336000,45.264000,1.384452
25.584000,2988.080000,1.399569
36.080000,448.048000,1.284556
13.776000,1631.472000,1.692997
38.704000,596.304000,0.855854
17.712000,1840.080000,0.699262
16.400000,1447.792000,0.815938
11.152000,2174.640000,0.853685
21.648000,1578.992000,1.264028
30.832000,1203.760000,1.902282
37.392000,3179.632000,0.680131
32.144000,222.384000,0.675005
15.088000,2789.968000,0.847923
36.080000,2145.776000,0.890013
3.280000,3153.392000,0.684770
33.456000,332.592000,1.110715
38.704000,768.176000,0.986397
38.704000,2337.328000,0.736510
25.584000,193.520000,0.867392
8.528000,2818.832000,0.717056
38.704000,1382.192000,0.721954
9.840000,774.736000,0.805393
21.648000,213.200000,0.990400
12.464000,1466.160000,0.883116
8.528000,1857.136000,0.921522
37.392000,42.640000,0.663740
12.464000,945.296000,0.812893
4.592000,1295.600000,0.803415
25.584000,2412.112000,0.736202
4.592000,623.856000,0.791244
21.648000,2893.616000,0.957314
20.336000,3096.976000,0.999794
28.208000,1397.936000,0.903520
0.656000,2245.488000,0.740563
30.832000,566.128000,1.065812
8.528000,3201.936000,1.733104
38.704000,2064.432000,0.667481
34.768000,2444.912000,1.047437
19.024000,804.912000,1.829153
30.832000,1433.360000,1.799323
29.520000,1979.152000,1.445806
32.144000,1048.944000,1.178512
15.088000,547.760000,0.700858
0.656000,685.520000,1.746685
33.456000,554.320000,0.749485
15.088000,550.384000,0.792929
1.968000,1003.024000,1.093682
21.648000,2532.816000,0.855352
24.272000,778.672000,1.156949
16.400000,1303.472000,1.780460
11.152000,951.856000,0.688935
20.336000,936.112000,0.826030
13.776000,236.816000,0.832714
16.400000,1206.384000,1.554788
11.152000,2544.624000,1.195146
3.280000,730.128000,0.766382
1.968000,1762.672000,0.991356
4.592000,703.888000,0.923704
16.400000,1947.664000,0.730826
20.336000,1376.944000,0.713254
8.528000,2177.264000,0.958514
22.960000,1568.496000,0.737118
26.896000,513.648000,1.688672
37.392000,2544.624000,1.182765
37.392000,1803.344000,0.866229
12.464000,1001.712000,1.272702
12.464000,577.936000,0.879890
26.896000,1998.832000,0.719124
26.896000,2509.200000,1.900914
9.840000,2915.920000,0.798016
0.656000,1080.432000,0.753325
19.024000,2877.872000,1.024460
21.648000,343.088000,0.938932
15.088000,933.488000,1.746516
37.392000,299.792000,1.005890
28.208000,1897.808000,1.369735
5.904000,1045.008000,0.764501
26.896000,2191.696000,0.670039
15.088000,1005.648000,0.858945
1.968000,1809.904000,1.241021
11.152000,915.120000,1.282200
36.080000,1826.960000,1.806703
7.216000,615.984000,0.892246
36.080000,800.976000,1.552203
21.648000,1298.224000,0.937188
17.712000,1796.784000,1.183467
4.592000,908.560000,0.697972
32.144000,1677.392000,0.787549
38.704000,529.392000,0.681878
37.392000,3098.288000,0.889815
19.024000,2381.936000,1.678112
36.080000,2207.440000,0.890204
34.768000,100.368000,1.706141
8.528000,1312.656000,0.801260
38.704000,3195.376000,0.797216
8.528000,598.928000,0.811592
9.840000,255.184000,1.162066
26.896000,2528.880000,0.664118
1.968000,1317.904000,0.841745
16.400000,2858.192000,0.683789
34.768000,2103.792000,1.241267
30.832000,2767.664000,1.524148
34.768000,483.472000,1.082299
37.392000,1813.840000,0.737039
30.832000,832.464000,0.723626
25.584000,3208.496000,0.880350
32.144000,1106.672000,0.825956
28.208000,228.944000,0.695704
0.656000,929.552000,0.953974
33.456000,2852.944000,1.012364
17.712000,2284.848000,1.002454
15.088000,1504.208000,1.118115
0.656000,1745.616000,0.868364
13.776000,2645.648000,0.755074
20.336000,1863.696000,0.756306
4.592000,45.264000,0.824972
11.152000,2255.984000,1.256167
26.896000,1548.816000,1.094203
16.400000,2688.944000,0.746411
13.776000,1732.496000,0.658460
36.080000,3044.496000,0.860559
29.520000,3062.864000,1.407012
15.088000,1037.136000,0.851300
8.528000,2981.520000,0.891209
3.280000,2725.680000,0.717325
17.712000,1736.432000,0.922117
4.592000,2278.288000,1.095013
25.584000,337.840000,0.693215
28.208000,139.728000,0.893193
11.152000,2490.832000,0.691050
34.768000,681.584000,1.200078
5.904000,1609.168000,0.929965
17.712000,2153.648000,0.780454
1.968000,215.824000,0.707129
15.088000,2740.112000,0.656962
24.272000,2527.568000,1.326271
11.152000,1596.048000,0.670530
20.336000,2401.616000,1.054204
33.456000,2126.096000,0.768776
36.080000,1422.864000,0.728928
21.648000,2396.368000,1.654071
16.400000,2443.600000,1.118261
29.520000,1861.072000,0.870315
22.960000,2709.936000,0.865059
26.896000,1722.000000,0.814673
7.216000,1376.944000,1.109457
25.584000,1598.672000,0.752633
1.968000,2233.680000,1.419212
3.280000,2098.544000,0.935713
13.776000,2950.032000,1.644990
24.272000,1038.448000,0.744578
9.840000,2733.552000,0.874419
1.968000,512.336000,0.853422
38.704000,2675.824000,0.693639
13.776000,1281.168000,0.664878
33.456000,2214.000000,0.685110
11.152000,163.344000,0.848281
20.336000,2105.104000,1.803038
21.648000,42.640000,0.697387
26.896000,1775.792000,0.775055
34.768000,1005.648000,0.895236
36.080000,189.584000,0.726283
0.656000,1274.608000,1.111301
1.968000,2349.136000,0.973968
17.712000,1063.376000,0.970053
37.392000,423.120000,2.025844
20.336000,108.240000,0.719583
34.768000,2675.824000,0.866017
32.144000,2353.072000,0.702906
36.080000,160.720000,0.839245
9.840000,2032.944000,0.797633
1.968000,2014.576000,2.414828
38.704000,404.752000,0.842500
4.592000,543.824000,1.177837
30.832000,2666.640000,0.818770
32.144000,108.240000,0.776494
38.704000,110.864000,0.793532
21.648000,1985.712000,1.514230
3.280000,1475.344000,0.791306
13.776000,858.704000,1.627871
8.528000,1865.008000,0.709903
28.208000,2127.408000,0.757725
15.088000,626.480000,0.906183
13.776000,1989.648000,1.257603
20.336000,58.384000,1.227245
37.392000,2784.720000,0.731738
13.776000,886.256000,1.162375
7.216000,1862.384000,1.913081
30.832000,1446.480000,0.680349
13.776000,2540.688000,0.720266
34.768000,1792.848000,0.830766
3.280000,1741.680000,1.289237
7.216000,2707.312000,1.417337
5.904000,719.632000,1.392827
26.896000,2556.432000,0.836707
30.832000,553.008000,1.430942
7.216000,3188.816000,1.286728
29.520000,2090.672000,1.030276
7.216000,2397.680000,0.853159
15.088000,2183.824000,1.028722
25.584000,1376.944000,0.919638
33.456000,1820.400000,1.241737
28.208000,188.272000,0.985717
8.528000,968.912000,1.285133
33.456000,938.736000,0.859735
12.464000,1039.760000,1.161192
17.712000,1989.648000,0.661392
19.024000,2518.384000,0.874543
24.272000,2126.096000,0.861466
13.776000,926.928000,1.025434
38.704000,2389.808000,0.705449
1.968000,419.184000,0.813824
3.280000,2662.704000,0.667955
8.528000,1540.944000,0.817162
7.216000,0.656000,0.816832
4.592000,1609.168000,0.790174
34.768000,2097.232000,0.692666
17.712000,2010.640000,1.157565
17.712000,841.648000,0.750420
32.144000,129.232000,0.792529
11.152000,608.112000,1.080650
7.216000,2653.520000,0.696159
3.280000,416.560000,0.989618
3.280000,1300.848000,1.769799
19.024000,1568.496000,0.723560
32.144000,465.104000,0.786392
9.840000,2548.560000,1.783570
7.216000,2372.752000,0.822669
13.776000,786.544000,0.854758
16.400000,193.520000,0.877820
21.648000,2787.344000,0.778939
20.336000,530.704000,0.694197
4.592000,2181.200000,0.850638
29.520000,1635.408000,0.839995
0.656000,1012.208000,0.956242
37.392000,1865.008000,0.908053
16.400000,3200.624000,0.908074
8.528000,1138.160000,0.838335
38.704000,1816.464000,0.739933
25.584000,1174.896000,1.299847
19.024000,2863.440000,0.672760
30.832000,82.000000,0.836585
25.584000,20.336000,0.835495
15.088000,799.664000,0.812959
26.896000,3205.872000,0.679797
25.584000,1565.872000,2.021615
33.456000,852.144000,1.364595
1.968000,2628.592000,0.693995
15.088000,1792.848000,0.880734
3.280000,2643.024000,1.109401
36.080000,1832.208000,0.903025
15.088000,861.328000,0.718158
16.400000,3107.472000,0.724792
33.456000,2871.312000,1.207667
3.280000,293.232000,1.303463
4.592000,559.568000,0.891580
25.584000,2279.600000,1.161354
7.216000,2745.360000,0.910273
4.592000,2307.152000,1.200001
12.464000,173.840000,0.681380
24.272000,2338.640000,0.987494
8.528000,1719.376000,0.745348
22.960000,1601.296000,0.907235
4.592000,1945.040000,1.153849
29.520000,2969.712000,0.832268
34.768000,2586.608000,1.854063
8.528000,1603.920000,0.705620
17.712000,1483.216000,1.461048
1.968000,399.504000,1.159181
13.776000,772.112000,0.912935
36.080000,856.080000,0.979679
20.336000,1897.808000,1.038891
24.272000,1611.792000,0.889863
21.648000,2043.440000,0.793730
8.528000,1526.512000,0.830836
3.280000,268.304000,0.893686
11.152000,1029.264000,0.672627
30.832000,899.376000,0.819328
3.280000,753.744000,1.441022
13.776000,242.064000,1.276069
29.520000,1819.088000,0.958222
4.592000,1628.848000,2.364475
5.904000,1589.488000,0.845472
17.712000,2244.176000,1.247510
21.648000,3011.696000,0.992286
36.080000,2101.168000,1.481111
1.968000,842.960000,0.867895
15.088000,2241.552000,0.667484
8.528000,160.720000,0.710785
37.392000,3.280000,0.834148
37.392000,2565.616000,0.678994
19.024000,1363.824000,0.668483
20.336000,1714.128000,1.113850
19.024000,3135.024000,0.862164
30.832000,2149.712000,0.931923
34.768000,1577.680000,1.308025
24.272000,1798.096000,1.283907
29.520000,1168.336000,0.902932
19.024000,2185.136000,0.904863
32.144000,2324.208000,0.760634
29.520000,1422.864000,1.182273
3.280000,1008.272000,0.656163
15.088000,2753.232000,0.833913
3.280000,693.392000,0.709530
15.088000,1471.408000,1.253972
24.272000,1156.528000,1.136304
32.144000,1054.192000,0.922014
26.896000,966.288000,1.147446
8.528000,1963.408000,1.017186
34.768000,957.104000,1.765613
29.520000,1439.920000,0.745682
24.272000,640.912000,2.716415
16.400000,2435.728000,0.763831
38.704000,1279.856000,1.163519
13.776000,2372.752000,0.736648
34.768000,1816.464000,0.794549
17.712000,1273.296000,0.984847
4.592000,121.360000,1.193892
11.152000,1071.248000,1.085546
19.024000,3120.592000,0.916841
15.088000,1968.656000,1.049120
22.960000,929.552000,0.690573
1.968000,3142.896000,0.918876
1.968000,865.264000,0.831312
34.768000,2867.376000,1.069185
28.208000,1756.112000,1.106444
9.840000,1811.216000,1.100696
22.960000,1201.136000,0.788789
30.832000,253.872000,0.699371
7.216000,1245.744000,0.727194
25.584000,1169.648000,1.339488
0.656000,2223.184000,0.818960
13.776000,1010.896000,0.665457
24.272000,2691.568000,0.795895
34.768000,374.576000,0.866192
16.400000,1304.784000,1.204887
37.392000,1191.952000,0.745357
9.840000,2358.320000,1.028939
16.400000,668.464000,1.269563
8.528000,487.408000,0.899746
19.024000,1913.552000,0.991769
26.896000,1673.456000,0.929198
13.776000,874.448000,1.126620
21.648000,951.856000,0.717233
29.520000,549.072000,0.695065
11.152000,2905.424000,0.750812
12.464000,3087.792000,0.753915
34.768000,638.288000,0.947038
4.592000,1567.184000,1.040266
4.592000,2805.712000,1.140349
3.280000,925.616000,0.768408
9.840000,1733.808000,1.036663
33.456000,1815.152000,0.800236
33.456000,299.792000,0.675140
36.080000,1884.688000,0.949545
33.456000,2582.672000,0.741928
17.712000,1320.528000,0.862746
24.272000,1602.608000,0.771892
12.464000,2347.824000,0.781658
7.216000,2341.264000,0.677766
3.280000,1285.104000,1.157398
22.960000,2729.616000,1.036116
12.464000,2690.256000,1.178121
24.272000,3023.504000,1.046177
29.520000,1294.288000,1.043781
34.768000,782.608000,0.699426
26.896000,1022.704000,1.098924
15.088000,1677.392000,0.781156
37.392000,1303.472000,0.867137
36.080000,563.504000,0.667050
19.024000,375.888000,0.830378
28.208000,269.616000,0.831538
26.896000,2263.856000,0.664148
32.144000,1673.456000,0.690121
37.392000,2553.808000,1.041581
29.520000,1966.032000,0.684196
37.392000,3100.912000,1.193215
30.832000,2107.728000,0.711202
11.152000,37.392000,0.720878
24.272000,3142.896000,1.569651
38.704000,2507.888000,1.918391
32.144000,1441.232000,0.891506
33.456000,2101.168000,0.859651
26.896000,657.968000,0.869493
1.968000,2237.616000,1.136313
38.704000,1453.040000,0.802230
11.152000,2665.328000,1.156494
26.896000,529.392000,0.961639
25.584000,1820.400000,0.888483
12.464000,818.032000,0.928951
11.152000,1518.640000,1.259742
7.216000,1476.656000,0.757029
5.904000,274.864000,0.684425
11.152000,2616.784000,1.002428
22.960000,1026.640000,0.784443
17.712000,2275.664000,0.947507
12.464000,1216.880000,1.176463
19.024000,861.328000,1.100560
37.392000,1941.104000,0.807846
38.704000,2993.328000,0.694075
13.776000,2615.472000,0.817120
17.712000,2939.536000,1.093416
36.080000,3184.880000,1.412156
20.336000,1126.352000,0.746947
5.904000,2372.752000,0.823660
7.216000,2241.552000,0.675309
3.280000,277.488000,1.381622
12.464000,2047.376000,0.886078
37.392000,520.208000,0.735910
25.584000,1388.752000,0.662720
3.280000,2364.880000,0.973600
28.208000,2513.136000,0.700318
9.840000,282.736000,0.743064
25.584000,2471.152000,0.792469
4.592000,2656.144000,0.896494
0.656000,2493.456000,1.140250
15.088000,1567.184000,0.656478
38.704000,3136.336000,1.153493
4.592000,2286.160000,0.656153
13.776000,1421.552000,0.770413
38.704000,560.880000,1.004169
0.656000,2039.504000,0.837214
30.832000,1693.136000,0.795740
5.904000,2809.648000,0.706656
8.528000,1962.096000,0.797125
7.216000,987.280000,0.783982
16.400000,2063.120000,0.849165
8.528000,1774.480000,0.798446
22.960000,2543.312000,0.820774
11.152000,255.184000,1.558417
9.840000,1514.704000,1.026701
29.520000,2123.472000,0.904725
34.768000,277.488000,0.688919
29.520000,778.672000,1.167215
19.024000,2515.760000,1.415917
13.776000,3137.648000,0.831802
22.960000,2662.704000,0.845546
7.216000,2595.792000,0.683994
37.392000,1220.816000,1.064150
0.656000,2010.640000,1.266491
1.968000,806.224000,0.691735
19.024000,1446.480000,0.805135
5.904000,29.520000,0.919230
16.400000,2682.384000,1.089129
21.648000,499.216000,0.752967
38.704000,3205.872000,1.533216
36.080000,2500.016000,0.713805
13.776000,774.736000,1.386757
0.656000,1195.888000,1.024473
0.656000,2649.584000,0.800390
15.088000,1119.792000,1.026539
24.272000,768.176000,1.340344
32.144000,831.152000,0.905522
38.704000,933.488000,1.167565
26.896000,2989.392000,0.850372
21.648000,1594.736000,1.012701
36.080000,126.608000,1.548565
7.216000,648.784000,1.434436
32.144000,3052.368000,1.045913
38.704000,1542.256000,0.677973
17.712000,1290.352000,0.850153
16.400000,1059.440000,1.109563
20.336000,774.736000,0.876128
26.896000,1836.144000,0.732874
17.712000,535.952000,2.505889
24.272000,2482.960000,1.157329
28.208000,2998.576000,0.919580
12.464000,1798.096000,1.265746
12.464000,2678.448000,1.096614
9.840000,1829.584000,0.746609
12.464000,1853.200000,0.701221
12.464000,1632.784000,1.468416
22.960000,1519.952000,2.140547
32.144000,2730.928000,1.003864
19.024000,2098.544000,0.735259
38.704000,2265.168000,1.287995
12.464000,2127.408000,1.010600
33.456000,1159.152000,1.027736
25.584000,1568.496000,0.887866
15.088000,1632.784000,1.436632
16.400000,1256.240000,0.853821
19.024000,442.800000,0.729489
24.272000,1001.712000,0.667134
15.088000,2392.432000,0.700339
32.144000,1990.960000,0.693483
28.208000,1683.952000,1.075226
19.024000,2564.304000,1.312291
17.712000,1649.840000,0.963714
0.656000,2782.096000,0.667617
16.400000,1290.352000,0.693620
26.896000,3204.560000,0.767089
29.520000,2299.280000,1.221432
24.272000,1959.472000,0.784693
38.704000,1366.448000,0.912448
24.272000,528.080000,1.731913
12.464000,744.560000,1.608241
33.456000,1034.512000,0.807282
0.656000,1598.672000,1.273094
4.592000,68.880000,1.156073
16.400000,3065.488000,1.068353
22.960000,1076.496000,0.827112
0.656000,2868.688000,0.663748
7.216000,1728.560000,0.777083
12.464000,2506.576000,0.682973
36.080000,2234.992000,0.835890
3.280000,898.064000,0.940231
22.960000,1485.840000,0.852536
28.208000,1107.984000,0.669473
28.208000,2468.528000,1.157174
4.592000,3099.600000,0.989032
4.592000,109.552000,0.723337
11.152000,2078.864000,0.671416
25.584000,2902.800000,1.937645
36.080000,929.552000,0.955075
19.024000,2476.400000,0.671347
33.456000,2084.112000,1.019218
38.704000,1754.800000,0.656096
12.464000,1054.192000,2.160690
7.216000,2283.536000,1.022005
7.216000,705.200000,0.831212
30.832000,2001.456000,0.688435
30.832000,3103.536000,0.920820
15.088000,1180.144000,1.142310
33.456000,1514.704000,0.964676
36.080000,1106.672000,0.739137
17.712000,1892.560000,3.325508
37.392000,2044.752000,0.944914
33.456000,2290.096000,1.096997
20.336000,518.896000,0.960696
4.592000,883.632000,0.680141
16.400000,17.712000,0.820438
29.520000,3116.656000,1.259368
1.968000,331.280000,1.095556
15.088000,2890.992000,0.823928
21.648000,1077.808000,0.690550
19.024000,1794.160000,0.764048
8.528000,1832.208000,0.699460
16.400000,2112.976000,1.129065
19.024000,1770.544000,0.684630
19.024000,2711.248000,0.664726
36.080000,2389.808000,0.844967
21.648000,1950.288000,0.677699
0.656000,1125.040000,0.670271
5.904000,2620.720000,0.961355
3.280000,1525.200000,0.844574
9.840000,727.504000,0.725158
13.776000,425.744000,0.714490
21.648000,971.536000,0.705654
25.584000,1859.760000,0.958923
3.280000,2767.664000,1.157825
28.208000,1639.344000,1.012144
30.832000,2750.608000,0.784244
3.280000,2300.592000,0.669405
26.896000,2241.552000,1.294664
34.768000,2768.976000,1.579707
32.144000,820.656000,0.767955
12.464000,2151.024000,1.054110
24.272000,371.952000,1.182767
34.768000,610.736000,1.276457
28.208000,2051.312000,0.660089
5.904000,2518.384000,1.668970
3.280000,2860.816000,0.823509
4.592000,1823.024000,0.974321
33.456000,2698.128000,0.836283
19.024000,1064.688000,0.803369
8.528000,2485.584000,1.243951
24.272000,1900.432000,0.727254
12.464000,29.520000,0.729919
36.080000,2038.192000,0.796690
34.768000,492.656000,0.703931
5.904000,525.456000,0.673214
8.528000,2724.368000,0.996998
34.768000,1906.992000,1.212519
25.584000,894.128000,0.675724
20.336000,966.288000,0.888613
34.768000,1102.736000,0.988259
29.520000,661.904000,0.743609
5.904000,2148.400000,0.668521
5.904000,1100.112000,0.816037
7.216000,1422.864000,0.762305
29.520000,1117.168000,1.005865
25.584000,3047.120000,0.745716
0.656000,2576.112000,0.708937
26.896000,3137.648000,0.658037
24.272000,967.600000,1.201980
16.400000,406.064000,1.040724
25.584000,1838.768000,1.503387
11.152000,2493.456000,1.049801
21.648000,2170.704000,1.087916
4.592000,772.112000,0.902473
36.080000,2733.552000,0.719964
8.528000,2835.888000,0.796926
15.088000,2662.704000,0.893028
8.528000,842.960000,1.024817
7.216000,524.144000,0.945294
7.216000,3156.016000,1.530000
38.704000,1447.792000,1.512590
22.960000,2061.808000,0.974123
21.648000,1391.376000,0.778019
29.520000,1933.232000,0.826890
34.768000,1341.520000,0.982266
5.904000,500.528000,0.901792
8.528000,556.944000,0.661742
3.280000,3111.408000,0.711921
0.656000,949.232000,0.904157
20.336000,1804.656000,0.909668
15.088000,3182.256000,0.764471
29.520000,185.648000,0.985436
9.840000,1977.840000,0.756289
16.400000,2482.960000,0.948598
4.592000,1068.624000,0.675203
3.280000,3070.736000,0.746793
24.272000,391.632000,1.299548
32.144000,54.448000,1.434074
16.400000,1121.104000,1.123768
24.272000,2322.896000,0.706589
13.776000,407.376000,0.847423
36.080000,1121.104000,0.660023
7.216000,256.496000,0.980778
11.152000,222.384000,1.200994
36.080000,357.520000,0.756294
1.968000,1641.968000,0.684572
7.216000,1447.792000,0.725731
5.904000,1662.960000,1.982145
36.080000,1896.496000,1.262996
19.024000,2065.744000,1.138207
26.896000,2452.784000,0.933705
3.280000,1245.744000,1.459626
30.832000,72.816000,0.842801
30.832000,1627.536000,0.743344
16.400000,2501.328000,1.158487
4.592000,1247.056000,0.705125
32.144000,167.280000,1.239143
9.840000,1177.520000,1.018421
24.272000,1186.704000,0.858319
22.960000,2817.520000,0.835032
36.080000,1565.872000,1.482967
22.960000,2103.792000,0.830452
28.208000,2358.320000,0.738125
0.656000,3191.440000,1.067890
7.216000,3103.536000,1.109067
3.280000,1071.248000,0.736143
20.336000,3089.104000,0.752171
5.904000,1474.032000,0.973511
3.280000,45.264000,1.136110
15.088000,112.176000,0.717506
29.520000,1140.784000,0.739549
13.776000,3127.152000,0.946455
15.088000,2029.008000,1.683473
17.712000,992.528000,1.218132
12.464000,1100.112000,0.763401
1.968000,2560.368000,1.048627
19.024000,100.368000,0.701487
28.208000,3157.328000,0.815915
13.776000,1275.920000,0.915064
29.520000,1703.632000,0.807449
24.272000,2178.576000,0.698735
12.464000,295.856000,1.114026
20.336000,3086.480000,0.705160
29.520000,588.432000,0.704171
0.656000,248.624000,0.660154
33.456000,984.656000,1.722279
20.336000,1815.152000,1.261300
16.400000,3180.944000,0.672702
37.392000,1481.904000,1.658486
7.216000,1865.008000,1.181767
29.520000,2586.608000,1.321437
7.216000,3174.384000,1.415908
30.832000,450.672000,0.825420
4.592000,1563.248000,0.924384
29.520000,940.048000,1.300614
19.024000,2207.440000,0.994905
36.080000,1649.840000,0.688691
11.152000,1077.808000,1.182561
5.904000,67.568000,0.919738
19.024000,2825.392000,1.457666
36.080000,926.928000,1.135003
7.216000,3078.608000,1.093747
29.520000,2095.920000,1.093231
26.896000,108.240000,0.664002
8.528000,125.296000,0.757347
29.520000,507.088000,0.737643
30.832000,1211.632000,0.891967
7.216000,2008.016000,2.060896
8.528000,962.352000,0.928462
9.840000,3026.128000,2.228716
30.832000,609.424000,0.759102
13.776000,2355.696000,0.859326
5.904000,1439.920000,1.052986
37.392000,1552.752000,0.811548
17.712000,2681.072000,1.583803
20.336000,635.664000,1.034123
21.648000,3111.408000,0.801527
11.152000,219.760000,0.854703
5.904000,1946.352000,1.018473
20.336000,950.544000,1.075351
12.464000,1795.472000,0.977769
25.584000,2521.008000,0.699616
13.776000,2822.768000,0.662412
0.656000,2397.680000,0.912306
29.520000,231.568000,0.679069
9.840000,2723.056000,0.660078
29.520000,1638.032000,1.060518
26.896000,2824.080000,1.139426
7.216000,528.080000,0.711206
3.280000,3163.888000,0.968625
22.960000,811.472000,0.851845
37.392000,793.104000,0.690883
15.088000,127.920000,1.228529
19.024000,953.168000,1.389716
24.272000,1344.144000,0.786946
9.840000,1442.544000,1.221242
3.280000,71.504000,1.023934
16.400000,1198.512000,0.974669
4.592000,1374.320000,1.012962
34.768000,2231.056000,1.188450
21.648000,2128.720000,0.843575
32.144000,1563.248000,1.081829
9.840000,2292.720000,0.860753
21.648000,2900.176000,0.682165
24.272000,635.664000,0.757925
9.840000,1702.320000,1.080047
11.152000,2549.872000,0.787214
11.152000,1375.632000,0.804890
25.584000,1779.728000,0.826528
26.896000,655.344000,0.737260
9.840000,1097.488000,0.694495
25.584000,2185.136000,1.015724
13.776000,1593.424000,0.881127
9.840000,825.904000,0.724003
34.768000,3054.992000,1.021229
19.024000,643.536000,1.398520
24.272000,1997.520000,0.672270
33.456000,1597.360000,0.875136
7.216000,2759.792000,0.690630
22.960000,1405.808000,1.065684
34.768000,608.112000,0.766072
22.960000,2894.928000,0.962431
1.968000,218.448000,0.786336
24.272000,3056.304000,1.324337
24.272000,1703.632000,0.773698
7.216000,3149.456000,1.379865
12.464000,1063.376000,1.294757
29.520000,1555.376000,0.885860
19.024000,758.992000,0.772644
0.656000,2042.128000,0.855873
3.280000,1408.432000,0.810698
15.088000,234.192000,0.918063
29.520000,85.936000,0.712058
12.464000,1106.672000,1.095661
1.968000,881.008000,1.106065
12.464000,2611.536000,0.803461
3.280000,2915.920000,1.203102
13.776000,1820.400000,0.826987
3.280000,57.072000,0.671126
8.528000,357.520000,1.762208
32.144000,2645.648000,0.891447
13.776000,1735.120000,0.683492
24.272000,1826.960000,1.791696
3.280000,205.328000,0.796162
7.216000,2545.936000,0.912918
4.592000,2788.656000,0.920421
19.024000,84.624000,0.724634
7.216000,2458.032000,0.785214
17.712000,938.736000,0.852447
3.280000,354.896000,0.778537
0.656000,1708.880000,0.829895
11.152000,2089.360000,0.849329
8.528000,459.856000,0.926013
38.704000,332.592000,0.731184
28.208000,633.040000,1.109556
22.960000,1127.664000,0.917078
15.088000,2880.496000,0.676156
11.152000,2969.712000,0.790123
25.584000,1027.952000,1.853922
28.208000,3019.568000,0.701002
16.400000,2783.408000,0.812874
28.208000,2644.336000,0.893970
1.968000,2608.912000,0.965417
29.520000,1802.032000,1.466400
12.464000,30.832000,0.801711
26.896000,1453.040000,0.662643
15.088000,1319.216000,1.018147
1.968000,2652.208000,0.709464
7.216000,623.856000,0.830455
4.592000,486.096000,0.774627
30.832000,1620.976000,1.004986
21.648000,1337.584000,0.934928
29.520000,3095.664000,1.244201
24.272000,1443.856000,0.691204
29.520000,2477.712000,0.819820
30.832000,1866.320000,0.994333
34.768000,1433.360000,1.559408
19.024000,2068.368000,0.810159
19.024000,2387.184000,0.659029
15.088000,1554.064000,0.716141
36.080000,1952.912000,0.924230
7.216000,2883.120000,0.692644
38.704000,2888.368000,0.881010
4.592000,1729.872000,0.938515
17.712000,2305.840000,1.463185
0.656000,446.736000,0.745820
19.024000,2363.568000,1.141647
36.080000,1653.776000,1.523253
3.280000,318.160000,0.948919
19.024000,3052.368000,0.854878
3.280000,3057.616000,1.192152
22.960000,3094.352000,1.773810
36.080000,2315.024000,1.677591
36.080000,2553.808000,0.924702
3.280000,1037.136000,0.685279
11.152000,1720.688000,0.873198
1.968000,724.880000,0.714789
24.272000,1805.968000,1.119835
36.080000,1323.152000,1.242130
38.704000,3096.976000,0.658025
5.904000,2569.552000,1.027747
30.832000,1792.848000,0.814761
7.216000,1045.008000,0.839482
0.656000,1033.200000,0.749973
3.280000,3117.968000,0.686720
32.144000,535.952000,0.824583
29.520000,528.080000,0.928920
12.464000,201.392000,1.197427
5.904000,2162.832000,0.720828
24.272000,1552.752000,0.844993
38.704000,2591.856000,0.800266
9.840000,1438.608000,0.964963
5.904000,2587.920000,0.769825
25.584000,3207.184000,1.099802
20.336000,167.280000,0.990850
11.152000,2313.712000,0.800015
0.656000,1998.832000,0.669831
32.144000,1156.528000,0.898329
20.336000,3136.336000,1.017735
19.024000,2950.032000,1.963792
5.904000,1718.064000,0.754799
26.896000,699.952000,1.002243
29.520000,22.960000,1.306841
8.528000,2712.560000,2.104480
38.704000,2000.144000,0.815796
15.088000,2048.688000,0.945712
26.896000,2115.600000,0.980974
37.392000,340.464000,0.832334
34.768000,247.312000,0.772713
12.464000,2648.272000,0.737520
15.088000,1230.000000,0.692338
7.216000,1950.288000,0.687676
20.336000,2528.880000,0.706433
15.088000,1111.920000,2.765949
29.520000,213.200000,0.769507
9.840000,1786.288000,0.774164
28.208000,1037.136000,1.001639
24.272000,1765.296000,0.904145
38.704000,1903.056000,1.344027
1.968000,2158.896000,1.173774
17.712000,1248.368000,1.067686
32.144000,903.312000,2.297914
36.080000,1157.840000,1.363866
5.904000,892.816000,1.219833
37.392000,1611.792000,0.942042
15.088000,598.928000,0.894223
38.704000,1917.488000,0.672697
12.464000,532.016000,0.941415
33.456000,66.256000,0.879974
12.464000,534.640000,0.718961
26.896000,508.400000,0.806153
28.208000,85.936000,1.353144
32.144000,2867.376000,0.938643
9.840000,2242.864000,0.904146
11.152000,2774.224000,0.692072
3.280000,2185.136000,0.861430
5.904000,2169.392000,0.792290
1.968000,2607.600000,0.835102
30.832000,3079.920000,0.729640
22.960000,946.608000,0.807299
16.400000,2834.576000,1.564823
22.960000,1438.608000,0.901507
17.712000,239.440000,0.771043
12.464000,424.432000,0.982844
19.024000,2586.608000,1.159994
3.280000,1828.272000,0.886169
11.152000,2690.256000,0.717418
9.840000,634.352000,2.397787
33.456000,829.840000,0.726645
7.216000,1664.272000,0.753932
22.960000,1723.312000,0.838215
38.704000,1320.528000,0.728370
26.896000,1760.048000,0.813659
15.088000,2122.160000,0.689997
36.080000,1895.184000,1.237490
29.520000,2120.848000,0.676051
20.336000,1233.936000,1.461452
22.960000,1033.200000,0.690434
20.336000,244.688000,0.969706
19.024000,3157.328000,0.778017
34.768000,1323.152000,0.862635
9.840000,1529.136000,0.815748
17.712000,698.640000,1.255282
26.896000,860.016000,0.778881
28.208000,2232.368000,0.736868
16.400000,2005.392000,0.813306
15.088000,3052.368000,0.747159
1.968000,1925.360000,0.847977
37.392000,1718.064000,1.303885
7.216000,1887.312000,1.081127
28.208000,1350.704000,0.741133
7.216000,2282.224000,0.868101
20.336000,537.264000,0.963006
30.832000,1038.448000,0.704246
37.392000,2799.152000,1.320791
26.896000,2893.616000,0.826820
16.400000,329.968000,1.218569
30.832000,349.648000,0.865088
9.840000,2724.368000,0.711546
29.520000,398.192000,1.043816
28.208000,2624.656000,1.139025
3.280000,2527.568000,0.706247
9.840000,3115.344000,0.723514
37.392000,2214.000000,0.669311
32.144000,2074.928000,0.680685
17.712000,572.688000,1.060894
0.656000,2347.824000,0.870649
29.520000,1757.424000,0.799243
29.520000,268.304000,0.665525
34.768000,2315.024000,1.325728
9.840000,853.456000,1.198895
11.152000,169.904000,0.687792
17.712000,303.728000,1.591182
21.648000,2195.632000,0.785432
8.528000,2149.712000,2.278575
17.712000,2604.976000,0.673821
16.400000,1766.608000,1.125154
32.144000,3026.128000,2.244926
36.080000,1639.344000,0.764339
29.520000,2514.448000,0.778106
25.584000,1066.000000,0.809322
37.392000,1602.608000,1.951775
7.216000,121.360000,0.808357
26.896000,1593.424000,0.737082
13.776000,1762.672000,1.031448
3.280000,2939.536000,0.864224
33.456000,1544.880000,0.861454
29.520000,1929.296000,0.799045
37.392000,989.904000,0.750597
20.336000,2013.264000,1.047107
36.080000,361.456000,1.218327
20.336000,1872.880000,0.663997
32.144000,1703.632000,0.965156
33.456000,1946.352000,1.580345
28.208000,521.520000,1.834273
11.152000,1413.680000,0.726557
11.152000,2656.144000,0.894069
20.336000,2448.848000,0.965326
16.400000,1521.264000,0.678963
29.520000,11.152000,1.074531
34.768000,1115.856000,0.912687
3.280000,2859.504000,0.705408
17.712000,1245.744000,0.770537
28.208000,707.824000,0.688742
5.904000,2252.048000,1.635074
0.656000,3133.712000,0.710823
29.520000,1024.016000,0.958965
0.656000,2111.664000,0.696303
29.520000,2006.704000,1.172407
3.280000,2343.888000,0.746006
8.528000,2450.160000,0.693971
30.832000,197.456000,0.981947
7.216000,833.776000,0.795717
32.144000,2595.792000,0.793729
0.656000,125.296000,0.944119
11.152000,1090.928000,1.102489
3.280000,2955.280000,0.819459
26.896000,2460.656000,1.588999
29.520000,1813.840000,0.925761
32.144000,1279.856000,0.724817
30.832000,2935.600000,1.072332
1.968000,1344.144000,1.793319
20.336000,1627.536000,0.924133
21.648000,2641.712000,0.992820
8.528000,32.144000,1.001006
17.712000,983.344000,0.726555
37.392000,2490.832000,0.731331
11.152000,2193.008000,2.748506
1.968000,2978.896000,0.903288
21.648000,2980.208000,0.670389
22.960000,1274.608000,1.117365
30.832000,1239.184000,0.687443
21.648000,1672.144000,0.998815
28.208000,1218.192000,0.718261
21.648000,1038.448000,1.583528
5.904000,1140.784000,1.279681
22.960000,1332.336000,0.698868
15.088000,1190.640000,0.898452
11.152000,1429.424000,1.034427
36.080000,2065.744000,1.192333
5.904000,2893.616000,2.007088
38.704000,2721.744000,0.758033
25.584000,1090.928000,0.921278
1.968000,2881.808000,1.595678
28.208000,1938.480000,1.825222
9.840000,1321.840000,0.681223
3.280000,2553.808000,0.668760
22.960000,22.960000,0.817409
5.904000,1069.936000,0.827250
33.456000,2540.688000,0.993834
17.712000,1648.528000,0.740616
29.520000,974.160000,0.657473
29.520000,3112.720000,0.782511
17.712000,2262.544000,1.400243
29.520000,770.800000,0.664072
19.024000,2517.072000,0.682460
33.456000,297.168000,1.478982
17.712000,2299.280000,0.742570
25.584000,1113.232000,1.093534
22.960000,211.888000,1.164295
28.208000,762.928000,1.973095
38.704000,1781.040000,0.874106
12.464000,2518.384000,0.679788
36.080000,2484.272000,0.670319
33.456000,2013.264000,0.721984
20.336000,1017.456000,0.792687
26.896000,2890.992000,0.796566
36.080000,2408.176000,0.799621
19.024000,3068.112000,0.789773
20.336000,2313.712000,0.865980
17.712000,1683.952000,1.178394
8.528000,2021.136000,1.119963
28.208000,731.440000,1.479636
5.904000,2157.584000,0.681325
0.656000,1422.864000,0.952678
1.968000,538.576000,0.775611
0.656000,898.064000,0.785801
17.712000,1555.376000,1.185486
17.712000,3106.160000,0.982251
15.088000,1979.152000,0.755720
20.336000,2825.392000,0.967657
17.712000,1934.544000,0.669472
25.584000,2396.368000,0.764238
3.280000,1231.312000,1.595543
5.904000,3136.336000,0.732756
22.960000,1445.168000,1.580455
30.832000,1939.792000,1.131037
38.704000,3073.360000,0.748965
34.768000,1480.592000,0.671625
0.656000,925.616000,1.184006
20.336000,2118.224000,1.065087
24.272000,2797.840000,0.871381
20.336000,2262.544000,0.859812
12.464000,1449.104000,0.969741
29.520000,1485.840000,1.481596
11.152000,1653.776000,0.700660
37.392000,2771.600000,1.488051
19.024000,1016.144000,0.864966
33.456000,974.160000,0.727200
29.520000,2736.176000,0.744765
17.712000,78.064000,1.131515
13.776000,1807.280000,0.919105
13.776000,2174.640000,1.010083
0.656000,2367.504000,0.865278
25.584000,968.912000,1.479865
12.464000,808.848000,0.758519
15.088000,2332.080000,0.740585
30.832000,857.392000,1.033551
8.528000,231.568000,0.734424
9.840000,303.728000,0.939591
33.456000,1283.792000,0.925973
1.968000,302.416000,1.326034
0.656000,3028.752000,0.924734
4.592000,1842.704000,0.935255
4.592000,1645.904000,1.349564
17.712000,1867.632000,0.814520
11.152000,2696.816000,1.067930
11.152000,3146.832000,0.799083
26.896000,3026.128000,1.456307
28.208000,1750.864000,1.157540
33.456000,972.848000,0.928216
28.208000,863.952000,0.688489
0.656000,2922.480000,1.346105
4.592000,343.088000,0.664117
37.392000,1022.704000,1.099610
0.656000,976.784000,0.987389
17.712000,655.344000,0.684184
12.464000,3194.064000,1.507039
36.080000,1212.944000,1.380956
29.520000,2391.120000,0.662925
1.968000,1735.120000,1.620202
30.832000,1861.072000,0.778123
38.704000,2787.344000,0.960193
38.704000,916.432000,1.123306
1.968000,3211.120000,0.750013
0.656000,2321.584000,0.749409
1.968000,1994.896000,0.798305
16.400000,937.424000,1.312711
7.216000,1938.480000,0.714424
28.208000,1725.936000,0.804979
32.144000,272.240000,0.658945
19.024000,3137.648000,0.710082
32.144000,2771.600000,0.671766
26.896000,2013.264000,0.993418
38.704000,553.008000,0.942865
38.704000,1090.928000,0.702388
29.520000,3146.832000,0.730487
13.776000,1416.304000,0.988965
11.152000,480.848000,0.792013
33.456000,1868.944000,1.508289
30.832000,449.360000,0.689737
37.392000,2768.976000,0.795072
5.904000,2524.944000,0.930109
16.400000,1281.168000,0.842752
5.904000,1086.992000,1.549794
17.712000,1753.488000,0.780083
32.144000,1913.552000,0.762699
29.520000,1592.112000,0.798333
17.712000,3060.240000,0.665360
36.080000,1800.720000,1.195760
24.272000,567.440000,0.952742
7.216000,1551.440000,0.684904
3.280000,2565.616000,1.106684
0.656000,1050.256000,0.844667
13.776000,2381.936000,0.846495
30.832000,2591.856000,0.916558
24.272000,1153.904000,0.658791
13.776000,2255.984000,1.389836
9.840000,1765.296000,0.677218
22.960000,310.288000,0.796598
21.648000,2035.568000,0.960876
36.080000,2757.168000,0.871028
8.528000,361.456000,0.964820
29.520000,782.608000,0.762622
9.840000,2986.768000,0.884420
8.528000,3077.296000,0.739786
26.896000,744.560000,1.322431
29.520000,2430.480000,0.756649
32.144000,2408.176000,1.096756
28.208000,2972.336000,1.066802
20.336000,3036.624000,0.690495
33.456000,312.912000,0.871184
19.024000,1110.608000,2.381713
33.456000,154.160000,0.734161
16.400000,1561.936000,1.101692
12.464000,2360.944000,0.841595
30.832000,1718.064000,0.746840
32.144000,2835.888000,0.732994
26.896000,2904.112000,1.334097
28.208000,925.616000,0.667936
13.776000,1394.000000,0.976827
37.392000,1097.488000,0.984896
33.456000,564.816000,0.697449
26.896000,2517.072000,0.740760
32.144000,2614.160000,0.704319
16.400000,495.280000,1.093030
33.456000,1421.552000,0.873061
16.400000,2873.936000,0.818782
8.528000,806.224000,0.920281
25.584000,2035.568000,0.944079
7.216000,2429.168000,1.169876
29.520000,3089.104000,0.943177
36.080000,2368.816000,1.134743
38.704000,808.848000,0.860653
22.960000,824.592000,0.656806
5.904000,2034.256000,1.830820
28.208000,2863.440000,0.660355
21.648000,2182.512000,0.783466
5.904000,1610.480000,1.304651
3.280000,638.288000,1.497960
7.216000,2973.648000,0.760361
25.584000,850.832000,0.851146
25.584000,1054.192000,0.804517
25.584000,661.904000,0.838685
29.520000,2366.192000,1.202574
12.464000,395.568000,2.110925
16.400000,2465.904000,0.759785
15.088000,2519.696000,0.751846
15.088000,2599.728000,1.374822
11.152000,144.976000,0.685076
25.584000,1051.568000,0.666538
28.208000,1493.712000,0.684730
29.520000,2275.664000,1.196420
15.088000,1341.520000,1.133797
37.392000,528.080000,0.818957
24.272000,3145.520000,1.185154
28.208000,1186.704000,0.816385
9.840000,673.712000,1.275687
5.904000,789.168000,1.083703
26.896000,415.248000,1.247884
20.336000,2851.632000,0.875616
26.896000,1702.320000,0.879805
3.280000,1000.400000,0.765193
7.216000,2481.648000,0.794261
15.088000,2833.264000,0.695250
34.768000,1367.760000,1.138750
4.592000,3016.944000,1.056159
28.208000,2892.304000,0.697184
8.528000,1784.976000,1.000944
30.832000,463.792000,0.686899
33.456000,1753.488000,1.478088
11.152000,840.336000,0.691926
28.208000,617.296000,0.737894
25.584000,286.672000,0.706444
36.080000,1496.336000,0.676523
15.088000,105.616000,0.760394
4.592000,2990.704000,1.586195
15.088000,907.248000,1.047261
38.704000,2884.432000,1.112169
29.520000,2501.328000,0.899497
11.152000,1153.904000,0.867107
0.656000,1411.056000,2.149236
26.896000,1942.416000,1.669502
20.336000,920.368000,0.739827
19.024000,1615.728000,0.679030
17.712000,1983.088000,0.740207
8.528000,2787.344000,0.870806
1.968000,774.736000,0.660957
1.968000,1715.440000,0.919789
37.392000,2786.032000,0.760615
12.464000,2906.736000,0.819919
11.152000,1433.360000,0.760332
1.968000,357.520000,1.194874
16.400000,223.696000,0.877231
5.904000,416.560000,0.731807
9.840000,1638.032000,0.921231
7.216000,2586.608000,0.942982
19.024000,1988.336000,0.729314
37.392000,2422.608000,0.685161
22.960000,1929.296000,1.243750
5.904000,761.616000,0.687890
19.024000,67.568000,1.118170
20.336000,3047.120000,1.908264
20.336000,147.600000,1.058604
7.216000,1544.880000,0.749847
24.272000,453.296000,0.762982
19.024000,1787.600000,0.717789
30.832000,487.408000,0.867384
13.776000,82.000000,0.936455
36.080000,1514.704000,0.727643
1.968000,731.440000,1.255450
11.152000,368.016000,0.660939
7.216000,2396.368000,0.850926
37.392000,2095.920000,0.706582
3.280000,139.728000,0.850192
15.088000,2875.248000,0.681340
37.392000,1155.216000,0.660264
34.768000,1844.016000,1.094201
21.648000,1222.128000,1.250692
36.080000,2353.072000,0.772236
24.272000,442.800000,0.667538
12.464000,2783.408000,0.884244
20.336000,874.448000,0.821586
0.656000,419.184000,0.710722
37.392000,70.192000,0.700918
8.528000,209.264000,0.666566
38.704000,429.680000,0.674858
17.712000,2423.920000,1.430274
25.584000,164.656000,1.609844
29.520000,2395.056000,0.670843
19.024000,3095.664000,1.060564
4.592000,398.192000,1.436403
13.776000,83.312000,0.710055
25.584000,1125.040000,0.735482
8.528000,2120.848000,1.197193
19.024000,2460.656000,0.759037
13.776000,185.648000,0.926477
3.280000,626.480000,1.029698
28.208000,2372.752000,0.792652
11.152000,1498.960000,1.000418
25.584000,873.136000,0.720803
37.392000,1560.624000,0.960764
15.088000,2902.800000,1.247613
33.456000,2245.488000,1.187467
20.336000,3090.416000,1.122776
29.520000,2261.232000,0.675094
24.272000,2775.536000,0.820267
33.456000,1917.488000,0.725556
34.768000,266.992000,1.627596
34.768000,1193.264000,0.867574
30.832000,478.224000,0.735714
17.712000,392.944000,1.104832
0.656000,1205.072000,0.716851
4.592000,1359.888000,0.744917
8.528000,916.432000,0.801592
22.960000,67.568000,0.913547
38.704000,3062.864000,0.917021
9.840000,663.216000,0.863847
20.336000,3007.760000,1.066243
33.456000,1462.224000,0.747915
37.392000,2518.384000,1.015567
19.024000,2371.440000,0.719546
4.592000,303.728000,1.348617
37.392000,1069.936000,1.504341
29.520000,127.920000,1.113811
20.336000,2796.528000,1.006290
0.656000,853.456000,0.987359
29.520000,660.592000,0.865781
9.840000,329.968000,1.008737
25.584000,856.080000,0.757560
26.896000,1073.872000,0.832949
34.768000,2706.000000,0.846226
22.960000,1702.320000,0.661138
19.024000,2677.136000,1.520923
37.392000,2749.296000,0.810828
20.336000,61.008000,0.927472
15.088000,200.080000,1.099531
15.088000,491.344000,0.804800
32.144000,2675.824000,1.044364
5.904000,1733.808000,0.894047
21.648000,1319.216000,1.604929
16.400000,2511.824000,0.660205
25.584000,3043.184000,0.973148
1.968000,2657.456000,0.681569
25.584000,1983.088000,0.703280
17.712000,425.744000,0.961230
28.208000,2137.904000,1.740584
24.272000,2644.336000,0.889118
7.216000,1838.768000,1.227071
16.400000,1941.104000,1.217824
0.656000,2810.960000,0.864414
29.520000,134.480000,1.803072
4.592000,2202.192000,0.824057
38.704000,2322.896000,1.317102
30.832000,165.968000,1.201437
38.704000,3018.256000,0.836409
9.840000,766.864000,1.400716
33.456000,3085.168000,1.053401
17.712000,1522.576000,0.713040
19.024000,1412.368000,0.671814
32.144000,1390.064000,1.218813
29.520000,2888.368000,0.818278
28.208000,1488.464000,1.097105
26.896000,433.616000,0.885664
28.208000,1498.960000,0.683977
19.024000,3083.856000,1.964484
9.840000,2115.600000,0.729979
25.584000,2158.896000,0.841801
24.272000,1115.856000,0.697793
25.584000,528.080000,0.786244
15.088000,727.504000,1.161163
36.080000,362.768000,0.737591
1.968000,980.720000,0.776574
8.528000,840.336000,0.669595
7.216000,2944.784000,0.723878
12.464000,2472.464000,1.098392
1.968000,2404.240000,1.064992
30.832000,2324.208000,0.785891
17.712000,2989.392000,0.712118
36.080000,1063.376000,1.604817
15.088000,1468.784000,0.718205
4.592000,2002.768000,1.479358
3.280000,1481.904000,1.206412
26.896000,1670.832000,1.057549
32.144000,2070.992000,1.159620
17.712000,1939.792000,1.821065
22.960000,205.328000,0.770802
28.208000,1892.560000,0.692704
1.968000,1844.016000,1.015020
36.080000,2581.360000,0.732318
7.216000,3119.280000,1.096970
5.904000,2625.968000,0.714688
33.456000,2720.432000,1.172996
24.272000,1379.568000,1.175182
29.520000,302.416000,0.663261
4.592000,3112.720000,0.874913
26.896000,2652.208000,0.892651
25.584000,1401.872000,1.267542
33.456000,2544.624000,1.234364
30.832000,895.440000,1.745175
30.832000,1195.888000,0.709730
12.464000,849.520000,0.944822
36.080000,870.512000,1.328528
17.712000,517.584000,0.750273
32.144000,1076.496000,1.502331
21.648000,1496.336000,0.801706
3.280000,1551.440000,1.101846
8.528000,2587.920000,0.970659
5.904000,1462.224000,0.672141
16.400000,850.832000,0.742895
11.152000,2354.384000,1.206162
32.144000,1113.232000,0.933786
29.520000,399.504000,1.222842
19.024000,266.992000,1.089506
3.280000,1203.760000,0.806424
36.080000,1866.320000,0.711624
28.208000,3082.544000,0.969736
36.080000,1648.528000,0.683907
29.520000,2978.896000,0.981875
11.152000,362.768000,0.810122
25.584000,3124.528000,0.757038
13.776000,3132.400000,0.657200
30.832000,2103.792000,0.927812
11.152000,2044.752000,1.335454
3.280000,1384.816000,1.006043
15.088000,1948.976000,1.125298
25.584000,419.184000,0.668411
0.656000,1429.424000,0.698607
24.272000,1447.792000,0.758973
17.712000,1834.832000,1.045956
33.456000,2252.048000,1.416261
15.088000,717.008000,1.529853
24.272000,2662.704000,0.821086
17.712000,823.280000,0.911371
28.208000,1910.928000,0.672247
21.648000,1577.680000,0.975796
0.656000,2778.160000,0.757311
0.656000,1350.704000,0.933170
3.280000,2948.720000,0.898932
20.336000,1820.400000,1.281630
32.144000,2246.800000,1.133532
26.896000,1382.192000,1.245320
34.768000,3036.624000,1.001741
29.520000,955.792000,0.761981
24.272000,430.992000,0.684624
37.392000,2783.408000,0.684366
29.520000,606.800000,0.815546
22.960000,1176.208000,0.708074
30.832000,448.048000,0.986269
0.656000,598.928000,0.719562
17.712000,1593.424000,0.673358
0.656000,2871.312000,0.855381
33.456000,3128.464000,1.764233
4.592000,2803.088000,0.773930
30.832000,2448.848000,0.906902
16.400000,1891.248000,0.710846
17.712000,1695.760000,1.647406
17.712000,824.592000,0.775990
17.712000,2881.808000,2.358382
8.528000,1006.960000,1.628802
12.464000,2029.008000,0.758353
25.584000,410.000000,0.967689
30.832000,444.112000,1.099188
29.520000,1534.384000,0.974982
11.152000,3035.312000,0.806726
21.648000,1136.848000,1.142499
37.392000,2026.384000,0.761477
33.456000,619.920000,1.242823
30.832000,1042.384000,0.814154
9.840000,55.760000,0.666534
19.024000,1687.888000,1.459492
33.456000,1220.816000,0.904026
38.704000,1147.344000,0.668436
0.656000,1790.224000,1.400645
30.832000,1689.200000,1.040223
12.464000,974.160000,1.092981
8.528000,1433.360000,1.697762
37.392000,1736.432000,1.305190
4.592000,228.944000,0.894066
24.272000,1327.088000,1.359591
34.768000,1094.864000,0.788059
33.456000,2881.808000,0.734367
24.272000,1921.424000,0.715457
11.152000,1252.304000,1.009437
25.584000,1811.216000,2.348363
36.080000,888.880000,0.827800
38.704000,996.464000,1.182826
13.776000,2591.856000,0.818600
0.656000,2233.680000,0.826173
1.968000,2871.312000,0.720676
33.456000,2015.888000,0.924745
3.280000,368.016000,1.234508
20.336000,1716.752000,1.073665
30.832000,675.024000,0.659630
0.656000,1222.128000,0.729545
37.392000,1971.280000,1.375239
4.592000,360.144000,0.675080
32.144000,2736.176000,1.006367
32.144000,2431.792000,1.437847
3.280000,328.656000,0.666884
36.080000,2011.952000,0.776038
1.968000,861.328000,0.807910
29.520000,1887.312000,1.020431
1.968000,2414.736000,0.781406
28.208000,836.400000,0.814399
13.776000,863.952000,0.901099
33.456000,761.616000,1.212890
13.776000,934.800000,1.518080
12.464000,2695.504000,0.701953
25.584000,2860.816000,0.728639
15.088000,2522.320000,1.501817
19.024000,1118.480000,1.149722
33.456000,1578.992000,0.705306
12.464000,1809.904000,1.063414
20.336000,105.616000,1.015331
8.528000,852.144000,0.953967
38.704000,1912.240000,0.778443
29.520000,894.128000,2.134438
8.528000,2673.200000,1.109519
1.968000,3156.016000,0.660660
13.776000,543.824000,1.088324
11.152000,898.064000,0.774224
15.088000,762.928000,0.972193
19.024000,932.176000,1.089786
3.280000,1575.056000,1.082739
9.840000,692.080000,1.083768
28.208000,547.760000,0.865601
21.648000,1169.648000,0.851912
1.968000,793.104000,0.708969
28.208000,745.872000,0.782028
25.584000,1874.192000,1.112744
13.776000,1118.480000,0.866724
24.272000,1320.528000,0.780510
0.656000,2595.792000,1.069036
34.768000,2542.000000,1.234480
32.144000,2653.520000,1.601582
7.216000,1084.368000,0.694885
28.208000,1682.640000,0.866786
26.896000,2454.096000,1.306546
13.776000,1598.672000,1.749265
21.648000,2835.888000,0.749207
28.208000,2241.552000,0.905933
4.592000,2993.328000,0.719540
30.832000,9.840000,1.632809
29.520000,2370.128000,0.758797
38.704000,67.568000,1.238910
33.456000,2490.832000,1.031227
21.648000,786.544000,0.788569
12.464000,398.192000,1.053030
3.280000,3211.120000,0.697672
8.528000,2349.136000,1.741727
28.208000,1825.648000,1.007884
37.392000,2973.648000,2.218937
20.336000,248.624000,0.836953
7.216000,1711.504000,1.011899
33.456000,1349.392000,0.928827
11.152000,252.560000,0.732588
0.656000,1820.400000,0.757811
37.392000,911.184000,0.908866
5.904000,71.504000,0.915423
20.336000,249.936000,1.908613
13.776000,1577.680000,0.833416
25.584000,2093.296000,1.168447
4.592000,1736.432000,1.174067
38.704000,89.872000,0.758842
20.336000,1451.728000,0.684373
17.712000,3013.008000,0.749489
25.584000,403.440000,1.077354
28.208000,1228.688000,1.137589
3.280000,2624.656000,1.131339
12.464000,449.360000,1.415013
8.528000,1266.736000,0.942936
16.400000,664.528000,1.296740
11.152000,2531.504000,1.308218
1.968000,3222.928000,1.222481
21.648000,2839.824000,1.373554
15.088000,3141.584000,1.500304
28.208000,2307.152000,0.977910
38.704000,63.632000,1.307244
37.392000,2421.296000,0.669710
24.272000,1411.056000,0.801668
34.768000,3137.648000,0.971309
4.592000,1573.744000,0.722230
0.656000,479.536000,0.995873
1.968000,5.904000,0.686676
25.584000,2599.728000,0.740241
25.584000,3146.832000,1.075458
9.840000,2824.080000,1.102560
7.216000,3077.296000,1.771706
4.592000,913.808000,0.971803
22.960000,436.240000,0.754450
21.648000,739.312000,0.822202
25.584000,909.872000,0.787231
0.656000,176.464000,1.664041
22.960000,2307.152000,1.034330
26.896000,471.664000,1.048319
15.088000,2568.240000,0.786014
9.840000,2275.664000,1.144644
19.024000,2312.400000,0.884887
12.464000,2893.616000,0.912208
38.704000,1117.168000,0.924586
34.768000,2179.888000,0.718099
37.392000,2724.368000,0.973367
26.896000,3120.592000,1.189745
22.960000,701.264000,1.239827
33.456000,308.976000,0.780780
20.336000,696.016000,1.076657
15.088000,820.656000,0.705674
34.768000,482.160000,0.660681
16.400000,1614.416000,0.737783
19.024000,45.264000,0.766544
15.088000,1930.608000,1.624798
11.152000,365.392000,0.751576
7.216000,268.304000,0.907078
30.832000,736.688000,0.803383
21.648000,678.960000,0.738294
21.648000,2606.288000,0.752178
38.704000,248.624000,1.954648
16.400000,2492.144000,1.744547
21.648000,2905.424000,0.661048
22.960000,358.832000,0.860214
11.152000,175.152000,0.760119
16.400000,2754.544000,0.697137
12.464000,2969.712000,0.753450
11.152000,200.080000,0.934770
32.144000,2687.632000,0.968156
9.840000,2004.080000,0.844733
26.896000,2871.312000,0.765049
4.592000,2438.352000,0.713443
4.592000,1291.664000,1.427827
36.080000,1508.144000,0.663934
1.968000,1375.632000,1.125410
26.896000,432.304000,0.810109
38.704000,2252.048000,0.729167
22.960000,1239.184000,0.687511
28.208000,1341.520000,0.714533
28.208000,2681.072000,0.905837
30.832000,385.072000,0.871328
30.832000,710.448000,0.961322
4.592000,732.752000,0.810721
28.208000,2442.288000,1.193629
26.896000,2194.320000,0.750892
3.280000,2653.520000,2.054825
33.456000,2263.856000,0.709384
3.280000,1378.256000,1.307773
22.960000,2410.800000,0.879999
38.704000,99.056000,0.905271
4.592000,3183.568000,1.204890
9.840000,2902.800000,0.693040
19.024000,1903.056000,0.782221
22.960000,1624.912000,1.264468
5.904000,1844.016000,1.129677
20.336000,3154.704000,1.274179
37.392000,971.536000,0.909691
8.528000,2022.448000,1.102592
4.592000,1704.944000,0.776367
8.528000,719.632000,0.742618
9.840000,2510.512000,1.212321
17.712000,2955.280000,1.449357
0.656000,2343.888000,0.768649
13.776000,2502.640000,1.171499
33.456000,310.288000,0.755567
28.208000,1849.264000,0.762017
36.080000,699.952000,1.228705
0.656000,444.112000,0.858236
29.520000,1732.496000,1.486715
37.392000,764.240000,0.706265
20.336000,1136.848000,0.886545
36.080000,1872.880000,1.022291
36.080000,1817.776000,1.201114
0.656000,3031.376000,0.846497
7.216000,1984.400000,1.483458
22.960000,1988.336000,0.817428
29.520000,1850.576000,0.830070
4.592000,1809.904000,0.676063
4.592000,1390.064000,1.078735
11.152000,609.424000,2.155431
19.024000,1068.624000,0.970224
21.648000,646.160000,0.805818
7.216000,2809.648000,1.159492
1.968000,2510.512000,2.096169
20.336000,1615.728000,0.900308
38.704000,849.520000,0.752533
28.208000,2341.264000,0.800182
9.840000,1997.520000,0.959985
24.272000,1651.152000,0.902446
15.088000,2581.360000,1.562990
32.144000,697.328000,1.993245
5.904000,341.776000,1.184014
3.280000,501.840000,1.162634
37.392000,2328.144000,1.513592
11.152000,1975.216000,0.746981
13.776000,524.144000,0.896024
12.464000,100.368000,0.661827
13.776000,2855.568000,0.914517
20.336000,1981.776000,0.788566
38.704000,2185.136000,0.957371
29.520000,158.096000,1.577072
16.400000,2372.752000,0.674301
12.464000,2929.040000,1.117096
29.520000,995.152000,0.725645
13.776000,1344.144000,1.031801
38.704000,1950.288000,0.833175
9.840000,2025.072000,0.994752
15.088000,1634.096000,0.967197
24.272000,57.072000,1.506147
21.648000,2984.144000,0.668439
26.896000,1655.088000,0.857074
33.456000,3094.352000,1.577104
17.712000,2835.888000,0.900167
19.024000,3145.520000,0.756604
3.280000,2707.312000,0.717693
25.584000,400.816000,2.614312
9.840000,2725.680000,0.702019
30.832000,591.056000,1.107763
32.144000,1695.760000,1.343344
16.400000,2067.056000,1.041894
11.152000,278.800000,0.764999
5.904000,3020.880000,0.666167
29.520000,1005.648000,1.619721
7.216000,2330.768000,0.965526
21.648000,222.384000,0.955287
32.144000,2046.064000,0.942218
34.768000,3096.976000,0.844008
3.280000,1598.672000,0.872165
9.840000,2534.128000,1.455717
4.592000,1853.200000,1.095410
7.216000,3074.672000,0.955830
9.840000,80.688000,1.946210
30.832000,430.992000,1.317598
30.832000,3020.880000,0.708059
20.336000,1571.120000,0.656731
34.768000,472.976000,0.674874
8.528000,2014.576000,0.768212
9.840000,2068.368000,1.480040
21.648000,1943.728000,0.670692
4.592000,642.224000,0.971436
30.832000,1212.944000,0.904824
0.656000,1683.952000,0.747270
37.392000,2951.344000,0.735964
7.216000,2263.856000,0.657388
29.520000,1138.160000,0.702384
11.152000,105.616000,2.048719
3.280000,138.416000,0.813151
7.216000,517.584000,0.852364
12.464000,2856.880000,0.735609
16.400000,3106.160000,1.241197
25.584000,1592.112000,0.727989
33.456000,1526.512000,1.303111
24.272000,503.152000,0.697255
3.280000,596.304000,0.719005
16.400000,2464.592000,0.753682
25.584000,2301.904000,0.785328
24.272000,1634.096000,1.347044
11.152000,2030.320000,0.975899
20.336000,1680.016000,1.644772
7.216000,2568.240000,1.264422
12.464000,2346.512000,1.055086
1.968000,1009.584000,1.109048
28.208000,1846.640000,1.045585
1.968000,1024.016000,1.385154
25.584000,1572.432000,0.662907
37.392000,1875.504000,0.850400
13.776000,2452.784000,0.717217
12.464000,190.896000,1.628919
3.280000,2999.888000,0.684198
5.904000,3015.632000,1.416182
19.024000,1985.712000,1.038501
24.272000,1205.072000,0.821298
26.896000,575.312000,0.746585
12.464000,1708.880000,0.783226
21.648000,979.408000,1.170629
26.896000,2993.328000,0.772307
29.520000,2325.520000,0.993923
21.648000,1934.544000,0.828648
17.712000,62.320000,0.893028
5.904000,2582.672000,1.598253
12.464000,1627.536000,1.138247
0.656000,604.176000,1.982524
5.904000,17.712000,0.754072
33.456000,2528.880000,0.852403
7.216000,32.144000,0.792573
13.776000,562.192000,0.752170
0.656000,1859.760000,0.952919
5.904000,2127.408000,0.673139
7.216000,108.240000,1.170526
19.024000,1282.480000,0.919501
28.208000,1117.168000,1.373349
20.336000,762.928000,0.858332
33.456000,2930.352000,0.900804
34.768000,2607.600000,0.878414
8.528000,1332.336000,0.746301
4.592000,3037.936000,0.735743
34.768000,1222.128000,0.717527
16.400000,2021.136000,1.194407
38.704000,1741.680000,0.744963
36.080000,2540.688000,0.682532
0.656000,533.328000,0.747750
33.456000,895.440000,0.698788
34.768000,46.576000,1.076321
20.336000,2417.360000,0.839471
33.456000,1354.640000,0.997158
30.832000,917.744000,0.757808
37.392000,2046.064000,0.900014
29.520000,2807.024000,0.863603
33.456000,1672.144000,3.042546
4.592000,921.680000,1.058145
0.656000,2161.520000,0.848273
32.144000,2936.912000,1.060510
33.456000,1474.032000,0.698051
12.464000,689.456000,0.821587
38.704000,301.104000,1.089422
15.088000,2225.808000,1.127632
0.656000,53.136000,1.730613
0.656000,2364.880000,1.057775
16.400000,475.600000,1.029458
19.024000,500.528000,0.721170
24.272000,608.112000,1.000740
12.464000,530.704000,0.844961
4.592000,1770.544000,1.085846
19.024000,2726.992000,1.386710
7.216000,2789.968000,1.219019
32.144000,2669.264000,0.783195
38.704000,1787.600000,0.932884
26.896000,1525.200000,1.014253
1.968000,629.104000,0.718114
36.080000,3061.552000,1.673915
25.584000,408.688000,0.730447
22.960000,1250.992000,1.106678
3.280000,1273.296000,0.659819
37.392000,2497.392000,0.674637
15.088000,890.192000,0.978682
26.896000,2280.912000,1.067017
1.968000,2339.952000,1.006529
1.968000,1724.624000,1.519802
15.088000,501.840000,1.153017
29.520000,1828.272000,0.747763
3.280000,2843.760000,0.814820
20.336000,2863.440000,1.166611
34.768000,1397.936000,0.675726
9.840000,1886.000000,1.011745
21.648000,2542.000000,0.762993
37.392000,100.368000,1.643049
20.336000,538.576000,0.821938
21.648000,814.096000,1.204309
24.272000,2023.760000,0.999486
33.456000,2751.920000,1.055732
8.528000,668.464000,1.095031
25.584000,967.600000,0.843225
13.776000,2050.000000,0.675339
12.464000,1948.976000,1.172082
26.896000,2603.664000,2.019773
30.832000,2774.224000,0.680170
7.216000,669.776000,0.873616
7.216000,2633.840000,1.585679
29.520000,2109.040000,0.673018
12.464000,3150.768000,1.206328
22.960000,76.752000,0.780566
20.336000,1836.144000,1.159852
0.656000,1572.432000,1.405566
33.456000,738.000000,0.783333
11.152000,2265.168000,0.701567
0.656000,1479.280000,0.882810
17.712000,2065.744000,2.167424
24.272000,617.296000,0.810473
12.464000,2228.432000,0.752676
24.272000,1185.392000,1.039669
38.704000,1273.296000,0.879036
4.592000,2250.736000,1.603617
1.968000,8.528000,0.874156
30.832000,457.232000,0.778107
13.776000,2577.424000,0.910647
24.272000,282.736000,0.960693
17.712000,3078.608000,0.779501
3.280000,1414.992000,0.788266
33.456000,1485.840000,0.752418
26.896000,1433.360000,0.796400
17.712000,932.176000,0.765490
16.400000,1868.944000,0.746184
15.088000,2359.632000,0.871720
38.704000,2325.520000,1.534643
0.656000,1594.736000,0.770985
24.272000,87.248000,1.264611
1.968000,779.984000,1.684202
34.768000,406.064000,0.659445
36.080000,2443.600000,0.909130
26.896000,818.032000,1.137462
5.904000,2337.328000,0.775593
26.896000,234.192000,0.753098
17.712000,2730.928000,0.673562
13.776000,29.520000,1.610949
5.904000,1090.928000,0.700782
1.968000,461.168000,0.794344
22.960000,634.352000,1.889546
32.144000,696.016000,1.224646
4.592000,1260.176000,0.663219
5.904000,2639.088000,0.884279
5.904000,1155.216000,1.230253
19.024000,2072.304000,1.333362
24.272000,1264.112000,0.749352
26.896000,638.288000,1.110476
1.968000,922.992000,1.495343
11.152000,445.424000,0.723796
26.896000,2110.352000,1.091127
28.208000,383.760000,0.656270
12.464000,2191.696000,0.970986
28.208000,535.952000,1.282542
36.080000,1433.360000,1.228543
13.776000,110.864000,0.937907
37.392000,976.784000,0.819973
28.208000,1102.736000,0.815839
34.768000,2514.448000,0.676455
25.584000,2025.072000,1.056935
21.648000,471.664000,0.876554
21.648000,2098.544000,0.845279
37.392000,1569.808000,0.971896
21.648000,9.840000,1.042679
33.456000,70.192000,0.861166
1.968000,2805.712000,1.378367
15.088000,2295.344000,0.829499
26.896000,739.312000,1.062526
5.904000,2724.368000,1.011383
21.648000,2881.808000,0.708846
20.336000,772.112000,0.719578
30.832000,2551.184000,0.726815
24.272000,85.936000,1.178251
5.904000,2779.472000,0.824791
29.520000,1048.944000,0.685966
36.080000,135.792000,0.830791
8.528000,248.624000,0.712464
32.144000,3066.800000,1.421522
32.144000,333.904000,0.758756
15.088000,87.248000,0.675128
32.144000,1173.584000,0.690933
12.464000,127.920000,0.874295
24.272000,344.400000,1.570054
38.704000,564.816000,0.983289
0.656000,550.384000,0.763349
37.392000,1680.016000,0.662568
15.088000,1349.392000,0.970139
19.024000,1480.592000,1.075876
21.648000,2971.024000,0.748679
24.272000,982.032000,1.106125
34.768000,1767.920000,0.870848
15.088000,3023.504000,0.826309
5.904000,1299.536000,0.752887
17.712000,1769.232000,1.188359
12.464000,1371.696000,0.699022
1.968000,2918.544000,0.893828
36.080000,825.904000,0.789205
38.704000,1630.160000,0.736638
26.896000,631.728000,0.939976
24.272000,1624.912000,0.920745
13.776000,827.216000,0.789744
7.216000,2081.488000,1.039442
33.456000,2661.392000,1.007088
28.208000,179.088000,1.017507
12.464000,399.504000,0.893331
12.464000,1643.280000,0.823059
3.280000,1312.656000,1.024384
7.216000,2720.432000,1.690877
20.336000,878.384000,1.289381
32.144000,2915.920000,0.812001
20.336000,1725.936000,0.687601
9.840000,1342.832000,0.704824
22.960000,1535.696000,0.966992
36.080000,125.296000,0.920651
12.464000,537.264000,1.007132
11.152000,455.920000,1.332068
36.080000,1585.552000,1.090680
32.144000,1792.848000,0.704514
11.152000,2455.408000,0.787477
11.152000,1697.072000,0.727213
11.152000,1432.048000,0.741197
12.464000,2046.064000,0.720674
32.144000,2599.728000,1.029909
30.832000,2820.144000,0.667015
17.712000,2156.272000,0.660468
7.216000,1111.920000,1.078877
38.704000,2030.320000,1.072342
38.704000,1048.944000,1.317618
8.528000,2234.992000,0.841245
38.704000,3162.576000,1.083113
38.704000,2351.760000,1.022258
5.904000,1123.728000,1.207244
16.400000,1512.080000,0.852773
29.520000,404.752000,0.729999
9.840000,2214.000000,1.971064
30.832000,976.784000,1.146759
17.712000,1584.240000,1.282524
37.392000,2883.120000,0.802762
0.656000,3069.424000,0.696973
34.768000,3203.248000,1.132985
38.704000,2757.168000,0.710401
16.400000,1794.160000,0.855589
28.208000,488.720000,1.158981
21.648000,1243.120000,0.733618
5.904000,1434.672000,0.759382
21.648000,1775.792000,0.850143
9.840000,1699.696000,1.098998
28.208000,1302.160000,1.138323
15.088000,156.784000,0.887568
21.648000,1320.528000,0.801180
19.024000,113.488000,0.962590
8.528000,2636.464000,0.680889
38.704000,1153.904000,0.666619
4.592000,290.608000,0.701019
22.960000,596.304000,0.808197
22.960000,1718.064000,1.393462
30.832000,1698.384000,0.727345
32.144000,2980.208000,0.813755
28.208000,1219.504000,1.781349
13.776000,2956.592000,0.782173
34.768000,1056.816000,0.961293
28.208000,1188.016000,1.538667
12.464000,2200.880000,0.900611
29.520000,2065.744000,0.855791
25.584000,2513.136000,0.961361
12.464000,797.040000,0.913541
24.272000,1000.400000,0.709820
8.528000,1506.832000,0.696651
0.656000,3020.880000,0.855436
5.904000,2772.912000,0.679568
28.208000,463.792000,0.932524
34.768000,238.128000,0.682739
26.896000,1181.456000,0.662018
30.832000,222.384000,1.837621
24.272000,2640.400000,0.707253
19.024000,2521.008000,1.483413
3.280000,219.760000,0.913156
5.904000,734.064000,2.018591
15.088000,1606.544000,0.703069
0.656000,812.784000,0.751163
26.896000,970.224000,0.974690
26.896000,169.904000,0.962029
29.520000,1845.328000,1.129446
17.712000,926.928000,0.665088
22.960000,1592.112000,0.864596
8.528000,3121.904000,0.767750
24.272000,1066.000000,1.142485
21.648000,1354.640000,0.831264
9.840000,2709.936000,1.001678
25.584000,696.016000,0.833381
29.520000,738.000000,1.602949
36.080000,1779.728000,0.671351
0.656000,2109.040000,1.681561
21.648000,2810.960000,0.695596
33.456000,1009.584000,0.730065
28.208000,3091.728000,1.260948
17.712000,228.944000,0.797033
30.832000,2782.096000,0.927330
15.088000,2509.200000,0.819521
34.768000,2376.688000,0.740842
3.280000,419.184000,0.945362
33.456000,3078.608000,0.952580
36.080000,3112.720000,1.695225
16.400000,1405.808000,0.981154
19.024000,394.256000,0.906755
0.656000,466.416000,1.125232
34.768000,2451.472000,0.713922
5.904000,522.832000,0.696612
25.584000,3019.568000,1.513060
12.464000,1805.968000,0.909493
28.208000,7.216000,0.881764
38.704000,580.560000,0.786342
32.144000,1191.952000,0.853827
1.968000,2942.160000,0.693598
20.336000,1791.536000,0.860952
4.592000,183.024000,0.876417
7.216000,951.856000,0.725837
7.216000,2152.336000,1.558892
17.712000,2372.752000,1.252700
3.280000,1701.008000,1.026957
21.648000,3179.632000,0.894586
4.592000,2402.928000,0.820000
36.080000,2057.872000,1.321443
32.144000,2635.152000,0.919813
21.648000,143.664000,1.045812
8.528000,1497.648000,1.409976
4.592000,2030.320000,1.332796
28.208000,249.936000,0.742599
22.960000,984.656000,0.988690
30.832000,1182.768000,0.706196
4.592000,378.512000,0.741609
4.592000,3159.952000,1.084936
0.656000,1315.280000,0.980524
19.024000,2977.584000,1.596882
37.392000,1685.264000,0.875469
37.392000,1727.248000,0.847193
29.520000,803.600000,0.844152
28.208000,123.984000,0.783754
12.464000,3129.776000,0.834628
13.776000,2253.360000,1.040192
38.704000,790.480000,0.852215
20.336000,1955.536000,1.112711
22.960000,497.904000,0.657527
20.336000,1677.392000,1.075706
11.152000,2510.512000,0.761401
0.656000,577.936000,0.785063
34.768000,3192.752000,0.861670
12.464000,2410.800000,0.980856
20.336000,2770.288000,0.993917
33.456000,2318.960000,1.014586
8.528000,1193.264000,1.609050
29.520000,1514.704000,0.831390
21.648000,1648.528000,0.794601
0.656000,2942.160000,0.745406
38.704000,2814.896000,1.294779
37.392000,2141.840000,0.812045
24.272000,2503.952000,1.511188
33.456000,1731.184000,0.805713
30.832000,2322.896000,1.568009
37.392000,2300.592000,0.847711
38.704000,2582.672000,0.658884
30.832000,2450.160000,1.093086
12.464000,480.848000,1.036690
15.088000,2555.120000,1.393971
13.776000,2034.256000,1.182315
13.776000,1407.120000,0.918218
1.968000,642.224000,0.854058
29.520000,2793.904000,1.115529
30.832000,2734.864000,0.999820
11.152000,2223.184000,1.061390
5.904000,74.128000,1.556075
36.080000,402.128000,0.841773
13.776000,2422.608000,1.275299
16.400000,1996.208000,0.848271
12.464000,1345.456000,0.854683
37.392000,2868.688000,1.438547
9.840000,757.680000,1.890707
3.280000,703.888000,0.714097
1.968000,3144.208000,0.763294
25.584000,62.320000,1.158629
26.896000,49.200000,0.670615
9.840000,2787.344000,1.106475
22.960000,287.984000,0.805154
3.280000,361.456000,1.097887
38.704000,912.496000,0.887257
19.024000,1708.880000,1.277203
29.520000,2175.952000,1.090701
0.656000,188.272000,0.699213
7.216000,1035.824000,0.999158
37.392000,2929.040000,0.872119
1.968000,761.616000,0.725910
36.080000,1510.768000,0.973965
15.088000,1261.488000,0.813968
37.392000,2130.032000,1.628311
1.968000,941.360000,0.684666
24.272000,1757.424000,1.094924
3.280000,3081.232000,0.706737
25.584000,2124.784000,0.723771
20.336000,1753.488000,0.761782
21.648000,1598.672000,1.719238
0.656000,1405.808000,0.660821
34.768000,753.744000,0.776696
8.528000,594.992000,0.784444
36.080000,347.024000,0.924018
8.528000,1114.544000,0.754963
28.208000,1941.104000,0.856103
7.216000,423.120000,2.033912
5.904000,1253.616000,0.688574
3.280000,2031.632000,1.120884
21.648000,1056.816000,1.219315
24.272000,2357.008000,1.157196
20.336000,751.120000,0.763713
5.904000,219.760000,0.761818
15.088000,1244.432000,0.924488
33.456000,1805.968000,1.248122
24.272000,134.480000,1.065418
33.456000,1253.616000,0.692932
26.896000,2793.904000,0.773686
12.464000,731.440000,0.860458
24.272000,2699.440000,0.853090
17.712000,281.424000,0.795711
16.400000,13.776000,0.933433
26.896000,130.544000,0.813910
30.832000,1244.432000,0.980701
17.712000,3045.808000,0.717405
13.776000,1386.128000,0.722143
21.648000,2130.032000,1.143152
8.528000,1529.136000,1.050229
28.208000,389.008000,1.225719
7.216000,2619.408000,0.969374
22.960000,1161.776000,1.590944
12.464000,777.360000,1.941415
0.656000,842.960000,0.818167
8.528000,1519.952000,0.724807
19.024000,2355.696000,0.899609
25.584000,172.528000,1.483688
38.704000,2334.704000,0.748990
0.656000,1130.288000,1.207718
34.768000,2156.272000,1.437594
37.392000,1542.256000,0.685883
8.528000,1454.352000,1.015445
0.656000,2482.960000,0.722799
21.648000,1212.944000,0.672491
1.968000,2940.848000,1.206410
11.152000,2212.688000,0.713875
28.208000,1573.744000,1.381673
7.216000,803.600000,0.709308
25.584000,1219.504000,1.163994
38.704000,1926.672000,1.482734
22.960000,1627.536000,0.668244
20.336000,2604.976000,0.723392
9.840000,1732.496000,0.823099
5.904000,3208.496000,1.914396
9.840000,1599.984000,0.875421
12.464000,928.240000,0.688040
37.392000,3203.248000,0.998063
4.592000,1392.688000,0.683047
15.088000,1363.824000,0.704000
25.584000,654.032000,1.119459
28.208000,3087.792000,1.665915
0.656000,2174.640000,0.907716
12.464000,654.032000,1.224262
25.584000,1636.720000,0.726797
36.080000,2094.608000,0.728635
37.392000,1068.624000,1.069820
33.456000,352.272000,1.526607
29.520000,539.888000,0.727840
19.024000,1357.264000,0.945809
3.280000,2048.688000,0.695232
8.528000,777.360000,0.819737
26.896000,930.864000,2.102362
19.024000,2779.472000,0.668385
28.208000,3036.624000,0.921543
16.400000,151.536000,1.168645
36.080000,1209.008000,0.995057
8.528000,152.848000,1.169358
36.080000,2828.016000,0.861857
15.088000,2119.536000,0.663144
37.392000,344.400000,0.667882
5.904000,1414.992000,1.160881
32.144000,1197.200000,1.072035
20.336000,2972.336000,1.166428
32.144000,43.952000,0.849802
25.584000,3153.392000,0.691187
19.024000,1438.608000,1.357132
0.656000,3192.752000,1.305834
13.776000,347.024000,0.679306
13.776000,1214.256000,1.068016
19.024000,2199.568000,0.958149
34.768000,2202.192000,1.008718
4.592000,980.720000,0.757231
9.840000,2064.432000,0.684149
12.464000,162.032000,0.771451
8.528000,109.552000,1.242294
21.648000,884.944000,1.015849
0.656000,3174.384000,0.683972
15.088000,1371.696000,0.952582
13.776000,678.960000,1.040831
29.520000,1670.832000,1.174157
0.656000,1018.768000,0.714128
11.152000,1142.096000,1.957420
16.400000,265.680000,0.700573
3.280000,3220.304000,0.925859
8.528000,1307.408000,0.765959
16.400000,1352.016000,0.929098
8.528000,827.216000,1.540235
3.280000,2026.384000,1.116438
4.592000,568.752000,0.788209
16.400000,2619.408000,0.910169
32.144000,1603.920000,0.866617
28.208000,837.712000,0.667334
33.456000,2345.200000,0.690055
26.896000,3077.296000,0.670090
3.280000,2461.968000,0.699786
19.024000,189.584000,0.709930
13.776000,1901.744000,0.759382
30.832000,353.584000,1.264149
33.456000,82.000000,0.665560
7.216000,1867.632000,0.659799
17.712000,1617.040000,1.046955
26.896000,2387.184000,0.733717
8.528000,2931.664000,0.935247
34.768000,366.704000,2.129012
16.400000,1161.776000,0.802624
29.520000,2404.240000,0.880538
33.456000,871.824000,0.828076
13.776000,2509.200000,0.709922
11.152000,1363.824000,0.731639
26.896000,400.816000,0.766944
12.464000,420.496000,1.218886
13.776000,1489.776000,1.000844
33.456000,470.352000,0.695648
0.656000,2842.448000,0.678650
26.896000,3058.928000,1.717967
37.392000,2419.984000,1.053751
16.400000,2187.760000,0.767355
0.656000,273.552000,0.688566
3.280000,261.744000,0.833009
26.896000,1274.608000,0.889070
36.080000,120.048000,1.352918
7.216000,390.320000,1.306289
30.832000,2475.088000,1.098700
13.776000,2612.848000,0.718321
12.464000,1059.440000,0.806602
7.216000,487.408000,0.869654
22.960000,2435.728000,1.073137
26.896000,256.496000,0.957603
33.456000,3045.808000,0.785813
20.336000,681.584000,1.794750
21.648000,236.816000,0.915960
28.208000,706.512000,0.675988
30.832000,2914.608000,0.794816
20.336000,2540.688000,0.691125
24.272000,1725.936000,0.906178
38.704000,1106.672000,0.748931
33.456000,2734.864000,0.925985
37.392000,3051.056000,0.904725
28.208000,1216.880000,0.972176
22.960000,2084.112000,0.854578
4.592000,2518.384000,0.815062
38.704000,93.808000,1.088994
4.592000,2456.720000,0.833183
16.400000,1534.384000,0.966633
1.968000,46.576000,1.187009
36.080000,1972.592000,1.055369
8.528000,1728.560000,0.758937
1.968000,2492.144000,0.785482
7.216000,681.584000,0.690389
20.336000,516.272000,0.681516
5.904000,1791.536000,0.767394
8.528000,2568.240000,0.863445
21.648000,804.912000,0.679777
7.216000,1224.752000,0.911601
1.968000,168.592000,0.743797
4.592000,1836.144000,2.555743
34.768000,1260.176000,2.051819
4.592000,3208.496000,0.846814
11.152000,2152.336000,0.750016
30.832000,192.208000,0.686190
9.840000,1933.232000,0.659459
1.968000,2661.392000,0.724607
4.592000,1226.064000,0.994594
20.336000,995.152000,0.769358
9.840000,1033.200000,0.674296
1.968000,2433.104000,0.902639
4.592000,800.976000,0.729194
26.896000,2211.376000,1.176638
19.024000,2131.344000,0.686665
0.656000,818.032000,0.658162
36.080000,1176.208000,0.701907
17.712000,597.616000,0.740496
38.704000,2719.120000,1.242611
1.968000,1847.952000,1.071186
17.712000,1540.944000,0.835752
1.968000,150.224000,1.117549
19.024000,438.864000,0.726851
37.392000,2921.168000,0.681977
26.896000,2590.544000,1.212944
8.528000,448.048000,1.242986
25.584000,365.392000,1.040402
37.392000,1228.688000,0.796352
7.216000,2695.504000,0.977185
9.840000,528.080000,1.351176
12.464000,761.616000,0.879020
29.520000,2480.336000,0.921603
15.088000,651.408000,1.574396
4.592000,2817.520000,1.293075
0.656000,1850.576000,0.949298
25.584000,2562.992000,0.717457
28.208000,508.400000,1.046451
38.704000,751.120000,1.176977
34.768000,2847.696000,0.665147
0.656000,72.816000,0.684345
33.456000,2030.320000,3.277969
5.904000,1862.384000,0.725395
32.144000,2834.576000,0.884278
25.584000,2345.200000,0.702993
17.712000,2494.768000,0.684767
3.280000,2267.792000,0.968805
8.528000,29.520000,0.719156
30.832000,2437.040000,1.718694
19.024000,3165.200000,0.722150
17.712000,232.880000,0.816686
9.840000,2019.824000,0.726001
11.152000,905.936000,1.015033
12.464000,656.656000,1.356062
17.712000,156.784000,0.988987
33.456000,2696.816000,0.732955
32.144000,466.416000,0.745110
16.400000,257.808000,0.751551
21.648000,1842.704000,0.721482
22.960000,1247.056000,1.039922
25.584000,594.992000,1.143459
16.400000,2666.640000,1.179529
9.840000,471.664000,0.718178
33.456000,663.216000,0.984123
12.464000,2013.264000,0.869983
3.280000,2810.960000,0.708870
21.648000,509.712000,0.870873
25.584000,1901.744000,0.826372
12.464000,684.208000,0.814639
20.336000,2098.544000,1.283267
28.208000,2459.344000,0.723613
20.336000,702.576000,0.776908
34.768000,1739.056000,0.725449
5.904000,1746.928000,0.971318
32.144000,1455.664000,0.863980
19.024000,2959.216000,0.805909
22.960000,1598.672000,0.665051
13.776000,395.568000,0.836563
7.216000,2496.080000,2.939842
24.272000,1741.680000,1.411818
26.896000,1842.704000,1.736454
22.960000,1268.048000,1.183600
19.024000,1529.136000,0.709176
25.584000,379.824000,0.936192
9.840000,1971.280000,0.962796
30.832000,1362.512000,0.746171
7.216000,3018.256000,1.097320
22.960000,194.832000,0.774249
8.528000,2753.232000,0.758136
38.704000,1987.024000,1.033370
7.216000,24.272000,0.819510
30.832000,2412.112000,1.412468
9.840000,1972.592000,0.868444
26.896000,770.800000,1.957181
37.392000,1639.344000,1.011815
15.088000,2458.032000,1.168583
28.208000,2765.040000,0.780637
22.960000,731.440000,1.323401
26.896000,588.432000,0.715926
38.704000,748.496000,0.673561
1.968000,441.488000,1.051716
3.280000,1554.064000,1.078363
38.704000,3182.256000,0.915956
3.280000,46.576000,0.949296
30.832000,91.184000,1.051134
34.768000,726.192000,0.976088
15.088000,301.104000,0.911825
12.464000,524.144000,1.770641
17.712000,1798.096000,0.688476
3.280000,457.232000,0.866140
12.464000,2631.216000,0.921326
8.528000,1165.712000,1.880808
11.152000,866.576000,0.823419
8.528000,286.672000,1.118172
11.152000,227.632000,1.095771
37.392000,285.360000,0.894252
8.528000,3106.160000,0.919229
38.704000,915.120000,0.789809
33.456000,2851.632000,1.112349
8.528000,1568.496000,0.665200
26.896000,1180.144000,0.700412
15.088000,1774.480000,0.787121
21.648000,1237.872000,0.841253
38.704000,3217.680000,0.668564
28.208000,1782.352000,0.845868
8.528000,3140.272000,1.068164
36.080000,1868.944000,0.871879
0.656000,2901.488000,1.563261
0.656000,1651.152000,0.668155
20.336000,2395.056000,0.733086
8.528000,922.992000,0.805303
3.280000,2042.128000,1.412131
9.840000,1778.416000,0.669978
8.528000,2927.728000,1.216578
3.280000,2694.192000,1.216313
38.704000,1918.800000,0.828452
37.392000,2025.072000,1.551815
36.080000,127.920000,0.664804
0.656000,255.184000,0.686642
26.896000,1598.672000,1.317689
34.768000,1345.456000,0.812637
36.080000,2088.048000,0.847416
4.592000,2611.536000,0.659564
36.080000,2492.144000,1.203703
32.144000,2084.112000,0.896551
19.024000,356.208000,1.034770
37.392000,2288.784000,0.859774
5.904000,305.040000,0.833944
11.152000,2585.296000,0.756015
37.392000,1199.824000,0.662933
32.144000,113.488000,0.708397
24.272000,1321.840000,0.686247
37.392000,1791.536000,0.975228
1.968000,2643.024000,0.912337
16.400000,391.632000,0.795754
30.832000,1435.984000,0.729084
38.704000,671.088000,0.693264
1.968000,2654.832000,0.683828
12.464000,2770.288000,1.016641
1.968000,53.136000,1.148296
25.584000,3203.248000,0.945156
38.704000,249.936000,0.730540
12.464000,2023.760000,0.678005
0.656000,2845.072000,0.933474
5.904000,828.528000,0.850884
20.336000,3129.776000,0.793907
25.584000,2283.536000,1.104306
11.152000,1382.192000,0.687350
29.520000,1363.824000,1.019152
12.464000,575.312000,1.190127
1.968000,1758.736000,0.680698
21.648000,476.912000,0.937179
5.904000,1593.424000,0.826724
13.776000,2231.056000,0.780358
7.216000,1648.528000,1.540534
32.144000,3180.944000,1.102345
32.144000,3198.000000,0.879548
1.968000,634.352000,0.810312
3.280000,3180.944000,0.736050
34.768000,2469.840000,0.918452
15.088000,2385.872000,0.770287
34.768000,1798.096000,0.703554
17.712000,1533.072000,0.919820
28.208000,2589.232000,1.429806
4.592000,476.912000,1.182451
30.832000,2238.928000,0.693334
22.960000,1951.600000,0.717859
26.896000,1236.560000,0.896926
16.400000,786.544000,0.663300
29.520000,2241.552000,1.064614
36.080000,664.528000,0.964182
37.392000,2884.432000,0.943412
12.464000,612.048000,0.727720
32.144000,2416.048000,0.835436
13.776000,3005.136000,0.794557
36.080000,1058.128000,1.424757
13.776000,1691.824000,0.936799
3.280000,1973.904000,1.038681
8.528000,2122.160000,1.778439
12.464000,1373.008000,0.843026
13.776000,2413.424000,0.858560
11.152000,2667.952000,0.731066
9.840000,1657.712000,0.674787
11.152000,2775.536000,1.218052
37.392000,2532.816000,1.486454
37.392000,442.800000,0.718200
32.144000,1575.056000,1.183555
12.464000,785.232000,0.741544
3.280000,512.336000,0.957392
30.832000,747.184000,0.791013
11.152000,2186.448000,0.914967
21.648000,562.192000,0.740432
1.968000,1505.520000,1.007670
36.080000,734.064000,0.678476
22.960000,1107.984000,0.855165
4.592000,2313.712000,0.686327
16.400000,3051.056000,1.134348
17.712000,1534.384000,1.065031
9.840000,1157.840000,0.735863
30.832000,1951.600000,0.898063
7.216000,302.416000,0.759726
34.768000,2729.616000,1.316868
9.840000,669.776000,1.002591
8.528000,3112.720000,1.555655
21.648000,444.112000,0.681367
1.968000,2776.848000,1.165561
28.208000,1664.272000,0.831702
32.144000,2418.672000,0.886699
37.392000,938.736000,0.791922
20.336000,1481.904000,0.886760
1.968000,3117.968000,1.068137
36.080000,437.552000,1.355722
34.768000,2181.200000,0.705007
25.584000,2128.720000,1.359460
0.656000,814.096000,1.356494
22.960000,1825.648000,0.994245
8.528000,2468.528000,1.288585
33.456000,2363.568000,0.791741
38.704000,183.024000,0.925058
0.656000,3204.560000,0.779071
28.208000,1174.896000,0.990229
20.336000,2553.808000,0.663638
38.704000,1665.584000,1.001620
22.960000,131.856000,0.708175
12.464000,2254.672000,0.666133
20.336000,465.104000,0.697787
17.712000,711.760000,1.796872
21.648000,378.512000,0.673409
19.024000,664.528000,0.852372
22.960000,2320.272000,0.685832
38.704000,2431.792000,0.674127
7.216000,3159.952000,1.477011
8.528000,1043.696000,0.798860
25.584000,652.720000,1.351129
15.088000,2791.280000,1.009997
11.152000,627.792000,0.882568
12.464000,1987.024000,1.013998
4.592000,284.048000,0.908819
30.832000,559.568000,1.641093
34.768000,2370.128000,0.895922
24.272000,352.272000,1.906045
5.904000,1214.256000,1.039053
32.144000,2325.520000,0.984376
7.216000,370.640000,0.941487
24.272000,256.496000,0.882486
32.144000,3108.784000,0.729721
21.648000,2400.304000,0.781652
1.968000,2498.704000,0.663568
4.592000,2320.272000,0.847805
26.896000,2971.024000,0.733726
16.400000,1184.080000,0.701192
16.400000,3087.792000,0.887770
19.024000,2442.288000,0.797539
12.464000,2216.624000,0.897198
29.520000,717.008000,1.234657
22.960000,2498.704000,0.698002
0.656000,1197.200000,1.235734
22.960000,249.936000,0.877216
7.216000,1289.040000,0.677113
30.832000,2607.600000,1.398691
34.768000,2198.256000,0.669192
36.080000,871.824000,0.728459
12.464000,3020.880000,1.755838
13.776000,1047.632000,0.770080
19.024000,1644.592000,0.828990
24.272000,2687.632000,1.610859
26.896000,2044.752000,0.667694
0.656000,1872.880000,2.156386
36.080000,2547.248000,0.793282
24.272000,30.832000,1.011799
16.400000,1537.008000,0.837387
3.280000,1763.984000,0.965151
7.216000,1757.424000,1.113661
29.520000,1543.568000,1.021077
25.584000,256.496000,1.073336
5.904000,1987.024000,0.933580
13.776000,1292.976000,1.867180
9.840000,290.608000,0.921858
30.832000,1855.824000,0.718670
7.216000,1771.856000,1.918140
33.456000,2320.272000,1.124185
15.088000,287.984000,0.728598
34.768000,221.072000,1.159374
5.904000,1652.464000,1.042666
29.520000,730.128000,1.858068
34.768000,1952.912000,1.086933
7.216000,836.400000,0.711755
24.272000,425.744000,0.951029
16.400000,1096.176000,0.705086
26.896000,2088.048000,1.065138
8.528000,2742.736000,0.761887
21.648000,482.160000,1.115619
5.904000,446.736000,0.676581
38.704000,2160.208000,0.711791
8.528000,849.520000,1.030971
9.840000,2862.128000,0.734678
28.208000,2124.784000,0.913106
29.520000,2750.608000,0.658861
30.832000,1548.816000,1.234820
30.832000,814.096000,0.878159
33.456000,1837.456000,1.202495
17.712000,2145.776000,0.656218
9.840000,793.104000,0.929237
34.768000,2482.960000,0.762647
17.712000,270.928000,0.671505
25.584000,2090.672000,1.077389
34.768000,1265.424000,0.766852
0.656000,231.568000,0.658762
17.712000,2131.344000,1.162825
11.152000,2657.456000,0.938759
26.896000,2795.216000,1.008442
1.968000,970.224000,1.139856
34.768000,768.176000,0.763541
32.144000,318.160000,1.772812
9.840000,3123.216000,0.728415
37.392000,3032.688000,1.293534
17.712000,3195.376000,0.879732
19.024000,1537.008000,1.246134
24.272000,1980.464000,0.852053
12.464000,1947.664000,0.979247
33.456000,2744.048000,1.444545
0.656000,3183.568000,1.935532
21.648000,2696.816000,1.198988
25.584000,2649.584000,1.525558
5.904000,644.848000,0.698061
7.216000,2288.784000,1.078870
15.088000,2719.120000,0.715778
19.024000,1139.472000,0.730537
34.768000,1516.016000,0.670937
20.336000,1622.288000,0.935824
9.840000,2535.440000,0.864766
17.712000,677.648000,1.120074
0.656000,1788.912000,0.979427
1.968000,43.952000,0.948731
4.592000,758.992000,1.433041
24.272000,1363.824000,1.757469
9.840000,1484.528000,0.723850
13.776000,951.856000,0.884999
37.392000,482.160000,0.896796
36.080000,2675.824000,0.748767
9.840000,1917.488000,0.736231
33.456000,2357.008000,1.438772
28.208000,2233.680000,0.916037
19.024000,274.864000,1.024618
11.152000,436.240000,0.788464
36.080000,1458.288000,0.813913
9.840000,745.872000,0.825992
30.832000,1749.552000,0.773709
22.960000,2568.240000,0.938440
11.152000,755.056000,1.287509
11.152000,2055.248000,0.963183
20.336000,3040.560000,0.731492
36.080000,1182.768000,0.672193
9.840000,1951.600000,0.959841
32.144000,2132.656000,0.811898
33.456000,671.088000,0.994334
25.584000,2556.432000,0.956035
22.960000,1224.752000,0.986631
37.392000,1824.336000,0.681883
19.024000,1605.232000,0.659090
24.272000,197.456000,0.946379
19.024000,2391.120000,1.162664
33.456000,2156.272000,1.549702
22.960000,3222.928000,2.231784
20.336000,1327.088000,1.325039
0.656000,2594.480000,0.855956
16.400000,2211.376000,1.005084
34.768000,79.376000,1.542504
20.336000,236.816000,1.379537
12.464000,558.256000,0.904453
15.088000,75.440000,0.710832
11.152000,1199.824000,1.065236
4.592000,1442.544000,0.667307
29.520000,1289.040000,1.174919
16.400000,542.512000,0.872482
7.216000,2463.280000,1.580302
1.968000,1000.400000,1.336113
26.896000,2067.056000,1.137704
20.336000,412.624000,0.804495
1.968000,2106.416000,0.853009
22.960000,1281.168000,0.813655
37.392000,2067.056000,0.857923
19.024000,525.456000,0.824296
33.456000,93.808000,0.821731
4.592000,99.056000,0.721774
22.960000,160.720000,0.701542
29.520000,2042.128000,1.313968
25.584000,501.840000,0.693868
25.584000,450.672000,0.777850
7.216000,1905.680000,0.671400
22.960000,1729.872000,1.144723
1.968000,3053.680000,1.883853
28.208000,1203.760000,0.681748
22.960000,1826.960000,1.278356
4.592000,2670.576000,0.724887
16.400000,2683.696000,0.988770
8.528000,2305.840000,0.767351
36.080000,1610.480000,0.879935
19.024000,1733.808000,1.164031
8.528000,553.008000,0.716303
9.840000,451.984000,0.997743
21.648000,420.496000,0.896021
37.392000,3003.824000,0.841298
5.904000,1590.800000,1.339360
25.584000,689.456000,0.871148
11.152000,2939.536000,0.783312
19.024000,311.600000,0.701358
38.704000,1994.896000,2.367312
1.968000,2923.792000,1.063950
9.840000,2249.424000,0.710139
32.144000,2279.600000,1.295365
32.144000,3100.912000,0.812898
13.776000,1476.656000,0.767918
13.776000,463.792000,0.673598
24.272000,2581.360000,0.841184
1.968000,888.880000,1.261053
15.088000,361.456000,2.545884
17.712000,3058.928000,0.926717
5.904000,1857.136000,1.272622
15.088000,500.528000,0.860680
30.832000,306.352000,0.877000
16.400000,1485.840000,0.841208
0.656000,2766.352000,0.691920
30.832000,2039.504000,0.784527
17.712000,64.944000,0.980961
24.272000,1833.520000,0.934108
25.584000,2532.816000,0.776210
16.400000,1492.400000,1.007072
11.152000,3070.736000,1.034480
21.648000,556.944000,0.656339
13.776000,2126.096000,2.468169
8.528000,1260.176000,1.662914
13.776000,1500.272000,0.665891
37.392000,804.912000,0.703722
16.400000,1920.112000,0.711938
8.528000,2833.264000,0.793069
15.088000,3114.032000,0.801141
16.400000,2792.592000,1.195109
26.896000,887.568000,0.735986
33.456000,123.984000,1.289903
1.968000,1460.912000,0.760512
16.400000,2343.888000,1.076430
12.464000,894.128000,0.695935
1.968000,2202.192000,0.825429
38.704000,2799.152000,0.906820
13.776000,1564.560000,0.670630
30.832000,1844.016000,0.680360
28.208000,841.648000,1.211919
4.592000,824.592000,0.949960
1.968000,807.536000,1.885998
17.712000,538.576000,0.934592
13.776000,2212.688000,1.391077
34.768000,1884.688000,0.811055
28.208000,3154.704000,0.809912
11.152000,2324.208000,0.839734
25.584000,2456.720000,1.620248
9.840000,2475.088000,0.844419
30.832000,1021.392000,0.819424
19.024000,2234.992000,0.777168
17.712000,539.888000,0.695346
9.840000,320.784000,0.806598
32.144000,1149.968000,0.992807
5.904000,568.752000,0.888051
25.584000,89.872000,0.956720
33.456000,2122.160000,1.278055
7.216000,455.920000,1.110519
33.456000,2936.912000,0.809006
20.336000,1477.968000,0.997355
0.656000,2004.080000,0.765742
5.904000,2892.304000,0.709646
13.776000,2099.856000,0.740349
22.960000,1388.752000,0.866566
38.704000,888.880000,0.833150
8.528000,1038.448000,1.385625
30.832000,751.120000,0.712089
32.144000,270.928000,0.734763
24.272000,2468.528000,0.713900
19.024000,396.880000,0.811965
4.592000,5.904000,0.937290
34.768000,2900.176000,0.837654
19.024000,1811.216000,0.697762
26.896000,671.088000,0.958023
5.904000,1727.248000,0.889731
5.904000,663.216000,2.051980
8.528000,2371.440000,0.953574
28.208000,1334.960000,0.996815
13.776000,274.864000,1.365502
1.968000,1060.752000,0.956956
4.592000,1428.112000,0.827821
9.840000,1863.696000,0.917330
4.592000,2779.472000,0.792934
21.648000,95.120000,0.912112
4.592000,201.392000,1.107944
3.280000,2143.152000,1.044902
13.776000,2988.080000,1.936025
19.024000,1929.296000,1.120475
24.272000,2120.848000,0.965685
30.832000,231.568000,1.013704
36.080000,2109.040000,0.724425
29.520000,2103.792000,1.032977
5.904000,1115.856000,0.789674
30.832000,344.400000,1.790024
13.776000,294.544000,1.188966
4.592000,1358.576000,0.773649
34.768000,609.424000,0.817889
15.088000,449.360000,1.311415
20.336000,2661.392000,0.780954
29.520000,799.664000,1.031161
37.392000,1224.752000,1.475371
28.208000,1731.184000,0.800102
34.768000,702.576000,0.697891
26.896000,1534.384000,0.820256
12.464000,1855.824000,0.997440
8.528000,1996.208000,0.832888
9.840000,2547.248000,1.324038
11.152000,1303.472000,1.556999
24.272000,3114.032000,0.922766
25.584000,2639.088000,1.020997
1.968000,781.296000,1.147619
37.392000,2646.960000,0.796245
33.456000,2300.592000,1.120273
3.280000,2989.392000,1.121918
4.592000,2667.952000,0.743018
3.280000,2856.880000,0.921018
26.896000,1510.768000,0.817079
19.024000,749.808000,1.899907
5.904000,3034.000000,1.042115
16.400000,1993.584000,1.115320
5.904000,1685.264000,0.909579
15.088000,2186.448000,0.789658
21.648000,2530.192000,1.184790
37.392000,765.552000,0.788138
7.216000,25.584000,0.695509
28.208000,3110.096000,0.903716
12.464000,2482.960000,1.068778
7.216000,88.560000,0.661015
8.528000,902.000000,0.800746
33.456000,3131.088000,0.785625
9.840000,2447.536000,1.019164
24.272000,1456.976000,1.467567
4.592000,1630.160000,1.063930
36.080000,2250.736000,0.667261
1.968000,1331.024000,1.366447
34.768000,2682.384000,1.180809
22.960000,1500.272000,1.540497
12.464000,1283.792000,0.874310
22.960000,2482.960000,0.732241
0.656000,508.400000,0.727014
28.208000,141.040000,0.807900
33.456000,101.680000,1.124687
37.392000,1624.912000,0.932675
15.088000,3123.216000,0.735559
37.392000,2443.600000,1.137745
26.896000,2982.832000,1.370472
13.776000,1826.960000,0.695688
30.832000,626.480000,0.819543
1.968000,2839.824000,0.718397
25.584000,1578.992000,1.953215
9.840000,438.864000,0.877090
26.896000,2557.744000,1.429828
17.712000,2072.304000,1.172395
26.896000,1300.848000,0.675736
8.528000,155.472000,0.924936
5.904000,2608.912000,1.660195
15.088000,1144.720000,0.750305
12.464000,2599.728000,1.013709
20.336000,2934.288000,0.681472
7.216000,45.264000,1.039884
0.656000,2497.392000,0.701667
0.656000,2698.128000,0.831125
11.152000,1512.080000,0.891918
33.456000,3072.048000,0.705118
30.832000,214.512000,1.350450
30.832000,1353.328000,0.857754
33.456000,2379.312000,0.844432
24.272000,3036.624000,0.906048
26.896000,1870.256000,1.206505
20.336000,3211.120000,0.771703
7.216000,1561.936000,1.231229
0.656000,1201.136000,0.673862
32.144000,2893.616000,0.772268
38.704000,2354.384000,1.071470
29.520000,850.832000,0.673574
37.392000,273.552000,0.702859
29.520000,1500.272000,1.035811
33.456000,76.752000,1.654257
36.080000,2233.680000,0.780236
36.080000,3135.024000,1.837821
12.464000,299.792000,1.696718
9.840000,2252.048000,0.702215
22.960000,1895.184000,0.986164
12.464000,2297.968000,1.013368
1.968000,499.216000,0.709383
11.152000,538.576000,0.702834
8.528000,368.016000,1.842623
21.648000,764.240000,1.198453
9.840000,403.440000,0.986513
12.464000,1379.568000,0.836179
21.648000,2993.328000,0.783428
0.656000,2455.408000,0.864426
36.080000,70.192000,0.972807
17.712000,488.720000,0.915724
21.648000,1655.088000,1.007622
26.896000,3166.512000,0.946638
26.896000,1778.416000,0.865416
37.392000,1211.632000,1.437897
25.584000,244.688000,1.025761
19.024000,1481.904000,1.183935
32.144000,2412.112000,1.237929
1.968000,1741.680000,1.252989
11.152000,972.848000,1.009819
9.840000,681.584000,0.992798
11.152000,2001.456000,1.677022
32.144000,130.544000,1.219977
25.584000,1972.592000,1.113974
9.840000,215.824000,2.086434
13.776000,1000.400000,1.151361
24.272000,3077.296000,0.718924
12.464000,2343.888000,0.783167
11.152000,147.600000,0.757881
13.776000,1135.536000,0.743899
24.272000,2880.496000,2.105301
17.712000,1190.640000,1.310444
22.960000,2204.816000,1.909299
21.648000,1387.440000,1.119721
26.896000,1474.032000,1.323850
9.840000,2364.880000,0.871316
16.400000,2115.600000,0.860505
26.896000,356.208000,0.807762
1.968000,3125.840000,1.426896
25.584000,2842.448000,1.628790
37.392000,2736.176000,0.823563
33.456000,559.568000,0.935295
26.896000,1530.448000,0.730938
26.896000,933.488000,0.737427
4.592000,743.248000,0.867820
13.776000,3058.928000,1.038730
30.832000,2976.272000,0.705166
34.768000,689.456000,0.845115
34.768000,2524.944000,0.744401
13.776000,769.488000,0.997384
37.392000,472.976000,0.660957
28.208000,1220.816000,0.809348
21.648000,3208.496000,0.656484
3.280000,1013.520000,0.761760
22.960000,303.728000,1.024952
26.896000,2368.816000,1.057933
33.456000,1858.448000,1.689072
38.704000,3148.144000,1.032087
38.704000,2460.656000,0.701097
30.832000,2461.968000,0.906671
7.216000,1602.608000,0.662935
16.400000,1122.416000,0.772455
24.272000,2053.936000,0.843133
24.272000,1177.520000,0.857691
7.216000,2043.440000,0.696278
36.080000,1656.400000,0.797366
8.528000,861.328000,1.482688
13.776000,1139.472000,0.752182
1.968000,3041.872000,1.310114
9.840000,1900.432000,1.245173
0.656000,2988.080000,0.759399
5.904000,3090.416000,0.707362
36.080000,1407.120000,0.922606
36.080000,1147.344000,0.754978
12.464000,3162.576000,0.973080
36.080000,37.392000,0.907490
30.832000,1480.592000,0.901451
5.904000,2545.936000,0.720004
11.152000,1912.240000,2.419439
8.528000,1576.368000,0.695472
11.152000,2648.272000,0.771370
34.768000,766.864000,0.915540
9.840000,2237.616000,1.329483
1.968000,2422.608000,0.941890
34.768000,84.624000,0.767245
20.336000,110.864000,1.079758
13.776000,2496.080000,0.861133
32.144000,1554.064000,0.672301
33.456000,125.296000,0.704465
20.336000,581.872000,1.498577
3.280000,1787.600000,0.927953
30.832000,1390.064000,0.701453
11.152000,433.616000,0.787422
34.768000,1264.112000,0.955304
38.704000,1206.384000,0.761593
24.272000,2715.184000,0.860234
4.592000,440.176000,2.584288
30.832000,1958.160000,0.681440
17.712000,1161.776000,1.290996
30.832000,3062.864000,0.768802
28.208000,2102.480000,0.872265
32.144000,2212.688000,1.490548
19.024000,441.488000,0.986274
16.400000,585.808000,1.183741
38.704000,2674.512000,1.073392
38.704000,2450.160000,0.856471
12.464000,1556.688000,0.828829
5.904000,2011.952000,1.746445
3.280000,2510.512000,1.232028
5.904000,661.904000,0.789429
1.968000,1131.600000,1.408014
20.336000,814.096000,0.736256
13.776000,116.112000,2.061609
17.712000,3064.176000,0.816732
0.656000,633.040000,0.780028
7.216000,1813.840000,0.981838
15.088000,264.368000,0.797062
38.704000,1426.800000,0.684322
17.712000,2286.160000,0.962382
7.216000,303.728000,1.308811
8.528000,1858.448000,0.922134
20.336000,123.984000,0.844547
29.520000,215.824000,0.888308
24.272000,2328.144000,0.767798
34.768000,2881.808000,0.704815
0.656000,1279.856000,0.820522
0.656000,2038.192000,0.669910
19.024000,2923.792000,0.703255
17.712000,2526.256000,1.002276
12.464000,572.688000,1.263258
33.456000,461.168000,0.904464
3.280000,2261.232000,1.303673
22.960000,1110.608000,1.207202
34.768000,192.208000,0.920922
30.832000,2439.664000,0.872310
21.648000,432.304000,1.645656
21.648000,2587.920000,0.927053
33.456000,1481.904000,3.024400
19.024000,1466.160000,0.680552
9.840000,1161.776000,0.836618
30.832000,2217.936000,1.533117
26.896000,222.384000,1.295991
8.528000,625.168000,0.895150
28.208000,2095.920000,0.661529
24.272000,1906.992000,0.761724
24.272000,1969.968000,0.902659
0.656000,217.136000,1.102224
21.648000,753.744000,0.919069
29.520000,2863.440000,0.679079
3.280000,2193.008000,0.847122
9.840000,631.728000,1.111208
20.336000,856.080000,1.252561
34.768000,2531.504000,0.808805
16.400000,1588.176000,1.072508
15.088000,1501.584000,1.513279
32.144000,591.056000,1.104747
4.592000,2481.648000,1.098053
30.832000,230.256000,0.878914
17.712000,1459.600000,2.629485
17.712000,2341.264000,1.238826
3.280000,3200.624000,1.135671
28.208000,865.264000,0.688264
11.152000,2395.056000,0.673919
28.208000,2185.136000,1.129553
9.840000,2791.280000,0.833516
24.272000,1773.168000,0.663471
28.208000,1745.616000,1.803113
29.520000,627.792000,0.762404
26.896000,1304.784000,0.683851
13.776000,2691.568000,0.963515
22.960000,899.376000,1.278619
12.464000,1904.368000,0.708531
9.840000,2614.160000,0.853181
12.464000,339.152000,1.463126
3.280000,2595.792000,0.829443
0.656000,1373.008000,0.839861
25.584000,186.960000,0.823531
5.904000,1037.136000,1.407979
9.840000,152.848000,1.176624
28.208000,1694.448000,1.100150
28.208000,270.928000,1.392537
15.088000,2574.800000,0.681307
32.144000,2877.872000,1.290495
5.904000,1854.512000,0.724878
13.776000,332.592000,0.778008
20.336000,1068.624000,0.711048
26.896000,978.096000,0.741759
32.144000,134.480000,1.055139
3.280000,707.824000,1.055362
11.152000,2894.928000,1.336601
0.656000,2894.928000,1.210575
24.272000,2725.680000,0.817995
4.592000,1024.016000,1.931621
13.776000,686.832000,0.789879
0.656000,1311.344000,0.745479
5.904000,1222.128000,0.845761
9.840000,3216.368000,0.883981
11.152000,1750.864000,0.659663
20.336000,74.128000,1.200622
8.528000,854.768000,0.769532
5.904000,852.144000,1.572260
22.960000,127.920000,0.748171
25.584000,902.000000,0.868915
22.960000,2725.680000,0.872838
20.336000,622.544000,1.016271
9.840000,444.112000,0.930263
22.960000,2282.224000,0.690921
4.592000,2339.952000,1.070208
7.216000,421.808000,0.856870
1.968000,772.112000,0.659470
15.088000,993.840000,1.285773
12.464000,1910.928000,1.102758
8.528000,2754.544000,0.784273
15.088000,470.352000,0.697585
3.280000,2245.488000,1.104621
21.648000,3051.056000,0.951480
11.152000,1037.136000,0.803423
19.024000,2765.040000,0.762273
17.712000,2070.992000,0.927866
1.968000,360.144000,0.732608
16.400000,2746.672000,0.743360
9.840000,852.144000,1.638137
5.904000,1310.032000,1.701288
9.840000,1865.008000,0.818131
1.968000,1837.456000,1.731769
30.832000,404.752000,0.705800
12.464000,2008.016000,0.728887
1.968000,2371.440000,1.347767
8.528000,2615.472000,1.312809
8.528000,3135.024000,1.390923
17.712000,1045.008000,1.748208
9.840000,1371.696000,0.672140
13.776000,1867.632000,1.012436
12.464000,1933.232000,0.942039
9.840000,2994.640000,0.766758
7.216000,571.376000,0.699453
1.968000,1841.392000,1.118418
30.832000,1702.320000,0.682142
8.528000,2782.096000,0.758240
0.656000,1533.072000,0.683760
16.400000,1197.200000,1.189707
38.704000,2542.000000,1.072465
34.768000,469.040000,1.427784
15.088000,1945.040000,0.787885
22.960000,2604.976000,1.746588
15.088000,821.968000,0.726851
21.648000,3104.848000,0.847619
12.464000,2927.728000,0.863123
25.584000,874.448000,2.245529
1.968000,2127.408000,0.787159
7.216000,2598.416000,0.895577
16.400000,192.208000,1.991815
9.840000,786.544000,0.717191
32.144000,1292.976000,0.838612
22.960000,727.504000,0.658238
37.392000,832.464000,0.675317
3.280000,2526.256000,0.743290
9.840000,1341.520000,0.938101
20.336000,1147.344000,0.922799
32.144000,2252.048000,1.186407
32.144000,1699.696000,0.809482
1.968000,1736.432000,0.711594
37.392000,1413.680000,1.296834
9.840000,689.456000,0.890570
34.768000,1422.864000,0.683523
17.712000,1152.592000,0.849605
34.768000,1369.072000,0.869406
9.840000,1156.528000,0.870763
8.528000,2103.792000,0.723693
17.712000,1367.760000,0.726350
12.464000,3131.088000,0.800821
38.704000,121.360000,1.795888
5.904000,1737.744000,1.688571
34.768000,1703.632000,0.952494
34.768000,1778.416000,0.703409
22.960000,2834.576000,0.944534
29.520000,2986.768000,1.465719
32.144000,319.472000,0.837572
33.456000,1799.408000,0.831420
28.208000,1943.728000,0.904479
34.768000,640.912000,0.877897
16.400000,1004.336000,0.684736
28.208000,2657.456000,0.971384
38.704000,268.304000,0.899357
32.144000,1260.176000,1.094978
17.712000,2038.192000,1.408466
5.904000,2493.456000,0.660177
26.896000,2535.440000,1.284667
9.840000,3011.696000,0.982011
9.840000,234.192000,0.684703
8.528000,404.752000,1.285718
30.832000,219.760000,0.788474
11.152000,1687.888000,0.666466
21.648000,1264.112000,0.888770
20.336000,2141.840000,1.362897
34.768000,2915.920000,0.990451
19.024000,148.912000,1.098799
28.208000,3065.488000,0.695011
34.768000,791.792000,0.844966
5.904000,164.656000,0.693507
22.960000,189.584000,1.089542
29.520000,3222.928000,0.795280
37.392000,1281.168000,0.886242
30.832000,2610.224000,0.792019
21.648000,1470.096000,0.977588
25.584000,1193.264000,0.970435
20.336000,671.088000,1.271739
4.592000,448.048000,1.067255
1.968000,2444.912000,1.268929
1.968000,2452.784000,0.744356
24.272000,997.776000,0.925716
30.832000,2031.632000,1.270426
24.272000,2110.352000,0.959708
34.768000,2862.128000,1.220468
32.144000,1232.624000,0.677636
28.208000,2005.392000,0.990037
38.704000,2479.024000,0.724493
4.592000,1543.568000,0.716192
13.776000,665.840000,0.904368
38.704000,1722.000000,0.679745
16.400000,1674.768000,0.865710
5.904000,529.392000,0.808621
8.528000,1105.360000,0.844961
1.968000,295.856000,0.852055
36.080000,2934.288000,0.777874
32.144000,1270.672000,0.911865
4.592000,144.976000,0.921268
5.904000,688.144000,0.987299
8.528000,2419.984000,0.844745
29.520000,1593.424000,0.751269
16.400000,2292.720000,1.193393
11.152000,987.280000,1.267593
34.768000,1740.368000,1.358290
28.208000,2107.728000,0.874006
4.592000,441.488000,0.925719
21.648000,2822.768000,1.155475
1.968000,403.440000,0.774315
13.776000,2080.176000,1.163356
17.712000,1917.488000,0.821387
22.960000,2172.016000,0.818468
1.968000,2448.848000,0.728766
19.024000,1916.176000,1.119337
34.768000,274.864000,0.834364
9.840000,284.048000,1.701285
30.832000,2224.496000,0.680662
11.152000,3149.456000,1.135768
15.088000,848.208000,0.872883
16.400000,1645.904000,1.229303
25.584000,1143.408000,0.775901
19.024000,143.664000,0.660096
17.712000,197.456000,1.054190
34.768000,2838.512000,1.082487
13.776000,3099.600000,1.145686
4.592000,1933.232000,0.817110
19.024000,2826.704000,0.968911
34.768000,2326.832000,0.703437
22.960000,1912.240000,0.929323
32.144000,819.344000,0.827028
21.648000,911.184000,1.936905
7.216000,2038.192000,0.720887
36.080000,3016.944000,0.932381
24.272000,281.424000,0.762664
28.208000,2591.856000,0.662386
5.904000,651.408000,0.810162
25.584000,2240.240000,0.698181
38.704000,802.288000,1.191764
9.840000,2665.328000,1.439802
19.024000,1519.952000,0.816923
33.456000,1620.976000,0.858347
37.392000,2817.520000,0.852799
13.776000,218.448000,0.716816
20.336000,2566.928000,0.900535
34.768000,1630.160000,1.160791
4.592000,1514.704000,0.791832
28.208000,109.552000,1.354859
7.216000,1047.632000,0.775663
0.656000,3116.656000,1.071481
8.528000,2989.392000,0.743295
22.960000,2200.880000,0.847494
36.080000,898.064000,0.915475
1.968000,723.568000,1.278000
3.280000,1464.848000,1.818723
12.464000,2505.264000,0.762486
5.904000,891.504000,0.666645
19.024000,571.376000,0.948436
9.840000,1495.024000,1.022978
12.464000,2221.872000,0.719789
22.960000,158.096000,1.175572
24.272000,1854.512000,0.686190
16.400000,3152.080000,0.732660
11.152000,2280.912000,0.702243
19.024000,2353.072000,0.985665
5.904000,2968.400000,1.491909
28.208000,2946.096000,1.589781
37.392000,333.904000,0.937722
8.528000,678.960000,0.931024
20.336000,2427.856000,1.016510
5.904000,3072.048000,0.784519
5.904000,574.000000,0.658029
26.896000,505.776000,0.691809
33.456000,399.504000,0.863577
11.152000,482.160000,1.166674
12.464000,2320.272000,0.801781
38.704000,442.800000,0.836483
16.400000,1666.896000,1.009327
25.584000,2502.640000,0.785282
11.152000,2419.984000,1.371839
34.768000,1559.312000,0.883307
12.464000,2133.968000,1.337511
17.712000,511.024000,0.848192
8.528000,1098.800000,1.590695
5.904000,175.152000,1.000993
11.152000,2237.616000,0.691741
21.648000,1110.608000,0.766745
28.208000,1544.880000,0.899802
37.392000,1235.248000,0.734674
4.592000,1202.448000,0.722958
32.144000,563.504000,0.669743
36.080000,3041.872000,0.965039
5.904000,942.672000,1.013519
21.648000,2300.592000,0.676440
29.520000,1382.192000,0.974147
30.832000,1399.248000,0.896422
0.656000,2011.952000,1.346771
1.968000,710.448000,0.783386
37.392000,2943.472000,0.953579
12.464000,2330.768000,0.680763
16.400000,3045.808000,0.779151
4.592000,3138.960000,1.619071
3.280000,2135.280000,0.826569
8.528000,2111.664000,1.123469
36.080000,364.080000,0.657812
15.088000,2658.768000,0.779777
38.704000,2199.568000,1.652596
1.968000,2961.840000,0.712740
22.960000,413.936000,1.197809
28.208000,1269.360000,1.910946
15.088000,1993.584000,0.660105
21.648000,472.976000,0.768497
28.208000,3117.968000,0.917293
28.208000,2064.432000,1.354860
11.152000,463.792000,1.228003
25.584000,3077.296000,1.005286
19.024000,959.728000,1.041193
19.024000,239.440000,0.759912
21.648000,1121.104000,0.910784
13.776000,2719.120000,1.813974
32.144000,1597.360000,0.995526
17.712000,2527.568000,0.744690
16.400000,2775.536000,0.939102
32.144000,686.832000,1.282426
8.528000,24.272000,0.666679
34.768000,2656.144000,1.141817
21.648000,2252.048000,0.771174
17.712000,148.912000,0.866622
37.392000,2426.544000,0.825743
22.960000,1943.728000,1.231727
1.968000,1546.192000,0.713944
17.712000,2186.448000,0.921426
4.592000,1601.296000,0.791553
26.896000,478.224000,0.667261
24.272000,1202.448000,1.594889
13.776000,131.856000,1.068402
4.592000,1992.272000,1.276307
16.400000,587.120000,1.011275
12.464000,1435.984000,1.212528
21.648000,2632.528000,1.134982
8.528000,1489.776000,1.035036
19.024000,470.352000,0.913182
20.336000,1428.112000,1.160251
15.088000,638.288000,1.539766
19.024000,1590.800000,1.332145
7.216000,144.976000,1.226355
25.584000,1774.480000,0.681108
26.896000,1975.216000,0.676952
30.832000,1369.072000,1.150526
28.208000,1128.976000,0.777324
28.208000,2187.760000,1.105292
29.520000,1823.024000,0.819180
15.088000,1443.856000,1.046354
26.896000,2139.216000,0.978483
24.272000,478.224000,1.146821
33.456000,1887.312000,0.988639
0.656000,1847.952000,0.677165
30.832000,1922.736000,0.730203
19.024000,2622.032000,1.480081
20.336000,2923.792000,0.843578
24.272000,1100.112000,0.721258
19.024000,2561.680000,0.662397
11.152000,2199.568000,1.053494
16.400000,2217.936000,0.769928
33.456000,398.192000,0.831503
4.592000,2465.904000,0.670429
24.272000,1283.792000,1.337642
16.400000,3019.568000,1.197857
12.464000,144.976000,0.862501
3.280000,331.280000,0.673074
26.896000,1846.640000,0.780863
7.216000,2236.304000,0.784424
33.456000,1878.128000,1.851867
20.336000,1737.744000,1.838460
32.144000,2469.840000,1.024220
20.336000,3009.072000,0.745167
38.704000,2854.256000,0.746981
16.400000,1170.960000,1.191514
3.280000,2648.272000,0.737596
9.840000,2048.688000,0.955016
26.896000,1882.064000,0.714578
12.464000,954.480000,1.836424
9.840000,3171.760000,0.959982
20.336000,3209.808000,1.375145
20.336000,1491.088000,0.932343
1.968000,1832.208000,1.169905
24.272000,765.552000,0.890000
0.656000,1760.048000,0.708101
25.584000,2318.960000,0.742702
1.968000,528.080000,0.904480
26.896000,3108.784000,1.131978
34.768000,731.440000,0.674011
36.080000,197.456000,1.691958
33.456000,1123.728000,0.705660
22.960000,93.808000,0.742054
34.768000,2311.088000,1.176458
16.400000,1976.528000,1.132944
22.960000,331.280000,0.892504
5.904000,2271.728000,1.041869
11.152000,1466.160000,1.006381
25.584000,690.768000,0.765301
1.968000,2409.488000,0.768856
34.768000,2887.056000,1.326219
36.080000,2102.480000,0.764698
29.520000,2993.328000,0.713377
16.400000,2279.600000,1.710824
3.280000,622.544000,1.473936
38.704000,364.080000,0.712244
19.024000,2879.184000,0.673895
15.088000,591.056000,0.976132
38.704000,1247.056000,0.811242
0.656000,2768.976000,1.051117
38.704000,1989.648000,0.794896
37.392000,1143.408000,1.241718
36.080000,837.712000,1.475300
8.528000,1292.976000,1.406625
11.152000,1913.552000,0.856970
13.776000,2423.920000,0.875673
28.208000,2872.624000,1.364212
19.024000,2339.952000,0.915435
3.280000,2813.584000,0.683928
32.144000,1704.944000,0.741909
37.392000,3167.824000,0.691575
26.896000,584.496000,1.097685
21.648000,1331.024000,0.721482
22.960000,286.672000,1.353816
38.704000,2820.144000,0.819620
8.528000,1394.000000,0.703360
15.088000,2069.680000,0.698621
7.216000,2010.640000,1.001100
24.272000,1378.256000,1.078229
21.648000,2206.128000,0.755003
9.840000,312.912000,1.209177
7.216000,3135.024000,1.078751
29.520000,1408.432000,0.999393
34.768000,2013.264000,0.682651
34.768000,2946.096000,1.349530
21.648000,1824.336000,0.979079
7.216000,2536.752000,0.658334
38.704000,2746.672000,0.932412
20.336000,2412.112000,1.018177
1.968000,2002.768000,0.924283
34.768000,2313.712000,0.895711
9.840000,1498.960000,0.743281
17.712000,1239.184000,2.055730
30.832000,1632.784000,0.748964
7.216000,1096.176000,0.684106
7.216000,109.552000,0.679378
19.024000,2797.840000,0.788416
26.896000,1989.648000,0.995656
1.968000,2165.456000,0.858112
17.712000,3146.832000,1.017266
12.464000,2168.080000,0.802013
25.584000,1111.920000,0.790318
38.704000,608.112000,0.679234
13.776000,1066.000000,0.946282
16.400000,2309.776000,0.971132
17.712000,171.216000,0.740595
19.024000,2595.792000,0.665856
9.840000,339.152000,1.315537
36.080000,1685.264000,0.860222
30.832000,434.928000,1.107684
9.840000,659.280000,0.831263
12.464000,2527.568000,0.762494
19.024000,3022.192000,0.728189
19.024000,3178.320000,0.680847
11.152000,3204.560000,1.018520
5.904000,886.256000,1.445907
29.520000,2287.472000,1.392263
17.712000,2322.896000,0.768258
0.656000,705.200000,0.988395
7.216000,1262.800000,1.135509
13.776000,2258.608000,0.749554
20.336000,2372.752000,1.676292
12.464000,463.792000,1.250583
19.024000,1866.320000,0.697269
33.456000,2305.840000,0.865796
30.832000,1135.536000,1.100420
1.968000,349.648000,0.818583
21.648000,1996.208000,1.092213
0.656000,1767.920000,0.687220
19.024000,1222.128000,0.908863
5.904000,2540.688000,0.811881
25.584000,705.200000,1.226550
20.336000,776.048000,0.970641
33.456000,3218.992000,0.665340
17.712000,382.448000,0.916385
20.336000,898.064000,0.807368
4.592000,1773.168000,0.991517
29.520000,1323.152000,1.384001
24.272000,183.024000,1.056937
17.712000,129.232000,0.656773
0.656000,463.792000,0.866900
21.648000,2636.464000,0.706432
38.704000,2632.528000,1.117745
17.712000,2552.496000,1.422896
38.704000,1100.112000,1.736368
21.648000,207.952000,0.752612
26.896000,1143.408000,0.739229
0.656000,1502.896000,0.684037
3.280000,702.576000,0.825258
37.392000,2090.672000,1.110399
1.968000,63.632000,1.058400
3.280000,2398.992000,0.758539
15.088000,1959.472000,0.794658
15.088000,2025.072000,1.800821
20.336000,181.712000,0.901687
9.840000,259.120000,0.692596
33.456000,669.776000,0.794331
28.208000,1418.928000,1.187341
26.896000,2947.408000,1.660870
7.216000,1748.240000,1.020667
5.904000,381.136000,0.841669
11.152000,3212.432000,0.949199
11.152000,207.952000,0.763184
5.904000,1950.288000,1.010791
28.208000,2804.400000,0.764742
22.960000,1228.688000,0.923398
0.656000,472.976000,1.306006
24.272000,1338.896000,0.916094
29.520000,495.280000,0.714668
12.464000,1420.240000,1.513877
4.592000,1038.448000,0.847426
34.768000,217.136000,0.967366
16.400000,1497.648000,0.951251
37.392000,2934.288000,0.731142
0.656000,2547.248000,1.005564
9.840000,2519.696000,0.698466
28.208000,546.448000,0.784526
7.216000,2974.960000,0.798501
7.216000,2202.192000,0.661515
3.280000,1105.360000,0.975210
7.216000,2994.640000,0.747959
20.336000,1450.416000,0.757252
36.080000,2055.248000,0.954407
20.336000,2282.224000,1.289566
22.960000,3104.848000,0.885637
30.832000,2147.088000,1.242220
3.280000,1163.088000,0.741295
37.392000,517.584000,1.134001
28.208000,293.232000,1.050820
5.904000,2536.752000,0.760062
19.024000,3010.384000,1.192974
16.400000,1068.624000,0.778441
3.280000,722.256000,0.685005
8.528000,1733.808000,1.082861
26.896000,2997.264000,0.879127
33.456000,916.432000,0.832247
13.776000,66.256000,1.398209
12.464000,391.632000,1.004556
25.584000,3184.880000,0.864000
25.584000,2228.432000,0.752454
29.520000,329.968000,1.268084
19.024000,2562.992000,0.888476
19.024000,2123.472000,0.798844
29.520000,3032.688000,1.076042
15.088000,2530.192000,0.790383
8.528000,1560.624000,0.768438
28.208000,2677.136000,0.881926
4.592000,1479.280000,1.328136
32.144000,2793.904000,0.681432
20.336000,2898.864000,0.665828
26.896000,1500.272000,0.706102
26.896000,3127.152000,1.650095
38.704000,547.760000,1.018341
30.832000,1516.016000,0.904588
34.768000,1173.584000,0.670565
29.520000,1184.080000,0.940414
3.280000,1659.024000,0.749598
33.456000,16.400000,1.250256
24.272000,95.120000,0.802940
20.336000,2346.512000,0.685724
5.904000,1538.320000,1.155354
5.904000,2099.856000,0.877955
21.648000,469.040000,1.527309
36.080000,1404.496000,0.663265
24.272000,3175.696000,1.290865
12.464000,2250.736000,0.991027
26.896000,749.808000,1.326339
15.088000,2123.472000,0.663393
11.152000,916.432000,1.862246
11.152000,3074.672000,1.136031
34.768000,1983.088000,0.959930
36.080000,147.600000,0.768911
1.968000,2775.536000,1.226205
30.832000,2359.632000,1.531556
1.968000,421.808000,0.962564
11.152000,1045.008000,0.925484
16.400000,1388.752000,1.239273
32.144000,366.704000,1.107374
17.712000,369.328000,0.805668
8.528000,265.680000,0.854704
11.152000,341.776000,1.268222
12.464000,2586.608000,0.990806
21.648000,1060.752000,0.792483
32.144000,3159.952000,0.758783
30.832000,2157.584000,0.715531
12.464000,2177.264000,0.713056
33.456000,640.912000,0.664061
33.456000,163.344000,1.147130
28.208000,171.216000,0.901609
38.704000,2426.544000,1.321952
16.400000,2842.448000,0.800595
17.712000,1805.968000,0.880707
3.280000,800.976000,0.997898
13.776000,694.704000,0.791006
38.704000,1093.552000,1.203426
25.584000,293.232000,1.158756
4.592000,953.168000,1.295913
38.704000,150.224000,1.521884
5.904000,2124.784000,0.920980
1.968000,878.384000,0.950659
20.336000,2926.416000,0.711590
38.704000,480.848000,0.689443
38.704000,1149.968000,0.898433
30.832000,1283.792000,1.232781
22.960000,1980.464000,0.776486
25.584000,2908.048000,0.847481
12.464000,444.112000,0.870548
24.272000,738.000000,0.846902
4.592000,1703.632000,0.759429
20.336000,1487.152000,0.797536
13.776000,2799.152000,0.967560
32.144000,2502.640000,1.205316
24.272000,549.072000,1.196112
34.768000,2325.520000,0.740474
0.656000,429.680000,1.654190
24.272000,818.032000,0.807939
17.712000,1779.728000,0.859008
28.208000,8.528000,1.208594
36.080000,2851.632000,1.499908
16.400000,3192.752000,0.807561
22.960000,2909.360000,1.159562
20.336000,3053.680000,0.805805
30.832000,284.048000,1.193157
1.968000,1609.168000,0.684925
34.768000,1602.608000,1.323293
9.840000,2841.136000,0.937189
21.648000,2640.400000,0.855320
5.904000,1148.656000,0.731211
4.592000,803.600000,0.846243
16.400000,1404.496000,0.793080
20.336000,1533.072000,0.658465
26.896000,141.040000,0.732454
28.208000,3073.360000,0.879844
30.832000,1411.056000,0.994812
1.968000,2240.240000,1.134263
5.904000,2800.464000,0.881996
13.776000,360.144000,0.664970
28.208000,928.240000,0.989671
7.216000,1182.768000,0.826068
4.592000,167.280000,0.699951
4.592000,1886.000000,0.797242
1.968000,1754.800000,0.687604
13.776000,2418.672000,0.862644
24.272000,689.456000,0.860865
24.272000,663.216000,1.639533
12.464000,108.240000,2.108332
13.776000,1509.456000,0.835515
36.080000,1265.424000,0.828232
36.080000,1096.176000,1.002444
1.968000,2133.968000,0.730730
34.768000,331.280000,1.006289
33.456000,1388.752000,1.563577
1.968000,3005.136000,0.825462
3.280000,2061.808000,1.566509
33.456000,1429.424000,0.791825
16.400000,1390.064000,0.931758
0.656000,89.872000,0.658529
22.960000,1513.392000,0.696538
33.456000,459.856000,1.527408
37.392000,2385.872000,0.702070
0.656000,1904.368000,1.033427
34.768000,391.632000,1.717088
15.088000,1401.872000,0.674247
5.904000,268.304000,0.697903
3.280000,1138.160000,0.662282
16.400000,2255.984000,0.709307
28.208000,462.480000,1.082929
28.208000,2414.736000,0.714487
8.528000,745.872000,0.839268
13.776000,2029.008000,1.031823
17.712000,2362.256000,0.802636
7.216000,1510.768000,0.710481
8.528000,2812.272000,1.658273
0.656000,2726.992000,0.672832
13.776000,2316.336000,0.785112
17.712000,2822.768000,0.698629
36.080000,181.712000,1.166649
24.272000,450.672000,1.204904
16.400000,1643.280000,0.964774
24.272000,758.992000,0.767501
24.272000,1226.064000,1.193758
29.520000,2417.360000,0.923483
38.704000,1209.008000,0.812628
32.144000,1977.840000,1.122869
21.648000,2383.248000,1.885320
22.960000,2542.000000,1.324240
8.528000,36.080000,1.373929
28.208000,2734.864000,0.784500
30.832000,1847.952000,1.285589
12.464000,1665.584000,0.661771
25.584000,2774.224000,0.920738
38.704000,2990.704000,0.827470
34.768000,2360.944000,0.703179
8.528000,466.416000,1.357795
33.456000,2492.144000,0.750865
17.712000,516.272000,0.912550
3.280000,2894.928000,1.934339
37.392000,682.896000,1.233501
30.832000,246.000000,1.070307
11.152000,1561.936000,0.698585
3.280000,2177.264000,0.897276
9.840000,2202.192000,0.781889
11.152000,2231.056000,0.768591
37.392000,1578.992000,0.870196
32.144000,1289.040000,1.437307
34.768000,2384.560000,1.048679
9.840000,2972.336000,1.287454
15.088000,291.920000,2.071679
7.216000,2102.480000,0.966366
16.400000,2978.896000,0.832127
8.528000,2133.968000,0.705411
37.392000,2859.504000,0.848134
9.840000,2660.080000,1.275083
5.904000,772.112000,0.909150
32.144000,909.872000,1.035847
9.840000,1355.952000,1.662248
22.960000,1037.136000,0.868021
29.520000,2703.376000,0.739461
30.832000,2772.912000,3.325690
5.904000,449.360000,1.836429
30.832000,3149.456000,0.988843
32.144000,547.760000,1.151330
30.832000,1655.088000,0.893984
8.528000,1752.176000,0.894126
17.712000,2140.528000,0.727987
29.520000,2690.256000,1.217568
22.960000,1609.168000,1.125548
33.456000,2627.280000,0.688448
9.840000,873.136000,1.091654
28.208000,655.344000,0.905795
24.272000,2034.256000,1.227161
20.336000,1989.648000,1.481732
13.776000,2364.880000,0.764601
33.456000,1614.416000,0.892268
9.840000,1518.640000,1.240808
15.088000,3053.680000,1.000500
5.904000,1969.968000,1.049444
0.656000,159.408000,1.206898
28.208000,840.336000,0.969718
15.088000,738.000000,0.663275
33.456000,2800.464000,1.406643
13.776000,329.968000,0.978435
25.584000,2165.456000,0.714244
34.768000,1783.664000,0.994026
24.272000,577.936000,0.941270
16.400000,643.536000,0.849693
22.960000,2015.888000,0.714018
26.896000,1338.896000,1.251401
5.904000,465.104000,0.737541
3.280000,1800.720000,0.899051
20.336000,3100.912000,1.067846
25.584000,1239.184000,0.800669
29.520000,2237.616000,1.352144
9.840000,79.376000,0.802157
15.088000,1972.592000,0.923435
20.336000,2234.992000,0.722243
21.648000,1698.384000,0.712043
5.904000,88.560000,0.736068
5.904000,1819.088000,0.735996
36.080000,3116.656000,2.221301
12.464000,1550.128000,0.732026
24.272000,2800.464000,1.332481
1.968000,2481.648000,0.941845
26.896000,832.464000,1.012934
0.656000,839.024000,0.761407
19.024000,617.296000,0.950007
13.776000,2137.904000,0.712745
37.392000,1630.160000,0.798026
11.152000,1039.760000,1.216222
3.280000,3104.848000,0.908334
3.280000,2413.424000,1.366900
8.528000,3011.696000,1.166129
0.656000,1079.120000,0.926761
3.280000,2069.680000,0.691256
13.776000,327.344000,1.082854
17.712000,617.296000,2.671360
29.520000,2637.776000,0.845736
36.080000,2838.512000,0.739826
26.896000,2116.912000,1.483725
16.400000,450.672000,1.427566
7.216000,534.640000,0.704544
21.648000,1408.432000,1.118578
4.592000,2444.912000,0.836229
11.152000,2315.024000,0.675814
12.464000,526.768000,2.839181
15.088000,2948.720000,0.658250
37.392000,549.072000,1.037588
26.896000,2143.152000,0.661820
37.392000,951.856000,0.662510
15.088000,1483.216000,0.957422
21.648000,1024.016000,0.836616
0.656000,1750.864000,0.860993
11.152000,1030.576000,0.678380
37.392000,1107.984000,0.658189
16.400000,2761.104000,0.656390
5.904000,1412.368000,0.893725
36.080000,322.096000,0.906747
36.080000,989.904000,0.876691
9.840000,2901.488000,1.897807
9.840000,370.640000,0.756684
5.904000,2065.744000,0.747263
0.656000,1404.496000,0.838148
1.968000,1185.392000,0.921703
20.336000,2572.176000,0.833190
17.712000,2542.000000,0.793745
33.456000,1635.408000,0.943322
33.456000,932.176000,1.076021
37.392000,1396.624000,1.090097
11.152000,1997.520000,0.714671
7.216000,357.520000,0.780445
7.216000,442.800000,0.702578
29.520000,810.160000,0.671639
9.840000,524.144000,0.991178
20.336000,508.400000,0.819990
21.648000,356.208000,0.691969
17.712000,807.536000,0.870618
30.832000,755.056000,0.688611
3.280000,1283.792000,0.806276
38.704000,319.472000,0.766131
5.904000,929.552000,1.873143
25.584000,618.608000,0.821644
29.520000,1466.160000,0.950434
13.776000,455.920000,0.914652
3.280000,2649.584000,2.334257
4.592000,1666.896000,0.930783
25.584000,2270.416000,2.224227
38.704000,236.816000,1.330988
12.464000,1173.584000,0.712160
36.080000,559.568000,1.439101
32.144000,1665.584000,0.661200
16.400000,907.248000,1.375457
25.584000,2451.472000,1.546525
25.584000,122.672000,1.328663
29.520000,1909.616000,1.099033
1.968000,1662.960000,1.533997
11.152000,2133.968000,0.678418
30.832000,2493.456000,1.134561
25.584000,3091.728000,0.859224
15.088000,2078.864000,1.361319
38.704000,1014.832000,1.104990
9.840000,2694.192000,2.076079
3.280000,2904.112000,1.399068
38.704000,2216.624000,1.627056
16.400000,1964.720000,0.657042
32.144000,2270.416000,0.816419
30.832000,1669.520000,0.671819
20.336000,1840.080000,0.776124
22.960000,88.560000,0.664561
3.280000,2408.176000,0.700516
3.280000,1275.920000,0.787320
38.704000,1687.888000,1.342760
21.648000,1905.680000,0.806649
38.704000,2353.072000,0.707221
3.280000,1897.808000,1.004345
22.960000,982.032000,1.925686
4.592000,2273.040000,1.443801
1.968000,1216.880000,1.516104
29.520000,2845.072000,1.628263
25.584000,1672.144000,1.081639
16.400000,1951.600000,0.895276
24.272000,51.824000,0.742462
7.216000,2035.568000,0.956739
17.712000,2198.256000,1.537146
11.152000,1399.248000,1.046115
9.840000,2864.752000,1.075359
4.592000,2284.848000,0.849219
12.464000,602.864000,1.079354
12.464000,3173.072000,1.683695
28.208000,3007.760000,0.701419
30.832000,297.168000,1.293835
38.704000,2517.072000,0.868509
17.712000,3157.328000,1.266375
25.584000,1163.088000,1.286725
11.152000,2923.792000,0.693443
37.392000,1603.920000,0.895016
15.088000,1681.328000,1.195061
33.456000,2890.992000,0.937968
21.648000,2750.608000,1.094508
11.152000,3108.784000,0.686264
17.712000,2536.752000,1.731164
15.088000,3156.016000,0.887963
7.216000,3177.008000,0.692930
5.904000,2426.544000,1.359291
9.840000,433.616000,0.669121
24.272000,612.048000,0.845756
20.336000,2629.904000,0.734066
1.968000,1308.720000,1.640407
37.392000,1004.336000,1.170811
29.520000,232.880000,0.664653
19.024000,2067.056000,1.646528
16.400000,2433.104000,0.947466
33.456000,2193.008000,0.714719
3.280000,3138.960000,1.091878
7.216000,2622.032000,0.824511
16.400000,848.208000,0.745184
15.088000,800.976000,0.880129
8.528000,1850.576000,1.883427
25.584000,2509.200000,0.760453
3.280000,1435.984000,0.725320
37.392000,1177.520000,0.756627
19.024000,265.680000,0.766649
20.336000,829.840000,1.042068
34.768000,2032.944000,0.680565
13.776000,873.136000,1.803169
19.024000,1967.344000,0.660436
24.272000,2847.696000,0.855099
37.392000,3209.808000,0.880783
16.400000,2955.280000,2.135956
30.832000,860.016000,0.842752
22.960000,32.144000,0.689206
0.656000,1409.744000,0.682223
5.904000,3096.976000,1.037445
25.584000,615.984000,0.844003
9.840000,997.776000,0.915915
0.656000,928.240000,0.737532
13.776000,2936.912000,1.882474
13.776000,2105.104000,1.396563
25.584000,1043.696000,0.748561
37.392000,2216.624000,0.877142
8.528000,2803.088000,0.786382
5.904000,2267.792000,0.820504
13.776000,936.112000,1.067301
9.840000,1149.968000,0.765395
20.336000,1750.864000,0.840935
25.584000,2560.368000,0.761104
29.520000,1830.896000,0.824047
26.896000,829.840000,0.671987
4.592000,3179.632000,0.798155
16.400000,1392.688000,0.970416
19.024000,3156.016000,0.753784
29.520000,1853.200000,0.771360
15.088000,3106.160000,0.870826
5.904000,482.160000,0.665825
12.464000,694.704000,0.780261
34.768000,947.920000,0.935604
28.208000,3081.232000,0.826084
16.400000,2784.720000,0.697373
37.392000,2486.896000,0.860714
16.400000,1648.528000,1.093427
4.592000,1031.888000,1.088301
32.144000,2248.112000,0.862596
1.968000,2854.256000,1.131164
15.088000,2378.000000,1.189538
8.528000,1240.496000,1.143995
21.648000,878.384000,0.659988
36.080000,1152.592000,0.779585
9.840000,1215.568000,0.854732
4.592000,789.168000,0.662790
13.776000,820.656000,0.703807
26.896000,1735.120000,0.695334
19.024000,2400.304000,0.789762
16.400000,1804.656000,0.684467
37.392000,2927.728000,1.013246
25.584000,395.568000,1.178736
30.832000,2717.808000,0.994859
15.088000,1021.392000,0.711507
33.456000,636.976000,0.667063
17.712000,551.696000,1.210165
29.520000,701.264000,1.063612
29.520000,3135.024000,0.987227
34.768000,407.376000,1.112030
7.216000,946.608000,0.812288
25.584000,196.144000,1.777810
19.024000,693.392000,0.819477
12.464000,1169.648000,0.716936
26.896000,715.696000,0.698853
12.464000,218.448000,3.073962
26.896000,51.824000,0.899098
22.960000,1805.968000,1.957361
25.584000,2366.192000,0.769675
0.656000,1397.936000,0.910957
13.776000,845.584000,1.160690
34.768000,142.352000,0.810781
15.088000,1664.272000,1.024029
33.456000,1068.624000,0.869440
4.592000,2610.224000,0.725025
19.024000,2980.208000,1.219479
19.024000,635.664000,0.676768
29.520000,2035.568000,1.005564
34.768000,568.752000,0.723867
19.024000,1596.048000,0.905319
0.656000,306.352000,0.835836
11.152000,2780.784000,0.692467
26.896000,440.176000,1.246294
38.704000,545.136000,1.134889
22.960000,3082.544000,0.690017
36.080000,2149.712000,0.784384
3.280000,2841.136000,0.687584
34.768000,188.272000,0.707624
32.144000,2640.400000,0.850227
25.584000,1197.200000,0.696765
8.528000,221.072000,0.731418
32.144000,3129.776000,1.955327
32.144000,2919.856000,0.808856
3.280000,61.008000,0.681164
22.960000,1823.024000,0.756509
25.584000,2437.040000,0.694401
29.520000,1365.136000,0.717506
36.080000,2498.704000,0.856961
38.704000,240.752000,0.802850
5.904000,1245.744000,1.844725
19.024000,2446.224000,0.777176
15.088000,656.656000,0.869176
4.592000,1084.368000,0.677923
21.648000,896.752000,0.983265
20.336000,2152.336000,1.139690
17.712000,2454.096000,0.899231
25.584000,1414.992000,2.052731
21.648000,2350.448000,0.995002
26.896000,1689.200000,1.245038
36.080000,40.016000,0.969154
25.584000,2814.896000,0.890489
16.400000,1337.584000,0.836570
0.656000,1521.264000,0.981928
24.272000,3082.544000,0.971209
9.840000,3034.000000,1.071373
5.904000,1424.176000,0.889324
13.776000,1980.464000,1.006823
36.080000,1534.384000,1.249803
11.152000,1483.216000,1.227287
29.520000,1501.584000,1.061149
4.592000,138.416000,1.336925
25.584000,202.704000,0.808111
38.704000,2385.872000,1.128963
13.776000,584.496000,1.233791
5.904000,1514.704000,0.816127
15.088000,1666.896000,1.032889
36.080000,626.480000,0.838105
30.832000,1763.984000,1.200992
19.024000,663.216000,0.668513
1.968000,2343.888000,0.664344
30.832000,2320.272000,0.755975
29.520000,43.952000,0.768314
9.840000,1353.328000,0.922255
20.336000,2607.600000,0.946787
16.400000,2274.352000,1.116114
11.152000,2670.576000,1.565260
15.088000,542.512000,0.763139
36.080000,2093.296000,0.685920
29.520000,1518.640000,0.801518
34.768000,1698.384000,0.728016
11.152000,1041.072000,0.720207
19.024000,2700.752000,0.697256
38.704000,1796.784000,0.836869
25.584000,331.280000,0.756114
32.144000,2446.224000,0.849136
33.456000,639.600000,1.008323
19.024000,1576.368000,0.816617
9.840000,3158.640000,1.055417
20.336000,1988.336000,1.193657
21.648000,1841.392000,0.927799
19.024000,491.344000,0.788680
33.456000,2009.328000,0.846732
7.216000,2884.432000,0.824273
3.280000,1362.512000,0.681789
29.520000,1253.616000,0.845463
30.832000,1544.880000,0.959415
13.776000,51.824000,0.898648
33.456000,1441.232000,0.942083
7.216000,244.688000,0.913644
8.528000,549.072000,1.110377
26.896000,3149.456000,1.280668
3.280000,392.944000,0.752267
8.528000,524.144000,0.775747
25.584000,1498.960000,0.670341
16.400000,2409.488000,0.776464
24.272000,954.480000,0.799948
36.080000,547.760000,0.734743
5.904000,209.264000,0.659326
30.832000,2650.896000,1.346751
7.216000,2392.432000,0.855949
28.208000,1631.472000,0.836473
21.648000,651.408000,0.780172
33.456000,2392.432000,0.750308
24.272000,1820.400000,0.832976
1.968000,3215.056000,0.735210
16.400000,332.592000,1.131193
4.592000,1538.320000,0.689863
16.400000,1298.224000,0.826305
16.400000,3102.224000,0.940328
17.712000,1504.208000,1.106560
22.960000,442.800000,2.200729
30.832000,425.744000,0.967125
16.400000,999.088000,0.674792
5.904000,669.776000,0.975533
16.400000,2896.240000,0.852378
9.840000,2831.952000,0.687272
16.400000,943.984000,0.977661
12.464000,989.904000,1.003316
8.528000,2716.496000,0.965038
32.144000,429.680000,0.811721
34.768000,1576.368000,0.673715
25.584000,2303.216000,0.790598
38.704000,344.400000,1.358369
4.592000,1220.816000,1.812890
20.336000,1432.048000,0.674779
8.528000,1066.000000,1.197727
12.464000,2359.632000,0.684069
19.024000,2051.312000,1.329914
13.776000,589.744000,1.059511
7.216000,782.608000,0.680828
5.904000,1384.816000,1.044079
26.896000,2666.640000,1.687266
1.968000,638.288000,0.716812
1.968000,2055.248000,1.433232
38.704000,78.064000,0.719780
30.832000,2965.776000,0.849143
29.520000,530.704000,2.168096
0.656000,3098.288000,1.053729
12.464000,277.488000,0.836351
7.216000,850.832000,0.838511
25.584000,1546.192000,0.658628
25.584000,2371.440000,1.140702
24.272000,1844.016000,0.743146
24.272000,680.272000,0.822251
19.024000,2085.424000,0.662171
22.960000,121.360000,0.789361
12.464000,2425.232000,0.861150
33.456000,610.736000,0.721219
11.152000,2506.576000,0.911145
32.144000,1051.568000,0.975238
9.840000,2786.032000,0.914556
22.960000,1039.760000,1.201182
0.656000,2350.448000,1.009751
24.272000,217.136000,2.340572
13.776000,2669.264000,1.326548
29.520000,1062.064000,1.154328
17.712000,3062.864000,0.831367
11.152000,2257.296000,1.651515
30.832000,2911.984000,0.656964
1.968000,259.120000,1.280329
34.768000,428.368000,0.811261
30.832000,1714.128000,1.651230
34.768000,1039.760000,0.724947
9.840000,2830.640000,0.720070
22.960000,951.856000,0.747531
28.208000,1400.560000,1.226820
0.656000,1041.072000,1.175915
33.456000,25.584000,0.789746
17.712000,1232.624000,0.753955
26.896000,2927.728000,1.084812
36.080000,2099.856000,0.680091
21.648000,2380.624000,0.955224
4.592000,2866.064000,0.732798
3.280000,593.680000,0.993085
34.768000,2009.328000,0.859470
21.648000,2775.536000,1.103913
24.272000,152.848000,0.676977
22.960000,2078.864000,1.032377
30.832000,2728.304000,0.958094
24.272000,1262.800000,0.666515
26.896000,2755.856000,1.240541
28.208000,2189.072000,0.927782
29.520000,2004.080000,0.793642
37.392000,3159.952000,1.782580
0.656000,955.792000,0.673638
36.080000,2914.608000,0.845216
3.280000,2220.560000,0.864181
37.392000,3048.432000,0.960456
20.336000,3137.648000,1.216924
15.088000,2130.032000,0.660498
17.712000,1832.208000,0.745881
22.960000,1865.008000,0.714447
5.904000,51.824000,1.125216
5.904000,474.288000,0.688286
34.768000,315.536000,0.973597
21.648000,2662.704000,1.269519
25.584000,176.464000,0.711271
37.392000,1433.360000,1.244571
25.584000,1960.784000,0.754368
13.776000,3145.520000,0.808931
3.280000,2127.408000,0.668406
20.336000,3058.928000,0.703391
0.656000,593.680000,0.822317
37.392000,840.336000,1.069729
26.896000,1980.464000,0.877462
9.840000,1115.856000,0.661109
25.584000,1539.632000,0.962176
26.896000,2901.488000,0.710530
12.464000,2640.400000,1.523612
38.704000,87.248000,1.030429
30.832000,3070.736000,0.685585
16.400000,1990.960000,0.776638
29.520000,3030.064000,0.847925
5.904000,2867.376000,0.656969
3.280000,399.504000,0.708360
17.712000,2779.472000,1.099710
11.152000,3022.192000,0.696026
26.896000,2543.312000,0.675992
25.584000,2110.352000,1.087804
16.400000,1435.984000,1.013938
25.584000,823.280000,0.729287
16.400000,1165.712000,0.971410
11.152000,2598.416000,0.960412
17.712000,312.912000,1.510535
0.656000,450.672000,0.731982
29.520000,1647.216000,0.727356
12.464000,3056.304000,1.304583
9.840000,2257.296000,0.689866
16.400000,1354.640000,1.176682
8.528000,2720.432000,3.383500
9.840000,42.640000,1.138029
9.840000,2771.600000,0.912491
8.528000,2641.712000,0.837303
7.216000,2168.080000,1.011264
8.528000,79.376000,0.792906
4.592000,323.408000,0.739403
1.968000,1626.224000,0.845332
29.520000,753.744000,0.944355
28.208000,1718.064000,0.749179
15.088000,1476.656000,0.849624
5.904000,1594.736000,1.744161
24.272000,2685.008000,0.688763
37.392000,761.616000,1.234470
26.896000,392.944000,0.908174
1.968000,1619.664000,0.947060
26.896000,1640.656000,0.895786
13.776000,34.768000,0.844100
12.464000,1624.912000,1.218951
16.400000,2330.768000,0.799135
8.528000,2631.216000,1.002106
20.336000,1652.464000,0.897941
22.960000,1623.600000,0.713676
7.216000,202.704000,0.834234
22.960000,2465.904000,1.078053
33.456000,2106.416000,1.020002
13.776000,3079.920000,0.796869
1.968000,1551.440000,1.494902
26.896000,925.616000,0.856238
25.584000,840.336000,0.674371
13.776000,1414.992000,0.673800
24.272000,1101.424000,1.013046
4.592000,318.160000,0.669024
8.528000,881.008000,0.819932
30.832000,354.896000,1.356944
37.392000,887.568000,1.036346
5.904000,2025.072000,0.707997
34.768000,2623.344000,0.677890
24.272000,1218.192000,1.239847
22.960000,2884.432000,1.482504
11.152000,521.520000,1.091120
34.768000,1946.352000,1.095300
28.208000,976.784000,1.369051
1.968000,49.200000,0.964116
30.832000,511.024000,0.693379
0.656000,2242.864000,0.753055
28.208000,2296.656000,0.842316
34.768000,2940.848000,0.771836
4.592000,988.592000,0.852957
5.904000,2481.648000,0.881062
20.336000,1367.760000,1.083609
28.208000,896.752000,0.748852
13.776000,209.264000,0.726704
28.208000,2290.096000,2.145821
13.776000,1160.464000,0.949089
28.208000,1963.408000,0.699737
3.280000,168.592000,0.901774
32.144000,2732.240000,1.391448
30.832000,2451.472000,0.720409
25.584000,591.056000,0.710799
11.152000,3182.256000,0.665070
32.144000,2792.592000,0.906547
32.144000,2202.192000,0.938871
34.768000,2902.800000,0.791637
33.456000,2792.592000,0.931726
24.272000,1813.840000,1.114054
12.464000,634.352000,0.753932
12.464000,2479.024000,0.668293
8.528000,1544.880000,0.744275
11.152000,1384.816000,0.971609
20.336000,2139.216000,0.840811
4.592000,3195.376000,1.065422
11.152000,183.024000,0.832093
20.336000,1046.320000,0.778539
15.088000,2577.424000,1.369789
1.968000,1682.640000,1.518568
11.152000,1875.504000,0.789424
36.080000,438.864000,1.042269
28.208000,429.680000,0.975107
1.968000,448.048000,0.703807
4.592000,521.520000,0.888214
33.456000,1687.888000,0.955578
3.280000,2008.016000,0.755400
33.456000,2026.384000,0.930169
1.968000,3115.344000,1.258690
19.024000,2526.256000,0.666713
5.904000,1152.592000,1.114827
36.080000,1786.288000,1.171755
8.528000,1754.800000,0.734491
16.400000,3188.816000,1.429043
36.080000,2507.888000,1.360800
16.400000,1211.632000,0.998814
34.768000,1290.352000,0.994367
11.152000,2291.408000,0.708728
32.144000,987.280000,1.229545
26.896000,3198.000000,0.753297
38.704000,1887.312000,1.476397
16.400000,2726.992000,1.327441
25.584000,604.176000,1.046417
32.144000,33.456000,1.196427
7.216000,2313.712000,1.067722
38.704000,845.584000,0.833394
3.280000,1352.016000,0.688208
3.280000,1463.536000,0.949879
13.776000,2519.696000,0.829209
36.080000,219.760000,0.666586
7.216000,2430.480000,0.709523
11.152000,93.808000,0.756528
20.336000,1043.696000,0.689035
15.088000,2524.944000,0.836315
38.704000,1523.888000,0.771801
19.024000,2088.048000,1.533236
12.464000,3205.872000,1.662751
17.712000,718.320000,0.661811
36.080000,273.552000,1.695954
11.152000,308.976000,0.947376
11.152000,479.536000,0.858313
21.648000,3124.528000,1.161280
5.904000,2523.632000,1.388302
9.840000,2536.752000,0.783868
22.960000,1488.464000,0.818558
19.024000,413.936000,1.079230
29.520000,1906.992000,0.704189
3.280000,978.096000,1.381731
1.968000,1897.808000,0.862601
36.080000,2186.448000,0.837102
34.768000,2880.496000,0.705587
26.896000,1277.232000,0.950078
3.280000,88.560000,0.862326
38.704000,2025.072000,1.416490
36.080000,226.320000,0.720450
38.704000,982.032000,1.031640
38.704000,1076.496000,0.772715
20.336000,1121.104000,1.260314
29.520000,831.152000,0.671009
37.392000,979.408000,0.832169
4.592000,2328.144000,1.404150
25.584000,1888.624000,0.746340
3.280000,415.248000,0.761504
22.960000,831.152000,2.029433
38.704000,3001.200000,0.701418
9.840000,667.152000,0.843187
15.088000,575.312000,0.699595
28.208000,2052.624000,0.772547
26.896000,2664.016000,1.101017
37.392000,2947.408000,0.802427
11.152000,1661.648000,0.765202
33.456000,1458.288000,0.867946
5.904000,2490.832000,1.481688
38.704000,1176.208000,0.968301
5.904000,1879.440000,1.244597
28.208000,1572.432000,1.070972
36.080000,2948.720000,0.717683
19.024000,642.224000,1.014553
9.840000,492.656000,0.728199
12.464000,1765.296000,1.303231
1.968000,2238.928000,0.962236
11.152000,1572.432000,0.915559
1.968000,2951.344000,0.739415
5.904000,657.968000,0.901564
17.712000,84.624000,0.921911
5.904000,1901.744000,1.604329
13.776000,818.032000,0.783861
11.152000,619.920000,1.325929
11.152000,1479.280000,0.718348
11.152000,8.528000,0.733395
33.456000,2699.440000,1.497332
1.968000,142.352000,0.672705
9.840000,106.928000,0.697901
26.896000,574.000000,2.270558
7.216000,1808.592000,0.915826
1.968000,2022.448000,1.173793
17.712000,2152.336000,0.726348
7.216000,2828.016000,0.938353
19.024000,469.040000,1.293642
15.088000,1366.448000,0.722387
1.968000,1757.424000,0.968852
12.464000,1140.784000,0.772523
20.336000,3065.488000,0.718387
38.704000,3082.544000,1.459218
34.768000,2562.992000,0.917382
24.272000,1823.024000,0.675129
11.152000,1906.992000,0.747416
21.648000,629.104000,0.703294
8.528000,1770.544000,0.974357
12.464000,1102.736000,0.716907
29.520000,2540.688000,0.779005
1.968000,2765.040000,0.881026
12.464000,1220.816000,0.800655
7.216000,2961.840000,0.751002
13.776000,842.960000,1.123782
0.656000,1821.712000,0.961557
5.904000,1062.064000,1.058853
37.392000,310.288000,0.774821
22.960000,2207.440000,0.796699
28.208000,45.264000,1.076335
8.528000,389.008000,0.673812
36.080000,2602.352000,0.844179
20.336000,171.216000,0.835367
29.520000,2813.584000,0.762743
28.208000,1226.064000,0.686534
16.400000,3062.864000,0.711803
7.216000,622.544000,0.672558
19.024000,1682.640000,0.794402
28.208000,1375.632000,0.762129
9.840000,3201.936000,1.228068
7.216000,1926.672000,0.751129
30.832000,1912.240000,0.668671
34.768000,987.280000,1.169584
25.584000,887.568000,0.925458
11.152000,580.560000,1.174499
38.704000,424.432000,1.386143
12.464000,1404.496000,0.898914
3.280000,1412.368000,0.688918
22.960000,1054.192000,0.749396
0.656000,1657.712000,1.126399
8.528000,2398.992000,0.905975
11.152000,53.136000,0.729084
29.520000,214.512000,0.732002
22.960000,2835.888000,1.179155
29.520000,1645.904000,1.057708
34.768000,1670.832000,0.884181
4.592000,181.712000,0.871232
5.904000,2510.512000,1.635725
17.712000,2818.832000,0.711505
3.280000,2892.304000,0.665328
13.776000,1025.328000,1.371395
30.832000,3049.744000,0.982935
37.392000,2103.792000,0.811095
32.144000,294.544000,1.310496
22.960000,2671.888000,1.143929
29.520000,3107.472000,0.746002
11.152000,999.088000,0.679707
25.584000,3186.192000,1.008232
37.392000,2078.864000,0.995871
19.024000,731.440000,1.112139
36.080000,83.312000,0.732183
32.144000,2650.896000,0.758448
36.080000,3005.136000,0.849039
3.280000,2880.496000,1.056375
28.208000,748.496000,0.688132
12.464000,433.616000,0.785531
5.904000,685.520000,1.029756
30.832000,2032.944000,0.919310
1.968000,2557.744000,0.999213
38.704000,2204.816000,0.756826
11.152000,1548.816000,0.663620
38.704000,1725.936000,2.262498
36.080000,2304.528000,0.784915
29.520000,2565.616000,0.704764
1.968000,1560.624000,0.975412
15.088000,2002.768000,0.778648
7.216000,1630.160000,0.756179
12.464000,1900.432000,1.093452
29.520000,2088.048000,0.743032
3.280000,2059.184000,0.804542
8.528000,1550.128000,0.927965
32.144000,2807.024000,1.084346
3.280000,362.768000,0.836362
28.208000,2034.256000,0.868855
38.704000,454.608000,0.861163
17.712000,3198.000000,0.789131
12.464000,2716.496000,1.232762
34.768000,856.080000,1.177829
16.400000,2506.576000,1.248439
15.088000,545.136000,0.855995
37.392000,769.488000,1.014662
17.712000,631.728000,1.310469
32.144000,1874.192000,0.709689
7.216000,445.424000,0.954494
8.528000,2880.496000,1.354672
36.080000,1374.320000,1.115356
36.080000,2026.384000,0.840786
26.896000,904.624000,1.893415
5.904000,1758.736000,1.528014
25.584000,3085.168000,0.698152
28.208000,1618.352000,0.783875
17.712000,244.688000,1.355330
20.336000,1662.960000,0.895450
37.392000,2687.632000,0.801017
21.648000,281.424000,0.682425
36.080000,192.208000,0.672844
16.400000,2887.056000,0.982337
30.832000,1825.648000,1.161741
21.648000,1563.248000,0.732496
5.904000,3087.792000,0.705490
15.088000,688.144000,0.711534
8.528000,2196.944000,0.784787
7.216000,2581.360000,0.837553
34.768000,1338.896000,0.995571
32.144000,1107.984000,0.797854
22.960000,681.584000,0.792911
30.832000,1697.072000,1.180349
24.272000,2375.376000,0.878950
26.896000,2807.024000,0.714667
33.456000,2190.384000,0.906787
9.840000,2905.424000,0.997205
11.152000,2919.856000,1.054286
7.216000,2799.152000,1.109843
30.832000,185.648000,0.925913
33.456000,2456.720000,1.152084
34.768000,196.144000,0.840605
37.392000,651.408000,1.161263
13.776000,1567.184000,1.095549
36.080000,2700.752000,0.823528
32.144000,1615.728000,1.940104
26.896000,2702.064000,0.969512
20.336000,562.192000,1.194907
25.584000,3123.216000,0.978780
4.592000,3170.448000,1.250895
32.144000,1854.512000,0.845114
32.144000,2305.840000,0.673740
1.968000,1088.304000,0.713492
28.208000,1728.560000,1.006848
4.592000,2435.728000,0.772541
29.520000,2957.904000,2.174578
15.088000,2603.664000,0.799300
11.152000,639.600000,0.794166
5.904000,1407.120000,1.225265
30.832000,2090.672000,0.664901
4.592000,539.888000,0.944266
0.656000,560.880000,0.888093
11.152000,555.632000,0.662761
22.960000,2274.352000,1.028266
0.656000,276.176000,0.769239
11.152000,633.040000,1.432029
22.960000,1857.136000,0.661453
9.840000,1231.312000,0.837267
29.520000,1506.832000,0.692274
24.272000,1859.760000,0.881703
24.272000,697.328000,0.890897
36.080000,1342.832000,0.706060
24.272000,1071.248000,1.831553
28.208000,2229.744000,1.009899
38.704000,465.104000,0.878066
32.144000,1320.528000,0.695381
4.592000,2414.736000,0.919737
19.024000,1559.312000,0.728373
30.832000,1619.664000,1.478602
34.768000,2317.648000,0.696261
36.080000,1264.112000,1.250214
26.896000,971.536000,0.793678
4.592000,3177.008000,0.738336
8.528000,1527.824000,0.753383
1.968000,2367.504000,0.712375
12.464000,67.568000,0.677828
38.704000,1355.952000,0.891260
17.712000,108.240000,0.764465
19.024000,1378.256000,1.135507
15.088000,206.640000,0.843657
25.584000,535.952000,1.388779
4.592000,1029.264000,1.782134
32.144000,3148.144000,0.671686
4.592000,139.728000,1.314703
8.528000,2460.656000,0.955683
37.392000,1161.776000,1.336376
3.280000,1546.192000,0.690835
11.152000,407.376000,1.098410
17.712000,2594.480000,0.803495
21.648000,2357.008000,0.888689
20.336000,219.760000,0.783319
12.464000,1653.776000,0.992071
3.280000,2771.600000,1.175922
1.968000,2446.224000,1.525717
28.208000,135.792000,0.771950
19.024000,1390.064000,1.030249
15.088000,1746.928000,1.713938
16.400000,206.640000,1.013475
9.840000,2629.904000,0.676519
13.776000,2463.280000,0.952660
3.280000,1080.432000,1.228273
33.456000,1645.904000,0.726276
5.904000,1388.752000,0.822013
25.584000,2868.688000,1.713949
29.520000,1177.520000,1.010069
3.280000,2389.808000,1.678788
7.216000,2112.976000,0.697658
11.152000,1792.848000,0.942827
16.400000,751.120000,2.090122
37.392000,2237.616000,1.099351
24.272000,2086.736000,0.753260
25.584000,2653.520000,1.772224
24.272000,2803.088000,1.005941
13.776000,441.488000,0.660253
19.024000,2678.448000,0.706249
24.272000,718.320000,0.697152
13.776000,2107.728000,1.089198
33.456000,3037.936000,1.435877
38.704000,2050.000000,1.665053
34.768000,2908.048000,0.711394
36.080000,2307.152000,0.813433
12.464000,123.984000,1.499569
5.904000,2290.096000,2.504693
4.592000,2455.408000,0.789021
26.896000,201.392000,1.516648
5.904000,2232.368000,1.049912
32.144000,731.440000,1.087576
1.968000,1674.768000,0.669808
19.024000,1796.784000,0.688900
1.968000,2800.464000,2.302788
17.712000,2039.504000,0.742977
38.704000,959.728000,0.675925
38.704000,2971.024000,0.834715
3.280000,2871.312000,0.870205
13.776000,917.744000,0.673664
33.456000,259.120000,1.336798
3.280000,2416.048000,0.688172
4.592000,3165.200000,0.678756
1.968000,703.888000,1.256897
20.336000,875.760000,0.806321
32.144000,207.952000,1.181354
3.280000,1302.160000,0.799960
4.592000,155.472000,0.757707
12.464000,1820.400000,1.487544
25.584000,1395.312000,0.663298
37.392000,2273.040000,0.864420
5.904000,1308.720000,1.029298
19.024000,1849.264000,0.750558
15.088000,1466.160000,0.749910
7.216000,1216.880000,1.149189
5.904000,2661.392000,0.853082
13.776000,3204.560000,1.020685
28.208000,1657.712000,0.999192
7.216000,1819.088000,1.160989
8.528000,1396.624000,1.029306
3.280000,1580.304000,0.878382
1.968000,99.056000,1.317361
3.280000,1487.152000,0.898284
30.832000,2266.480000,1.058523
9.840000,1691.824000,0.966593
28.208000,3131.088000,0.847962
4.592000,11.152000,0.894082
11.152000,204.016000,0.985347
1.968000,3179.632000,0.739566
28.208000,1723.312000,0.697190
22.960000,707.824000,0.757503
22.960000,357.520000,1.823217
33.456000,1059.440000,0.697850
21.648000,2909.360000,0.864710
24.272000,3070.736000,1.107602
1.968000,1100.112000,0.817028
33.456000,3082.544000,0.913379
38.704000,3167.824000,0.728027
5.904000,2792.592000,1.356703
19.024000,2412.112000,0.694314
4.592000,3041.872000,0.809414
21.648000,1249.680000,0.795063
38.704000,2444.912000,0.724907
22.960000,179.088000,0.690287
32.144000,15.088000,0.794661
17.712000,584.496000,0.934868
36.080000,774.736000,0.658244
30.832000,2566.928000,0.816361
22.960000,2237.616000,1.013959
21.648000,1342.832000,0.819943
30.832000,1867.632000,0.844639
13.776000,1446.480000,0.717758
0.656000,175.152000,0.812542
29.520000,1394.000000,1.755402
26.896000,1933.232000,1.220206
1.968000,2631.216000,0.681740
19.024000,238.128000,0.785847
32.144000,2425.232000,0.876001
22.960000,978.096000,1.010418
22.960000,1376.944000,0.718649
28.208000,281.424000,0.839923
22.960000,2776.848000,1.351428
8.528000,1349.392000,0.954046
12.464000,1972.592000,0.748279
33.456000,1749.552000,0.668959
28.208000,433.616000,0.662956
8.528000,2887.056000,1.016722
12.464000,2812.272000,0.957633
16.400000,2787.344000,0.943126
20.336000,618.608000,0.767888
9.840000,2816.208000,0.785525
11.152000,1131.600000,0.933297
37.392000,1495.024000,0.688132
22.960000,463.792000,1.099875
36.080000,3171.760000,0.865825
28.208000,2148.400000,0.911646
15.088000,217.136000,0.670248
8.528000,95.120000,1.460048
7.216000,1083.056000,0.936025
22.960000,856.080000,0.881221
12.464000,2405.552000,1.069659
17.712000,2099.856000,1.704690
16.400000,2421.296000,0.845723
3.280000,2851.632000,0.776233
37.392000,1868.944000,0.800563
7.216000,3064.176000,0.760697
7.216000,2465.904000,0.770286
33.456000,2683.696000,0.783660
36.080000,652.720000,1.183859
19.024000,1453.040000,0.913728
16.400000,854.768000,0.971074
13.776000,2639.088000,0.689158
28.208000,2641.712000,0.929190
12.464000,1548.816000,0.656581
30.832000,179.088000,0.842384
11.152000,408.688000,0.755056
3.280000,2144.464000,1.116913
26.896000,2128.720000,0.736904
8.528000,80.688000,1.070659
1.968000,605.488000,0.830184
29.520000,818.032000,1.135029
26.896000,591.056000,0.766445
37.392000,970.224000,0.913753
24.272000,1331.024000,0.791088
29.520000,1678.704000,0.933101
20.336000,1926.672000,0.656075
30.832000,1220.816000,0.846923
4.592000,2568.240000,0.787405
1.968000,503.152000,1.183725
7.216000,353.584000,0.736907
0.656000,211.888000,0.664072
11.152000,1178.832000,0.939779
33.456000,43.952000,0.888180
28.208000,3204.560000,1.241930
33.456000,2870.000000,1.290287
29.520000,2825.392000,1.558946
16.400000,421.808000,0.842502
1.968000,176.464000,0.771045
21.648000,844.272000,0.675525
4.592000,932.176000,0.909025
16.400000,2438.352000,1.043523
9.840000,2238.928000,0.920877
24.272000,614.672000,1.441509
0.656000,882.320000,1.474136
5.904000,1105.360000,0.968862
25.584000,2782.096000,0.704532
12.464000,3085.168000,1.028767
5.904000,28.208000,0.812867
36.080000,2618.096000,0.699512
38.704000,2464.592000,0.997961
13.776000,803.600000,0.946815
36.080000,2097.232000,0.674433
26.896000,3171.760000,1.305318
30.832000,2852.944000,1.063811
32.144000,1012.208000,0.937969
0.656000,278.800000,0.838197
28.208000,2283.536000,0.872201
16.400000,739.312000,1.894791
9.840000,1828.272000,1.158917
17.712000,3218.992000,0.788585
7.216000,2925.104000,1.233845
16.400000,916.432000,0.675869
36.080000,2379.312000,2.266710
36.080000,1336.272000,1.350653
30.832000,238.128000,1.259267
5.904000,699.952000,0.918567
12.464000,2263.856000,0.924129
33.456000,1228.688000,1.779730
12.464000,1926.672000,1.086292
29.520000,1307.408000,1.168139
9.840000,2207.440000,0.982166
1.968000,1417.616000,0.748318
29.520000,3169.136000,0.679075
12.464000,1304.784000,0.926340
38.704000,852.144000,0.719212
32.144000,45.264000,0.692101
32.144000,1900.432000,0.814698
38.704000,958.416000,1.033603
34.768000,2974.960000,1.108359
38.704000,1550.128000,1.098854
20.336000,705.200000,0.985102
0.656000,2875.248000,1.989914
15.088000,2148.400000,0.935617
30.832000,1359.888000,0.713828
0.656000,1467.472000,0.799429
11.152000,3173.072000,1.376553
15.088000,1257.552000,0.818575
15.088000,585.808000,0.838751
29.520000,1552.752000,1.278372
13.776000,2712.560000,0.685635
32.144000,1228.688000,0.939647
26.896000,3153.392000,0.807672
28.208000,794.416000,0.955063
4.592000,2740.112000,1.085701
22.960000,2755.856000,0.916375
9.840000,2893.616000,1.163731
30.832000,1185.392000,1.205830
12.464000,921.680000,0.721999
33.456000,2536.752000,0.723943
17.712000,1693.136000,0.743985
17.712000,2666.640000,1.184356
4.592000,1518.640000,0.668653
26.896000,160.720000,1.014272
25.584000,2955.280000,0.805575
7.216000,1480.592000,0.796822
9.840000,1488.464000,0.874137
22.960000,1565.872000,1.224107
37.392000,2338.640000,0.757840
26.896000,2153.648000,0.771074
12.464000,1247.056000,0.863260
17.712000,2217.936000,0.957715
9.840000,1819.088000,0.963736
26.896000,3019.568000,1.351960
3.280000,1355.952000,0.698255
8.528000,2595.792000,0.678421
8.528000,392.944000,1.105936
16.400000,134.480000,1.253806
9.840000,1184.080000,0.855762
20.336000,1959.472000,0.758743
1.968000,598.928000,0.790947
19.024000,957.104000,0.871802
21.648000,709.136000,1.897788
0.656000,997.776000,0.760463
34.768000,251.248000,0.860393
16.400000,2485.584000,1.172098
28.208000,589.744000,1.038147
11.152000,2738.800000,0.810127
7.216000,1109.296000,0.910373
4.592000,499.216000,1.003444
29.520000,1716.752000,0.770033
29.520000,2770.288000,0.921259
33.456000,360.144000,0.689573
34.768000,3075.984000,0.751215
13.776000,378.512000,0.790133
24.272000,2336.016000,1.410905
36.080000,1662.960000,1.253970
3.280000,3091.728000,1.817768
12.464000,501.840000,0.762406
1.968000,1066.000000,0.835049
5.904000,1282.480000,0.980578
28.208000,1071.248000,0.852655
12.464000,2822.768000,0.755132
8.528000,1632.784000,0.661005
9.840000,2623.344000,0.922645
36.080000,3120.592000,1.062814
33.456000,1742.992000,1.660711
29.520000,1920.112000,0.745957
22.960000,3030.064000,0.668919
3.280000,870.512000,1.729637
8.528000,3141.584000,0.773486
19.024000,522.832000,0.829063
28.208000,1925.360000,1.293824
24.272000,349.648000,1.382724
24.272000,2573.488000,0.693932
25.584000,3144.208000,0.753156
28.208000,699.952000,0.867368
13.776000,2330.768000,0.886272
4.592000,1687.888000,1.106571
38.704000,617.296000,0.942327
25.584000,1358.576000,0.878989
21.648000,1580.304000,0.971397
33.456000,2506.576000,1.000980
0.656000,2744.048000,1.171396
37.392000,1102.736000,1.175022
4.592000,3006.448000,1.582035
8.528000,2526.256000,0.664917
12.464000,2259.920000,1.244086
4.592000,892.816000,0.723836
38.704000,2829.328000,0.777709
11.152000,87.248000,0.881518
7.216000,1998.832000,0.674286
28.208000,455.920000,0.795941
30.832000,2771.600000,0.727464
4.592000,2932.976000,1.070645
36.080000,2846.384000,0.675822
15.088000,2068.368000,0.929607
8.528000,1571.120000,0.688646
28.208000,597.616000,0.854821
8.528000,785.232000,1.050060
12.464000,2800.464000,1.156645
19.024000,722.256000,0.770785
30.832000,676.336000,1.080299
7.216000,2077.552000,0.727953
20.336000,2444.912000,0.725804
30.832000,891.504000,0.992516
28.208000,718.320000,1.018213
28.208000,530.704000,0.895901
36.080000,1548.816000,1.613550
0.656000,1656.400000,0.780870
1.968000,1475.344000,0.874992
1.968000,2763.728000,0.820474
33.456000,3069.424000,3.091050
1.968000,2346.512000,1.014017
20.336000,745.872000,0.723433
5.904000,1689.200000,0.959207
16.400000,171.216000,0.715272
26.896000,175.152000,0.868789
3.280000,423.120000,0.692619
38.704000,3171.760000,1.456253
0.656000,1575.056000,0.693168
37.392000,2351.760000,0.754553
9.840000,295.856000,1.091498
38.704000,1596.048000,1.131542
9.840000,1256.240000,1.709022
32.144000,2036.880000,0.932530
8.528000,104.304000,0.658095
9.840000,400.816000,1.087348
19.024000,428.368000,1.078296
13.776000,2830.640000,0.888333
9.840000,2023.760000,0.841433
8.528000,1597.360000,1.206147
11.152000,2767.664000,1.117448
34.768000,2681.072000,1.024779
25.584000,1861.072000,0.946672
36.080000,1188.016000,1.120870
20.336000,1176.208000,1.620961
28.208000,2207.440000,0.936484
7.216000,1127.664000,0.812071
34.768000,1396.624000,1.486258
15.088000,2270.416000,0.861620
12.464000,2679.760000,0.805005
5.904000,54.448000,0.887110
29.520000,2215.312000,0.724551
17.712000,525.456000,0.703376
30.832000,3034.000000,0.721021
37.392000,1947.664000,0.767619
33.456000,1089.616000,0.740531
37.392000,1202.448000,0.656992
3.280000,887.568000,0.697153
34.768000,799.664000,1.378671
16.400000,2145.776000,1.013299
36.080000,164.656000,0.947488
3.280000,1359.888000,0.829768
19.024000,1018.768000,0.667342
16.400000,1630.160000,0.911972
20.336000,1324.464000,0.815778
1.968000,2570.864000,1.015402
30.832000,1134.224000,0.674004
28.208000,806.224000,1.076261
4.592000,1245.744000,1.457399
28.208000,2098.544000,0.992480
7.216000,436.240000,0.659728
33.456000,2686.320000,1.341906
34.768000,471.664000,0.741008
21.648000,1358.576000,0.914921
7.216000,1889.936000,0.750701
16.400000,957.104000,1.081217
17.712000,332.592000,1.167990
25.584000,2187.760000,0.668070
24.272000,1090.928000,1.139480
24.272000,2158.896000,0.916445
34.768000,444.112000,1.331059
36.080000,1230.000000,0.877745
24.272000,726.192000,1.099454
17.712000,1588.176000,1.790011
11.152000,1558.000000,1.018598
32.144000,2818.832000,1.073300
24.272000,1161.776000,0.742138
34.768000,1438.608000,0.656751
4.592000,553.008000,1.076433
19.024000,2681.072000,1.483672
7.216000,2768.976000,1.004436
1.968000,2559.056000,1.003293
19.024000,1106.672000,1.815555
9.840000,2456.720000,0.805864
30.832000,1014.832000,1.225986
30.832000,2077.552000,0.662822
20.336000,2631.216000,1.125180
22.960000,1416.304000,0.816230
36.080000,1167.024000,0.888928
17.712000,165.968000,0.696835
28.208000,1437.296000,1.033594
13.776000,1243.120000,0.685760
34.768000,736.688000,1.411344
11.152000,1723.312000,0.727868
5.904000,1243.120000,1.060097
28.208000,2440.976000,1.509935
1.968000,2338.640000,1.723504
12.464000,1066.000000,1.131138
9.840000,1285.104000,1.013727
13.776000,1606.544000,1.393800
0.656000,1123.728000,2.234588
1.968000,1874.192000,0.923294
17.712000,820.656000,0.910189
5.904000,2409.488000,0.914536
33.456000,2503.952000,0.986750
15.088000,2858.192000,1.027469
0.656000,734.064000,0.659273
12.464000,517.584000,0.694335
7.216000,807.536000,1.752627
8.528000,58.384000,1.490065
34.768000,2157.584000,2.039687
28.208000,723.568000,1.045381
9.840000,1725.936000,1.318388
36.080000,3085.168000,0.742513
38.704000,361.456000,0.802513
16.400000,1522.576000,0.784003
1.968000,1554.064000,0.935962
12.464000,1878.128000,0.845720
26.896000,2162.832000,0.819144
9.840000,1155.216000,0.960862
12.464000,514.960000,0.839955
22.960000,2032.944000,0.667159
26.896000,112.176000,1.123496
11.152000,852.144000,0.711764
38.704000,1656.400000,1.171436
38.704000,2221.872000,0.662842
12.464000,1716.752000,0.817998
11.152000,693.392000,0.735530
33.456000,594.992000,1.316002
26.896000,246.000000,1.034096
37.392000,1565.872000,1.358592
33.456000,1794.160000,0.707985
34.768000,829.840000,0.741474
24.272000,2839.824000,0.736124
16.400000,2850.320000,0.689114
3.280000,1613.104000,0.753414
11.152000,2145.776000,0.666788
21.648000,589.744000,0.815494
22.960000,1626.224000,0.741397
29.520000,3158.640000,1.161914
37.392000,1001.712000,0.701119
36.080000,2404.240000,1.027467
5.904000,2038.192000,0.676229
19.024000,1508.144000,0.663947
37.392000,2425.232000,0.780705
9.840000,305.040000,1.493079
37.392000,63.632000,1.127914
7.216000,2431.792000,0.732847
21.648000,3138.960000,1.474301
32.144000,1216.880000,0.793811
13.776000,2990.704000,1.736960
4.592000,2513.136000,0.673883
30.832000,1664.272000,0.687695
29.520000,1502.896000,1.307776
1.968000,1420.240000,1.477321
4.592000,1707.568000,0.859018
4.592000,1366.448000,0.783763
30.832000,1784.976000,0.665071
25.584000,259.120000,0.920259
16.400000,982.032000,1.198834
17.712000,80.688000,0.844133
20.336000,1244.432000,0.850819
3.280000,2290.096000,0.783795
8.528000,2511.824000,0.930576
12.464000,2868.688000,1.036936
5.904000,30.832000,0.956087
12.464000,1211.632000,1.321967
26.896000,2951.344000,0.842783
20.336000,3052.368000,3.363978
21.648000,887.568000,1.003473
8.528000,1468.784000,0.665853
28.208000,328.656000,1.286152
9.840000,1875.504000,0.993497
30.832000,1058.128000,0.901080
36.080000,636.976000,0.809933
1.968000,2147.088000,0.794946
17.712000,870.512000,1.414850
9.840000,1151.280000,0.723493
36.080000,1159.152000,0.996096
9.840000,463.792000,0.656664
19.024000,2064.432000,0.795416
15.088000,1125.040000,0.974315
20.336000,1861.072000,1.323413
32.144000,2228.432000,1.735193
20.336000,3156.016000,0.665073
19.024000,70.192000,0.883173
28.208000,916.432000,1.290414
37.392000,509.712000,0.778066
30.832000,2127.408000,1.460540
1.968000,3009.072000,0.671647
30.832000,2611.536000,0.715584
36.080000,1906.992000,0.808303
13.776000,3150.768000,0.660857
34.768000,83.312000,0.857475
8.528000,2224.496000,0.712197
11.152000,2210.064000,0.911024
30.832000,888.880000,1.142617
16.400000,1295.600000,0.684506
29.520000,360.144000,1.163341
38.704000,2845.072000,0.851145
0.656000,832.464000,0.804598
1.968000,2749.296000,0.961241
33.456000,2426.544000,0.706994
33.456000,3125.840000,1.118102
24.272000,1782.352000,1.210196
32.144000,1670.832000,0.710969
38.704000,652.720000,1.067434
8.528000,2707.312000,0.945419
30.832000,1100.112000,0.716283
0.656000,369.328000,1.301694
11.152000,2221.872000,0.868959
25.584000,472.976000,0.747755
19.024000,2986.768000,0.819564
3.280000,3170.448000,1.024176
0.656000,2398.992000,0.708308
20.336000,688.144000,1.121658
4.592000,1152.592000,1.142892
20.336000,1348.080000,0.659284
29.520000,887.568000,1.019188
21.648000,1581.616000,0.660566
34.768000,3112.720000,0.680788
34.768000,1683.952000,1.373782
17.712000,1518.640000,0.932148
5.904000,230.256000,1.198770
33.456000,2835.888000,1.386779
12.464000,2345.200000,0.780789
33.456000,1363.824000,1.214542
0.656000,202.704000,1.346973
28.208000,1211.632000,0.883643
16.400000,2800.464000,0.656695
38.704000,2908.048000,1.278118
25.584000,1771.856000,0.679051
7.216000,1718.064000,0.725237
33.456000,248.624000,1.110607
9.840000,1362.512000,0.743291
13.776000,2404.240000,1.014679
12.464000,1782.352000,1.042026
5.904000,329.968000,1.373518
22.960000,2807.024000,0.667744
19.024000,715.696000,2.254926
3.280000,1975.216000,0.704526
24.272000,1689.200000,0.684986
36.080000,2918.544000,0.913990
5.904000,3217.680000,1.727982
32.144000,671.088000,0.707384
12.464000,2107.728000,0.827045
33.456000,50.512000,0.693447
20.336000,246.000000,0.872814
28.208000,3053.680000,1.524255
19.024000,462.480000,0.947648
17.712000,2111.664000,0.658672
33.456000,2581.360000,0.684930
19.024000,1517.328000,1.128782
13.776000,1358.576000,1.721956
3.280000,256.496000,0.690935
28.208000,1802.032000,0.803457
1.968000,2670.576000,1.627988
24.272000,1451.728000,0.762930
1.968000,921.680000,1.401226
19.024000,852.144000,1.087116
7.216000,1758.736000,1.285018
37.392000,2925.104000,1.780427
29.520000,800.976000,1.009473
22.960000,2427.856000,1.235166
20.336000,433.616000,0.844515
30.832000,2807.024000,1.496986
38.704000,571.376000,1.288866
37.392000,2704.688000,0.997602
29.520000,2772.912000,0.811284
1.968000,436.240000,1.519040
24.272000,2014.576000,0.910122
33.456000,2992.016000,0.880799
5.904000,1681.328000,0.722745
1.968000,2845.072000,2.202749
29.520000,983.344000,0.801241
16.400000,3157.328000,1.259901
8.528000,1274.608000,1.085753
38.704000,1694.448000,1.281193
17.712000,3048.432000,0.724606
26.896000,1148.656000,1.245224
30.832000,62.320000,0.699144
5.904000,1164.400000,0.812471
34.768000,493.968000,0.718960
19.024000,278.800000,0.759406
34.768000,2410.800000,1.170517
15.088000,647.472000,0.849541
38.704000,2700.752000,0.835751
36.080000,710.448000,1.098100
26.896000,2196.944000,1.070646
1.968000,1498.960000,1.597617
17.712000,1757.424000,0.960784
21.648000,3024.816000,0.718614
38.704000,420.496000,1.373353
19.024000,453.296000,1.193815
12.464000,2118.224000,0.817978
8.528000,2581.360000,2.155623
30.832000,200.080000,0.656932
33.456000,2384.560000,0.866535
38.704000,2357.008000,0.778563
15.088000,3072.048000,0.795305
37.392000,2135.280000,0.747036
29.520000,774.736000,0.701223
8.528000,2418.672000,0.698896
12.464000,3062.864000,1.676675
36.080000,1286.416000,0.714134
24.272000,3220.304000,1.060534
19.024000,1572.432000,1.089995
0.656000,319.472000,0.890191
17.712000,1678.704000,1.938038
1.968000,12.464000,1.064065
11.152000,1438.608000,0.705726
30.832000,1840.080000,1.156349
15.088000,503.152000,0.796985
16.400000,1274.608000,0.880331
12.464000,1969.968000,0.927937
22.960000,466.416000,1.140315
33.456000,2204.816000,0.675263
24.272000,1639.344000,0.852163
11.152000,3218.992000,1.004412
32.144000,1588.176000,1.122480
7.216000,1530.448000,1.226934
13.776000,389.008000,1.065751
25.584000,734.064000,1.307925
15.088000,432.304000,0.773310
22.960000,871.824000,0.790789
20.336000,2580.048000,0.713733
26.896000,2921.168000,1.013598
30.832000,2667.952000,0.785163
11.152000,2915.920000,0.741692
22.960000,1799.408000,1.956116
12.464000,2759.792000,0.901031
34.768000,1489.776000,0.740375
25.584000,484.784000,1.081791
34.768000,324.720000,0.669330
9.840000,374.576000,0.848751
12.464000,3120.592000,0.831182
19.024000,1283.792000,0.975973
5.904000,2820.144000,1.147393
9.840000,1769.232000,0.696095
20.336000,1833.520000,2.218559
7.216000,2523.632000,1.024636
12.464000,1047.632000,0.789248
24.272000,2972.336000,0.883673
25.584000,2189.072000,0.816682
4.592000,655.344000,0.684006
16.400000,1396.624000,1.126995
21.648000,2384.560000,0.895465
28.208000,2309.776000,0.727102
28.208000,844.272000,0.719783
12.464000,1219.504000,0.752595
20.336000,1105.360000,0.786794
15.088000,664.528000,1.157216
8.528000,1390.064000,1.140789
16.400000,116.112000,0.938015
11.152000,2807.024000,0.733229
34.768000,2115.600000,1.014875
38.704000,625.168000,0.771704
9.840000,1174.896000,0.928725
17.712000,1517.328000,1.261515
37.392000,1404.496000,0.960958
1.968000,297.168000,0.951968
3.280000,1422.864000,1.639271
16.400000,2358.320000,0.848898
26.896000,2275.664000,1.218103
17.712000,618.608000,1.635599
0.656000,1819.088000,1.645913
9.840000,495.280000,0.770958
32.144000,3083.856000,0.901023
16.400000,284.048000,1.003263
15.088000,3018.256000,0.791040
4.592000,126.608000,1.021110
26.896000,3024.816000,1.158253
5.904000,2082.800000,0.771911
3.280000,1690.512000,0.917145
17.712000,752.432000,0.715090
17.712000,3161.264000,0.881031
11.152000,25.584000,0.733254
38.704000,1367.760000,1.100960
33.456000,137.104000,0.811157
7.216000,2628.592000,0.718455
32.144000,777.360000,1.114289
12.464000,1981.776000,0.721926
30.832000,389.008000,0.792984
38.704000,646.160000,0.685743
5.904000,2423.920000,1.203896
0.656000,2345.200000,1.009605
17.712000,2906.736000,1.070956
20.336000,2847.696000,1.002577
11.152000,2181.200000,0.956916
28.208000,1767.920000,1.113874
22.960000,1025.328000,0.758405
0.656000,1230.000000,0.762285
25.584000,1235.248000,0.938473
3.280000,242.064000,0.827259
0.656000,2555.120000,0.692455
24.272000,1409.744000,0.955626
7.216000,856.080000,0.843092
30.832000,143.664000,0.771812
36.080000,2531.504000,1.197005
9.840000,1324.464000,0.925094
30.832000,3215.056000,0.978795
24.272000,1450.416000,0.699051
25.584000,1211.632000,0.924166
37.392000,2412.112000,0.832933
16.400000,846.896000,0.697503
19.024000,2023.760000,0.821063
19.024000,501.840000,0.686591
38.704000,1620.976000,1.375721
34.768000,1866.320000,0.880090
20.336000,377.200000,0.745710
9.840000,2005.392000,0.708002
28.208000,1556.688000,1.511232
32.144000,2716.496000,0.838967
4.592000,2393.744000,1.982998
33.456000,2000.144000,0.920323
3.280000,1568.496000,0.902691
7.216000,2098.544000,0.792193
7.216000,1403.184000,1.531955
24.272000,2372.752000,0.831705
9.840000,1992.272000,0.668785
38.704000,2338.640000,0.765170
26.896000,2602.352000,0.766691
1.968000,648.784000,2.188975
13.776000,2598.416000,0.667232
19.024000,2217.936000,0.666341
32.144000,2119.536000,0.702131
22.960000,2006.704000,0.852540
15.088000,2639.088000,1.253343
12.464000,2034.256000,1.525441
11.152000,3085.168000,1.095314
21.648000,2724.368000,0.735371
38.704000,2539.376000,0.890504
32.144000,357.520000,0.936854
16.400000,554.320000,0.952321
32.144000,887.568000,0.709142
8.528000,1333.648000,0.757613
19.024000,2576.112000,0.763282
34.768000,1291.664000,0.657469
37.392000,2961.840000,0.664270
15.088000,1197.200000,2.220658
3.280000,2094.608000,0.895310
1.968000,89.872000,1.503978
5.904000,2711.248000,0.727866
21.648000,1930.608000,0.826564
8.528000,1453.040000,0.776205
32.144000,1833.520000,0.811511
33.456000,2887.056000,1.953636
38.704000,453.296000,1.383138
37.392000,710.448000,0.681776
4.592000,163.344000,0.871333
36.080000,1586.864000,0.686387
30.832000,3133.712000,0.773975
32.144000,3217.680000,0.792801
5.904000,517.584000,0.946694
19.024000,242.064000,0.725867
36.080000,410.000000,1.043362
36.080000,2796.528000,0.892874
8.528000,2053.936000,0.680677
38.704000,54.448000,0.782090
26.896000,849.520000,0.964990
29.520000,113.488000,0.707605
19.024000,1762.672000,0.694596
13.776000,974.160000,0.712032
19.024000,2969.712000,0.818336
8.528000,2791.280000,0.892462
20.336000,2153.648000,1.182668
25.584000,970.224000,0.691052
30.832000,2151.024000,0.876410
36.080000,2930.352000,0.668103
17.712000,1123.728000,0.788562
26.896000,1038.448000,0.746048
21.648000,2329.456000,0.769653
34.768000,2547.248000,0.791931
17.712000,17.712000,2.291711
15.088000,2004.080000,0.666898
5.904000,2884.432000,0.884958
17.712000,1148.656000,1.039035
29.520000,1300.848000,0.792601
25.584000,1799.408000,1.146177
16.400000,398.192000,1.020829
20.336000,1681.328000,0.767105
17.712000,1413.680000,0.708306
0.656000,2194.320000,1.479595
4.592000,96.432000,0.795948
20.336000,3194.064000,0.720180
38.704000,2210.064000,0.673624
17.712000,2292.720000,0.687915
29.520000,732.752000,0.860555
28.208000,198.768000,0.672921
29.520000,2168.080000,1.265553
20.336000,1596.048000,0.874693
38.704000,2720.432000,0.695301
22.960000,568.752000,0.676965
30.832000,2637.776000,0.864282
3.280000,634.352000,0.912282
8.528000,3149.456000,1.093803
9.840000,2696.816000,0.716918
36.080000,655.344000,0.909126
24.272000,1454.352000,0.977144
0.656000,744.560000,1.263934
7.216000,147.600000,1.648076
21.648000,1407.120000,0.908618
1.968000,1413.680000,1.397187
13.776000,2688.944000,0.747358
22.960000,976.784000,0.733017
4.592000,957.104000,0.817834
25.584000,2238.928000,0.726292
9.840000,1164.400000,0.892226
4.592000,1169.648000,0.895214
34.768000,1370.384000,0.770211
17.712000,2644.336000,0.714147
24.272000,1433.360000,0.696953
19.024000,634.352000,0.793034
3.280000,2881.808000,0.875478
5.904000,1582.928000,0.872175
21.648000,3209.808000,0.687970
37.392000,268.304000,1.193035
15.088000,1435.984000,0.670707
11.152000,1683.952000,1.940064
13.776000,1941.104000,0.705328
15.088000,1357.264000,0.841268
20.336000,2779.472000,0.754715
24.272000,1972.592000,0.950195
26.896000,1081.744000,0.687680
9.840000,2118.224000,0.970318
32.144000,2767.664000,1.215617
24.272000,988.592000,0.660135
5.904000,3188.816000,1.203056
0.656000,1989.648000,1.109847
8.528000,66.256000,0.704398
17.712000,999.088000,1.093727
38.704000,3083.856000,1.293769
36.080000,1984.400000,1.028312
15.088000,219.760000,0.910648
21.648000,555.632000,1.109672
34.768000,440.176000,0.842245
28.208000,1635.408000,0.803444
28.208000,2656.144000,0.707817
37.392000,1236.560000,1.327302
12.464000,2574.800000,0.759894
3.280000,1068.624000,1.003213
19.024000,1353.328000,0.890993
4.592000,807.536000,0.686157
29.520000,2383.248000,0.865061
33.456000,3049.744000,1.573430
22.960000,2039.504000,0.712092
25.584000,2632.528000,0.950320
9.840000,2730.928000,1.090402
1.968000,1299.536000,0.902440
9.840000,2203.504000,0.746101
34.768000,1593.424000,0.715602
4.592000,3173.072000,1.334389
34.768000,1223.440000,0.974055
4.592000,2961.840000,1.258522
34.768000,669.776000,1.172297
24.272000,1941.104000,1.138857
9.840000,202.704000,2.069097
5.904000,904.624000,0.925138
1.968000,1199.824000,0.702077
28.208000,1205.072000,0.663528
24.272000,1430.736000,0.809174
8.528000,2517.072000,0.727644
32.144000,2404.240000,0.682905
28.208000,381.136000,1.151895
37.392000,1182.768000,0.669595
17.712000,3123.216000,0.662802
22.960000,1021.392000,0.799843
34.768000,2029.008000,0.950262
9.840000,1172.272000,0.998637
7.216000,2052.624000,1.095174
3.280000,417.872000,0.724297
7.216000,284.048000,0.763568
25.584000,2917.232000,0.698121
34.768000,530.704000,0.688382
15.088000,1176.208000,0.976641
37.392000,600.240000,0.719589
24.272000,1929.296000,0.687309
4.592000,1678.704000,2.159337
1.968000,1093.552000,0.901402
13.776000,173.840000,1.866281
0.656000,2050.000000,0.774993
13.776000,1694.448000,0.720011
15.088000,1308.720000,1.510154
16.400000,2389.808000,0.989612
1.968000,2929.040000,0.820641
32.144000,2301.904000,1.148086
11.152000,3163.888000,0.870641
37.392000,1720.688000,0.676854
26.896000,1958.160000,0.754096
19.024000,492.656000,0.671231
36.080000,706.512000,1.315609
17.712000,524.144000,1.665030
28.208000,1034.512000,0.837397
19.024000,1169.648000,0.908413
1.968000,2814.896000,0.668967
1.968000,1123.728000,1.140910
0.656000,22.960000,1.259150
15.088000,2005.392000,0.973302
19.024000,2570.864000,1.165714
20.336000,2270.416000,1.192577
17.712000,2789.968000,0.755519
29.520000,3128.464000,2.068382
9.840000,2458.032000,0.664050
11.152000,1640.656000,1.172909
22.960000,2527.568000,1.204301
9.840000,2039.504000,1.624765
13.776000,1479.280000,1.030164
26.896000,2521.008000,1.204168
24.272000,2538.064000,0.892222
11.152000,2166.768000,2.470082
3.280000,2607.600000,0.847363
20.336000,1660.336000,1.049016
29.520000,2345.200000,0.979583
21.648000,1815.152000,0.666966
4.592000,2419.984000,1.101770
25.584000,2873.936000,0.668741
32.144000,3058.928000,1.419221
5.904000,1435.984000,0.960376
11.152000,2299.280000,0.836180
12.464000,1135.536000,0.861891
34.768000,942.672000,0.832717
25.584000,2000.144000,0.768115
36.080000,2753.232000,1.226323
13.776000,2858.192000,1.594453
33.456000,1102.736000,0.860069
30.832000,1719.376000,0.727958
13.776000,194.832000,0.772386
25.584000,1241.808000,0.753704
16.400000,2939.536000,0.929208
32.144000,22.960000,1.116613
19.024000,2465.904000,1.212725
3.280000,36.080000,0.983267
1.968000,840.336000,1.816878
36.080000,2179.888000,0.661841
11.152000,112.176000,0.950035
37.392000,727.504000,0.761582
7.216000,1449.104000,0.799088
24.272000,179.088000,0.807810
8.528000,2341.264000,1.781870
22.960000,736.688000,0.803212
7.216000,130.544000,1.208523
11.152000,810.160000,1.201582
15.088000,563.504000,0.969719
9.840000,651.408000,0.892400
29.520000,1689.200000,1.018166
33.456000,718.320000,1.375166
25.584000,1582.928000,1.018107
21.648000,2217.936000,1.166791
7.216000,273.552000,0.785903
17.712000,1193.264000,1.125897
3.280000,459.856000,0.891460
20.336000,1972.592000,1.359991
12.464000,154.160000,1.285365
38.704000,1224.752000,1.279931
33.456000,2238.928000,0.743238
16.400000,1110.608000,0.730950
3.280000,1038.448000,0.665412
5.904000,1876.816000,1.864260
28.208000,219.760000,0.693848
11.152000,118.736000,0.692643
20.336000,1346.768000,1.678630
16.400000,1883.376000,1.445432
4.592000,2792.592000,1.669342
4.592000,2687.632000,1.444274
15.088000,2426.544000,0.658117
7.216000,2299.280000,1.181106
13.776000,3148.144000,0.693744
1.968000,857.392000,0.803278
21.648000,2022.448000,0.874608
25.584000,795.728000,0.930983
12.464000,1186.704000,0.756547
7.216000,382.448000,1.857117
36.080000,1380.880000,0.791072
8.528000,1350.704000,1.707906
5.904000,1481.904000,1.165742
17.712000,1699.696000,0.704187
0.656000,1233.936000,0.933287
38.704000,2564.304000,1.073506
7.216000,1652.464000,0.689339
37.392000,1714.128000,1.211662
25.584000,396.880000,0.959702
21.648000,854.768000,1.672732
20.336000,2431.792000,1.107746
28.208000,688.144000,2.107055
5.904000,724.880000,2.117097
24.272000,1306.096000,0.666799
5.904000,3183.568000,0.930547
33.456000,1647.216000,0.851808
13.776000,2776.848000,1.419222
0.656000,1558.000000,0.719506
38.704000,287.984000,0.704241
37.392000,2279.600000,0.676381
22.960000,1411.056000,0.963973
29.520000,924.304000,1.573482
5.904000,778.672000,0.665037
19.024000,783.920000,0.996674
8.528000,236.816000,0.858522
28.208000,2374.064000,1.262952
22.960000,564.816000,0.886832
25.584000,2577.424000,0.921515
29.520000,844.272000,0.810293
36.080000,2010.640000,1.245857
34.768000,850.832000,1.359887
9.840000,1369.072000,0.871309
12.464000,2776.848000,0.744717
5.904000,2847.696000,1.090171
9.840000,1262.800000,1.318145
11.152000,3110.096000,0.967721
15.088000,412.624000,0.756670
21.648000,2737.488000,0.779533
22.960000,285.360000,0.793739
15.088000,680.272000,1.855934
37.392000,1092.240000,1.910214
8.528000,67.568000,0.952389
34.768000,1047.632000,0.692004
17.712000,1090.928000,0.694899
22.960000,2951.344000,1.094138
16.400000,2530.192000,1.063110
25.584000,1602.608000,1.353479
8.528000,1753.488000,0.997082
9.840000,3195.376000,1.145034
30.832000,1984.400000,0.705899
5.904000,1409.744000,0.860809
34.768000,353.584000,0.955273
20.336000,1497.648000,0.746370
17.712000,2981.520000,1.381382
25.584000,2215.312000,0.972579
29.520000,357.520000,0.796715
33.456000,1325.776000,0.848788
33.456000,2880.496000,1.069315
37.392000,298.480000,0.849886
15.088000,2128.720000,0.785270
38.704000,2476.400000,0.793092
26.896000,1320.528000,1.738674
29.520000,1000.400000,1.070327
36.080000,427.056000,0.740314
32.144000,1722.000000,0.814428
29.520000,1180.144000,1.113360
24.272000,1577.680000,0.706928
0.656000,430.992000,1.373152
30.832000,2870.000000,0.666778
37.392000,2472.464000,0.688053
36.080000,228.944000,0.793890
32.144000,1189.328000,0.696211
34.768000,451.984000,0.884466
4.592000,2156.272000,0.712151
32.144000,497.904000,0.748050
29.520000,339.152000,1.174304
3.280000,2901.488000,0.867928
24.272000,1774.480000,1.348142
5.904000,343.088000,0.700030
9.840000,2948.720000,1.152001
26.896000,2224.496000,0.770455
0.656000,1328.400000,0.722348
12.464000,92.496000,0.858614
3.280000,43.952000,1.270974
0.656000,1526.512000,1.153231
12.464000,42.640000,0.854367
16.400000,2973.648000,0.707933
17.712000,1182.768000,0.667293
12.464000,2998.576000,0.921437
33.456000,1153.904000,2.024344
7.216000,2929.040000,1.370190
3.280000,272.240000,2.286997
3.280000,1366.448000,2.699058
15.088000,343.088000,1.091644
32.144000,2565.616000,0.967604
12.464000,2625.968000,1.432043
33.456000,1968.656000,1.250579
21.648000,996.464000,0.760289
17.712000,3209.808000,0.677648
36.080000,2884.432000,0.706568
33.456000,2730.928000,0.807175
30.832000,100.368000,1.811398
36.080000,1169.648000,1.097592
17.712000,375.888000,0.753304
33.456000,1282.480000,0.915016
5.904000,2472.464000,1.454140
4.592000,2305.840000,0.672853
26.896000,2301.904000,0.947366
5.904000,1491.088000,0.888930
3.280000,3020.880000,1.141301
13.776000,247.312000,1.047228
5.904000,2589.232000,0.975852
15.088000,1811.216000,0.803083
5.904000,1279.856000,0.848001
24.272000,1466.160000,1.618160
5.904000,484.784000,0.676749
33.456000,20.336000,0.717490
36.080000,247.312000,0.808850
34.768000,3145.520000,0.825313
11.152000,361.456000,0.802490
19.024000,2358.320000,1.037020
21.648000,2317.648000,1.292870
37.392000,576.624000,1.836001
8.528000,394.256000,0.666921
24.272000,1084.368000,0.876739
37.392000,1037.136000,1.326339
34.768000,2699.440000,1.756138
37.392000,1758.736000,1.412451
17.712000,900.688000,0.837874
11.152000,177.776000,0.926105
24.272000,1946.352000,1.098587
5.904000,2338.640000,0.737190
25.584000,1227.376000,2.026430
28.208000,2401.616000,1.257774
17.712000,568.752000,0.711240
21.648000,2540.688000,1.451651
25.584000,1135.536000,1.037572
32.144000,154.160000,0.696463
11.152000,2824.080000,0.986874
38.704000,786.544000,0.918070
12.464000,692.080000,1.074981
38.704000,68.880000,0.761672
37.392000,1185.392000,0.752679
4.592000,2023.760000,0.986936
34.768000,2523.632000,1.027645
9.840000,1817.776000,1.106994
7.216000,1114.544000,0.921379
9.840000,2620.720000,0.778960
19.024000,2022.448000,0.918922
30.832000,475.600000,0.935676
24.272000,2259.920000,0.950953
4.592000,471.664000,0.712721
26.896000,621.232000,0.928280
29.520000,614.672000,1.037955
25.584000,1076.496000,0.801514
21.648000,2564.304000,0.991512
21.648000,160.720000,1.236910
38.704000,1644.592000,1.136577
25.584000,1282.480000,0.751633
13.776000,2052.624000,0.854672
16.400000,2195.632000,1.271947
34.768000,634.352000,0.734118
8.528000,2284.848000,0.782791
36.080000,1516.016000,0.957793
19.024000,2694.192000,0.808363
30.832000,2262.544000,1.003350
37.392000,2381.936000,1.151270
15.088000,3146.832000,0.940090
33.456000,1954.224000,0.694272
8.528000,451.984000,0.763459
34.768000,2666.640000,0.880389
28.208000,307.664000,0.817437
28.208000,526.768000,0.699406
22.960000,2043.440000,1.089194
26.896000,2095.920000,0.939702
3.280000,1786.288000,1.473720
4.592000,2198.256000,1.112703
3.280000,663.216000,0.716655
25.584000,921.680000,0.752752
24.272000,93.808000,1.266178
12.464000,2946.096000,0.900209
26.896000,2870.000000,0.728364
8.528000,2077.552000,0.871655
38.704000,717.008000,0.993122
33.456000,113.488000,0.876580
4.592000,1599.984000,0.830589
38.704000,1059.440000,1.216410
20.336000,459.856000,0.678717
19.024000,71.504000,1.154458
17.712000,2366.192000,0.811694
34.768000,2030.320000,1.009422
4.592000,371.952000,0.990884
24.272000,1458.288000,0.819683
37.392000,305.040000,1.580808
4.592000,1144.720000,1.454759
26.896000,3178.320000,0.818040
20.336000,1442.544000,1.026383
26.896000,183.024000,1.070516
38.704000,1624.912000,1.240719
16.400000,2301.904000,0.755181
29.520000,1875.504000,0.881686
8.528000,651.408000,1.148026
26.896000,1795.472000,0.801650
28.208000,676.336000,0.713740
13.776000,172.528000,0.750265
13.776000,577.936000,0.770156
4.592000,1472.720000,0.735787
20.336000,67.568000,0.957705
3.280000,1274.608000,1.832218
5.904000,466.416000,0.926835
20.336000,1535.696000,0.721800
28.208000,1851.888000,0.700233
21.648000,43.952000,0.989214
30.832000,1274.608000,0.709071
26.896000,1218.192000,0.999963
19.024000,1034.512000,0.967554
38.704000,1639.344000,0.844735
24.272000,3053.680000,1.523945
7.216000,1560.624000,1.021269
9.840000,2685.008000,0.742141
37.392000,1599.984000,0.814398
4.592000,2035.568000,0.826703
37.392000,3091.728000,0.841825
3.280000,411.312000,1.286572
21.648000,1858.448000,1.093682
17.712000,1048.944000,0.818005
9.840000,3032.688000,0.962485
12.464000,2299.280000,0.905727
9.840000,281.424000,1.447137
9.840000,1470.096000,0.839157
36.080000,2566.928000,1.220630
32.144000,2067.056000,0.673271
13.776000,2168.080000,0.748589
15.088000,3078.608000,1.615621
37.392000,2120.848000,0.817036
8.528000,2189.072000,0.928451
16.400000,2312.400000,1.297187
24.272000,2368.816000,1.015952
15.088000,495.280000,0.729403
17.712000,3027.440000,1.163094
37.392000,356.208000,0.736360
38.704000,1597.360000,1.232056
5.904000,1201.136000,0.901446
28.208000,1878.128000,0.910504
17.712000,1357.264000,0.826657
15.088000,1020.080000,0.868127
29.520000,2326.832000,0.760691
30.832000,1181.456000,0.792065
7.216000,1706.256000,1.016740
36.080000,2674.512000,0.909881
30.832000,1613.104000,0.784542
37.392000,1287.728000,0.697874
15.088000,2010.640000,0.815277
0.656000,2442.288000,0.664400
8.528000,1110.608000,0.821339
19.024000,2646.960000,0.717297
8.528000,1059.440000,0.974880
7.216000,230.256000,1.768358
15.088000,3091.728000,0.790057
0.656000,811.472000,1.125492
29.520000,352.272000,1.946466
8.528000,2611.536000,0.737710
37.392000,701.264000,0.934452
17.712000,2389.808000,0.882727
13.776000,2332.080000,1.114120
29.520000,2254.672000,0.931010
16.400000,1638.032000,0.686125
34.768000,2215.312000,0.682990
16.400000,64.944000,1.244513
19.024000,2488.208000,0.958139
28.208000,362.768000,0.691740
15.088000,634.352000,0.771191
22.960000,3054.992000,0.814979
34.768000,168.592000,0.694171
8.528000,1788.912000,1.720744
26.896000,2078.864000,0.849769
38.704000,747.184000,0.727928
17.712000,1631.472000,1.115433
37.392000,2574.800000,0.691824
38.704000,3005.136000,0.797816
4.592000,1170.960000,1.209194
22.960000,3102.224000,1.361848
19.024000,940.048000,0.835301
28.208000,1199.824000,0.981855
34.768000,3007.760000,1.149383
36.080000,2521.008000,0.906008
32.144000,1303.472000,0.891333
20.336000,2170.704000,1.066040
22.960000,1909.616000,0.724182
22.960000,1089.616000,0.834292
36.080000,1414.992000,0.677874
15.088000,2179.888000,0.686212
29.520000,2694.192000,0.817212
22.960000,530.704000,0.703562
38.704000,1635.408000,0.659506
28.208000,2564.304000,0.880824
20.336000,1012.208000,0.743381
16.400000,2908.048000,0.878800
29.520000,3086.480000,0.675037
36.080000,1194.576000,1.070610
0.656000,936.112000,0.713269
3.280000,2207.440000,0.691283
5.904000,137.104000,0.767071
16.400000,2667.952000,1.233237
32.144000,1174.896000,0.807416
13.776000,1664.272000,1.231513
21.648000,1724.624000,1.130284
38.704000,3006.448000,3.320678
32.144000,526.768000,0.703058
33.456000,2838.512000,1.450751
13.776000,495.280000,0.976600
1.968000,16.400000,0.723203
36.080000,2974.960000,1.146930
20.336000,1927.984000,1.475901
30.832000,2082.800000,0.682639
22.960000,2398.992000,0.692469
0.656000,3167.824000,0.678946
1.968000,1366.448000,0.674582
4.592000,877.072000,1.069239
19.024000,1193.264000,0.679638
16.400000,1024.016000,0.678532
36.080000,2325.520000,0.687745
28.208000,2940.848000,0.813520
9.840000,1711.504000,1.544376
33.456000,2303.216000,1.201500
1.968000,2023.760000,0.773758
7.216000,1355.952000,0.858978
25.584000,1900.432000,0.744184
17.712000,1160.464000,0.732886
36.080000,2969.712000,0.949322
0.656000,909.872000,1.479270
29.520000,1248.368000,1.025293
33.456000,1546.192000,1.988824
5.904000,2295.344000,0.876533
24.272000,315.536000,1.442739
13.776000,3028.752000,1.688612
30.832000,706.512000,2.700701
4.592000,1271.984000,1.355739
30.832000,882.320000,1.630573
7.216000,58.384000,0.698237
37.392000,1428.112000,0.837581
37.392000,1769.232000,1.333142
4.592000,2862.128000,0.838496
30.832000,2821.456000,0.703576
29.520000,2206.128000,0.951323
13.776000,1336.272000,1.403247
13.776000,2299.280000,0.668710
5.904000,3119.280000,0.914667
9.840000,2139.216000,0.820638
19.024000,1485.840000,1.472621
32.144000,2528.880000,0.990248
0.656000,501.840000,0.682257
17.712000,1875.504000,1.067853
24.272000,1836.144000,0.773633
36.080000,517.584000,0.833591
24.272000,2835.888000,0.664760
33.456000,2161.520000,1.029974
20.336000,2286.160000,0.800082
12.464000,2145.776000,0.791363
30.832000,1682.640000,1.858839
34.768000,3110.096000,0.746333
7.216000,1102.736000,1.006425
36.080000,2738.800000,0.912941
12.464000,1742.992000,1.421786
0.656000,1122.416000,0.877597
34.768000,382.448000,1.266022
15.088000,3217.680000,1.039680
22.960000,898.064000,0.811388
30.832000,2220.560000,0.704461
29.520000,663.216000,1.742661
38.704000,134.480000,0.657906
5.904000,2940.848000,1.896998
38.704000,2375.376000,0.669351
8.528000,3174.384000,0.714405
26.896000,583.184000,0.841972
20.336000,1909.616000,1.230975
17.712000,2228.432000,0.667631
8.528000,2774.224000,0.931847
36.080000,466.416000,1.115629
1.968000,501.840000,1.006465
7.216000,3102.224000,2.089124
9.840000,1707.568000,1.270209
26.896000,1930.608000,0.768289
0.656000,2360.944000,0.758662
25.584000,593.680000,1.187565
37.392000,3174.384000,0.863463
24.272000,105.616000,0.851719
0.656000,29.520000,0.676067
21.648000,537.264000,1.250803
33.456000,797.040000,0.702446
38.704000,1798.096000,1.425231
32.144000,2266.480000,1.055442
17.712000,194.832000,1.086834
32.144000,1678.704000,0.837976
16.400000,2088.048000,1.870960
25.584000,550.384000,0.946970
26.896000,2531.504000,0.809187
5.904000,1059.440000,0.702291
8.528000,3020.880000,0.971409
11.152000,2359.632000,0.676175
7.216000,1809.904000,1.124890
20.336000,83.312000,0.814891
9.840000,316.848000,0.739121
0.656000,457.232000,1.537010
3.280000,1548.816000,1.245858
0.656000,556.944000,1.318202
7.216000,1275.920000,0.784656
13.776000,2709.936000,0.977145
29.520000,619.920000,1.253689
1.968000,555.632000,1.100400
29.520000,1367.760000,0.824954
20.336000,2082.800000,1.334605
34.768000,839.024000,1.389001
37.392000,3061.552000,1.319736
13.776000,1146.032000,0.789211
7.216000,2850.320000,0.742315
5.904000,2560.368000,1.107849
26.896000,2309.776000,0.685769
15.088000,99.056000,1.211590
16.400000,347.024000,0.736006
20.336000,1186.704000,0.755664
19.024000,2841.136000,0.828869
25.584000,1623.600000,0.788479
28.208000,100.368000,0.689321
19.024000,1142.096000,0.788744
9.840000,638.288000,0.759512
38.704000,505.776000,1.629311
24.272000,1373.008000,0.829743
36.080000,2486.896000,0.864623
26.896000,2396.368000,0.960201
38.704000,29.520000,0.954289
37.392000,358.832000,1.228707
4.592000,2210.064000,0.918907
30.832000,2402.928000,0.943757
33.456000,8.528000,0.660812
0.656000,1645.904000,0.960961
30.832000,932.176000,1.253915
25.584000,333.904000,1.733864
25.584000,2976.272000,0.820146
37.392000,1976.528000,0.671531
5.904000,2196.944000,1.806850
26.896000,335.216000,1.754563
30.832000,328.656000,0.750059
3.280000,455.920000,0.718039
1.968000,635.664000,0.790678
24.272000,605.488000,0.871022
17.712000,2232.368000,0.760725
16.400000,183.024000,0.960633
19.024000,2560.368000,1.063039
26.896000,1404.496000,0.772884
17.712000,2505.264000,0.795385
36.080000,1666.896000,0.714458
13.776000,1329.712000,0.731527
20.336000,1069.936000,0.932481
19.024000,2001.456000,1.125724
12.464000,617.296000,0.778849
9.840000,3204.560000,0.717554
4.592000,1492.400000,0.698731
24.272000,2055.248000,0.767383
24.272000,3115.344000,0.687569
28.208000,1994.896000,2.068179
11.152000,1889.936000,0.906386
25.584000,2482.960000,1.113847
16.400000,40.016000,1.228632
17.712000,3110.096000,0.756728
17.712000,1830.896000,0.752264
38.704000,1498.960000,0.694377
20.336000,2440.976000,0.836766
0.656000,566.128000,0.742320
20.336000,2258.608000,0.853813
15.088000,2215.312000,2.265973
30.832000,2909.360000,0.691848
15.088000,2350.448000,0.745222
24.272000,1892.560000,3.459873
0.656000,545.136000,0.938476
25.584000,319.472000,0.698025
11.152000,875.760000,0.670687
1.968000,1770.544000,0.874970
36.080000,1833.520000,0.708976
16.400000,849.520000,0.866841
28.208000,2737.488000,0.680110
37.392000,646.160000,0.996754
15.088000,1131.600000,0.813789
17.712000,1672.144000,0.761233
20.336000,451.984000,0.808410
7.216000,40.016000,1.266993
22.960000,1346.768000,0.777106
22.960000,126.608000,0.683746
8.528000,374.576000,0.764865
0.656000,630.416000,0.681576
12.464000,2088.048000,0.778594
24.272000,2822.768000,0.907967
4.592000,2078.864000,0.757210
13.776000,2805.712000,0.786639
5.904000,776.048000,0.981618
24.272000,3121.904000,0.701980
19.024000,2147.088000,0.764191
37.392000,678.960000,0.871775
19.024000,133.168000,0.691411
5.904000,1358.576000,0.892449
4.592000,230.256000,0.777437
37.392000,2855.568000,0.950382
7.216000,66.256000,0.781260
12.464000,1691.824000,1.921432
13.776000,2318.960000,0.683084
26.896000,1257.552000,0.899466
5.904000,82.000000,1.141761
29.520000,930.864000,1.434219
25.584000,3138.960000,0.727550
36.080000,21.648000,0.660818
8.528000,2082.800000,1.110022
13.776000,362.768000,0.697903
37.392000,2224.496000,1.100836
16.400000,2915.920000,0.751243
0.656000,1194.576000,0.944142
8.528000,2930.352000,0.857187
17.712000,2971.024000,1.949761
20.336000,1230.000000,1.317780
15.088000,517.584000,0.676152
8.528000,1922.736000,0.667796
15.088000,947.920000,0.919085
26.896000,1762.672000,0.702660
19.024000,2641.712000,1.229758
13.776000,1266.736000,0.729982
5.904000,2376.688000,0.692618
16.400000,427.056000,0.749041
8.528000,602.864000,1.071996
25.584000,1563.248000,0.720463
11.152000,1969.968000,0.810817
4.592000,1075.184000,0.834252
20.336000,542.512000,0.818158
29.520000,2238.928000,0.870304
3.280000,2182.512000,1.506189
16.400000,2412.112000,0.730269
0.656000,1237.872000,1.064468
16.400000,2328.144000,0.735415
21.648000,2215.312000,0.993344
30.832000,2974.960000,0.878121
19.024000,2014.576000,1.082169
12.464000,3034.000000,1.817303
32.144000,1084.368000,1.404515
21.648000,2475.088000,0.900270
24.272000,379.824000,0.800189
12.464000,803.600000,0.684181
7.216000,1069.936000,0.904381
19.024000,1291.664000,0.658762
25.584000,2957.904000,0.758691
33.456000,508.400000,0.713698
4.592000,1307.408000,0.943193
0.656000,1699.696000,0.696385
32.144000,701.264000,0.858220
37.392000,577.936000,0.669217
15.088000,1540.944000,0.812093
38.704000,1052.880000,0.964241
7.216000,1947.664000,1.275551
24.272000,2921.168000,1.904916
26.896000,3117.968000,0.969592
12.464000,1156.528000,0.784781
34.768000,3023.504000,0.806998
4.592000,22.960000,1.145888
24.272000,3221.616000,1.937534
20.336000,825.904000,0.840509
26.896000,1027.952000,0.980506
22.960000,444.112000,1.256904
26.896000,455.920000,1.335693
22.960000,3216.368000,1.141499
38.704000,3125.840000,1.351226
5.904000,1906.992000,0.991455
3.280000,1029.264000,0.756097
33.456000,319.472000,0.916278
13.776000,2178.576000,0.739139
5.904000,983.344000,1.308328
16.400000,644.848000,1.140988
4.592000,1315.280000,0.801917
4.592000,3174.384000,1.175069
17.712000,2842.448000,0.822263
7.216000,266.992000,0.872703
36.080000,1018.768000,0.693693
34.768000,1620.976000,0.729656
8.528000,2355.696000,0.869063
12.464000,2279.600000,0.843824
28.208000,2699.440000,1.064123
0.656000,2126.096000,1.497981
36.080000,163.344000,0.679376
34.768000,513.648000,0.872472
3.280000,1257.552000,0.743817
3.280000,2316.336000,0.730366
30.832000,1190.640000,0.666715
21.648000,1674.768000,1.371619
28.208000,1077.808000,0.700399
37.392000,2569.552000,1.468955
0.656000,1909.616000,0.706615
34.768000,257.808000,0.993758
5.904000,3207.184000,1.027336
34.768000,2212.688000,0.923993
34.768000,2227.120000,1.796252
26.896000,2126.096000,0.671060
26.896000,2473.776000,0.754067
9.840000,2751.920000,1.040566
9.840000,243.376000,1.233037
7.216000,2636.464000,1.159653
12.464000,850.832000,0.739223
24.272000,1897.808000,0.770516
26.896000,1897.808000,0.861344
37.392000,4.592000,1.192481
3.280000,2921.168000,0.928954
38.704000,1871.568000,0.676990
5.904000,116.112000,0.983945
4.592000,1045.008000,1.048476
0.656000,777.360000,1.176872
29.520000,1889.936000,1.615600
37.392000,1844.016000,0.811883
19.024000,516.272000,1.191942
37.392000,374.576000,0.967151
33.456000,631.728000,0.883197
4.592000,184.336000,0.659696
3.280000,295.856000,0.684691
26.896000,2152.336000,0.981967
11.152000,1316.592000,1.029637
4.592000,1710.192000,0.945117
1.968000,3199.312000,0.701318
3.280000,1761.360000,0.817054
15.088000,2695.504000,1.337501
26.896000,2906.736000,1.668655
12.464000,343.088000,1.035167
30.832000,1083.056000,1.220369
32.144000,1871.568000,0.896456
19.024000,1690.512000,1.001997
25.584000,2726.992000,0.998506
4.592000,3131.088000,0.784594
5.904000,2580.048000,1.181017
36.080000,1715.440000,0.901952
26.896000,804.912000,0.848494
25.584000,30.832000,1.382579
17.712000,3111.408000,0.731776
26.896000,349.648000,1.512385
37.392000,47.888000,0.722878
30.832000,1854.512000,0.924025
16.400000,474.288000,1.068625
36.080000,436.240000,0.844076
33.456000,2927.728000,0.883589
36.080000,2599.728000,0.744352
0.656000,1619.664000,0.806386
8.528000,2190.384000,1.287290
3.280000,1380.880000,0.885613
15.088000,802.288000,0.846166
37.392000,3089.104000,2.357686
5.904000,3124.528000,0.946091
3.280000,1373.008000,1.023959
25.584000,206.640000,0.694845
26.896000,1039.760000,0.769775
26.896000,2909.360000,0.900581
5.904000,2304.528000,1.175682
21.648000,1164.400000,3.266351
3.280000,287.984000,0.679335
30.832000,1320.528000,0.788777
33.456000,307.664000,0.851490
4.592000,352.272000,3.099680
0.656000,1951.600000,0.790666
7.216000,888.880000,0.988369
8.528000,1879.440000,0.845168
16.400000,572.688000,1.314373
33.456000,2532.816000,1.894647
19.024000,1155.216000,0.683471
9.840000,2440.976000,2.154067
7.216000,1197.200000,0.842128
20.336000,1456.976000,1.504097
38.704000,1198.512000,0.938656
24.272000,3014.320000,1.341476
26.896000,1230.000000,0.941828
33.456000,1551.440000,1.232031
12.464000,1052.880000,2.188499
4.592000,54.448000,0.823438
20.336000,102.992000,1.189357
0.656000,2622.032000,2.082431
4.592000,2190.384000,0.772442
30.832000,638.288000,1.461921
16.400000,2278.288000,0.680008
19.024000,748.496000,0.676596
11.152000,108.240000,0.914551
8.528000,2589.232000,1.097245
22.960000,2598.416000,0.668474
30.832000,2440.976000,0.818635
37.392000,1291.664000,0.692780
22.960000,1782.352000,1.236132
20.336000,2408.176000,1.142486
8.528000,1647.216000,1.012082
7.216000,232.880000,0.716879
4.592000,1316.592000,0.808141
37.392000,657.968000,1.007687
37.392000,1198.512000,0.905013
34.768000,1460.912000,0.777787
4.592000,2329.456000,0.932868
30.832000,294.544000,0.832600
0.656000,2932.976000,1.135452
12.464000,2719.120000,0.883534
34.768000,831.152000,0.672562
3.280000,934.800000,1.499528
9.840000,1586.864000,0.786023
11.152000,2615.472000,0.845938
32.144000,866.576000,1.435572
5.904000,2698.128000,0.785819
17.712000,357.520000,0.692462
38.704000,1142.096000,0.944878
15.088000,2570.864000,0.716445
21.648000,1659.024000,0.679075
11.152000,33.456000,0.719485
12.464000,41.328000,1.214490
9.840000,1058.128000,2.381778
0.656000,1737.744000,0.743852
33.456000,1076.496000,0.668028
29.520000,2038.192000,0.725929
15.088000,1445.168000,1.065589
38.704000,526.768000,0.677226
19.024000,2111.664000,0.986770
12.464000,2232.368000,0.678844
17.712000,1872.880000,1.883203
29.520000,2475.088000,0.890605
1.968000,2221.872000,1.295465
4.592000,211.888000,0.670073
11.152000,2409.488000,0.695748
11.152000,816.720000,0.761269
19.024000,127.920000,0.888464
32.144000,1802.032000,0.795673
32.144000,463.792000,1.326662
4.592000,2719.120000,0.715047
36.080000,411.312000,0.868195
21.648000,2111.664000,0.659533
28.208000,2266.480000,0.677520
32.144000,1261.488000,0.659525
33.456000,1725.936000,1.087949
15.088000,2771.600000,0.977741
38.704000,1348.080000,0.814173
9.840000,2661.392000,0.963310
3.280000,495.280000,0.696609
37.392000,1506.832000,1.180544
12.464000,307.664000,0.734272
20.336000,1774.480000,0.944756
33.456000,1708.880000,1.237297
29.520000,2585.296000,1.320600
8.528000,3111.408000,0.685835
20.336000,1080.432000,1.021818
12.464000,2765.040000,0.692901
37.392000,1034.512000,0.724570
22.960000,1834.832000,0.851902
3.280000,1728.560000,0.707686
12.464000,451.984000,0.928842
24.272000,1665.584000,0.691747
36.080000,1228.688000,1.173531
29.520000,2791.280000,0.784379
0.656000,1485.840000,1.471863
33.456000,1300.848000,1.295500
28.208000,3035.312000,0.808862
22.960000,661.904000,1.536896
12.464000,2312.400000,1.395392
17.712000,1530.448000,1.397875
34.768000,2914.608000,0.958305
33.456000,2482.960000,1.170135
21.648000,3089.104000,1.310265
20.336000,420.496000,0.825603
1.968000,2253.360000,2.433815
22.960000,1580.304000,0.949986
36.080000,936.112000,0.743966
11.152000,1425.488000,0.874369
30.832000,2438.352000,1.028549
22.960000,2968.400000,0.669520
30.832000,1424.176000,0.807259
1.968000,1954.224000,1.843357
30.832000,1635.408000,0.790928
5.904000,2813.584000,0.907254
3.280000,1506.832000,0.703595
8.528000,1685.264000,1.220741
22.960000,2829.328000,1.651289
25.584000,1374.320000,1.173766
25.584000,362.768000,0.880346
13.776000,1767.920000,0.831850
9.840000,2568.240000,1.403167
15.088000,3208.496000,0.692073
20.336000,925.616000,0.716239
33.456000,2932.976000,0.708512
4.592000,1421.552000,0.661884
4.592000,1724.624000,1.952138
20.336000,202.704000,0.897082
5.904000,2782.096000,1.079803
26.896000,1647.216000,3.448148
26.896000,19.024000,0.715162
13.776000,1542.256000,1.189909
22.960000,2215.312000,0.722332
37.392000,629.104000,1.008350
3.280000,2168.080000,0.711649
21.648000,2591.856000,0.690537
12.464000,3048.432000,0.700435
8.528000,437.552000,0.987475
0.656000,67.568000,1.232274
13.776000,448.048000,1.969977
7.216000,839.024000,0.732436
17.712000,3069.424000,0.883881
5.904000,470.352000,1.336625
5.904000,1096.176000,0.736204
33.456000,2526.256000,1.016650
12.464000,583.184000,1.206389
30.832000,373.264000,1.171096
36.080000,1630.160000,0.858684
11.152000,3028.752000,0.952398
4.592000,1607.856000,0.758363
30.832000,3036.624000,0.678811
0.656000,2620.720000,0.776904
0.656000,2723.056000,0.790044
12.464000,2835.888000,0.871239
4.592000,681.584000,0.771016
13.776000,654.032000,0.901094
29.520000,892.816000,0.703585
7.216000,1725.936000,1.014375
4.592000,1279.856000,0.847489
13.776000,1172.272000,1.067733
29.520000,1550.128000,0.921474
15.088000,0.656000,0.991383
19.024000,799.664000,1.542832
24.272000,2215.312000,1.001998
29.520000,2402.928000,0.714087
15.088000,1412.368000,0.900734
29.520000,2355.696000,0.723315
32.144000,551.696000,0.656660
33.456000,2843.760000,1.231487
32.144000,2682.384000,0.971632
30.832000,3045.808000,0.685652
8.528000,2183.824000,0.826227
17.712000,1845.328000,1.452350
3.280000,668.464000,0.933368
20.336000,290.608000,0.739352
19.024000,1460.912000,0.681852
11.152000,1442.544000,0.660981
21.648000,2746.672000,1.017222
8.528000,1510.768000,0.713430
20.336000,3023.504000,0.922178
36.080000,3221.616000,0.958513
38.704000,1704.944000,0.753376
7.216000,3051.056000,0.943620
32.144000,3095.664000,1.111619
34.768000,171.216000,0.681384
34.768000,2238.928000,1.606546
21.648000,301.104000,0.662069
36.080000,1467.472000,0.712596
1.968000,347.024000,0.882329
8.528000,2387.184000,0.689467
20.336000,2679.760000,1.177082
15.088000,2341.264000,1.481442
24.272000,1501.584000,1.383770
36.080000,2749.296000,1.518744
28.208000,133.168000,0.989966
32.144000,276.176000,1.124668
21.648000,871.824000,0.738301
32.144000,648.784000,0.698929
7.216000,2517.072000,1.008199
30.832000,2309.776000,1.334526
36.080000,2926.416000,0.704379
3.280000,2549.872000,1.096711
7.216000,2426.544000,0.909271
5.904000,787.856000,0.781214
17.712000,2273.040000,0.782953
30.832000,387.696000,1.070232
13.776000,1704.944000,0.812400
8.528000,3165.200000,0.804890
32.144000,911.184000,0.819287
16.400000,1106.672000,1.072757
24.272000,1176.208000,1.020161
19.024000,1181.456000,0.728493
3.280000,1334.960000,0.697677
3.280000,770.800000,0.700212
26.896000,2137.904000,0.898152
24.272000,36.080000,0.785327
33.456000,1559.312000,1.306938
34.768000,971.536000,0.689507
38.704000,896.752000,1.383753
33.456000,3023.504000,1.000743
30.832000,1649.840000,0.800159
8.528000,102.992000,0.800040
26.896000,497.904000,0.950295
30.832000,335.216000,0.678280
5.904000,3156.016000,0.695295
16.400000,2702.064000,1.472649
15.088000,781.296000,2.013506
20.336000,1488.464000,0.695621
0.656000,280.112000,0.709768
26.896000,1264.112000,0.716813
15.088000,1676.080000,1.837447
19.024000,2430.480000,0.718033
16.400000,992.528000,0.970278
29.520000,1271.984000,0.720576
32.144000,1828.272000,1.313468
9.840000,1260.176000,1.358993
5.904000,427.056000,0.713105
32.144000,1180.144000,1.249002
11.152000,2425.232000,1.133855
24.272000,1174.896000,0.806999
30.832000,1149.968000,0.874720
11.152000,2594.480000,1.569357
38.704000,1572.432000,0.800584
1.968000,1779.728000,0.919241
22.960000,2583.984000,0.684112
34.768000,509.712000,1.272049
15.088000,2404.240000,0.805182
20.336000,1169.648000,0.793568
17.712000,1186.704000,0.658537
37.392000,202.704000,1.022193
0.656000,1042.384000,0.761807
32.144000,1742.992000,0.676139
7.216000,1160.464000,0.752432
12.464000,760.304000,1.027032
8.528000,0.656000,0.953946
0.656000,470.352000,0.902961
3.280000,2940.848000,0.969041
11.152000,1107.984000,0.875464
9.840000,2454.096000,0.878451
15.088000,2342.576000,0.662677
9.840000,1250.992000,0.797301
26.896000,413.936000,0.770714
8.528000,371.952000,0.669893
37.392000,1497.648000,0.688177
29.520000,2551.184000,1.076220
7.216000,1024.016000,0.706391
32.144000,790.480000,0.840611
9.840000,1573.744000,0.979581
8.528000,419.184000,0.690220
16.400000,1149.968000,0.995072
3.280000,1199.824000,1.206404
15.088000,1821.712000,1.664692
16.400000,2860.816000,1.418827
28.208000,839.024000,0.684036
28.208000,143.664000,0.783029
33.456000,2477.712000,0.768053
0.656000,361.456000,1.056722
3.280000,1189.328000,0.703690
36.080000,794.416000,1.423952
26.896000,1567.184000,0.794812
22.960000,2010.640000,0.980793
25.584000,205.328000,0.676124
29.520000,655.344000,0.681797
17.712000,1202.448000,0.767179
15.088000,2625.968000,0.698521
20.336000,2837.200000,0.899855
12.464000,2189.072000,0.890926
9.840000,1680.016000,0.668328
37.392000,2400.304000,0.868842
28.208000,564.816000,0.817551
3.280000,2122.160000,0.860838
15.088000,2965.776000,1.079095
17.712000,940.048000,0.703316
1.968000,2963.152000,0.679533
21.648000,2241.552000,0.996048
12.464000,1735.120000,1.718854
36.080000,3031.376000,1.035988
3.280000,1903.056000,0.743047
11.152000,312.912000,1.327221
3.280000,3221.616000,0.876731
24.272000,1232.624000,1.074751
15.088000,3006.448000,1.246310
28.208000,2518.384000,1.076201
7.216000,2384.560000,0.662622
20.336000,996.464000,0.737041
7.216000,184.336000,0.693706
0.656000,1207.696000,0.747198
25.584000,2732.240000,1.237556
12.464000,2242.864000,0.712606
3.280000,585.808000,0.874993
19.024000,2931.664000,0.871221
12.464000,1590.800000,0.662089
26.896000,2673.200000,0.757375
38.704000,88.560000,1.087414
1.968000,1854.512000,0.710272
21.648000,1026.640000,1.261368
25.584000,2591.856000,0.810364
22.960000,2517.072000,2.830998
20.336000,987.280000,1.019924
26.896000,2526.256000,1.151809
22.960000,3007.760000,0.738737
1.968000,572.688000,0.748088
5.904000,3116.656000,1.386143
22.960000,2162.832000,1.136940
15.088000,2540.688000,0.836263
16.400000,424.432000,1.049614
19.024000,2723.056000,0.677246
9.840000,121.360000,1.408564
3.280000,3145.520000,1.188370
38.704000,3032.688000,0.676977
15.088000,1152.592000,0.675774
17.712000,3011.696000,1.391408
5.904000,2854.256000,0.723002
11.152000,2607.600000,1.393045
16.400000,1327.088000,0.989990
3.280000,2154.960000,1.321983
5.904000,326.032000,0.789451
1.968000,2299.280000,1.503483
9.840000,1403.184000,0.706460
25.584000,1299.536000,0.887385
15.088000,1495.024000,1.512422
32.144000,462.480000,0.669365
19.024000,378.512000,0.743423
38.704000,1888.624000,1.207946
28.208000,3121.904000,0.693661
28.208000,480.848000,1.059819
1.968000,831.152000,1.586781
25.584000,2776.848000,1.043560
32.144000,2677.136000,0.721352
11.152000,1277.232000,0.741018
37.392000,2149.712000,0.939888
25.584000,1151.280000,1.076372
21.648000,2231.056000,0.672724
17.712000,2510.512000,1.681621
13.776000,1712.816000,1.349688
4.592000,3054.992000,1.126484
37.392000,1905.680000,0.812902
16.400000,566.128000,0.926120
36.080000,1173.584000,0.804209
8.528000,171.216000,1.193672
16.400000,2810.960000,1.402547
11.152000,462.480000,1.016534
4.592000,26.896000,1.303946
1.968000,3198.000000,0.938758
7.216000,2608.912000,1.068577
28.208000,664.528000,0.777584
5.904000,831.152000,1.574097
15.088000,1422.864000,0.755515
30.832000,1128.976000,0.894186
0.656000,230.256000,0.913983
4.592000,524.144000,0.995072
12.464000,549.072000,0.752605
0.656000,2140.528000,0.710342
24.272000,676.336000,1.511324
11.152000,3135.024000,1.029787
15.088000,59.696000,1.266440
36.080000,64.944000,0.972245
20.336000,928.240000,0.708133
30.832000,1227.376000,1.120522
7.216000,74.128000,1.007177
38.704000,2433.104000,1.028258
8.528000,2628.592000,0.675817
37.392000,335.216000,1.489116
37.392000,155.472000,0.899714
29.520000,1156.528000,0.841268
38.704000,2670.576000,0.673207
4.592000,1456.976000,1.288290
21.648000,3027.440000,1.006556
34.768000,596.304000,0.850298
3.280000,1509.456000,1.200498
4.592000,989.904000,0.664803
29.520000,2290.096000,0.707599
15.088000,850.832000,1.324212
26.896000,1244.432000,0.953218
24.272000,437.552000,1.041587
19.024000,1434.672000,0.708391
12.464000,193.520000,1.044353
0.656000,3074.672000,0.840729
20.336000,556.944000,0.733560
12.464000,2510.512000,1.335944
32.144000,1867.632000,0.677622
1.968000,1537.008000,0.738795
37.392000,228.944000,0.694286
36.080000,532.016000,0.871665
15.088000,238.128000,0.980661
29.520000,3023.504000,0.831503
17.712000,429.680000,1.018142
34.768000,2021.136000,1.263027
3.280000,2845.072000,0.788032
7.216000,673.712000,0.667071
1.968000,905.936000,1.416256
7.216000,2801.776000,1.266296
34.768000,1177.520000,0.819967
16.400000,694.704000,0.741328
17.712000,2972.336000,0.660176
7.216000,2375.376000,1.101904
17.712000,2927.728000,0.916774
15.088000,2661.392000,0.745717
25.584000,432.304000,1.207084
7.216000,57.072000,0.782468
12.464000,2947.408000,1.615082
3.280000,2703.376000,1.017620
4.592000,2505.264000,0.789569
19.024000,134.480000,1.095149
15.088000,1786.288000,1.282016
38.704000,2241.552000,0.877679
19.024000,1857.136000,0.821775
15.088000,511.024000,0.861952
30.832000,1988.336000,0.754074
17.712000,403.440000,0.982825
8.528000,2910.672000,0.811357
3.280000,1850.576000,1.519626
21.648000,1147.344000,0.671887
26.896000,2578.736000,0.952851
17.712000,810.160000,1.220297
19.024000,1190.640000,0.701309
21.648000,337.840000,0.833930
12.464000,240.752000,0.764156
3.280000,1157.840000,0.734993
29.520000,2223.184000,0.700037
7.216000,1202.448000,1.496795
33.456000,2913.296000,0.803521
15.088000,508.400000,1.639775
32.144000,214.512000,1.056031
16.400000,3191.440000,0.754687
22.960000,387.696000,0.659342
21.648000,412.624000,0.751451
17.712000,2476.400000,0.745909
34.768000,915.120000,0.694578
19.024000,1640.656000,1.329793
37.392000,3011.696000,1.097234
16.400000,1449.104000,0.758854
34.768000,2123.472000,1.036273
13.776000,2321.584000,0.663829
37.392000,381.136000,0.730912
36.080000,1275.920000,0.757176
24.272000,3110.096000,0.669711
0.656000,2974.960000,0.927124
16.400000,2999.888000,0.724379
12.464000,1921.424000,1.059677
37.392000,1240.496000,1.761046
21.648000,1791.536000,0.764652
12.464000,2098.544000,0.685721
13.776000,2610.224000,0.973575
33.456000,2694.192000,1.044630
19.024000,533.328000,1.163394
30.832000,162.032000,0.897904
20.336000,1191.952000,1.171112
16.400000,2698.128000,0.862435
7.216000,3179.632000,0.692020
29.520000,2921.168000,0.766798
0.656000,1578.992000,0.685542
4.592000,1805.968000,0.671274
33.456000,1247.056000,0.877826
32.144000,2043.440000,0.707888
9.840000,2872.624000,1.106270
5.904000,1937.168000,1.041142
28.208000,1926.672000,0.730131
37.392000,1623.600000,1.370830
25.584000,1792.848000,0.975907
25.584000,1294.288000,0.694130
5.904000,1792.848000,0.802624
7.216000,3137.648000,0.732834
11.152000,2139.216000,0.887677
3.280000,2581.360000,0.974216
3.280000,1754.800000,0.686102
36.080000,1506.832000,0.785003
5.904000,2595.792000,0.681264
25.584000,598.928000,1.191572
19.024000,1736.432000,0.850104
26.896000,368.016000,0.859769
4.592000,915.120000,0.683631
0.656000,1336.272000,1.517442
13.776000,1948.976000,0.851771
30.832000,1198.512000,0.684405
8.528000,2816.208000,1.453287
29.520000,263.056000,1.198304
38.704000,62.320000,0.685951
21.648000,2633.840000,0.953919
22.960000,3060.240000,1.019595
37.392000,1265.424000,1.087592
3.280000,1760.048000,0.764778
12.464000,1680.016000,0.832800
1.968000,692.080000,1.179970
28.208000,1181.456000,0.711421
25.584000,8.528000,0.716545
20.336000,2212.688000,0.902586
4.592000,118.736000,0.920235
19.024000,1577.680000,0.913266
1.968000,88.560000,1.072233
16.400000,2745.360000,1.433388
12.464000,2566.928000,1.975406
5.904000,1754.800000,0.680012
38.704000,1401.872000,1.656965
7.216000,518.896000,1.107672
30.832000,2984.144000,0.665386
28.208000,444.112000,0.964144
36.080000,2624.656000,0.827924
22.960000,1636.720000,0.749209
3.280000,482.160000,0.710469
36.080000,1947.664000,0.749767
13.776000,3034.000000,0.679242
20.336000,204.016000,1.543118
5.904000,2555.120000,1.196398
21.648000,1645.904000,0.910742
25.584000,1176.208000,0.666307
38.704000,91.184000,1.151903
26.896000,987.280000,0.707240
7.216000,2446.224000,0.680577
20.336000,2568.240000,0.903532
19.024000,1170.960000,1.111752
30.832000,403.440000,0.662023
3.280000,1075.184000,1.030777
30.832000,3135.024000,0.779729
5.904000,202.704000,1.042939
17.712000,3200.624000,0.819655
24.272000,1942.416000,0.892673
1.968000,2143.152000,1.099942
17.712000,1188.016000,0.720879
1.968000,1534.384000,1.259737
25.584000,1471.408000,0.958155
5.904000,1811.216000,0.897596
8.528000,1746.928000,0.905823
0.656000,93.808000,1.061363
33.456000,395.568000,1.187711
4.592000,831.152000,1.163689
19.024000,3009.072000,0.816145
13.776000,2216.624000,0.945981
11.152000,2414.736000,1.570250
36.080000,50.512000,0.865624
37.392000,1193.264000,0.690666
21.648000,2448.848000,0.773084
37.392000,1000.400000,0.897645
8.528000,1247.056000,1.035509
22.960000,2391.120000,0.919755
0.656000,1596.048000,1.260983
15.088000,614.672000,0.834069
34.768000,846.896000,0.676810
5.904000,448.048000,0.778410
3.280000,130.544000,0.902796
4.592000,444.112000,2.550478
36.080000,566.128000,0.987682
5.904000,2505.264000,0.670591
5.904000,2497.392000,0.720511
28.208000,1304.784000,0.962962
4.592000,2717.808000,0.657666
30.832000,2274.352000,0.862055
22.960000,860.016000,1.252434
17.712000,3116.656000,1.753720
13.776000,429.680000,0.704629
20.336000,623.856000,0.698262
17.712000,1429.424000,1.177861
7.216000,1043.696000,0.876057
1.968000,1812.528000,1.135013
29.520000,1426.800000,0.852515
38.704000,1594.736000,0.960036
29.520000,631.728000,1.400620
20.336000,2477.712000,1.289129
21.648000,630.416000,1.004080
0.656000,808.848000,0.884123
1.968000,2864.752000,0.890977
32.144000,2139.216000,0.842316
9.840000,1866.320000,0.709524
33.456000,2583.984000,0.709139
11.152000,1578.992000,1.041230
13.776000,946.608000,1.559480
29.520000,385.072000,0.966861
24.272000,2704.688000,0.787619
26.896000,929.552000,0.735117
30.832000,783.920000,1.073673
21.648000,2021.136000,0.712390
5.904000,1493.712000,0.705633
20.336000,17.712000,0.742015
1.968000,1529.136000,1.098787
0.656000,2486.896000,1.452136
1.968000,554.320000,1.187328
26.896000,1189.328000,1.667345
20.336000,2640.400000,1.619205
24.272000,2627.280000,0.789546
8.528000,2544.624000,0.702742
25.584000,2151.024000,1.391808
21.648000,3120.592000,1.538776
9.840000,1173.584000,0.786713
25.584000,1652.464000,0.769868
28.208000,568.752000,1.041558
36.080000,1165.712000,0.703917
3.280000,1325.776000,0.725366
34.768000,2456.720000,0.896582
7.216000,2543.312000,0.777274
12.464000,2673.200000,0.727268
5.904000,836.400000,0.963052
9.840000,277.488000,0.670778
30.832000,3165.200000,0.767343
26.896000,1664.272000,1.111970
15.088000,1285.104000,0.813265
24.272000,454.608000,0.698774
24.272000,1024.016000,0.713456
20.336000,2636.464000,0.781795
9.840000,2389.808000,0.926737
3.280000,1216.880000,1.471053
24.272000,1109.296000,1.113893
26.896000,3057.616000,0.715878
33.456000,1496.336000,1.154671
37.392000,2005.392000,1.055695
33.456000,150.224000,0.714205
28.208000,929.552000,0.802011
28.208000,2875.248000,0.765211
8.528000,756.368000,0.742069
19.024000,2118.224000,0.712174
15.088000,2932.976000,0.680864
3.280000,2473.776000,1.404881
9.840000,1947.664000,1.158828
28.208000,2678.448000,0.662258
28.208000,675.024000,0.888849
0.656000,2380.624000,0.741393
28.208000,1376.944000,2.217022
34.768000,688.144000,0.982643
20.336000,2543.312000,0.743703
38.704000,131.856000,0.958699
11.152000,2877.872000,1.641284
34.768000,1475.344000,0.984961
17.712000,1538.320000,1.487234
22.960000,776.048000,0.752269
9.840000,66.256000,0.738077
34.768000,3207.184000,0.865944
34.768000,326.032000,0.769960
0.656000,1342.832000,0.749621
22.960000,84.624000,0.714970
9.840000,1471.408000,0.692078
37.392000,984.656000,0.679719
28.208000,833.776000,0.679011
21.648000,2229.744000,1.027938
32.144000,2873.936000,1.366267
33.456000,2038.192000,1.064211
0.656000,1577.680000,0.889525
5.904000,2056.560000,0.840148
24.272000,3054.992000,0.934147
16.400000,1152.592000,0.921523
16.400000,339.152000,1.177245
7.216000,2989.392000,1.916674
32.144000,479.536000,1.070783
30.832000,1897.808000,0.657660
8.528000,1551.440000,0.734165
16.400000,1054.192000,0.774174
0.656000,1897.808000,0.889351
22.960000,2540.688000,1.175846
12.464000,2447.536000,1.425051
20.336000,488.720000,1.503062
11.152000,1993.584000,0.953296
24.272000,2709.936000,1.151510
29.520000,152.848000,0.807941
19.024000,517.584000,1.085341
26.896000,2031.632000,0.975277
11.152000,17.712000,0.679128
15.088000,513.648000,0.809777
33.456000,102.992000,0.674438
7.216000,2715.184000,0.812072
22.960000,2229.744000,0.812918
17.712000,975.472000,0.818359
16.400000,1661.648000,0.928918
19.024000,83.312000,0.745832
24.272000,1353.328000,0.692995
26.896000,2084.112000,0.752034
20.336000,2518.384000,0.750827
38.704000,2405.552000,0.877214
11.152000,656.656000,1.410444
11.152000,1513.392000,0.685018
4.592000,112.176000,1.029382
37.392000,2826.704000,0.775869
4.592000,535.952000,0.793789
0.656000,356.208000,0.903736
24.272000,2968.400000,1.707777
37.392000,13.776000,0.656400
8.528000,504.464000,0.716436
25.584000,1212.944000,0.663849
12.464000,1666.896000,1.075823
9.840000,3061.552000,0.761127
8.528000,1875.504000,0.746747
16.400000,2763.728000,0.679887
0.656000,3209.808000,0.746890
13.776000,1076.496000,1.513408
19.024000,53.136000,0.910446
36.080000,294.544000,0.974734
15.088000,1908.304000,0.756559
17.712000,1107.984000,1.034363
25.584000,2709.936000,0.881109
29.520000,1214.256000,0.709175
20.336000,214.512000,0.667413
37.392000,3144.208000,0.904868
19.024000,564.816000,0.697471
33.456000,1043.696000,0.723119
3.280000,2586.608000,0.772613
28.208000,1934.544000,0.769875
13.776000,1174.896000,0.677225
13.776000,2654.832000,0.792669
32.144000,2262.544000,1.285197
36.080000,773.424000,0.900503
33.456000,1947.664000,1.887643
13.776000,681.584000,1.110694
8.528000,1653.776000,0.955293
24.272000,2433.104000,0.981279
11.152000,1349.392000,1.070592
28.208000,234.192000,1.536127
20.336000,1771.856000,0.679509
3.280000,1631.472000,1.873186
16.400000,1870.256000,0.763235
4.592000,571.376000,0.707669
26.896000,144.976000,0.769303
21.648000,2896.240000,0.669857
34.768000,2040.816000,1.132634
36.080000,1844.016000,0.711854
32.144000,1799.408000,0.704520
32.144000,3016.944000,0.872867
22.960000,2338.640000,0.705954
21.648000,3043.184000,0.809945
37.392000,2686.320000,0.690992
5.904000,2317.648000,1.483509
22.960000,1156.528000,1.144981
30.832000,1202.448000,0.684875
26.896000,3030.064000,1.470521
30.832000,1055.504000,1.058895
22.960000,353.584000,1.327656
3.280000,201.392000,1.213961
1.968000,2376.688000,1.195397
5.904000,1863.696000,1.194704
25.584000,1429.424000,0.681086
38.704000,689.456000,1.423396
28.208000,1742.992000,0.844667
8.528000,2451.472000,0.727306
1.968000,521.520000,0.747252
4.592000,1216.880000,1.069450
19.024000,1803.344000,0.992154
5.904000,2972.336000,0.818921
36.080000,1048.944000,1.541357
36.080000,3107.472000,0.791329
7.216000,243.376000,1.732640
4.592000,786.544000,0.804207
38.704000,2988.080000,0.899974
25.584000,1729.872000,1.088405
1.968000,694.704000,1.272209
5.904000,1900.432000,0.717711
30.832000,1728.560000,1.727325
15.088000,1437.296000,1.725674
17.712000,1946.352000,0.686818
19.024000,146.288000,0.784725
17.712000,2200.880000,1.148430
33.456000,46.576000,1.233173
1.968000,1889.936000,1.151857
20.336000,2288.784000,0.939363
32.144000,692.080000,0.901821
38.704000,1556.688000,0.749465
5.904000,483.472000,0.830520
19.024000,1012.208000,1.683606
12.464000,192.208000,0.866217
11.152000,2917.232000,0.781555
36.080000,3098.288000,0.679712
9.840000,2484.272000,0.952978
15.088000,878.384000,1.009208
22.960000,1977.840000,0.686152
32.144000,2737.488000,0.680298
34.768000,3099.600000,0.715926
38.704000,2330.768000,0.815490
32.144000,329.968000,0.773767
28.208000,2162.832000,1.630984
3.280000,1526.512000,0.695225
3.280000,1177.520000,0.928869
33.456000,3196.688000,0.851426
12.464000,2763.728000,0.663130
0.656000,2716.496000,1.088296
26.896000,555.632000,0.855886
24.272000,404.752000,0.931597
20.336000,2534.128000,0.676988
21.648000,520.208000,2.092243
16.400000,26.896000,0.814348
16.400000,1329.712000,2.175530
33.456000,1210.320000,0.667709
20.336000,2044.752000,0.735326
25.584000,2990.704000,1.025418
1.968000,909.872000,0.709552
17.712000,873.136000,0.854666
25.584000,37.392000,0.839711
4.592000,853.456000,0.897088
38.704000,1714.128000,0.988229
25.584000,2164.144000,0.710563
36.080000,1354.640000,0.955408
24.272000,2521.008000,0.982754
22.960000,315.536000,4.046293
20.336000,1746.928000,0.806676
34.768000,2877.872000,2.108434
4.592000,1959.472000,0.699348
24.272000,2198.256000,0.705838
19.024000,371.952000,1.705138
9.840000,2248.112000,1.045230
32.144000,1085.680000,0.718655
38.704000,1394.000000,0.665058
11.152000,2333.392000,1.580467
17.712000,1676.080000,0.673039
33.456000,701.264000,0.969883
13.776000,1349.392000,0.919426
3.280000,1209.008000,1.063834
34.768000,929.552000,0.933913
21.648000,648.784000,1.099696
19.024000,1321.840000,0.841613
13.776000,2448.848000,1.426041
26.896000,1075.184000,0.780910
3.280000,2479.024000,1.154296
16.400000,1100.112000,0.745248
34.768000,999.088000,0.997136
25.584000,1122.416000,1.601478
3.280000,1320.528000,0.711037
11.152000,781.296000,1.349054
21.648000,2177.264000,0.898797
38.704000,992.528000,0.847707
32.144000,530.704000,0.760357
22.960000,1533.072000,0.875984
33.456000,1463.536000,1.031781
20.336000,3149.456000,0.882755
32.144000,1146.032000,1.042109
0.656000,314.224000,0.790567
8.528000,2922.480000,0.751836
22.960000,999.088000,0.790970
24.272000,2850.320000,0.674197
36.080000,2530.192000,1.069286
8.528000,2830.640000,1.112391
30.832000,3209.808000,1.602413
26.896000,1066.000000,0.704899
3.280000,2913.296000,0.936013
30.832000,1925.360000,0.830690
0.656000,3180.944000,0.790915
5.904000,1899.120000,1.249948
24.272000,2556.432000,0.888960
1.968000,1929.296000,0.713921
7.216000,1153.904000,1.045850
19.024000,2177.264000,1.023768
32.144000,244.688000,0.709845
21.648000,450.672000,0.832901
5.904000,3184.880000,1.697860
7.216000,2909.360000,0.877390
38.704000,1164.400000,1.048595
26.896000,675.024000,0.673043
3.280000,280.112000,1.012880
33.456000,2547.248000,0.822727
26.896000,408.688000,0.754352
5.904000,1741.680000,0.844608
20.336000,2494.768000,0.718644
9.840000,1072.560000,0.908500
29.520000,105.616000,0.901519
19.024000,631.728000,1.069149
34.768000,1045.008000,0.822407
28.208000,223.696000,1.065445
21.648000,706.512000,0.720588
9.840000,231.568000,0.895227
20.336000,406.064000,1.072823
3.280000,783.920000,1.337616
32.144000,381.136000,1.597770
7.216000,675.024000,0.708340
7.216000,461.168000,1.027939
0.656000,1588.176000,1.685673
26.896000,661.904000,1.892870
17.712000,160.720000,0.959489
5.904000,332.592000,0.729466
0.656000,404.752000,1.149091
36.080000,1460.912000,0.938689
5.904000,138.416000,0.860305
36.080000,1215.568000,0.797234
32.144000,2500.016000,0.708099
19.024000,2229.744000,1.109638
32.144000,2385.872000,0.683334
7.216000,703.888000,1.157378
22.960000,1390.064000,0.938398
25.584000,1854.512000,1.066819
36.080000,909.872000,0.887349
22.960000,1643.280000,0.811278
8.528000,2359.632000,1.072474
7.216000,1900.432000,1.067363
5.904000,2770.288000,1.247100
38.704000,1826.960000,0.719684
9.840000,1021.392000,0.680867
8.528000,837.712000,0.941332
3.280000,1286.416000,0.710836
24.272000,469.040000,1.666969
26.896000,1599.984000,1.605609
8.528000,1590.800000,0.673149
29.520000,798.352000,2.086744
33.456000,322.096000,1.120751
1.968000,2671.888000,1.970348
29.520000,3166.512000,0.723859
36.080000,1728.560000,0.700009
15.088000,2219.248000,0.895863
36.080000,722.256000,0.672929
17.712000,2637.776000,1.111053
38.704000,1459.600000,0.695700
13.776000,1716.752000,1.326004
32.144000,1569.808000,0.859025
30.832000,308.976000,0.808418
12.464000,316.848000,1.361098
3.280000,786.544000,1.022228
5.904000,797.040000,1.002305
0.656000,2641.712000,0.823077
13.776000,709.136000,1.321660
13.776000,1803.344000,1.096097
22.960000,608.112000,0.956570
7.216000,2402.928000,0.684555
33.456000,424.432000,1.095871
0.656000,2454.096000,0.677742
32.144000,335.216000,0.748178
17.712000,1664.272000,1.072972
30.832000,635.664000,0.810817
16.400000,487.408000,1.378298
24.272000,2747.984000,0.827621
28.208000,3094.352000,0.722374
13.776000,1182.768000,0.720409
30.832000,1760.048000,0.689062
24.272000,1749.552000,0.671838
8.528000,2265.168000,0.928126
26.896000,364.080000,1.041465
25.584000,1117.168000,1.290119
25.584000,758.992000,0.783908
29.520000,1760.048000,0.672774
16.400000,1757.424000,0.847352
37.392000,584.496000,0.969324
33.456000,1470.096000,1.221800
29.520000,511.024000,1.027523
29.520000,2091.984000,0.868021
28.208000,67.568000,0.705942
36.080000,1059.440000,0.747664
30.832000,752.432000,0.737660
34.768000,673.712000,0.726953
36.080000,193.520000,0.808228
5.904000,1921.424000,0.776282
16.400000,53.136000,1.701210
17.712000,329.968000,0.862903
11.152000,1273.296000,0.770881
24.272000,1615.728000,0.975037
12.464000,1451.728000,0.836913
19.024000,2763.728000,1.374329
13.776000,2494.768000,0.999248
25.584000,1897.808000,0.683027
17.712000,1292.976000,1.136382
13.776000,335.216000,1.134580
24.272000,1966.032000,1.241555
36.080000,2569.552000,0.817298
12.464000,1807.280000,0.688631
30.832000,491.344000,0.959251
21.648000,2678.448000,0.747324
33.456000,2795.216000,2.742262
5.904000,996.464000,1.014466
33.456000,2695.504000,1.056093
1.968000,3106.160000,0.747698
26.896000,2484.272000,0.852078
9.840000,2950.032000,1.255449
15.088000,450.672000,0.762836
34.768000,1555.376000,1.863869
25.584000,1682.640000,0.803204
34.768000,1714.128000,0.853742
13.776000,1193.264000,0.825636
3.280000,2692.880000,1.398447
1.968000,3099.600000,0.818503
9.840000,2952.656000,1.139174
9.840000,1122.416000,0.828808
32.144000,2652.208000,1.162892
11.152000,2968.400000,0.717253
37.392000,2698.128000,0.976434
26.896000,2585.296000,0.728981
25.584000,33.456000,0.702945
34.768000,3016.944000,0.709990
1.968000,398.192000,1.325765
12.464000,924.304000,0.901923
3.280000,1438.608000,1.093770
15.088000,2292.720000,0.821374
17.712000,1847.952000,1.157927
29.520000,2014.576000,1.168451
1.968000,2091.984000,0.791430
13.776000,1451.728000,0.814108
20.336000,2402.928000,1.266651
9.840000,497.904000,1.233459
11.152000,2009.328000,1.217679
1.968000,1871.568000,0.815655
19.024000,1445.168000,1.101042
12.464000,2413.424000,0.664308
20.336000,2795.216000,0.988344
36.080000,1443.856000,1.857569
21.648000,2220.560000,0.678777
13.776000,1917.488000,1.058203
17.712000,1792.848000,0.659292
5.904000,2204.816000,0.934408
32.144000,612.048000,0.684576
13.776000,2868.688000,0.659256
11.152000,1269.360000,1.649627
12.464000,1433.360000,1.055538
34.768000,2383.248000,0.723691
36.080000,74.128000,1.006379
17.712000,2729.616000,0.755425
37.392000,672.400000,1.152229
4.592000,2602.352000,0.720665
3.280000,2088.048000,1.350069
5.904000,2397.680000,0.806124
38.704000,1752.176000,0.657587
1.968000,383.760000,0.764611
16.400000,1232.624000,0.902683
13.776000,1484.528000,0.730901
24.272000,3183.568000,1.275206
12.464000,1207.696000,0.770005
1.968000,2266.480000,0.793882
4.592000,239.440000,0.850289
7.216000,556.944000,0.830340
7.216000,3131.088000,0.901263
17.712000,2947.408000,1.191063
12.464000,585.808000,0.700465
1.968000,2292.720000,1.054257
29.520000,1803.344000,0.700326
17.712000,2885.744000,0.996437
22.960000,2730.928000,0.711769
15.088000,2309.776000,0.867324
21.648000,2946.096000,0.948279
33.456000,1256.240000,0.839009
20.336000,2426.544000,0.746396
0.656000,3001.200000,0.876200
33.456000,2350.448000,1.204424
22.960000,1052.880000,0.902778
25.584000,2080.176000,1.387308
3.280000,381.136000,0.842987
7.216000,1307.408000,0.680095
22.960000,2233.680000,0.720943
22.960000,183.024000,0.674297
1.968000,32.144000,0.864898
0.656000,2616.784000,0.722974
5.904000,1131.600000,0.696544
37.392000,846.896000,1.076283
34.768000,3002.512000,2.009555
34.768000,589.744000,0.778016
34.768000,3026.128000,0.668852
19.024000,2060.496000,1.015757
17.712000,1927.984000,0.788868
24.272000,412.624000,1.351942
38.704000,2610.224000,0.788714
17.712000,945.296000,0.748022
20.336000,53.136000,0.716473
19.024000,112.176000,0.736257
9.840000,2780.784000,1.119017
36.080000,2283.536000,1.123322
19.024000,1088.304000,1.200027
7.216000,591.056000,0.687597
11.152000,673.712000,0.656475
32.144000,1534.384000,0.768120
5.904000,165.968000,0.964141
36.080000,266.992000,0.662647
1.968000,2364.880000,0.678151
28.208000,1214.256000,0.687285
32.144000,1998.832000,0.840327
1.968000,1703.632000,0.998998
21.648000,1030.576000,0.673582
15.088000,1224.752000,0.940050
34.768000,2893.616000,0.692690
11.152000,2700.752000,0.877168
4.592000,1477.968000,1.025365
38.704000,1500.272000,0.927924
33.456000,3146.832000,0.914441
12.464000,2137.904000,1.998501
38.704000,1475.344000,0.766716
20.336000,3081.232000,0.863693
12.464000,1687.888000,0.824193
11.152000,2253.360000,0.958010
26.896000,2889.680000,1.289913
22.960000,2023.760000,0.957604
37.392000,272.240000,0.895845
4.592000,572.688000,0.740318
30.832000,2336.016000,0.982527
32.144000,2779.472000,1.787029
4.592000,478.224000,1.207380
8.528000,211.888000,0.822510
20.336000,1556.688000,1.351479
24.272000,2746.672000,0.788779
17.712000,2255.984000,1.427069
28.208000,605.488000,1.684696
1.968000,1349.392000,1.123527
28.208000,369.328000,1.182072
19.024000,1638.032000,0.785893
0.656000,1665.584000,0.948721
36.080000,142.352000,1.270823
13.776000,2183.824000,0.881170
22.960000,2762.416000,1.190926
29.520000,89.872000,0.755407
30.832000,2986.768000,1.125133
5.904000,1024.016000,0.723608
34.768000,419.184000,0.681905
11.152000,1954.224000,1.185356
13.776000,499.216000,0.814852
12.464000,1521.264000,0.753826
25.584000,1353.328000,1.082002
30.832000,1853.200000,0.831767
0.656000,731.440000,0.959576
38.704000,2628.592000,1.725924
28.208000,1466.160000,1.136984
30.832000,718.320000,0.949099
28.208000,2501.328000,1.035414
1.968000,169.904000,1.023356
8.528000,2694.192000,0.745557
38.704000,1449.104000,0.866871
4.592000,684.208000,1.308457
7.216000,2173.328000,2.539604
36.080000,1645.904000,0.794195
4.592000,2026.384000,0.752585
13.776000,70.192000,0.682442
4.592000,467.728000,0.705431
17.712000,1422.864000,1.506834
36.080000,2413.424000,0.813539
25.584000,1224.752000,0.901843
21.648000,2151.024000,0.712091
15.088000,2389.808000,0.862708
21.648000,316.848000,0.871515
0.656000,76.752000,0.722824
12.464000,2401.616000,1.173670
28.208000,1277.232000,1.011577
15.088000,3124.528000,0.959683
9.840000,2888.368000,0.690887
16.400000,2902.800000,0.690584
1.968000,2109.040000,0.664535
16.400000,1249.680000,1.314793
11.152000,143.664000,1.261435
4.592000,2980.208000,1.053421
20.336000,1651.152000,0.729110
25.584000,2266.480000,0.689743
21.648000,831.152000,0.668267
15.088000,3117.968000,0.798177
5.904000,1463.536000,0.776830
1.968000,2784.720000,1.041929
34.768000,1449.104000,0.748126
12.464000,2715.184000,1.002148
13.776000,505.776000,1.442431
26.896000,1543.568000,0.988378
26.896000,1362.512000,0.658402
25.584000,53.136000,0.822194
20.336000,2944.784000,0.699988
24.272000,2486.896000,1.311209
13.776000,3100.912000,0.732102
20.336000,336.528000,0.835386
16.400000,745.872000,1.141327
4.592000,2901.488000,0.742222
37.392000,803.600000,1.230995
38.704000,1121.104000,0.955204
9.840000,1323.152000,1.106300
29.520000,2311.088000,0.887040
4.592000,3003.824000,1.090936
25.584000,886.256000,0.922066
15.088000,1921.424000,1.056247
37.392000,1056.816000,0.742965
22.960000,2591.856000,0.931583
33.456000,463.792000,0.900120
19.024000,1113.232000,0.932526
30.832000,1209.008000,0.767612
36.080000,3141.584000,1.107804
32.144000,143.664000,0.671158
15.088000,1899.120000,2.042532
32.144000,638.288000,0.816523
34.768000,67.568000,1.475963
13.776000,291.920000,0.765048
7.216000,3015.632000,0.828933
24.272000,3087.792000,0.803023
13.776000,1669.520000,0.665784
30.832000,1017.456000,0.715465
16.400000,2246.800000,1.105469
32.144000,853.456000,0.761523
17.712000,465.104000,0.829452
5.904000,798.352000,0.773125
26.896000,295.856000,1.334660
20.336000,1701.008000,1.762006
24.272000,2244.176000,0.678125
38.704000,739.312000,0.949832
37.392000,1908.304000,0.973411
36.080000,2855.568000,0.695497
38.704000,541.200000,1.037347
19.024000,484.784000,1.473072
29.520000,2747.984000,0.901605
30.832000,2206.128000,0.857964
19.024000,3075.984000,0.813521
8.528000,2699.440000,0.683318
30.832000,1948.976000,1.155589
4.592000,2974.960000,0.931425
21.648000,2998.576000,1.147577
33.456000,1930.608000,0.690922
30.832000,1394.000000,0.666972
9.840000,1724.624000,1.131542
38.704000,1976.528000,0.771167
29.520000,374.576000,0.867318
5.904000,114.800000,0.726013
29.520000,3199.312000,0.715131
33.456000,841.648000,0.832578
25.584000,1016.144000,1.038759
5.904000,503.152000,0.743499
22.960000,1973.904000,0.923020
8.528000,432.304000,0.682992
36.080000,419.184000,0.927791
19.024000,2139.216000,2.530525
21.648000,1484.528000,0.950891
19.024000,710.448000,1.038938
16.400000,2262.544000,1.574383
4.592000,598.928000,0.764189
0.656000,618.608000,1.564282
7.216000,3182.256000,0.785430
8.528000,701.264000,1.030320
0.656000,2688.944000,1.072740
5.904000,675.024000,1.056805
29.520000,2880.496000,1.026780
11.152000,978.096000,0.704956
1.968000,1.968000,0.860558
12.464000,2292.720000,0.993035
4.592000,1408.432000,0.771050
12.464000,798.352000,1.270769
26.896000,2000.144000,0.775435
8.528000,2051.312000,0.898266
7.216000,2940.848000,0.900192
29.520000,1847.952000,0.782233
22.960000,1072.560000,1.038723
22.960000,1874.192000,0.964087
5.904000,130.544000,0.683233
19.024000,155.472000,1.315228
4.592000,2116.912000,0.963309
36.080000,34.768000,0.773972
13.776000,1435.984000,1.106986
34.768000,2337.328000,1.449702
34.768000,1962.096000,0.780928
4.592000,593.680000,0.791638
36.080000,1517.328000,1.046972
7.216000,1990.960000,0.756362
32.144000,2699.440000,0.889469
1.968000,1862.384000,0.837862
17.712000,2704.688000,0.781974
8.528000,1104.048000,0.703963
12.464000,1176.208000,0.657490
29.520000,1083.056000,1.505598
19.024000,630.416000,0.681643
24.272000,787.856000,0.720273
29.520000,168.592000,0.935163
15.088000,243.376000,1.363213
20.336000,1693.136000,0.659593
37.392000,1617.040000,0.963396
28.208000,904.624000,0.904483
28.208000,1704.944000,0.692036
29.520000,2313.712000,1.034971
1.968000,1794.160000,0.958131
3.280000,793.104000,0.919545
13.776000,1147.344000,1.030860
8.528000,1144.720000,0.662995
1.968000,231.568000,0.938403
20.336000,1498.960000,1.635193
34.768000,1560.624000,0.697636
1.968000,265.680000,1.032370
21.648000,165.968000,0.803708
38.704000,664.528000,1.443962
30.832000,1361.200000,1.224454
15.088000,1100.112000,1.121313
38.704000,1487.152000,0.818981
12.464000,1661.648000,0.883850
13.776000,2304.528000,0.791494
37.392000,2871.312000,0.984994
4.592000,2898.864000,0.881422
0.656000,2721.744000,0.974010
13.776000,644.848000,0.746618
21.648000,1338.896000,0.711760
1.968000,1328.400000,0.721809
12.464000,1685.264000,3.980137
0.656000,807.536000,0.802025
26.896000,3144.208000,0.964978
38.704000,2868.688000,1.059996
17.712000,1068.624000,0.670863
37.392000,1934.544000,0.693132
4.592000,2153.648000,0.672275
37.392000,15.088000,0.754218
13.776000,186.960000,0.806736
25.584000,2154.960000,1.093349
11.152000,854.768000,0.926819
36.080000,608.112000,0.733139
11.152000,1930.608000,1.016333
21.648000,1922.736000,1.203384
11.152000,1844.016000,0.793088
38.704000,2883.120000,0.680004
15.088000,71.504000,1.362251
29.520000,870.512000,1.396511
30.832000,1409.744000,1.387693
15.088000,2461.968000,0.829508
16.400000,1014.832000,0.740086
7.216000,2368.816000,1.192095
15.088000,440.176000,1.081255
34.768000,2717.808000,0.746272
29.520000,1223.440000,0.685503
9.840000,3047.120000,0.701750
33.456000,1745.616000,0.915518
15.088000,318.160000,0.979495
3.280000,9.840000,1.829027
34.768000,1926.672000,0.987129
26.896000,2534.128000,1.049024
28.208000,995.152000,0.838042
19.024000,3024.816000,0.878407
0.656000,3184.880000,0.677360
19.024000,2876.560000,0.901264
37.392000,28.208000,0.740239
32.144000,2380.624000,1.178352
3.280000,2938.224000,0.729167
37.392000,597.616000,0.787509
19.024000,2926.416000,0.734762
34.768000,474.288000,1.385965
11.152000,3186.192000,0.938261
3.280000,1834.832000,0.691702
17.712000,3023.504000,0.672886
12.464000,3028.752000,0.787010
36.080000,133.168000,0.888670
13.776000,1615.728000,0.801834
24.272000,1951.600000,0.858156
32.144000,888.880000,0.838442
37.392000,449.360000,1.017389
4.592000,1956.848000,0.712578
37.392000,1837.456000,0.724426
0.656000,1815.152000,0.699878
22.960000,734.064000,2.267643
8.528000,3196.688000,0.989020
37.392000,706.512000,0.922063
12.464000,2363.568000,0.787805
16.400000,596.304000,0.718087
37.392000,1463.536000,1.118805
8.528000,1491.088000,1.038180
34.768000,919.056000,1.567345
11.152000,3065.488000,1.197242
38.704000,2956.592000,0.877734
8.528000,2333.392000,1.366922
15.088000,1226.064000,0.963831
11.152000,1624.912000,1.033003
21.648000,1701.008000,0.698730
12.464000,76.752000,2.040135
34.768000,2402.928000,0.908776
29.520000,1951.600000,0.868090
21.648000,1043.696000,1.049375
4.592000,2538.064000,0.707713
15.088000,1655.088000,0.743753
32.144000,2370.128000,1.142661
0.656000,142.352000,0.716376
17.712000,1735.120000,1.005825
17.712000,2204.816000,0.807014
12.464000,3191.440000,1.320960
3.280000,2650.896000,0.739049
20.336000,340.464000,0.799814
4.592000,1430.736000,0.713446
11.152000,1939.792000,2.001956
22.960000,192.208000,0.759137
24.272000,2758.480000,0.829347
1.968000,2043.440000,0.728147
38.704000,1971.280000,0.785942
8.528000,1241.808000,0.965984
11.152000,2101.168000,0.741108
15.088000,1167.024000,0.953538
25.584000,2763.728000,0.704244
17.712000,3091.728000,0.783793
15.088000,1500.272000,1.254273
29.520000,2198.256000,0.985512
0.656000,741.936000,0.673081
38.704000,1420.240000,0.781840
37.392000,2616.784000,1.366369
13.776000,2172.016000,1.419146
33.456000,999.088000,0.899734
20.336000,794.416000,0.704280
29.520000,3048.432000,1.306840
32.144000,2346.512000,1.010016
7.216000,492.656000,1.698190
32.144000,2972.336000,1.080394
29.520000,2994.640000,0.683619
20.336000,1199.824000,0.924536
22.960000,1210.320000,0.842072
33.456000,777.360000,0.769496
28.208000,1624.912000,0.723195
8.528000,2106.416000,0.701816
9.840000,818.032000,1.592671
9.840000,1468.784000,1.243599
37.392000,530.704000,0.848073
16.400000,2200.880000,0.819140
7.216000,999.088000,1.010651
9.840000,3001.200000,0.727483
21.648000,51.824000,0.734708
22.960000,3.280000,1.066468
13.776000,972.848000,0.923865
22.960000,2300.592000,0.743950
1.968000,751.120000,0.890152
5.904000,1912.240000,0.693110
8.528000,70.192000,0.691747
19.024000,1701.008000,1.393532
25.584000,562.192000,0.688368
4.592000,1964.720000,0.683820
4.592000,584.496000,0.831862
17.712000,3165.200000,0.730885
24.272000,5.904000,0.852270
12.464000,1155.216000,0.829244
29.520000,988.592000,0.765847
9.840000,511.024000,0.912753
9.840000,410.000000,0.932679
24.272000,327.344000,0.887860
7.216000,671.088000,1.013088
1.968000,2374.064000,0.738993
28.208000,2580.048000,0.696293
32.144000,1373.008000,0.673541
29.520000,1096.176000,0.663121
24.272000,3074.672000,0.778046
15.088000,1886.000000,0.956815
3.280000,398.192000,0.837443
36.080000,2635.152000,1.771202
30.832000,2258.608000,0.912569
22.960000,1042.384000,0.737457
0.656000,1857.136000,1.202895
19.024000,812.784000,0.670960
36.080000,501.840000,0.931378
3.280000,322.096000,1.050742
33.456000,2837.200000,0.794101
19.024000,1899.120000,0.965779
32.144000,741.936000,1.288928
7.216000,2265.168000,0.726877
33.456000,1425.488000,0.832085
33.456000,903.312000,1.005758
30.832000,2313.712000,0.752478
8.528000,1815.152000,1.179665
29.520000,2190.384000,1.640299
19.024000,2492.144000,1.857181
20.336000,2561.680000,0.684780
19.024000,610.736000,1.351148
28.208000,2918.544000,1.028543
38.704000,2636.464000,1.637787
4.592000,2119.536000,0.937988
12.464000,1159.152000,0.956358
9.840000,1824.336000,0.840051
11.152000,3100.912000,1.265467
25.584000,1418.928000,0.976147
21.648000,707.824000,0.743236
26.896000,2978.896000,1.177507
29.520000,454.608000,0.668610
7.216000,2418.672000,0.728181
20.336000,1110.608000,0.706434
1.968000,2548.560000,0.669867
19.024000,2796.528000,0.688550
33.456000,1237.872000,1.805728
34.768000,1568.496000,0.900422
9.840000,318.160000,0.815842
36.080000,2947.408000,0.929905
26.896000,501.840000,0.773744
20.336000,1992.272000,0.975690
19.024000,778.672000,0.912464
33.456000,1508.144000,1.026131
26.896000,2948.720000,0.851440
24.272000,554.320000,0.680928
21.648000,2507.888000,1.195947
22.960000,2797.840000,0.850767
1.968000,879.696000,1.185407
25.584000,2553.808000,0.908015
25.584000,1665.584000,0.848444
5.904000,2043.440000,1.219159
28.208000,1652.464000,0.741387
13.776000,85.936000,0.732412
20.336000,62.320000,1.064519
28.208000,2413.424000,0.918977
8.528000,1862.384000,2.084811
17.712000,2736.176000,1.307328
20.336000,1799.408000,1.372492
0.656000,1505.520000,0.675541
25.584000,1554.064000,1.078936
3.280000,545.136000,0.935359
12.464000,358.832000,1.144622
30.832000,1725.936000,0.702628
9.840000,2077.552000,1.423201
15.088000,2726.992000,1.646659
5.904000,814.096000,1.245121
0.656000,3007.760000,1.064308
36.080000,900.688000,0.662092
33.456000,2044.752000,0.907468
28.208000,693.392000,1.003544
25.584000,2034.256000,1.034078
34.768000,2405.552000,0.669327
11.152000,825.904000,0.730986
26.896000,2047.376000,0.757518
22.960000,2795.216000,0.923830
26.896000,660.592000,0.733999
24.272000,3039.248000,1.401949
12.464000,1861.072000,0.962965
8.528000,2029.008000,0.911126
3.280000,2337.328000,0.693468
37.392000,2862.128000,0.808739
12.464000,1017.456000,0.737126
3.280000,741.936000,1.702329
9.840000,2165.456000,0.906072
19.024000,2776.848000,1.590324
33.456000,1121.104000,1.623156
28.208000,1653.776000,0.703902
26.896000,1245.744000,1.114421
0.656000,2803.088000,0.673735
21.648000,2956.592000,1.894659
1.968000,1102.736000,0.981815
11.152000,912.496000,0.911311
11.152000,201.392000,0.749120
25.584000,238.128000,0.663503
16.400000,1530.448000,0.954329
3.280000,1148.656000,0.675820
17.712000,1728.560000,0.920218
15.088000,1202.448000,1.009231
4.592000,493.968000,1.164953
15.088000,417.872000,1.690972
32.144000,1250.992000,1.151486
33.456000,190.896000,1.335176
36.080000,2789.968000,1.393399
22.960000,992.528000,1.478181
36.080000,2717.808000,0.708951
21.648000,2057.872000,1.045059
19.024000,479.536000,1.727310
8.528000,1359.888000,1.011835
22.960000,3023.504000,0.678245
8.528000,1194.576000,0.842941
11.152000,2446.224000,0.664080
17.712000,1527.824000,1.114471
36.080000,343.088000,0.860659
4.592000,7.216000,0.838469
16.400000,1362.512000,0.942930
17.712000,1905.680000,1.375583
25.584000,1694.448000,0.989886
28.208000,142.352000,1.179953
13.776000,1993.584000,0.922943
3.280000,1039.760000,1.185419
13.776000,1640.656000,0.900109
25.584000,749.808000,0.759557
21.648000,2055.248000,1.037370
28.208000,3217.680000,0.804714
37.392000,2309.776000,0.852157
30.832000,535.952000,1.454388
4.592000,1840.080000,0.694810
33.456000,698.640000,0.735227
0.656000,821.968000,1.270484
17.712000,2308.464000,0.734033
4.592000,1742.992000,0.755345
16.400000,425.744000,0.765311
28.208000,3074.672000,1.968002
24.272000,2442.288000,0.793737
15.088000,1954.224000,0.832651
1.968000,491.344000,0.670287
17.712000,2707.312000,0.721788
3.280000,448.048000,0.664843
22.960000,1910.928000,1.056885
24.272000,1543.568000,0.825747
20.336000,1703.632000,1.550527
19.024000,1269.360000,0.931205
22.960000,335.216000,0.766299
28.208000,769.488000,1.149037
12.464000,1464.848000,0.945518
26.896000,1683.952000,1.275269
36.080000,382.448000,0.909441
7.216000,1279.856000,0.771413
29.520000,2085.424000,0.831308
16.400000,1212.944000,0.672047
36.080000,1899.120000,0.864559
9.840000,1367.760000,0.816976
15.088000,783.920000,0.720481
11.152000,84.624000,0.664925
28.208000,301.104000,0.855726
20.336000,2250.736000,0.673122
11.152000,1079.120000,0.935836
7.216000,3138.960000,0.716975
28.208000,1868.944000,0.676051
22.960000,2703.376000,0.737227
8.528000,2252.048000,0.862985
15.088000,3195.376000,0.970777
37.392000,2539.376000,1.725456
32.144000,2536.752000,1.003418
20.336000,2986.768000,0.718044
38.704000,2859.504000,0.756732
15.088000,2249.424000,0.662788
9.840000,232.880000,0.675708
16.400000,293.232000,0.684797
17.712000,326.032000,1.966127
15.088000,1547.504000,0.806202
21.648000,559.568000,1.177845
12.464000,197.456000,1.087854
30.832000,618.608000,0.663167
29.520000,301.104000,0.858909
21.648000,2715.184000,0.778604
1.968000,2141.840000,0.742943
29.520000,1332.336000,0.728757
16.400000,2114.288000,0.889701
13.776000,609.424000,0.765447
25.584000,845.584000,0.880111
1.968000,947.920000,1.135563
26.896000,1394.000000,1.196918
17.712000,1004.336000,1.000319
24.272000,2282.224000,0.803664
13.776000,2492.144000,1.058140
38.704000,983.344000,0.939578
5.904000,2140.528000,0.673246
26.896000,3142.896000,1.152719
29.520000,1990.960000,0.842442
22.960000,1252.304000,0.840533
20.336000,3142.896000,0.804557
28.208000,1324.464000,0.884915
9.840000,2455.408000,1.050063
17.712000,1268.048000,1.385078
37.392000,1408.432000,0.802230
12.464000,1603.920000,1.329543
9.840000,419.184000,1.154708
16.400000,3117.968000,1.116788
33.456000,3053.680000,0.842079
5.904000,1438.608000,0.707252
11.152000,1766.608000,0.824969
37.392000,2015.888000,0.989890
15.088000,1589.488000,0.906457
9.840000,1092.240000,1.104507
9.840000,1315.280000,0.696466
32.144000,1746.928000,0.705468
34.768000,2661.392000,1.597886
38.704000,1947.664000,0.969967
0.656000,2846.384000,1.067819
7.216000,2126.096000,1.081104
33.456000,2419.984000,0.738541
1.968000,1362.512000,1.413135
19.024000,326.032000,1.381905
37.392000,655.344000,0.681855
20.336000,888.880000,0.887390
34.768000,2250.736000,0.872945
25.584000,3094.352000,1.378992
26.896000,2358.320000,0.978694
32.144000,2198.256000,1.156986
34.768000,724.880000,0.839533
29.520000,2677.136000,0.902042
17.712000,690.768000,1.164508
38.704000,1160.464000,0.878724
22.960000,3078.608000,1.610670
8.528000,2208.752000,1.088642
4.592000,2968.400000,0.744513
13.776000,2586.608000,0.688815
34.768000,2685.008000,0.987970
8.528000,2414.736000,0.791410
5.904000,1483.216000,1.022745
26.896000,2750.608000,1.059998
37.392000,807.536000,0.959372
33.456000,2047.376000,0.662734
4.592000,1370.384000,0.835138
0.656000,2789.968000,0.777129
1.968000,1729.872000,0.749355
28.208000,2810.960000,0.944838
37.392000,854.768000,1.474038
20.336000,28.208000,0.714222
22.960000,386.384000,0.848176
5.904000,188.272000,0.840364
25.584000,2753.232000,1.008176
7.216000,378.512000,0.671974
26.896000,1824.336000,1.032401
28.208000,3199.312000,0.751434
11.152000,1963.408000,0.908632
1.968000,193.520000,1.209625
37.392000,3127.152000,1.006565
20.336000,2204.816000,0.790103
24.272000,501.840000,0.707348
25.584000,1914.864000,0.689482
7.216000,260.432000,0.716260
19.024000,2761.104000,0.844684
7.216000,315.536000,0.820786
37.392000,1805.968000,0.858111
8.528000,228.944000,1.114647
30.832000,1379.568000,0.691620
9.840000,3212.432000,1.286267
21.648000,2627.280000,0.656381
25.584000,2789.968000,1.177659
12.464000,2744.048000,0.720047
11.152000,971.536000,1.272653
33.456000,1117.168000,0.728496
1.968000,105.616000,0.955812
8.528000,997.776000,1.457277
16.400000,3222.928000,1.081449
20.336000,849.520000,0.932650
29.520000,202.704000,1.190778
22.960000,3026.128000,0.665327
22.960000,2434.416000,0.795422
34.768000,360.144000,1.526447
22.960000,3015.632000,0.960323
4.592000,1077.808000,0.758007
11.152000,1535.696000,0.996346
28.208000,1119.792000,0.694381
30.832000,2674.512000,1.003038
26.896000,2325.520000,1.317378
25.584000,2271.728000,0.706222
20.336000,1237.872000,0.710620
17.712000,1737.744000,0.824451
15.088000,1163.088000,1.042300
26.896000,3110.096000,0.923435
33.456000,2454.096000,0.783378
16.400000,2232.368000,1.175492
24.272000,2902.800000,1.156164
8.528000,2893.616000,0.815441
33.456000,2614.160000,0.747473
25.584000,2702.064000,0.681516
21.648000,451.984000,0.701261
0.656000,1972.592000,0.924009
34.768000,1084.368000,0.905440
8.528000,3099.600000,0.858699
30.832000,772.112000,0.905520
38.704000,2321.584000,0.723733
20.336000,1177.520000,0.742912
30.832000,3177.008000,0.821241
9.840000,326.032000,1.096277
22.960000,903.312000,0.830376
32.144000,539.888000,0.764793
33.456000,1266.736000,0.759541
5.904000,2623.344000,1.115718
38.704000,274.864000,1.272125
19.024000,2374.064000,1.113508
13.776000,2387.184000,1.212431
11.152000,2330.768000,0.931342
38.704000,794.416000,0.992120
4.592000,152.848000,1.516328
26.896000,2905.424000,1.021559
24.272000,1261.488000,0.862941
22.960000,2751.920000,0.660890
32.144000,2944.784000,1.475420
4.592000,492.656000,0.983530
25.584000,306.352000,1.373945
0.656000,1110.608000,1.150413
15.088000,2759.792000,0.754329
13.776000,1753.488000,0.727927
33.456000,2889.680000,1.036396
3.280000,2709.936000,0.966678
24.272000,806.224000,1.303978
29.520000,341.776000,1.282871
32.144000,1481.904000,0.668631
21.648000,1761.360000,1.010029
8.528000,2557.744000,0.733476
11.152000,1537.008000,0.780668
11.152000,1886.000000,1.131703
34.768000,198.768000,1.307203
37.392000,1006.960000,0.896608
9.840000,2303.216000,0.750144
25.584000,1243.120000,0.811191
4.592000,3091.728000,0.908537
5.904000,2650.896000,1.119798
33.456000,887.568000,0.702586
3.280000,2204.816000,1.290613
8.528000,926.928000,0.684117
20.336000,3133.712000,0.777417
34.768000,1505.520000,1.120400
15.088000,1601.296000,0.735716
24.272000,2329.456000,1.041296
7.216000,512.336000,0.792720
16.400000,731.440000,0.727950
25.584000,1081.744000,0.817472
16.400000,2245.488000,1.203756
29.520000,622.544000,0.874830
29.520000,458.544000,0.887209
7.216000,2856.880000,1.076586
29.520000,314.224000,1.107350
12.464000,1823.024000,0.670643
29.520000,1237.872000,0.910216
24.272000,1870.256000,1.192604
17.712000,192.208000,0.704070
20.336000,2590.544000,1.682770
1.968000,1212.944000,1.104664
4.592000,3196.688000,1.538676
3.280000,748.496000,0.657634
11.152000,2008.016000,0.822792
16.400000,887.568000,0.667074
36.080000,1994.896000,0.753027
1.968000,504.464000,0.883488
1.968000,2936.912000,0.686721
13.776000,2208.752000,1.612901
22.960000,758.992000,0.918147
33.456000,420.496000,0.783149
15.088000,1459.600000,1.052631
0.656000,1748.240000,1.107275
30.832000,1942.416000,1.450183
4.592000,2972.336000,0.911713
20.336000,1081.744000,0.701087
33.456000,1969.968000,0.782947
20.336000,106.928000,1.220550
25.584000,991.216000,0.732167
11.152000,88.560000,1.023649
29.520000,1977.840000,0.745326
11.152000,2629.904000,0.661218
20.336000,255.184000,1.323455
37.392000,1197.200000,0.786379
33.456000,1765.296000,0.712699
32.144000,1641.968000,1.034870
17.712000,2141.840000,1.041801
38.704000,2341.264000,1.253804
33.456000,2905.424000,1.152438
13.776000,1836.144000,2.332346
12.464000,1723.312000,0.756781
11.152000,1034.512000,0.687468
1.968000,2623.344000,0.777398
33.456000,2789.968000,0.823450
0.656000,251.248000,1.362480
30.832000,310.288000,0.981853
32.144000,2816.208000,0.665863
17.712000,2629.904000,0.930426
33.456000,2173.328000,0.734975
32.144000,1529.136000,1.100743
7.216000,646.160000,1.086610
8.528000,1382.192000,1.283288
12.464000,1268.048000,0.656858
25.584000,2805.712000,0.805887
36.080000,1302.160000,0.773654
11.152000,2203.504000,1.207886
9.840000,61.008000,0.916088
36.080000,554.320000,1.467876
33.456000,2587.920000,0.900529
26.896000,1155.216000,1.137864
37.392000,1052.880000,1.001320
0.656000,667.152000,0.678912
28.208000,2816.208000,1.115315
5.904000,3079.920000,2.779037
11.152000,2307.152000,0.697983
29.520000,794.416000,1.028148
5.904000,303.728000,1.256350
20.336000,2063.120000,1.153168
15.088000,3162.576000,0.665045
26.896000,1614.416000,1.236491
34.768000,1253.616000,1.216518
15.088000,1240.496000,0.863751
11.152000,1935.856000,0.871347
0.656000,2378.000000,1.701661
3.280000,445.424000,1.028670
34.768000,2318.960000,0.924039
11.152000,1627.536000,0.888785
1.968000,2977.584000,1.177132
9.840000,2035.568000,0.952790
9.840000,490.032000,0.744400
0.656000,350.960000,0.759518
5.904000,462.480000,0.847462
22.960000,1731.184000,1.172820
28.208000,38.704000,1.197925
30.832000,588.432000,0.709591
36.080000,1055.504000,1.155142
28.208000,2141.840000,1.254521
9.840000,2812.272000,0.776248
9.840000,425.744000,0.842694
29.520000,1454.352000,0.662830
32.144000,740.624000,1.623874
34.768000,3166.512000,0.802911
22.960000,226.320000,0.678850
20.336000,3062.864000,0.719791
20.336000,242.064000,1.420110
17.712000,612.048000,0.950772
24.272000,1855.824000,1.502532
24.272000,3204.560000,0.711584
17.712000,1201.136000,1.120738
29.520000,2017.200000,1.059182
36.080000,928.240000,0.872390
38.704000,1693.136000,2.038967
5.904000,1396.624000,0.668230
20.336000,1382.192000,0.713862
20.336000,1657.712000,0.903150
22.960000,1888.624000,0.763200
3.280000,454.608000,0.813971
1.968000,2906.736000,0.694701
17.712000,1226.064000,0.787082
3.280000,1505.520000,1.012063
37.392000,511.024000,1.041355
0.656000,943.984000,0.656459
32.144000,605.488000,1.345323
25.584000,3166.512000,0.662662
19.024000,88.560000,0.827546
22.960000,3010.384000,0.693407
9.840000,2065.744000,0.689416
13.776000,1775.792000,1.250595
25.584000,1491.088000,0.712787
0.656000,751.120000,1.190974
16.400000,261.744000,0.714062
4.592000,2039.504000,1.058907
8.528000,2233.680000,0.856863
29.520000,2805.712000,0.761973
7.216000,1660.336000,0.682812
29.520000,3064.176000,0.795659
15.088000,758.992000,1.035171
0.656000,185.648000,0.923997
5.904000,2981.520000,1.024607
29.520000,497.904000,0.893349
25.584000,2880.496000,1.508441
12.464000,116.112000,0.962220
11.152000,2908.048000,0.973434
7.216000,1257.552000,1.108805
15.088000,20.336000,0.832172
33.456000,2826.704000,0.773336
5.904000,820.656000,0.658955
1.968000,3187.504000,0.874738
0.656000,2640.400000,1.098801
17.712000,1439.920000,1.040952
8.528000,739.312000,0.826730
0.656000,144.976000,1.347257
0.656000,2929.040000,0.788436
12.464000,3093.040000,0.959436
9.840000,728.816000,1.230759
29.520000,402.128000,0.893035
13.776000,538.576000,0.787453
21.648000,2514.448000,1.352739
24.272000,1575.056000,0.924353
19.024000,808.848000,0.793133
22.960000,2068.368000,0.707778
19.024000,2784.720000,1.368495
0.656000,474.288000,0.658406
30.832000,886.256000,1.048716
0.656000,547.760000,0.835001
22.960000,2181.200000,0.839482
0.656000,1421.552000,1.017019
1.968000,875.760000,0.710880
30.832000,1226.064000,0.850275
29.520000,2821.456000,1.417584
3.280000,1666.896000,0.734947
26.896000,96.432000,0.815660
8.528000,2010.640000,0.980764
4.592000,2299.280000,0.870676
33.456000,1207.696000,0.720126
12.464000,25.584000,0.835879
15.088000,819.344000,0.811034
15.088000,1184.080000,1.222825
34.768000,618.608000,0.722829
19.024000,179.088000,0.918638
16.400000,723.568000,0.781375
37.392000,289.296000,0.935515
1.968000,125.296000,0.739897
19.024000,2238.928000,0.668696
25.584000,2349.136000,1.061952
37.392000,2968.400000,0.807279
11.152000,741.936000,1.090724
22.960000,2999.888000,2.072214
16.400000,1669.520000,0.699760
38.704000,252.560000,0.812493
3.280000,542.512000,0.876069
36.080000,1687.888000,1.025304
30.832000,1539.632000,0.732032
25.584000,55.760000,0.768094
36.080000,2742.736000,1.243022
20.336000,1564.560000,1.145276
37.392000,3079.920000,1.481111
19.024000,2082.800000,0.972374
25.584000,514.960000,0.808732
13.776000,413.936000,0.767131
11.152000,2371.440000,2.656585
29.520000,1193.264000,0.704023
13.776000,529.392000,1.619711
0.656000,1249.680000,0.803248
29.520000,2419.984000,0.745638
22.960000,1092.240000,0.675845
8.528000,1058.128000,0.681101
0.656000,940.048000,1.016435
28.208000,610.736000,0.847735
16.400000,1142.096000,1.336425
19.024000,2220.560000,1.052306
38.704000,2545.936000,0.670895
13.776000,1745.616000,0.894441
33.456000,3195.376000,0.743979
16.400000,289.296000,0.702986
4.592000,2540.688000,1.044102
19.024000,3032.688000,1.138573
5.904000,1271.984000,1.001762
29.520000,1275.920000,1.417504
9.840000,2822.768000,1.370905
8.528000,1428.112000,0.860351
32.144000,2637.776000,0.943871
34.768000,1334.960000,1.113955
12.464000,3016.944000,0.951635
12.464000,1630.160000,0.861853
22.960000,200.080000,0.808684
5.904000,865.264000,1.192468
0.656000,462.480000,1.042116
21.648000,2343.888000,1.081932
15.088000,753.744000,0.793990
9.840000,3140.272000,1.679152
0.656000,2480.336000,1.410264
16.400000,2151.024000,0.850001
30.832000,1602.608000,0.747861
15.088000,307.664000,0.931886
32.144000,997.776000,1.494167
29.520000,1657.712000,1.054781
22.960000,399.504000,1.341935
7.216000,364.080000,0.906998
15.088000,2081.488000,0.899745
7.216000,1546.192000,1.015293
12.464000,2044.752000,0.869280
7.216000,1121.104000,1.062360
13.776000,2641.712000,1.930228
19.024000,1117.168000,0.898951
1.968000,84.624000,1.241977
17.712000,2538.064000,0.827537
19.024000,171.216000,0.697965
7.216000,349.648000,1.142244
24.272000,1034.512000,0.998702
13.776000,3156.016000,0.680564
25.584000,3070.736000,0.849324
20.336000,2308.464000,0.897587
24.272000,2032.944000,1.727173
4.592000,1252.304000,1.649258
24.272000,537.264000,1.399840
32.144000,1177.520000,0.659325
37.392000,1260.176000,0.906514
30.832000,1462.224000,0.676858
24.272000,2199.568000,0.918991
28.208000,1598.672000,0.856159
5.904000,1051.568000,0.861023
38.704000,2052.624000,0.900539
24.272000,534.640000,0.974833
12.464000,3072.048000,1.724372
25.584000,2770.288000,1.214610
21.648000,2770.288000,0.765935
29.520000,425.744000,1.937734
36.080000,2740.112000,1.530801
19.024000,450.672000,0.860834
20.336000,2178.576000,0.946104
19.024000,1483.216000,0.916365
7.216000,1951.600000,1.442419
20.336000,1715.440000,0.661316
1.968000,2224.496000,1.099488
13.776000,2977.584000,1.047801
4.592000,2193.008000,0.797513
5.904000,2035.568000,1.214207
29.520000,542.512000,0.905385
19.024000,1655.088000,0.673255
25.584000,2295.344000,0.773960
13.776000,2048.688000,0.665471
9.840000,2707.312000,1.353152
24.272000,1125.040000,1.325132
17.712000,1130.288000,0.823792
26.896000,1476.656000,1.512013
29.520000,370.640000,0.708973
20.336000,352.272000,0.689138
1.968000,1767.920000,0.932064
1.968000,1501.584000,0.680615
24.272000,1361.200000,0.672619
20.336000,1394.000000,0.874305
22.960000,705.200000,1.218527
36.080000,698.640000,0.784014
26.896000,2236.304000,0.856021
37.392000,2316.336000,0.745039
30.832000,681.584000,0.809695
28.208000,76.752000,0.676687
13.776000,2925.104000,1.392433
9.840000,3159.952000,0.781126
29.520000,635.664000,1.234450
15.088000,162.032000,1.055518
3.280000,538.576000,1.048316
0.656000,1054.192000,0.861866
8.528000,55.760000,1.380836
13.776000,2601.040000,0.895215
26.896000,188.272000,0.860904
7.216000,717.008000,1.126305
24.272000,2202.192000,0.992032
26.896000,1861.072000,0.933187
28.208000,2069.680000,0.684295
28.208000,1644.592000,0.802681
34.768000,1888.624000,0.697208
21.648000,1565.872000,0.776938
15.088000,905.936000,0.729790
28.208000,3009.072000,1.772518
17.712000,829.840000,1.291044
36.080000,622.544000,0.721211
4.592000,1228.688000,0.709246
12.464000,829.840000,0.787064
21.648000,766.864000,0.707933
37.392000,955.792000,0.759628
37.392000,1676.080000,0.766189
26.896000,1754.800000,0.777152
13.776000,962.352000,0.683496
38.704000,2419.984000,0.746419
32.144000,503.152000,1.028146
29.520000,1354.640000,0.836374
33.456000,688.144000,0.821176
25.584000,2772.912000,1.191649
3.280000,2055.248000,1.259275
38.704000,2263.856000,0.818383
38.704000,1853.200000,1.092836
15.088000,732.752000,0.676487
19.024000,2263.856000,0.997632
28.208000,1847.952000,0.942152
26.896000,143.664000,0.693872
24.272000,2549.872000,0.892494
30.832000,2290.096000,1.145222
21.648000,865.264000,0.837924
37.392000,336.528000,0.820368
17.712000,1157.840000,0.890524
25.584000,2963.152000,1.246905
16.400000,1026.640000,0.756113
5.904000,2078.864000,0.712058
16.400000,373.264000,0.741615
26.896000,512.336000,0.795836
1.968000,1938.480000,0.810370
28.208000,2570.864000,0.688552
12.464000,2010.640000,1.025293
24.272000,1380.880000,0.698002
16.400000,1446.480000,1.430753
16.400000,997.776000,0.669770
30.832000,3211.120000,0.894024
16.400000,2034.256000,1.013038
12.464000,1741.680000,0.947404
7.216000,2990.704000,0.786610
24.272000,167.280000,1.072399
21.648000,856.080000,0.989830
1.968000,1792.848000,0.842462
29.520000,2124.784000,0.696885
19.024000,1275.920000,1.362171
7.216000,407.376000,0.979098
25.584000,1464.848000,0.952211
34.768000,2178.576000,0.887240
4.592000,386.384000,0.742078
8.528000,2559.056000,0.692857
5.904000,1109.296000,1.240208
26.896000,125.296000,0.812601
1.968000,1493.712000,1.136605
4.592000,2960.528000,1.289069
32.144000,2405.552000,0.938069
32.144000,2473.776000,0.977227
3.280000,1990.960000,0.734893
5.904000,2632.528000,0.803625
11.152000,1456.976000,1.404584
36.080000,1735.120000,1.323521
8.528000,373.264000,1.209662
24.272000,1502.896000,0.830753
33.456000,1400.560000,0.663607
36.080000,2231.056000,0.774231
9.840000,2692.880000,0.891306
36.080000,172.528000,0.814343
12.464000,3145.520000,0.709054
11.152000,123.984000,0.758626
29.520000,3217.680000,1.056595
7.216000,798.352000,0.707182
5.904000,3066.800000,0.773416
26.896000,1765.296000,0.746998
37.392000,20.336000,1.118305
13.776000,1117.168000,1.482253
12.464000,1804.656000,0.908145
0.656000,3061.552000,0.989643
8.528000,1593.424000,2.156168
11.152000,2444.912000,0.719263
0.656000,1098.800000,0.679050
38.704000,1504.208000,0.975148
3.280000,2091.984000,1.048477
30.832000,1066.000000,1.033126
7.216000,1248.368000,0.859174
12.464000,1003.024000,0.960843
24.272000,1160.464000,1.261973
13.776000,1157.840000,0.720560
36.080000,2173.328000,1.391366
34.768000,1127.664000,0.807241
9.840000,3070.736000,0.760515
0.656000,160.720000,0.865301
9.840000,518.896000,0.876641
28.208000,760.304000,0.705234
13.776000,2018.512000,0.961258
19.024000,2143.152000,0.705850
5.904000,417.872000,0.724334
15.088000,2969.712000,0.664847
32.144000,3089.104000,0.686193
17.712000,1904.368000,0.658658
38.704000,1686.576000,1.728559
34.768000,1761.360000,0.709655
32.144000,1905.680000,0.737330
26.896000,1063.376000,0.667062
21.648000,1951.600000,0.716746
38.704000,875.760000,0.937916
36.080000,1774.480000,0.882542
29.520000,1161.776000,0.730946
20.336000,2507.888000,0.709700
3.280000,1808.592000,0.714174
20.336000,631.728000,0.772293
5.904000,3158.640000,0.759556
17.712000,2435.728000,1.227145
33.456000,1005.648000,0.986000
7.216000,2333.392000,1.135112
22.960000,1672.144000,2.392848
19.024000,2194.320000,0.776967
37.392000,294.544000,1.123474
12.464000,265.680000,0.879680
30.832000,55.760000,0.691458
21.648000,959.728000,1.165016
16.400000,2595.792000,0.836373
1.968000,621.232000,1.067706
22.960000,633.040000,0.684647
30.832000,1041.072000,1.514723
0.656000,903.312000,0.704868
29.520000,2838.512000,0.662392
38.704000,1808.592000,1.491308
7.216000,2084.112000,0.675310
15.088000,1906.992000,1.015546
5.904000,1066.000000,0.953881
36.080000,108.240000,0.800052
3.280000,2578.736000,1.092678
28.208000,3032.688000,1.114356
16.400000,3187.504000,0.692154
8.528000,1156.528000,0.761766
11.152000,434.928000,1.523087
26.896000,416.560000,0.948915
38.704000,549.072000,0.664465
36.080000,471.664000,0.913445
26.896000,1576.368000,0.723231
21.648000,284.048000,0.803004
26.896000,99.056000,0.962994
15.088000,2291.408000,0.783568
36.080000,3148.144000,0.832155
5.904000,1143.408000,0.715632
37.392000,2339.952000,1.279133
32.144000,2864.752000,0.851554
30.832000,1357.264000,0.768345
13.776000,3200.624000,1.137259
1.968000,2172.016000,0.730733
9.840000,2343.888000,0.832641
26.896000,466.416000,0.662513
22.960000,1290.352000,0.921079
34.768000,1459.600000,1.070982
34.768000,1429.424000,0.879354
11.152000,870.512000,0.720741
26.896000,1533.072000,1.453182
22.960000,2211.376000,2.144787
33.456000,2050.000000,0.767768
5.904000,1026.640000,0.760992
5.904000,1269.360000,1.779166
8.528000,3010.384000,0.746190
8.528000,2008.016000,0.732070
16.400000,1375.632000,0.712978
9.840000,88.560000,0.961795
11.152000,2282.224000,0.686563
19.024000,2170.704000,1.110722
26.896000,369.328000,1.374959
22.960000,1306.096000,0.996140
30.832000,1895.184000,1.576035
26.896000,602.864000,2.350994
19.024000,2935.600000,1.436752
19.024000,1832.208000,0.834805
24.272000,2097.232000,0.772536
8.528000,3069.424000,1.024298
24.272000,3198.000000,0.660686
20.336000,1895.184000,1.206308
36.080000,2448.848000,0.824079
16.400000,1060.752000,1.314450
26.896000,2766.352000,0.860336
28.208000,1914.864000,0.706371
22.960000,1029.264000,1.465596
15.088000,663.216000,1.550026
16.400000,1194.576000,0.929456
5.904000,433.616000,0.704131
16.400000,3016.944000,0.721191
4.592000,1870.256000,1.671296
19.024000,2656.144000,0.758929
0.656000,268.304000,1.819971
0.656000,169.904000,1.033138
28.208000,821.968000,0.798275
25.584000,1815.152000,1.418746
7.216000,1651.152000,0.763577
11.152000,1449.104000,0.960900
5.904000,2566.928000,2.133184
22.960000,1701.008000,0.823397
9.840000,323.408000,0.748694
17.712000,1100.112000,1.211855
29.520000,1281.168000,1.149296
24.272000,627.792000,0.756046
7.216000,521.520000,0.866813
21.648000,542.512000,0.895410
33.456000,2921.168000,0.771631
9.840000,2042.128000,1.370907
12.464000,2804.400000,2.320184
20.336000,183.024000,1.136293
25.584000,877.072000,1.072566
38.704000,2219.248000,0.709552
4.592000,1657.712000,0.661963
28.208000,196.144000,0.832864
37.392000,1588.176000,0.849296
17.712000,1265.424000,0.787235
15.088000,3192.752000,0.790614
11.152000,1144.720000,1.090926
5.904000,2257.296000,0.940502
20.336000,2008.016000,1.245707
4.592000,1310.032000,0.749867
36.080000,2412.112000,1.014031
15.088000,908.560000,0.698889
0.656000,1550.128000,1.321161
33.456000,180.400000,1.227997
36.080000,2035.568000,0.693221
15.088000,2656.144000,1.084895
7.216000,2500.016000,1.050472
22.960000,2628.592000,0.719103
32.144000,423.120000,1.380235
17.712000,1815.152000,0.727320
38.704000,265.680000,1.519219
13.776000,537.264000,0.932220
3.280000,1016.144000,0.739682
1.968000,3167.824000,1.251189
29.520000,421.808000,0.734125
9.840000,2890.992000,0.895596
9.840000,112.176000,0.685188
30.832000,2765.040000,0.960355
5.904000,636.976000,1.287939
1.968000,2540.688000,0.993674
36.080000,2044.752000,0.791401
19.024000,815.408000,0.815484
1.968000,541.200000,1.495591
9.840000,1501.584000,1.006666
20.336000,2216.624000,0.706054
33.456000,3207.184000,0.770482
32.144000,621.232000,1.353119
5.904000,3163.888000,1.089205
36.080000,2473.776000,0.733832
24.272000,1126.352000,0.725889
38.704000,1540.944000,0.817190
4.592000,2720.432000,1.539607
33.456000,976.784000,0.786486
13.776000,919.056000,1.092865
36.080000,353.584000,1.498950
9.840000,2043.440000,0.844268
38.704000,2527.568000,0.843237
28.208000,1649.840000,1.040560
0.656000,1803.344000,1.002469
36.080000,1680.016000,0.890788
9.840000,280.112000,1.019471
38.704000,416.560000,1.622219
30.832000,810.160000,1.146526
9.840000,2582.672000,1.468110
33.456000,2860.816000,0.873478
19.024000,3051.056000,0.691810
3.280000,1453.040000,0.779727
28.208000,2204.816000,0.917872
34.768000,2733.552000,0.954649
11.152000,1569.808000,0.743588
4.592000,1702.320000,2.233214
1.968000,2283.536000,0.849570
30.832000,874.448000,1.201771
34.768000,21.648000,0.995158
0.656000,105.616000,0.690463
26.896000,2505.264000,0.813989
38.704000,1638.032000,1.030098
4.592000,2013.264000,1.141859
5.904000,2136.592000,1.061460
11.152000,2118.224000,0.934774
28.208000,1.968000,1.045946
1.968000,3060.240000,0.792191
30.832000,2404.240000,0.900373
36.080000,654.032000,1.050055
29.520000,2158.896000,0.760049
1.968000,387.696000,1.008453
21.648000,465.104000,1.331032
4.592000,0.656000,0.945672
1.968000,1509.456000,1.097837
17.712000,2953.968000,1.642065
24.272000,2321.584000,1.193021
22.960000,2695.504000,0.985275
19.024000,277.488000,1.365412
38.704000,629.104000,0.842294
8.528000,2653.520000,0.741017
38.704000,798.352000,1.667065
9.840000,1273.296000,0.661567
21.648000,1312.656000,0.802291
17.712000,146.288000,0.947087
25.584000,2660.080000,0.674601
29.520000,1405.808000,0.753784
5.904000,276.176000,0.805637
19.024000,387.696000,2.260225
33.456000,665.840000,0.903235
29.520000,853.456000,0.958760
30.832000,2643.024000,1.557103
30.832000,3123.216000,1.140120
37.392000,1728.560000,0.794892
9.840000,2513.136000,1.294761
7.216000,150.224000,0.780426
38.704000,171.216000,1.160186
29.520000,2746.672000,0.874883
1.968000,2400.304000,0.898833
16.400000,2744.048000,0.764847
22.960000,3086.480000,1.510607
19.024000,1912.240000,1.313064
25.584000,1889.936000,0.778332
4.592000,2067.056000,1.172988
1.968000,373.264000,0.689097
28.208000,1815.152000,0.899799
17.712000,2266.480000,0.902104
7.216000,1964.720000,0.724551
38.704000,1383.504000,0.690098
25.584000,1084.368000,1.256476
11.152000,685.520000,0.706571
4.592000,1341.520000,0.698771
26.896000,1950.288000,0.661989
4.592000,764.240000,0.710164
21.648000,724.880000,0.662238
0.656000,1687.888000,1.848376
13.776000,2725.680000,0.775550
26.896000,2606.288000,0.686851
26.896000,2518.384000,0.818750
3.280000,3215.056000,0.731021
29.520000,1561.936000,0.885152
12.464000,1790.224000,0.691536
13.776000,458.544000,1.096691
26.896000,2240.240000,0.738654
7.216000,399.504000,0.688946
38.704000,861.328000,1.142397
36.080000,1930.608000,0.823933
33.456000,1854.512000,0.735586
13.776000,2333.392000,1.073631
3.280000,846.896000,0.921495
7.216000,339.152000,1.336357
16.400000,3096.976000,0.862499
16.400000,911.184000,0.985834
12.464000,1659.024000,0.936154
5.904000,1766.608000,1.100748
13.776000,1774.480000,1.180221
7.216000,1409.744000,0.661476
15.088000,2351.760000,0.665260
12.464000,1397.936000,0.841460
8.528000,2210.064000,0.871564
29.520000,2640.400000,1.330214
1.968000,1033.200000,2.022651
19.024000,2396.368000,1.099347
1.968000,2599.728000,0.703346
0.656000,186.960000,0.846539
8.528000,2409.488000,0.950464
13.776000,2391.120000,0.918172
19.024000,1838.768000,0.890606
28.208000,295.856000,1.247075
12.464000,1386.128000,0.676293
17.712000,970.224000,0.745576
36.080000,2829.328000,0.958266
12.464000,819.344000,0.850600
20.336000,1773.168000,0.949151
7.216000,2360.944000,0.706964
32.144000,2559.056000,0.851232
25.584000,1895.184000,0.995936
11.152000,2645.648000,1.663362
28.208000,853.456000,0.718746
8.528000,1089.616000,0.871188
29.520000,285.360000,0.765567
5.904000,2085.424000,1.010027
29.520000,1222.128000,1.903362
5.904000,818.032000,0.738820
0.656000,1174.896000,0.748507
33.456000,340.464000,0.921969
5.904000,1847.952000,0.719361
11.152000,268.304000,0.829928
7.216000,979.408000,1.252768
30.832000,2934.288000,1.312919
13.776000,3111.408000,0.774112
38.704000,1346.768000,1.515753
17.712000,2023.760000,1.151830
8.528000,1450.416000,1.397489
37.392000,332.592000,1.018140
9.840000,341.776000,0.672723
33.456000,1355.952000,0.921001
3.280000,789.168000,1.831305
34.768000,1904.368000,0.838290
12.464000,1027.952000,0.737547
24.272000,2761.104000,0.691718
38.704000,1631.472000,0.887088
25.584000,2989.392000,1.183369
37.392000,681.584000,0.740537
3.280000,2178.576000,1.245007
12.464000,2577.424000,0.825070
33.456000,2056.560000,0.853199
11.152000,867.888000,0.742184
28.208000,1291.664000,1.020726
0.656000,3022.192000,0.866344
25.584000,1750.864000,0.996317
21.648000,2480.336000,1.074342
21.648000,2070.992000,0.696896
11.152000,471.664000,0.689182
24.272000,1732.496000,0.968396
13.776000,3066.800000,1.116297
19.024000,820.656000,1.047502
29.520000,2077.552000,1.233815
29.520000,2479.024000,0.957418
20.336000,1673.456000,0.726486
29.520000,1287.728000,1.756587
19.024000,1080.432000,1.026043
21.648000,1174.896000,0.869800
36.080000,2906.736000,0.676437
29.520000,2868.688000,0.738354
30.832000,1468.784000,0.662256
20.336000,1901.744000,0.763636
15.088000,2287.472000,0.684418
11.152000,2925.104000,0.706496
3.280000,2673.200000,1.568315
5.904000,3027.440000,0.918939
32.144000,1878.128000,0.767401
16.400000,319.472000,0.673593
9.840000,2914.608000,0.779212
37.392000,677.648000,0.718578
21.648000,2712.560000,0.958546
8.528000,833.776000,1.303542
38.704000,2006.704000,1.535943
33.456000,1249.680000,0.820485
5.904000,2837.200000,0.942139
21.648000,2265.168000,1.991933
24.272000,3131.088000,0.664335
16.400000,1097.488000,0.812316
3.280000,856.080000,0.945076
26.896000,783.920000,1.407339
7.216000,2434.416000,0.754622
24.272000,2434.416000,0.831070
28.208000,366.704000,0.665060
38.704000,850.832000,1.409612
38.704000,219.760000,0.745240
24.272000,1522.576000,0.690179
20.336000,1886.000000,1.030111
11.152000,483.472000,0.725137
13.776000,417.872000,0.877670
34.768000,3114.032000,0.831693
36.080000,1651.152000,0.793011
36.080000,2723.056000,2.223934
5.904000,0.656000,0.796531
21.648000,602.864000,1.094993
21.648000,3123.216000,0.847511
8.528000,863.952000,0.771706
37.392000,1126.352000,0.697727
22.960000,116.112000,0.862664
26.896000,3195.376000,0.676414
25.584000,1063.376000,1.478738
36.080000,558.256000,1.544156
17.712000,651.408000,1.636535
15.088000,1619.664000,0.789309
28.208000,2795.216000,1.697137
38.704000,2699.440000,0.682620
7.216000,900.688000,0.867117
19.024000,382.448000,0.834102
38.704000,378.512000,1.597814
5.904000,681.584000,1.058809
5.904000,2637.776000,0.665661
12.464000,122.672000,0.679951
37.392000,1474.032000,0.999585
11.152000,32.144000,0.797583
20.336000,79.376000,1.117611
24.272000,1114.544000,0.957600
28.208000,120.048000,0.732627
37.392000,129.232000,1.382342
0.656000,1256.240000,0.937640
26.896000,2052.624000,0.696991
37.392000,1618.352000,0.905863
25.584000,16.400000,0.841478
11.152000,385.072000,1.571309
26.896000,2939.536000,1.201646
17.712000,875.760000,0.785003
20.336000,1264.112000,0.883343
1.968000,1278.544000,0.993967
11.152000,513.648000,0.895976
28.208000,1383.504000,1.280420
37.392000,319.472000,1.082215
8.528000,2913.296000,0.957272
19.024000,273.552000,0.753901
12.464000,495.280000,0.719581
36.080000,1523.888000,1.366948
28.208000,1471.408000,1.228321
38.704000,2315.024000,1.326112
15.088000,1956.848000,0.907777
24.272000,905.936000,0.804724
22.960000,3115.344000,1.153270
20.336000,509.712000,0.754911
11.152000,2914.608000,2.468649
9.840000,1281.168000,0.698035
21.648000,1114.544000,0.783056
3.280000,1847.952000,1.038203
34.768000,747.184000,0.663652
19.024000,2509.200000,0.657006
25.584000,832.464000,1.691980
0.656000,3222.928000,0.662668
32.144000,480.848000,0.785275
4.592000,2082.800000,0.947809
28.208000,2993.328000,0.926139
9.840000,959.728000,0.814111
30.832000,2564.304000,0.680627
28.208000,1813.840000,1.134060
34.768000,1333.648000,0.662196
13.776000,1142.096000,1.229280
19.024000,2326.832000,0.664114
26.896000,46.576000,0.995893
21.648000,1005.648000,1.058107
13.776000,280.112000,0.727386
12.464000,2992.016000,0.851462
37.392000,635.664000,0.985243
26.896000,3094.352000,0.748927
11.152000,835.088000,0.747774
20.336000,306.352000,1.081753
4.592000,2645.648000,1.156232
37.392000,1458.288000,0.849409
24.272000,2342.576000,0.860889
20.336000,458.544000,0.761295
1.968000,1148.656000,0.849163
33.456000,2130.032000,1.379915
13.776000,3217.680000,0.760365
7.216000,741.936000,0.805559
1.968000,2303.216000,0.685604
17.712000,196.144000,1.296711
29.520000,1547.504000,1.087879
3.280000,1703.632000,1.939102
15.088000,3044.496000,0.790389
37.392000,1470.096000,1.051740
4.592000,2890.992000,0.791181
34.768000,2148.400000,1.208101
8.528000,2582.672000,0.877642
30.832000,1336.272000,0.943037
22.960000,2577.424000,0.730884
8.528000,1076.496000,0.711002
37.392000,3123.216000,0.681618
20.336000,1421.552000,1.061496
11.152000,1271.984000,1.626910
1.968000,1821.712000,0.745433
32.144000,389.008000,1.366181
30.832000,787.856000,0.947289
36.080000,3032.688000,0.978086
26.896000,953.168000,0.780128
0.656000,1830.896000,0.961885
20.336000,1577.680000,1.206647
21.648000,1340.208000,1.543068
32.144000,1941.104000,0.731724
5.904000,738.000000,0.656098
38.704000,1551.440000,1.410930
8.528000,1872.880000,0.762582
9.840000,2380.624000,0.902942
4.592000,1037.136000,0.688897
28.208000,436.240000,1.009141
21.648000,3148.144000,1.037929
11.152000,1370.384000,1.081358
13.776000,482.160000,0.787345
19.024000,2240.240000,0.779417
1.968000,2358.320000,1.379475
37.392000,307.664000,0.789419
3.280000,713.072000,0.765532
16.400000,2879.184000,1.327275
8.528000,2381.936000,1.368942
34.768000,2350.448000,0.923766
13.776000,1883.376000,0.940568
28.208000,1474.032000,0.713545
38.704000,770.800000,0.699933
38.704000,1916.176000,0.870055
24.272000,1017.456000,1.291087
1.968000,1589.488000,0.797540
0.656000,2283.536000,0.772431
29.520000,1004.336000,0.680712
29.520000,2890.992000,1.182664
24.272000,2208.752000,1.362844
15.088000,2737.488000,0.668982
11.152000,1605.232000,0.982518
29.520000,3079.920000,0.823780
11.152000,762.928000,1.029279
32.144000,482.160000,0.665501
26.896000,1674.768000,0.687272
20.336000,1866.320000,0.666279
3.280000,2283.536000,0.835161
3.280000,2354.384000,1.568392
24.272000,1152.592000,1.247121
21.648000,1866.320000,1.681038
19.024000,1937.168000,0.863008
8.528000,2141.840000,1.731658
26.896000,2503.952000,1.179445
19.024000,2988.080000,0.747345
8.528000,2625.968000,0.789236
20.336000,782.608000,1.232955
25.584000,2181.200000,1.028637
12.464000,1589.488000,1.200229
26.896000,2885.744000,0.959263
37.392000,1662.960000,0.770080
16.400000,432.304000,1.274998
8.528000,633.040000,0.954386
12.464000,867.888000,1.325917
12.464000,2986.768000,1.258631
19.024000,2654.832000,0.999370
4.592000,2115.600000,1.292438
22.960000,3138.960000,0.834223
38.704000,588.432000,0.825935
30.832000,1236.560000,2.000351
37.392000,2147.088000,0.978307
1.968000,2105.104000,0.715125
12.464000,593.680000,0.671365
22.960000,1147.344000,1.067528
30.832000,930.864000,1.329915
4.592000,3204.560000,0.951581
29.520000,765.552000,1.505083
28.208000,2303.216000,0.787421
8.528000,2576.112000,0.804751
32.144000,2423.920000,0.683766
32.144000,1939.792000,0.765784
1.968000,903.312000,0.664527
9.840000,499.216000,1.008919
33.456000,2522.320000,1.000035
37.392000,2956.592000,0.683268
17.712000,1660.336000,2.587376
37.392000,2021.136000,1.055317
25.584000,3182.256000,0.687571
37.392000,2312.400000,0.971912
29.520000,1464.848000,1.037880
37.392000,947.920000,0.916972
8.528000,735.376000,1.049048
32.144000,2098.544000,0.862716
30.832000,2859.504000,0.976265
20.336000,2336.016000,0.936677
29.520000,3141.584000,0.899677
26.896000,320.784000,0.860298
20.336000,2249.424000,0.722537
34.768000,852.144000,1.369966
33.456000,681.584000,0.944760
24.272000,2253.360000,0.952245
28.208000,2443.600000,0.788037
5.904000,976.784000,1.010432
25.584000,1753.488000,1.485008
30.832000,3061.552000,0.757362
12.464000,1703.632000,1.255230
33.456000,1455.664000,0.667936
16.400000,1052.880000,0.886587
13.776000,2149.712000,0.889119
37.392000,1938.480000,0.709325
37.392000,2311.088000,1.370077
29.520000,1729.872000,0.720710
4.592000,1948.976000,2.039067
9.840000,2980.208000,0.905019
12.464000,1038.448000,1.050194
22.960000,2961.840000,0.885242
24.272000,1106.672000,0.719134
0.656000,555.632000,0.725080
1.968000,1346.768000,1.112421
8.528000,934.800000,1.191314
32.144000,117.424000,1.069899
25.584000,1601.296000,1.006324
9.840000,630.416000,0.958301
13.776000,99.056000,1.075062
28.208000,160.720000,1.501126
38.704000,1613.104000,1.603219
8.528000,2561.680000,0.914251
4.592000,2856.880000,1.185348
17.712000,1918.800000,0.864754
12.464000,3089.104000,2.025929
28.208000,150.224000,0.904142
30.832000,282.736000,1.854047
8.528000,609.424000,0.798945
1.968000,715.696000,0.696361
34.768000,651.408000,0.987990
38.704000,1891.248000,0.658387
36.080000,2631.216000,0.967270
34.768000,2532.816000,0.721655
25.584000,1021.392000,0.699597
11.152000,1795.472000,0.905440
28.208000,3060.240000,0.679822
26.896000,1560.624000,0.690256
13.776000,2545.936000,0.785007
20.336000,587.120000,0.713219
11.152000,2353.072000,1.292317
28.208000,2658.768000,1.156479
25.584000,744.560000,0.993037
13.776000,955.792000,0.912601
15.088000,2919.856000,0.696156
3.280000,2025.072000,0.762738
13.776000,1543.568000,0.824851
22.960000,1886.000000,0.729292
26.896000,2133.968000,1.058812
33.456000,3211.120000,1.199002
5.904000,255.184000,0.777361
13.776000,2097.232000,0.834093
30.832000,2006.704000,0.900639
12.464000,1788.912000,0.761817
11.152000,331.280000,0.667741
9.840000,1201.136000,0.664337
12.464000,635.664000,0.919232
24.272000,3159.952000,0.664280
21.648000,863.952000,0.910887
22.960000,3142.896000,0.742023
7.216000,1443.856000,0.916522
38.704000,2565.616000,1.000553
38.704000,336.528000,0.659396
19.024000,883.632000,0.962323
9.840000,1847.952000,0.927379
13.776000,1879.440000,0.811161
28.208000,1500.272000,2.729959
38.704000,75.440000,0.789461
20.336000,1201.136000,0.759531
32.144000,2870.000000,1.362529
25.584000,871.824000,0.680930
26.896000,1429.424000,0.845331
12.464000,421.808000,0.806880
11.152000,1947.664000,0.673065
9.840000,1024.016000,1.249089
20.336000,791.792000,1.086248
7.216000,634.352000,0.840123
30.832000,1391.376000,1.022153
5.904000,1807.280000,1.049668
32.144000,1387.440000,0.790840
4.592000,437.552000,0.709136
4.592000,1048.944000,0.822591
28.208000,2486.896000,1.029352
37.392000,1555.376000,1.057985
15.088000,478.224000,1.008779
22.960000,1254.928000,0.788167
38.704000,1128.976000,0.767994
7.216000,1547.504000,0.675716
21.648000,3190.128000,1.140633
17.712000,448.048000,1.104135
30.832000,108.240000,0.725666
29.520000,2486.896000,0.713265
17.712000,2992.016000,0.725618
36.080000,2168.080000,0.855280
20.336000,1306.096000,0.684885
19.024000,1420.240000,0.955789
19.024000,1725.936000,0.910230
22.960000,2597.104000,0.920534
5.904000,953.168000,0.802142
26.896000,1021.392000,0.940599
36.080000,1181.456000,1.443667
25.584000,1939.792000,0.688305
30.832000,1647.216000,1.299047
34.768000,1374.320000,0.733300
36.080000,2425.232000,0.801567
21.648000,1111.920000,1.152479
24.272000,2018.512000,1.062276
4.592000,740.624000,0.734905
25.584000,2112.976000,0.709439
38.704000,858.704000,1.545639
30.832000,2047.376000,1.057720
15.088000,1585.552000,0.807128
8.528000,2095.920000,1.273040
7.216000,776.048000,0.832748
11.152000,1064.688000,1.051686
21.648000,1917.488000,0.734013
8.528000,3184.880000,0.999379
0.656000,475.600000,0.705093
8.528000,2849.008000,1.281020
9.840000,605.488000,1.123880
19.024000,2338.640000,0.822773
34.768000,2135.280000,0.774777
21.648000,2447.536000,1.183224
20.336000,2828.016000,0.760359
5.904000,1997.520000,1.293634
11.152000,1521.264000,1.408257
34.768000,310.288000,1.059292
9.840000,1603.920000,1.153739
17.712000,5.904000,0.733338
22.960000,1979.152000,0.950921
24.272000,162.032000,0.794584
22.960000,2139.216000,1.401703
8.528000,1334.960000,0.782760
36.080000,2873.936000,1.153378
36.080000,1584.240000,1.599107
1.968000,789.168000,1.110497
36.080000,265.680000,0.831288
11.152000,500.528000,1.020718
16.400000,2383.248000,1.260916
11.152000,379.824000,1.806943
30.832000,1228.688000,0.966198
3.280000,1392.688000,0.803484
25.584000,1386.128000,0.677102
25.584000,932.176000,1.263461
15.088000,2467.216000,0.833606
33.456000,2758.480000,0.711818
5.904000,2762.416000,0.660657
29.520000,2189.072000,0.783721
30.832000,3184.880000,1.385516
21.648000,789.168000,0.662080
7.216000,3087.792000,0.852537
37.392000,913.808000,0.936371
24.272000,495.280000,0.688746
30.832000,1740.368000,0.671769
1.968000,594.992000,2.180124
36.080000,1366.448000,0.825899
3.280000,828.528000,1.077894
37.392000,377.200000,0.715233
30.832000,1477.968000,1.379650
17.712000,1460.912000,1.118750
30.832000,2137.904000,0.943947
9.840000,68.880000,0.708352
8.528000,2964.464000,1.203359
0.656000,2507.888000,0.753265
19.024000,144.976000,0.939294
4.592000,190.896000,0.658014
5.904000,3098.288000,1.224741
16.400000,331.280000,0.758810
7.216000,3073.360000,0.736815
19.024000,1496.336000,0.693335
25.584000,888.880000,0.657643
16.400000,2635.152000,0.874092
29.520000,2106.416000,0.806061
37.392000,2601.040000,0.682997
8.528000,1416.304000,0.791713
20.336000,1819.088000,0.767035
15.088000,898.064000,1.091090
21.648000,2837.200000,0.895826
12.464000,554.320000,1.138389
3.280000,1388.752000,0.767267
19.024000,1403.184000,0.770340
7.216000,2284.848000,0.663709
21.648000,1146.032000,1.425967
34.768000,133.168000,1.572507
26.896000,301.104000,0.688731
29.520000,30.832000,0.817089
12.464000,1522.576000,0.911017
7.216000,2294.032000,0.920065
8.528000,848.208000,1.289658
33.456000,1189.328000,0.923128
17.712000,2742.736000,1.500773
16.400000,2124.784000,0.876759
19.024000,2902.800000,0.684723
15.088000,1599.984000,1.071671
38.704000,715.696000,1.826731
34.768000,378.512000,0.659550
32.144000,545.136000,0.730934
33.456000,950.544000,1.239572
37.392000,1324.464000,1.008060
0.656000,301.104000,0.758598
25.584000,1560.624000,0.980888
1.968000,2667.952000,1.074979
24.272000,1428.112000,0.834564
4.592000,1989.648000,1.771305
30.832000,2599.728000,1.698098
11.152000,2911.984000,0.968705
36.080000,1060.752000,0.691932
38.704000,3052.368000,0.705886
11.152000,1122.416000,0.657635
5.904000,168.592000,0.714839
22.960000,2217.936000,0.870635
22.960000,1732.496000,0.715731
3.280000,727.504000,1.155714
22.960000,2334.704000,1.240652
19.024000,2324.208000,1.064609
5.904000,2233.680000,0.672859
32.144000,74.128000,0.913918
5.904000,1102.736000,0.965569
19.024000,2535.440000,0.940768
7.216000,3140.272000,1.395946
28.208000,2729.616000,0.869641
7.216000,2130.032000,0.885514
38.704000,2397.680000,0.908620
7.216000,848.208000,1.158014
25.584000,866.576000,0.845036
12.464000,1139.472000,0.903502
11.152000,643.536000,1.413445
17.712000,2614.160000,0.960872
22.960000,26.896000,0.815990
38.704000,1581.616000,0.988888
22.960000,2791.280000,1.416560
30.832000,2682.384000,0.872348
36.080000,2728.304000,0.727620
24.272000,2889.680000,0.988782
30.832000,97.744000,0.733697
19.024000,1089.616000,0.673214
26.896000,625.168000,0.680589
12.464000,2801.776000,0.718833
20.336000,399.504000,0.884150
25.584000,547.760000,1.021464
4.592000,1988.336000,1.068794
17.712000,139.728000,1.089888
0.656000,2177.264000,1.172973
5.904000,2776.848000,0.807014
5.904000,2186.448000,0.912380
25.584000,1571.120000,0.841728
22.960000,722.256000,0.998885
32.144000,3186.192000,0.789942
15.088000,1816.464000,1.281368
38.704000,475.600000,0.793741
8.528000,2900.176000,0.840129
15.088000,2455.408000,0.818033
20.336000,1266.736000,0.875577
26.896000,1812.528000,1.998951
5.904000,2761.104000,1.446534
20.336000,1307.408000,0.927861
20.336000,269.616000,0.899781
32.144000,3040.560000,0.806435
22.960000,782.608000,1.018232
22.960000,1677.392000,0.907435
1.968000,2379.312000,1.904705
4.592000,1619.664000,0.723317
3.280000,937.424000,0.866081
33.456000,3075.984000,0.781484
13.776000,2553.808000,0.821430
9.840000,1934.544000,1.024761
20.336000,1694.448000,1.081071
11.152000,1000.400000,0.702704
15.088000,1130.288000,0.967506
0.656000,755.056000,0.778109
34.768000,2990.704000,1.186692
9.840000,968.912000,0.810572
33.456000,2976.272000,0.936210
30.832000,2849.008000,1.055008
0.656000,1277.232000,0.790682
37.392000,1745.616000,0.728940
38.704000,499.216000,1.253591
34.768000,1003.024000,0.732654
30.832000,629.104000,0.894421
1.968000,1005.648000,0.742029
36.080000,2514.448000,0.985387
1.968000,2568.240000,0.771573
8.528000,1652.464000,1.146376
36.080000,1068.624000,1.051362
13.776000,206.640000,1.142491
15.088000,371.952000,0.739924
1.968000,896.752000,0.733436
1.968000,1596.048000,0.968925
0.656000,861.328000,0.959469
16.400000,1682.640000,0.732129
9.840000,218.448000,0.785257
19.024000,2834.576000,1.157943
13.776000,324.720000,0.898415
9.840000,2602.352000,0.731244
34.768000,307.664000,0.855519
22.960000,2863.440000,0.832483
15.088000,93.808000,1.965767
7.216000,1884.688000,0.670275
3.280000,657.968000,1.468257
16.400000,349.648000,0.731557
32.144000,938.736000,0.679000
34.768000,1487.152000,1.123012
3.280000,475.600000,0.716785
38.704000,2944.784000,0.720781
5.904000,2141.840000,2.301568
24.272000,541.200000,0.786920
34.768000,25.584000,0.896351
25.584000,2625.968000,0.686152
19.024000,898.064000,1.450820
30.832000,2805.712000,1.554124
25.584000,1139.472000,0.679082
26.896000,91.184000,1.219739
11.152000,1876.816000,0.893274
3.280000,1035.824000,0.780450
20.336000,2133.968000,0.834364
24.272000,1712.816000,0.669707
34.768000,1034.512000,1.187546
3.280000,2847.696000,0.823679
12.464000,2887.056000,0.885481
8.528000,2280.912000,0.657859
32.144000,2615.472000,0.862039
22.960000,1241.808000,0.721203
16.400000,117.424000,1.232769
0.656000,2531.504000,0.842850
1.968000,1382.192000,1.575873
30.832000,1218.192000,0.657162
32.144000,867.888000,0.917747
24.272000,2221.872000,1.463196
32.144000,1121.104000,1.115412
19.024000,2347.824000,0.766046
38.704000,1466.160000,0.757522
20.336000,786.544000,1.077713
11.152000,1749.552000,0.663233
0.656000,1209.008000,0.971170
34.768000,1920.112000,0.782696
19.024000,2597.104000,0.820143
21.648000,2762.416000,1.313921
13.776000,1188.016000,0.691778
5.904000,587.120000,0.759255
19.024000,390.320000,0.820072
38.704000,1021.392000,1.263379
28.208000,2968.400000,0.873423
32.144000,925.616000,1.328000
7.216000,3114.032000,0.935210
19.024000,11.152000,1.448501
12.464000,1163.088000,0.982165
26.896000,3045.808000,2.328736
34.768000,162.032000,1.320373
37.392000,3171.760000,0.855534
1.968000,2952.656000,0.810692
34.768000,154.160000,0.662982
12.464000,1218.192000,0.717524
4.592000,1168.336000,0.785950
30.832000,3060.240000,1.172715
1.968000,533.328000,1.147398
37.392000,1880.752000,0.713879
5.904000,1156.528000,1.446329
21.648000,2212.688000,1.005447
5.904000,581.872000,0.729042
11.152000,2889.680000,1.074399
7.216000,71.504000,1.552969
22.960000,1275.920000,1.236131
16.400000,1013.520000,0.825230
25.584000,984.656000,0.795253
1.968000,434.928000,0.859267
36.080000,1177.520000,0.931474
22.960000,1619.664000,0.837528
33.456000,3138.960000,1.582712
32.144000,219.760000,0.751798
21.648000,530.704000,0.883724
11.152000,1132.912000,0.900376
17.712000,1884.688000,0.762506
33.456000,1941.104000,1.155499
7.216000,2683.696000,1.051964
7.216000,1212.944000,1.260658
36.080000,2607.600000,0.811496
26.896000,1185.392000,0.919312
36.080000,492.656000,0.934294
3.280000,2591.856000,0.817494
21.648000,1649.840000,0.862132
0.656000,368.016000,1.124118
30.832000,567.440000,0.706722
7.216000,997.776000,0.886221
16.400000,1606.544000,1.086117
25.584000,246.000000,1.449534
34.768000,2304.528000,0.691500
34.768000,1168.336000,0.872885
25.584000,568.752000,0.749818
15.088000,1346.768000,0.964960
11.152000,188.272000,0.888631
25.584000,1277.232000,0.876353
7.216000,1581.616000,0.927418
22.960000,2110.352000,0.881389
36.080000,2776.848000,0.950458
38.704000,1484.528000,0.785066
17.712000,1973.904000,1.369918
12.464000,15.088000,0.983151
22.960000,1181.456000,1.164561
15.088000,2602.352000,1.231891
11.152000,2370.128000,0.732864
30.832000,2473.776000,1.074228
25.584000,2646.960000,2.049197
36.080000,2418.672000,1.417847
24.272000,728.816000,0.710028
9.840000,1041.072000,0.719148
33.456000,2738.800000,0.744747
13.776000,1425.488000,0.687162
28.208000,1513.392000,1.119667
4.592000,1102.736000,0.658221
11.152000,2711.248000,0.740636
26.896000,2363.568000,0.721536
20.336000,596.304000,0.783285
38.704000,1931.920000,0.840462
24.272000,1308.720000,0.787211
24.272000,2870.000000,1.205117
38.704000,962.352000,0.796192
7.216000,3205.872000,0.874671
17.712000,1513.392000,0.852324
20.336000,3138.960000,0.949606
11.152000,2910.672000,0.898492
34.768000,2423.920000,0.677162
11.152000,1437.296000,0.762855
11.152000,2644.336000,0.704778
0.656000,2708.624000,0.674805
15.088000,766.864000,0.812800
20.336000,3098.288000,0.718558
4.592000,3064.176000,1.316597
28.208000,391.632000,0.977156
32.144000,2783.408000,2.299247
25.584000,2526.256000,1.033134
36.080000,2405.552000,1.166712
25.584000,1791.536000,0.746470
21.648000,256.496000,0.885202
30.832000,2455.408000,1.370759
13.776000,3047.120000,0.712863
36.080000,2236.304000,0.899762
24.272000,2039.504000,1.217170
36.080000,555.632000,0.849676
26.896000,2364.880000,0.673914
15.088000,2977.584000,1.569637
30.832000,2936.912000,1.099529
4.592000,2864.752000,1.290344
29.520000,61.008000,1.356373
37.392000,213.200000,0.669818
9.840000,979.408000,0.685464
22.960000,2405.552000,0.953806
12.464000,895.440000,0.701265
16.400000,2300.592000,0.679551
16.400000,2957.904000,1.801515
24.272000,2177.264000,2.026141
28.208000,1294.288000,0.855628
9.840000,3110.096000,1.577479
20.336000,2892.304000,0.791848
12.464000,101.680000,1.015516
32.144000,2492.144000,0.925053
4.592000,495.280000,0.757076
29.520000,1888.624000,0.734278
28.208000,2429.168000,0.799007
32.144000,1311.344000,1.179475
33.456000,1788.912000,0.697394
19.024000,2434.416000,0.720327
7.216000,17.712000,0.718699
11.152000,3057.616000,0.684633
28.208000,2551.184000,0.718504
17.712000,2560.368000,0.698560
30.832000,1005.648000,0.686725
5.904000,218.448000,0.750759
29.520000,2379.312000,0.716352
8.528000,2294.032000,1.083233
24.272000,1968.656000,0.812084
3.280000,1788.912000,1.392872
12.464000,2469.840000,1.243881
16.400000,2597.104000,1.788266
21.648000,2913.296000,1.020318
12.464000,32.144000,0.764341
33.456000,1433.360000,0.890121
19.024000,1946.352000,1.019303
34.768000,652.720000,1.026940
4.592000,1222.128000,0.985079
13.776000,36.080000,1.362693
24.272000,740.624000,1.079072
24.272000,1279.856000,1.206751
16.400000,1960.784000,1.603923
21.648000,230.256000,1.248384
19.024000,2493.456000,1.164613
21.648000,686.832000,0.981869
24.272000,2490.832000,0.760405
37.392000,1384.816000,1.282877
28.208000,2543.312000,0.750765
22.960000,247.312000,0.909590
3.280000,2590.544000,0.822728
13.776000,2189.072000,1.420996
5.904000,1248.368000,0.852015
7.216000,3010.384000,0.666609
24.272000,2649.584000,0.712795
3.280000,3011.696000,1.912748
38.704000,932.176000,0.776455
11.152000,3053.680000,0.725226
9.840000,625.168000,1.924755
3.280000,2387.184000,1.443520
22.960000,2001.456000,0.687206
26.896000,728.816000,0.821502
37.392000,1338.896000,0.790222
20.336000,193.520000,0.875251
13.776000,168.592000,0.828655
0.656000,491.344000,0.726545
33.456000,1739.056000,0.745840
3.280000,2952.656000,0.946984
28.208000,3054.992000,0.676650
4.592000,1522.576000,0.736586
28.208000,1790.224000,1.113002
16.400000,1956.848000,0.901456
7.216000,2887.056000,0.755689
16.400000,2786.032000,0.771061
33.456000,2560.368000,1.080894
20.336000,1823.024000,0.665338
9.840000,1655.088000,0.708743
32.144000,2586.608000,1.549676
19.024000,762.928000,1.727114
22.960000,2511.824000,0.840952
8.528000,2326.832000,1.053802
37.392000,2114.288000,0.693448
36.080000,2416.048000,1.207583
36.080000,1753.488000,0.696627
19.024000,446.736000,2.366782
29.520000,2552.496000,0.665049
3.280000,2282.224000,1.152689
21.648000,3129.776000,0.687461
20.336000,1363.824000,0.954759
1.968000,1628.848000,0.884270
3.280000,336.528000,0.759124
33.456000,2896.240000,0.706878
37.392000,1581.616000,1.599102
12.464000,158.096000,1.201008
15.088000,448.048000,0.843637
29.520000,2324.208000,0.837630
11.152000,845.584000,0.677848
9.840000,2570.864000,1.151859
28.208000,1550.128000,0.667907
7.216000,2738.800000,0.838190
5.904000,711.760000,0.991467
19.024000,2513.136000,1.105584
12.464000,1399.248000,0.719702
3.280000,151.536000,0.772938
28.208000,2523.632000,0.709804
4.592000,2290.096000,0.987933
12.464000,2724.368000,0.825995
32.144000,846.896000,1.115146
12.464000,2014.576000,2.433509
16.400000,1412.368000,0.696100
0.656000,2623.344000,0.894298
28.208000,1752.176000,0.808022
16.400000,764.240000,0.898595
1.968000,2427.856000,0.893928
15.088000,1702.320000,0.735454
30.832000,2601.040000,0.867499
11.152000,2842.448000,0.656229
38.704000,600.240000,1.822127
17.712000,958.416000,1.153871
3.280000,1523.888000,1.394324
8.528000,614.672000,0.948212
9.840000,846.896000,1.000476
7.216000,2253.360000,1.011761
32.144000,1098.800000,0.853891
9.840000,2419.984000,1.306473
33.456000,1292.976000,1.519475
20.336000,644.848000,1.275341
20.336000,2093.296000,1.060420
26.896000,3093.040000,0.903624
15.088000,1744.304000,1.197826
29.520000,665.840000,1.248163
8.528000,3211.120000,0.737160
22.960000,1139.472000,0.811027
17.712000,1582.928000,0.682225
21.648000,368.016000,0.897780
26.896000,2607.600000,1.203883
3.280000,2371.440000,0.878710
24.272000,2189.072000,0.774190
20.336000,1952.912000,1.361941
25.584000,3111.408000,1.054124
19.024000,1195.888000,1.593713
29.520000,2816.208000,1.403671
9.840000,3152.080000,0.692657
37.392000,2599.728000,0.824712
20.336000,2930.352000,1.060890
34.768000,1428.112000,0.672618
32.144000,940.048000,0.665615
22.960000,2837.200000,1.492226
20.336000,2576.112000,1.847144
36.080000,3186.192000,0.706006
13.776000,1378.256000,0.848830
28.208000,2147.088000,0.744706
3.280000,2427.856000,0.662495
28.208000,382.448000,1.780767
13.776000,2981.520000,1.151642
3.280000,2053.936000,0.741239
25.584000,2040.816000,0.770669
33.456000,596.304000,0.721775
26.896000,1531.760000,0.817085
8.528000,3110.096000,1.371594
9.840000,842.960000,1.458422
12.464000,2652.208000,0.699619
8.528000,50.512000,0.731600
38.704000,2830.640000,1.027274
26.896000,2804.400000,1.299699
22.960000,3173.072000,0.779924
20.336000,1413.680000,0.696109
1.968000,394.256000,1.205011
17.712000,50.512000,0.862668
32.144000,273.552000,0.759357
0.656000,947.920000,0.749014
11.152000,2993.328000,0.722755
3.280000,466.416000,0.921226
25.584000,1105.360000,0.926437
36.080000,778.672000,0.759329
8.528000,2342.576000,1.004275
29.520000,2856.880000,0.737591
22.960000,1611.792000,0.682720
8.528000,218.448000,1.306749
24.272000,193.520000,0.892278
21.648000,528.080000,1.570970
16.400000,290.608000,1.464437
19.024000,1754.800000,0.793729
13.776000,1644.592000,1.092386
36.080000,1430.736000,0.784057
25.584000,642.224000,0.900495
29.520000,537.264000,1.219228
1.968000,3180.944000,0.838204
32.144000,1233.936000,1.405675
33.456000,1916.176000,1.111009
7.216000,1386.128000,0.726756
28.208000,395.568000,0.875614
32.144000,2419.984000,2.138914
8.528000,568.752000,0.697923
3.280000,1197.200000,0.806092
17.712000,2089.360000,1.059295
38.704000,1294.288000,0.798831
17.712000,726.192000,0.705018
22.960000,1493.712000,0.972179
17.712000,1820.400000,1.424389
33.456000,2001.456000,1.086212
16.400000,1668.208000,0.847482
26.896000,764.240000,0.757124
37.392000,1491.088000,0.922833
19.024000,2846.384000,0.676303
28.208000,2336.016000,0.884381
24.272000,1799.408000,0.657421
22.960000,348.336000,0.722490
38.704000,1659.024000,0.787101
22.960000,188.272000,0.742363
34.768000,2539.376000,0.716130
20.336000,1075.184000,1.444170
17.712000,1069.936000,0.775471
15.088000,1698.384000,0.856314
29.520000,1809.904000,0.667811
12.464000,1698.384000,0.926734
28.208000,2227.120000,0.820609
13.776000,639.600000,0.666041
1.968000,2653.520000,1.409261
19.024000,928.240000,1.513144
7.216000,1645.904000,0.904537
4.592000,394.256000,0.805779
32.144000,919.056000,0.773522
7.216000,411.312000,0.928694
1.968000,430.992000,0.799388
13.776000,964.976000,0.758845
34.768000,1232.624000,1.090063
38.704000,3047.120000,1.806986
19.024000,1683.952000,0.686328
1.968000,2577.424000,0.797192
16.400000,1264.112000,0.998191
12.464000,852.144000,0.925940
8.528000,320.784000,1.325708
9.840000,2540.688000,0.810138
30.832000,2080.176000,1.378051
21.648000,437.552000,0.738508
36.080000,2978.896000,0.981503
4.592000,1798.096000,0.720110
30.832000,2831.952000,0.657704
9.840000,703.888000,1.379026
11.152000,2486.896000,0.664013
13.776000,1546.192000,2.123760
15.088000,1320.528000,0.857361
16.400000,318.160000,1.101918
33.456000,2053.936000,1.187273
30.832000,1395.312000,0.833480
26.896000,230.256000,1.221931
12.464000,1357.264000,1.066382
4.592000,2396.368000,0.721388
24.272000,1113.232000,1.019982
12.464000,49.200000,1.150555
5.904000,800.976000,0.772147
22.960000,3207.184000,1.356714
7.216000,2056.560000,0.863798
0.656000,324.720000,1.129959
30.832000,1634.096000,0.814041
5.904000,2909.360000,0.798404
29.520000,3110.096000,1.122579
33.456000,861.328000,0.706480
13.776000,2425.232000,0.947005
3.280000,2873.936000,0.903350
34.768000,1853.200000,0.907409
13.776000,2325.520000,0.684272
24.272000,2040.816000,1.198498
11.152000,2178.576000,1.051175
33.456000,1556.688000,1.005199
8.528000,3037.936000,0.932162
28.208000,1980.464000,1.166151
11.152000,2153.648000,1.078844
32.144000,1584.240000,1.138814
26.896000,1592.112000,0.749616
25.584000,2995.952000,0.783310
16.400000,1906.992000,0.663056
11.152000,2885.744000,1.269741
11.152000,2577.424000,0.740084
37.392000,1585.552000,0.663292
17.712000,1279.856000,1.010012
16.400000,1132.912000,0.769477
20.336000,3078.608000,0.763747
19.024000,2964.464000,0.759085
34.768000,612.048000,0.706218
5.904000,726.192000,0.793980
37.392000,903.312000,0.737237
12.464000,915.120000,0.868897
4.592000,3115.344000,0.787537
26.896000,1668.208000,0.828249
8.528000,559.568000,1.517341
24.272000,678.960000,0.901189
25.584000,2001.456000,2.010032
38.704000,386.384000,1.734110
32.144000,332.592000,1.983985
5.904000,2203.504000,0.699047
28.208000,774.736000,0.749915
32.144000,1161.776000,0.850604
33.456000,2295.344000,0.891673
7.216000,61.008000,1.454520
13.776000,2968.400000,1.619773
15.088000,3204.560000,1.738290
9.840000,1463.536000,1.086649
36.080000,2152.336000,1.208077
36.080000,2039.504000,0.903905
17.712000,2336.016000,0.714190
9.840000,2566.928000,0.721596
22.960000,2846.384000,0.967336
34.768000,1090.928000,0.953262
7.216000,2409.488000,0.836915
22.960000,940.048000,0.762101
21.648000,1325.776000,0.898712
7.216000,1006.960000,0.972522
8.528000,2898.864000,0.903606
22.960000,41.328000,0.725279
21.648000,2106.416000,0.820091
30.832000,1086.992000,1.278576
19.024000,2601.040000,0.688161
19.024000,3191.440000,1.004736
8.528000,2351.760000,1.364705
9.840000,1425.488000,1.828538
24.272000,21.648000,2.178158
15.088000,21.648000,0.731908
36.080000,2761.104000,0.844372
11.152000,588.432000,0.676204
17.712000,968.912000,0.706228
26.896000,2023.760000,1.474983
9.840000,207.952000,1.353606
8.528000,2034.256000,0.660655
33.456000,2953.968000,1.035038
22.960000,1220.816000,0.816262
7.216000,1939.792000,0.878614
22.960000,1681.328000,0.676574
19.024000,1901.744000,0.758418
20.336000,2467.216000,0.777959
15.088000,348.336000,0.784623
7.216000,2717.808000,0.836814
34.768000,2186.448000,0.853160
12.464000,2246.800000,0.870418
4.592000,2775.536000,0.970118
29.520000,1195.888000,0.851894
33.456000,2914.608000,1.006384
3.280000,1837.456000,0.804535
32.144000,587.120000,0.690341
11.152000,1725.936000,0.722838
19.024000,1774.480000,0.682116
24.272000,2838.512000,0.997819
24.272000,517.584000,0.712122
32.144000,1727.248000,0.966873
16.400000,891.504000,0.758090
4.592000,2437.040000,0.673215
11.152000,2553.808000,1.655486
22.960000,2702.064000,0.917164
11.152000,3007.760000,0.670364
15.088000,336.528000,1.115160
11.152000,2099.856000,0.845010
0.656000,1783.664000,0.812430
4.592000,3053.680000,0.744049
36.080000,2005.392000,0.928502
25.584000,903.312000,0.871234
26.896000,2527.568000,0.969039
9.840000,2618.096000,1.318998
17.712000,1733.808000,1.052262
37.392000,102.992000,1.858033
11.152000,2564.304000,0.732562
13.776000,3190.128000,0.943014
0.656000,2107.728000,0.703774
36.080000,186.960000,0.993288
16.400000,2374.064000,2.149562
19.024000,1206.384000,1.100214
38.704000,1215.568000,0.978769
21.648000,819.344000,0.723049
29.520000,3120.592000,0.835164
17.712000,299.792000,0.859920
38.704000,2217.936000,0.792144
19.024000,606.800000,1.494586
15.088000,1321.840000,0.711804
9.840000,643.536000,1.193551
4.592000,484.784000,0.743313
28.208000,1564.560000,0.972410
9.840000,1938.480000,1.235616
26.896000,263.056000,0.942452
33.456000,526.768000,0.876191
37.392000,2507.888000,0.868105
34.768000,3116.656000,2.701335
25.584000,2287.472000,0.721231
13.776000,2667.952000,1.032440
9.840000,2278.288000,0.950157
20.336000,1153.904000,1.216777
20.336000,2981.520000,0.770824
30.832000,1820.400000,0.773226
17.712000,53.136000,0.667203
13.776000,3006.448000,2.008426
36.080000,214.512000,1.024581
21.648000,891.504000,1.141321
36.080000,1537.008000,0.725992
13.776000,1211.632000,0.826430
3.280000,2259.920000,1.672287
9.840000,2538.064000,0.720349
26.896000,1868.944000,0.779117
16.400000,974.160000,1.167769
7.216000,841.648000,0.955110
8.528000,1609.168000,0.832064
11.152000,2698.128000,1.169417
22.960000,307.664000,0.843287
36.080000,1383.504000,2.142104
25.584000,1641.968000,0.963825
28.208000,2304.528000,1.020884
16.400000,2583.984000,0.952434
7.216000,1315.280000,0.688829
19.024000,1740.368000,0.884269
26.896000,1610.480000,0.660468
24.272000,2597.104000,1.393251
12.464000,2000.144000,0.895928
8.528000,337.840000,0.850330
7.216000,643.536000,1.065498
7.216000,234.192000,1.508707
17.712000,2328.144000,0.767205
37.392000,3034.000000,1.277974
32.144000,709.136000,0.808995
13.776000,866.576000,0.794163
25.584000,24.272000,1.280757
20.336000,428.368000,0.737729
26.896000,1012.208000,1.882149
26.896000,1195.888000,0.936610
21.648000,2753.232000,0.939792
38.704000,831.152000,0.954210
21.648000,2953.968000,1.130564
33.456000,2262.544000,1.881183
33.456000,2660.080000,0.896928
11.152000,2467.216000,1.214088
29.520000,2482.960000,1.337071
9.840000,150.224000,1.987101
26.896000,1072.560000,2.850020
0.656000,364.080000,2.046762
5.904000,3120.592000,1.455863
13.776000,1950.288000,1.449065
0.656000,1756.112000,0.838634
29.520000,2767.664000,0.700086
17.712000,534.640000,0.964045
3.280000,1140.784000,0.891185
36.080000,2267.792000,0.927829
22.960000,1203.760000,0.685364
17.712000,2545.936000,2.049073
20.336000,3152.080000,0.698779
33.456000,1418.928000,0.672067
36.080000,1386.128000,0.700306
4.592000,2859.504000,0.979488
24.272000,1950.288000,0.675151
1.968000,1904.368000,0.900529
32.144000,1643.280000,0.825737
20.336000,1220.816000,0.789456
0.656000,2112.976000,1.016692
25.584000,28.208000,0.800167
38.704000,1329.712000,0.705180
9.840000,2560.368000,0.904770
1.968000,1295.600000,0.779166
38.704000,706.512000,0.715130
19.024000,612.048000,1.284595
20.336000,2715.184000,0.709228
8.528000,920.368000,0.828645
4.592000,1163.088000,0.932020
7.216000,701.264000,0.959366
38.704000,1588.176000,1.193689
33.456000,1659.024000,0.748177
19.024000,558.256000,1.027412
28.208000,1055.504000,0.809260
37.392000,2002.768000,0.884392
26.896000,541.200000,1.701029
26.896000,1384.816000,0.684404
9.840000,2332.080000,1.455115
30.832000,2086.736000,1.371275
25.584000,836.400000,0.853464
20.336000,276.176000,0.890832
4.592000,1067.312000,0.689694
21.648000,2132.656000,0.707060
20.336000,1243.120000,0.707993
29.520000,2965.776000,1.110553
12.464000,520.208000,1.031131
15.088000,606.800000,0.790221
3.280000,1880.752000,0.662966
32.144000,2946.096000,1.047482
7.216000,2208.752000,0.852992
8.528000,465.104000,0.919722
7.216000,2796.528000,1.323263
13.776000,2897.552000,1.369944
36.080000,1505.520000,0.904677
4.592000,1198.512000,0.688942
26.896000,1084.368000,0.658415
1.968000,2742.736000,0.733769
15.088000,1788.912000,0.905896
13.776000,2133.968000,0.764796
25.584000,1245.744000,0.829811
11.152000,2953.968000,1.415517
36.080000,1118.480000,0.825911
19.024000,1908.304000,0.866326
7.216000,470.352000,1.133096
7.216000,3089.104000,0.821413
4.592000,995.152000,0.672326
13.776000,622.544000,0.676183
0.656000,127.920000,0.763530
8.528000,3124.528000,1.226860
26.896000,1390.064000,0.780055
12.464000,1055.504000,1.039373
21.648000,2873.936000,1.281765
17.712000,1914.864000,0.985808
21.648000,1925.360000,1.290548
20.336000,2473.776000,0.808126
22.960000,2847.696000,0.806967
30.832000,1592.112000,1.051719
12.464000,2568.240000,0.720439
34.768000,2189.072000,1.345383
1.968000,1300.848000,0.714435
33.456000,894.128000,1.184594
7.216000,677.648000,0.953205
34.768000,396.880000,0.885260
1.968000,1647.216000,0.980034
36.080000,3052.368000,0.817881
9.840000,2090.672000,0.772791
8.528000,1878.128000,0.868100
15.088000,3026.128000,0.912778
34.768000,2119.536000,1.012021
34.768000,1770.544000,1.241107
36.080000,1828.272000,1.046732
11.152000,2387.184000,0.723604
33.456000,2065.744000,0.713996
9.840000,1006.960000,1.230866
29.520000,1472.720000,0.908738
3.280000,1508.144000,0.770339
33.456000,274.864000,0.910605
32.144000,1691.824000,1.148815
1.968000,1261.488000,0.782684
29.520000,7.216000,0.732681
1.968000,1073.872000,0.795164
16.400000,1967.344000,0.851856
3.280000,2157.584000,0.813548
22.960000,488.720000,0.850901
0.656000,1808.592000,0.904618
17.712000,55.760000,0.717009
22.960000,235.504000,0.788997
26.896000,748.496000,0.670325
15.088000,2290.096000,1.266872
21.648000,1808.592000,0.666322
12.464000,1757.424000,0.680749
4.592000,3182.256000,0.709056
30.832000,2646.960000,0.808949
24.272000,1111.920000,1.119096
7.216000,579.248000,1.469836
11.152000,2010.640000,0.670674
32.144000,1929.296000,0.719755
22.960000,3132.400000,0.897418
5.904000,883.632000,0.748867
13.776000,1809.904000,1.173686
3.280000,972.848000,0.895350
3.280000,2156.272000,0.823947
32.144000,3196.688000,1.038949
36.080000,553.008000,0.944069
37.392000,2856.880000,0.728105
12.464000,3011.696000,0.962089
7.216000,916.432000,0.784685
38.704000,1804.656000,1.780910
16.400000,2010.640000,0.814500
0.656000,1635.408000,0.955424
16.400000,3041.872000,0.724873
11.152000,2543.312000,0.756420
15.088000,2178.576000,1.067208
0.656000,1387.440000,0.835257
9.840000,2745.360000,1.342968
36.080000,1258.864000,0.681782
13.776000,394.256000,0.831975
21.648000,3065.488000,1.016720
13.776000,15.088000,1.646940
19.024000,1003.024000,0.992851
26.896000,1575.056000,0.745255
28.208000,1744.304000,0.891176
4.592000,1910.928000,0.784553
17.712000,2006.704000,0.799782
29.520000,53.136000,0.914692
1.968000,2538.064000,2.036128
25.584000,2253.360000,0.767593
34.768000,636.976000,1.033989
29.520000,2291.408000,1.073535
26.896000,264.368000,0.933533
7.216000,3184.880000,1.385257
9.840000,2612.848000,0.836854
4.592000,2561.680000,0.823756
7.216000,954.480000,0.863077
26.896000,1921.424000,1.938097
3.280000,1900.432000,0.746727
5.904000,626.480000,1.241745
22.960000,455.920000,1.164546
28.208000,349.648000,0.793125
20.336000,1072.560000,1.284772
25.584000,490.032000,0.745387
22.960000,2514.448000,0.897722
38.704000,592.368000,0.743491
26.896000,387.696000,1.990607
25.584000,1544.880000,0.735189
9.840000,2059.184000,0.833873
28.208000,1388.752000,1.850714
38.704000,761.616000,0.843243
12.464000,2233.680000,1.148152
0.656000,2337.328000,0.717194
8.528000,305.040000,1.344886
11.152000,997.776000,0.849904
5.904000,3070.736000,0.899395
5.904000,270.928000,0.817304
1.968000,2515.760000,1.596490
38.704000,1737.744000,0.901307
32.144000,650.096000,0.697647
25.584000,2064.432000,1.148742
12.464000,2960.528000,0.874399
15.088000,185.648000,1.322244
26.896000,1757.424000,0.734304
26.896000,100.368000,0.719353
3.280000,1361.200000,1.086154
8.528000,1403.184000,0.688397
20.336000,680.272000,0.815321
12.464000,786.544000,1.284626
5.904000,1346.768000,1.082216
33.456000,1581.616000,1.430037
36.080000,2139.216000,0.787767
4.592000,406.064000,0.919470
1.968000,1689.200000,0.856815
28.208000,78.064000,0.948723
20.336000,312.912000,0.817689
3.280000,2926.416000,0.693271
12.464000,87.248000,0.708298
17.712000,1117.168000,0.673539
29.520000,1783.664000,1.151436
9.840000,1903.056000,1.774229
9.840000,2318.960000,0.712810
37.392000,2106.416000,1.056832
5.904000,612.048000,1.315750
33.456000,1752.176000,0.878525
20.336000,1582.928000,0.986261
8.528000,2965.776000,0.887709
22.960000,1725.936000,2.170656
17.712000,1623.600000,0.716264
16.400000,1849.264000,0.944835
1.968000,1681.328000,1.164944
24.272000,974.160000,1.090532
13.776000,1981.776000,0.726698
24.272000,1317.904000,0.785192
8.528000,811.472000,1.257320
38.704000,1265.424000,1.620635
8.528000,385.072000,1.673480
1.968000,1823.024000,0.660889
24.272000,898.064000,0.695409
7.216000,277.488000,1.044065
4.592000,2417.360000,0.966479
9.840000,2009.328000,0.967086
13.776000,2187.760000,1.660975
28.208000,2396.368000,1.494172
3.280000,1512.080000,1.071823
11.152000,1418.928000,1.014714
11.152000,2048.688000,0.879756
22.960000,1069.936000,1.120105
12.464000,738.000000,1.016779
11.152000,428.368000,0.937172
5.904000,1794.160000,0.838263
3.280000,2174.640000,0.714134
38.704000,1025.328000,0.794386
20.336000,1033.200000,0.834773
13.776000,2290.096000,1.883590
30.832000,2713.872000,0.687391
32.144000,1962.096000,0.752019
19.024000,503.152000,1.019144
19.024000,2160.208000,1.007561
28.208000,131.856000,0.970327
7.216000,613.360000,0.687688
20.336000,832.464000,1.275161
38.704000,1701.008000,1.773489
19.024000,2871.312000,1.060496
7.216000,2709.936000,1.171915
36.080000,1109.296000,0.701589
28.208000,1382.192000,0.878251
28.208000,622.544000,0.724932
26.896000,1101.424000,1.327526
16.400000,357.520000,0.730495
32.144000,734.064000,1.677548
36.080000,2262.544000,0.986503
7.216000,2583.984000,0.965333
20.336000,1282.480000,0.700141
15.088000,1325.776000,0.694314
15.088000,154.160000,0.904822
11.152000,2182.512000,0.920746
7.216000,1090.928000,0.772903
34.768000,1485.840000,0.844151
15.088000,2835.888000,0.832972
4.592000,2741.424000,0.732564
36.080000,1605.232000,0.724421
13.776000,1253.616000,0.772616
4.592000,2548.560000,0.675127
9.840000,2932.976000,0.731763
7.216000,1107.984000,1.469787
17.712000,3089.104000,0.889936
24.272000,915.120000,1.340976
36.080000,2116.912000,1.178685
5.904000,2737.488000,1.086797
25.584000,625.168000,1.137671
30.832000,95.120000,0.710838
3.280000,146.288000,0.771935
7.216000,2637.776000,0.714886
34.768000,1325.776000,0.712018
30.832000,2454.096000,0.822063
19.024000,2585.296000,0.886496
25.584000,260.432000,0.667807
1.968000,1559.312000,0.722224
4.592000,1876.816000,1.106986
38.704000,261.744000,0.784691
25.584000,2707.312000,1.136887
38.704000,156.784000,0.895740
12.464000,2091.984000,1.097927
36.080000,1618.352000,0.688578
25.584000,1370.384000,0.957731
33.456000,1979.152000,1.053661
0.656000,2296.656000,0.799690
26.896000,1090.928000,0.685375
8.528000,339.152000,1.238335
20.336000,2074.928000,0.728693
32.144000,554.320000,0.730743
38.704000,2494.768000,0.776700
38.704000,555.632000,0.850328
38.704000,1706.256000,0.843392
15.088000,1586.864000,0.877825
1.968000,1693.136000,0.921663
28.208000,364.080000,0.777921
0.656000,326.032000,1.364258
11.152000,45.264000,0.851814
3.280000,3065.488000,0.846829
28.208000,264.368000,2.234828
13.776000,1080.432000,0.777741
21.648000,719.632000,0.812815
21.648000,2364.880000,1.205010
3.280000,1056.816000,0.905952
20.336000,2692.880000,1.407863
1.968000,1228.688000,1.204847
22.960000,1027.952000,1.045305
19.024000,3061.552000,1.279159
9.840000,999.088000,0.906904
9.840000,269.616000,0.757408
9.840000,2359.632000,0.750809
16.400000,1649.840000,1.535387
29.520000,2212.688000,1.027444
28.208000,63.632000,1.238092
15.088000,68.880000,0.908619
7.216000,928.240000,0.925353
33.456000,739.312000,0.820122
13.776000,3208.496000,1.289005
24.272000,1069.936000,2.000930
20.336000,1537.008000,1.038197
24.272000,265.680000,0.824785
28.208000,558.256000,0.802863
13.776000,1151.280000,0.867685
16.400000,1647.216000,0.818160
26.896000,3158.640000,1.092442
34.768000,1350.704000,0.928235
36.080000,2430.480000,1.036903
8.528000,260.432000,1.126319
20.336000,585.808000,2.050912
5.904000,743.248000,0.787530
9.840000,732.752000,0.860099
12.464000,3112.720000,0.915143
15.088000,1344.144000,0.893259
24.272000,797.040000,0.852510
8.528000,685.520000,1.457938
8.528000,2733.552000,1.114665
34.768000,667.152000,0.690373
21.648000,312.912000,0.693751
12.464000,3127.152000,0.771385
16.400000,3007.760000,1.323339
28.208000,2538.064000,0.748737
8.528000,2513.136000,1.268607
26.896000,1159.152000,0.759020
37.392000,1690.512000,0.976021
36.080000,916.432000,1.636112
29.520000,2789.968000,0.789979
20.336000,438.864000,0.785192
3.280000,2994.640000,0.712254
22.960000,2831.952000,0.707207
12.464000,2851.632000,0.706065
15.088000,1690.512000,0.788738
22.960000,837.712000,1.556535
34.768000,1435.984000,1.326307
21.648000,3182.256000,0.660904
7.216000,1265.424000,0.769112
5.904000,678.960000,0.970170
3.280000,1.968000,1.148827
22.960000,256.496000,0.800402
28.208000,2803.088000,1.073140
33.456000,2261.232000,0.989901
12.464000,382.448000,0.777059
8.528000,1623.600000,1.407547
1.968000,298.480000,1.347690
9.840000,929.552000,0.936396
9.840000,2969.712000,1.335781
11.152000,786.544000,1.148282
11.152000,722.256000,1.316702
34.768000,1394.000000,0.669984
11.152000,3014.320000,1.404420
20.336000,2988.080000,1.917583
24.272000,962.352000,1.892350
7.216000,2753.232000,1.314773
22.960000,1313.968000,0.803852
13.776000,1550.128000,0.943734
22.960000,1664.272000,1.156255
30.832000,1887.312000,0.671599
13.776000,465.104000,0.725383
21.648000,483.472000,1.144374
9.840000,1909.616000,1.089848
17.712000,1352.016000,0.757220
20.336000,1589.488000,1.438669
36.080000,1530.448000,1.063461
32.144000,3023.504000,1.035949
17.712000,1056.816000,0.877273
37.392000,685.520000,0.669141
12.464000,1731.184000,1.109021
0.656000,206.640000,0.763938
1.968000,190.896000,0.826316
32.144000,1573.744000,1.038762
32.144000,2320.272000,0.953443
11.152000,2694.192000,0.894392
1.968000,3003.824000,1.217118
20.336000,2712.560000,1.068968
25.584000,2711.248000,0.713686
37.392000,2325.520000,0.783465
17.712000,541.200000,0.852139
36.080000,2820.144000,0.878515
0.656000,1097.488000,0.779902
11.152000,1080.432000,1.191944
8.528000,2194.320000,0.709169
37.392000,2233.680000,0.824155
12.464000,2953.968000,0.803076
34.768000,2486.896000,0.684823
12.464000,2169.392000,1.237107
13.776000,2932.976000,1.966745
15.088000,930.864000,0.993646
34.768000,559.568000,0.860627
16.400000,1038.448000,1.091464
26.896000,1813.840000,0.656185
4.592000,2855.568000,0.961150
8.528000,1060.752000,0.851027
25.584000,697.328000,0.702238
9.840000,2333.392000,0.759849
16.400000,2250.736000,0.669246
32.144000,2414.736000,0.756553
3.280000,2397.680000,1.342322
38.704000,512.336000,1.010223
20.336000,1214.256000,0.833645
20.336000,1903.056000,0.960548
4.592000,64.944000,0.826823
28.208000,1537.008000,1.507224
17.712000,2090.672000,0.694264
29.520000,1165.712000,0.845214
13.776000,1702.320000,0.667594
38.704000,2645.648000,1.166632
13.776000,954.480000,0.752631
24.272000,848.208000,0.718548
32.144000,1097.488000,1.084730
16.400000,2023.760000,0.902050
8.528000,1558.000000,0.681329
15.088000,2925.104000,1.017945
1.968000,2712.560000,0.880149
1.968000,276.176000,0.997081
32.144000,487.408000,0.816767
4.592000,59.696000,1.034881
11.152000,1396.624000,0.836607
3.280000,3049.744000,0.862633
9.840000,1320.528000,1.552380
34.768000,808.848000,0.727119
37.392000,791.792000,0.790669
38.704000,2208.752000,0.910942
38.704000,1571.120000,0.765097
4.592000,1812.528000,0.737316
33.456000,1498.960000,1.129290
32.144000,2482.960000,0.700023
20.336000,2717.808000,0.688364
16.400000,1467.472000,1.321955
11.152000,798.352000,0.684654
16.400000,1476.656000,0.722596
0.656000,1072.560000,0.710899
0.656000,1875.504000,0.824980
5.904000,453.296000,1.461511
26.896000,1045.008000,0.752783
32.144000,116.112000,0.904598
1.968000,1004.336000,0.691749
13.776000,3016.944000,0.667122
1.968000,3111.408000,1.444939
19.024000,499.216000,1.123015
19.024000,7.216000,0.713826
34.768000,2501.328000,0.748524
5.904000,2467.216000,0.736570
16.400000,412.624000,0.974878
12.464000,2745.360000,0.798992
17.712000,2665.328000,0.741040
12.464000,66.256000,0.785603
38.704000,1601.296000,1.715725
13.776000,1206.384000,1.114699
36.080000,3166.512000,0.690153
28.208000,3138.960000,0.780490
19.024000,190.896000,0.830072
38.704000,1333.648000,1.537304
5.904000,866.576000,0.773995
1.968000,1555.376000,1.124348
37.392000,2463.280000,0.995758
32.144000,1258.864000,1.348511
29.520000,1673.456000,0.894615
12.464000,987.280000,1.350369
24.272000,1323.152000,0.831468
11.152000,102.992000,0.920205
38.704000,1897.808000,0.961914
36.080000,1989.648000,0.811845
33.456000,835.088000,0.686338
36.080000,509.712000,0.801048
24.272000,2393.744000,0.764182
8.528000,966.288000,0.826798
12.464000,3218.992000,1.052447
3.280000,230.256000,0.805331
7.216000,2371.440000,1.526264
24.272000,370.640000,0.808982
17.712000,3030.064000,1.038569
32.144000,718.320000,0.776800
0.656000,2312.400000,1.746882
20.336000,694.704000,1.039369
20.336000,2193.008000,1.074492
15.088000,2255.984000,1.761187
13.776000,1223.440000,0.888287
37.392000,2203.504000,0.916678
0.656000,1817.776000,1.307492
4.592000,1332.336000,0.856658
37.392000,2191.696000,1.611993
32.144000,2181.200000,1.433636
36.080000,2232.368000,1.330258
5.904000,2095.920000,0.740224
16.400000,942.672000,0.700857
32.144000,2010.640000,1.025878
26.896000,2341.264000,1.448257
33.456000,2168.080000,0.724513
4.592000,1420.240000,0.658794
33.456000,1832.208000,0.816662
22.960000,896.752000,0.844368
11.152000,2360.944000,0.725946
22.960000,3041.872000,0.828351
37.392000,2535.440000,0.936361
20.336000,347.024000,0.768278
13.776000,476.912000,1.653481
5.904000,1941.104000,0.739137
7.216000,580.560000,1.234800
1.968000,770.800000,0.699968
30.832000,2158.896000,0.810894
0.656000,2262.544000,1.189808
12.464000,1767.920000,1.262121
17.712000,2022.448000,1.123872
7.216000,1126.352000,0.797855
9.840000,3003.824000,0.675026
36.080000,726.192000,0.933880
33.456000,1548.816000,0.745325
34.768000,1157.840000,1.212713
7.216000,3200.624000,0.695428
24.272000,3187.504000,1.212987
28.208000,1429.424000,0.906694
21.648000,3047.120000,1.896432
25.584000,1851.888000,1.013877
36.080000,629.104000,1.419421
15.088000,2807.024000,0.944247
22.960000,3157.328000,0.889750
34.768000,37.392000,0.896464
24.272000,354.896000,0.828489
22.960000,2266.480000,1.160773
32.144000,787.856000,1.656735
24.272000,2967.088000,0.768329
28.208000,2604.976000,0.689438
36.080000,1969.968000,0.705831
34.768000,2109.040000,0.987314
11.152000,2686.320000,0.769632
9.840000,1641.968000,0.910063
26.896000,2784.720000,0.884804
21.648000,318.160000,0.757069
24.272000,2450.160000,0.923643
17.712000,806.224000,0.774043
22.960000,692.080000,1.702955
21.648000,396.880000,1.244625
12.464000,150.224000,0.758210
20.336000,1960.784000,1.128209
28.208000,2434.416000,0.878305
15.088000,2379.312000,0.765553
1.968000,1232.624000,0.696688
0.656000,402.128000,1.130350
22.960000,1846.640000,1.360608
9.840000,1647.216000,0.805253
16.400000,2547.248000,1.633797
26.896000,3020.880000,0.698494
9.840000,2598.416000,1.152133
37.392000,1664.272000,0.673304
3.280000,909.872000,0.948357
30.832000,1312.656000,0.879853
21.648000,1383.504000,0.723290
29.520000,1235.248000,1.294760
15.088000,1475.344000,0.897558
25.584000,2233.680000,0.725108
25.584000,525.456000,1.175984
36.080000,2329.456000,1.166159
7.216000,929.552000,0.662528
16.400000,1922.736000,0.841907
38.704000,478.224000,1.604382
5.904000,1451.728000,1.247410
22.960000,430.992000,0.733371
24.272000,1901.744000,0.694112
34.768000,1506.832000,0.867354
4.592000,849.520000,1.546601
5.904000,2934.288000,1.113875
4.592000,512.336000,0.851565
32.144000,584.496000,0.656719
38.704000,1996.208000,0.657618
24.272000,2292.720000,0.722642
22.960000,1662.960000,0.713098
17.712000,1718.064000,0.727813
20.336000,2702.064000,1.207400
20.336000,835.088000,0.945173
5.904000,2509.200000,0.793436
22.960000,1453.040000,0.716745
24.272000,2166.768000,0.811866
9.840000,2297.968000,1.193934
37.392000,555.632000,1.266173
22.960000,2073.616000,0.756626
34.768000,3136.336000,0.986317
3.280000,3175.696000,0.744160
22.960000,630.416000,0.776736
8.528000,711.760000,0.935513
21.648000,1723.312000,0.685161
13.776000,2791.280000,0.677753
25.584000,92.496000,1.373526
21.648000,787.856000,0.849223
26.896000,2654.832000,0.896564
7.216000,2740.112000,0.811059
0.656000,3201.936000,1.084155
28.208000,2531.504000,1.517786
19.024000,2389.808000,1.079587
22.960000,3095.664000,0.663301
28.208000,3114.032000,0.769260
36.080000,921.680000,0.784127
4.592000,1985.712000,0.667358
30.832000,501.840000,2.418877
16.400000,2430.480000,0.739396
20.336000,2261.232000,1.357059
34.768000,790.480000,0.987893
0.656000,490.032000,0.947564
13.776000,2730.928000,0.670618
36.080000,1252.304000,0.750669
8.528000,1853.200000,2.329844
36.080000,326.032000,1.440140
29.520000,1605.232000,0.692601
11.152000,1586.864000,1.028476
11.152000,2393.744000,0.773555
9.840000,45.264000,1.633203
8.528000,3192.752000,1.131983
1.968000,1135.536000,1.451652
20.336000,1964.720000,0.874166
38.704000,2995.952000,0.936098
15.088000,2888.368000,0.887005
24.272000,650.096000,0.952977
25.584000,1459.600000,0.867419
16.400000,3083.856000,0.825116
26.896000,943.984000,0.720723
24.272000,2842.448000,1.460729
15.088000,235.504000,1.100429
5.904000,2363.568000,0.838836
5.904000,2442.288000,1.003609
9.840000,584.496000,0.753376
11.152000,1491.088000,1.447166
16.400000,1697.072000,0.850645
15.088000,3191.440000,0.870023
5.904000,1446.480000,1.246553
29.520000,2060.496000,1.327086
33.456000,465.104000,0.868109
25.584000,2383.248000,0.675881
4.592000,605.488000,0.943485
11.152000,3201.936000,0.768050
13.776000,3213.744000,1.288344
0.656000,1624.912000,1.014121
16.400000,2513.136000,1.235845
1.968000,307.664000,0.998854
20.336000,1495.024000,0.741548
30.832000,602.864000,1.176556
8.528000,1008.272000,1.081329
32.144000,2397.680000,1.384671
20.336000,756.368000,0.749503
28.208000,2206.128000,0.729922
30.832000,2057.872000,1.389581
36.080000,1111.920000,1.055730
7.216000,769.488000,1.558091
0.656000,2905.424000,0.711316
11.152000,604.176000,0.781525
33.456000,1197.200000,0.722953
33.456000,1787.600000,1.318368
5.904000,577.936000,1.071482
30.832000,2952.656000,1.587439
17.712000,622.544000,0.669652
22.960000,2754.544000,1.178674
9.840000,2481.648000,0.734353
21.648000,1744.304000,1.134219
3.280000,1176.208000,0.747285
29.520000,518.896000,1.006920
15.088000,1552.752000,0.681688
21.648000,1464.848000,0.992282
3.280000,306.352000,1.892924
36.080000,2657.456000,0.687641
12.464000,600.240000,0.812388
16.400000,3081.232000,1.064333
7.216000,465.104000,0.702036
21.648000,1825.648000,0.684974
26.896000,1212.944000,0.708409
21.648000,1782.352000,0.721448
33.456000,736.688000,1.635009
13.776000,1800.720000,0.787112
16.400000,1233.936000,1.044022
13.776000,2042.128000,0.715141
17.712000,1008.272000,0.762788
5.904000,3198.000000,1.204963
21.648000,445.424000,1.088342
21.648000,576.624000,0.691726
17.712000,1551.440000,1.261057
38.704000,2336.016000,2.161256
28.208000,2223.184000,0.831364
28.208000,2745.360000,0.755989
5.904000,1729.872000,1.017718
32.144000,2363.568000,1.346433
20.336000,270.928000,1.025176
9.840000,12.464000,0.744084
3.280000,761.616000,0.850144
0.656000,1391.376000,1.423568
15.088000,160.720000,0.768653
37.392000,1485.840000,1.119093
24.272000,493.968000,1.207513
3.280000,2039.504000,1.119365
32.144000,285.360000,0.696618
9.840000,487.408000,0.874762
7.216000,3142.896000,0.662063
3.280000,407.376000,1.260948
28.208000,51.824000,0.810051
32.144000,2930.352000,0.683036
0.656000,1581.616000,1.346339
21.648000,672.400000,1.067667
9.840000,2088.048000,0.740499
17.712000,2223.184000,0.702958
37.392000,1586.864000,0.909602
20.336000,1173.584000,1.864814
13.776000,2158.896000,0.901018
26.896000,1558.000000,1.274367
11.152000,2556.432000,0.685207
22.960000,627.792000,0.874286
32.144000,2837.200000,0.860808
0.656000,497.904000,0.884555
13.776000,1.968000,0.924625
38.704000,1858.448000,0.756752
36.080000,295.856000,0.844593
28.208000,1224.752000,1.334731
37.392000,937.424000,0.745141
29.520000,877.072000,0.670866
15.088000,7.216000,0.913518
24.272000,2926.416000,0.803891
15.088000,461.168000,0.821674
28.208000,703.888000,1.165570
9.840000,235.504000,1.121173
19.024000,2556.432000,0.710288
38.704000,3090.416000,0.963370
15.088000,1647.216000,1.403392
7.216000,2097.232000,0.802554
1.968000,711.760000,1.427914
5.904000,728.816000,0.680042
7.216000,467.728000,1.402795
13.776000,1017.456000,1.028134
17.712000,446.736000,1.149111
19.024000,3007.760000,1.122972
11.152000,576.624000,0.826810
3.280000,234.192000,1.124363
0.656000,1609.168000,0.736891
8.528000,2364.880000,1.009826
13.776000,685.520000,0.658748
9.840000,3082.544000,1.026795
20.336000,570.064000,0.764919
9.840000,3208.496000,1.215056
17.712000,2258.608000,1.641994
5.904000,2581.360000,0.661526
4.592000,671.088000,0.744940
38.704000,2326.832000,1.081225
8.528000,2867.376000,0.735966
30.832000,2501.328000,1.431142
30.832000,1327.088000,1.125938
19.024000,3158.640000,0.737046
28.208000,2981.520000,0.896354
21.648000,2389.808000,1.135292
29.520000,1706.256000,0.667411
16.400000,413.936000,0.970587
28.208000,2510.512000,0.749750
36.080000,696.016000,0.833961
32.144000,2643.024000,0.913837
28.208000,657.968000,1.553513
15.088000,559.568000,0.746029
26.896000,1076.496000,0.863340
38.704000,2004.080000,1.159218
9.840000,1287.728000,0.849667
37.392000,2471.152000,0.779944
11.152000,2112.976000,1.169243
28.208000,1641.968000,0.683407
33.456000,2715.184000,1.219514
28.208000,3141.584000,0.818776
3.280000,3182.256000,1.635139
25.584000,924.304000,0.693070
26.896000,1052.880000,1.035683
24.272000,2553.808000,0.769424
36.080000,702.576000,1.320720
21.648000,3053.680000,0.757304
13.776000,2532.816000,1.135349
36.080000,744.560000,0.748506
4.592000,1981.776000,1.279985
28.208000,2278.288000,0.724925
38.704000,2551.184000,1.443390
36.080000,3070.736000,0.656184
20.336000,2338.640000,0.873473
5.904000,1739.056000,0.748283
11.152000,1681.328000,1.044014
26.896000,1665.584000,0.906576
29.520000,1409.744000,1.137986
22.960000,1198.512000,0.813291
3.280000,896.752000,1.006042
9.840000,242.064000,0.859694
25.584000,2831.952000,0.943491
32.144000,1235.248000,0.674841
36.080000,571.376000,0.677406
13.776000,3222.928000,1.155930
30.832000,2524.944000,0.971932
24.272000,2614.160000,0.743416
25.584000,2418.672000,0.983968
9.840000,183.024000,1.052648
19.024000,2732.240000,1.129284
0.656000,995.152000,0.698273
15.088000,2838.512000,0.928436
21.648000,2210.064000,0.953401
5.904000,2957.904000,2.046836
37.392000,995.152000,1.614449
16.400000,2872.624000,0.901654
25.584000,530.704000,0.736602
21.648000,718.320000,0.687356
9.840000,1449.104000,0.770902
36.080000,2960.528000,0.794189
8.528000,629.104000,0.733033
34.768000,2496.080000,0.956543
7.216000,1948.976000,0.824591
1.968000,2787.344000,0.670591
5.904000,1933.232000,0.663518
34.768000,1963.408000,0.889141
19.024000,2175.952000,0.657421
33.456000,878.384000,0.735582
36.080000,105.616000,1.207162
22.960000,2052.624000,0.697082
1.968000,2454.096000,1.397566
12.464000,1701.008000,1.006877
9.840000,206.640000,0.906623
30.832000,614.672000,0.943520
15.088000,3082.544000,0.879242
17.712000,1516.016000,1.410250
12.464000,1781.040000,1.920411
25.584000,2538.064000,1.314937
11.152000,636.976000,0.775721
24.272000,2494.768000,0.894635
38.704000,1480.592000,0.659786
8.528000,1897.808000,0.670753
5.904000,2199.568000,0.811920
7.216000,1332.336000,1.046204
28.208000,371.952000,0.740381
22.960000,2070.992000,0.667629
5.904000,593.680000,1.031469
38.704000,2246.800000,0.795107
9.840000,909.872000,0.880288
34.768000,89.872000,1.010226
34.768000,2091.984000,0.735168
32.144000,1100.112000,0.899709
24.272000,2510.512000,0.878839
4.592000,1794.160000,0.744834
5.904000,922.992000,1.032167
25.584000,2628.592000,1.264085
4.592000,2830.640000,0.838051
1.968000,539.888000,0.702600
36.080000,2852.944000,0.882597
17.712000,1025.328000,0.656791
13.776000,1144.720000,0.720304
1.968000,1850.576000,0.797187
34.768000,1443.856000,0.908765
4.592000,3.280000,1.602967
17.712000,1559.312000,0.995667
12.464000,2830.640000,0.751739
36.080000,3074.672000,0.678329
37.392000,1757.424000,1.193645
17.712000,1950.288000,0.835429
11.152000,2719.120000,1.900312
24.272000,2275.664000,0.852469
15.088000,2569.552000,0.673549
25.584000,1794.160000,0.759429
11.152000,1796.784000,0.658171
30.832000,2742.736000,1.183315
36.080000,200.080000,0.749156
22.960000,1542.256000,1.028798
5.904000,155.472000,1.555613
8.528000,3015.632000,0.871359
15.088000,1703.632000,0.818326
3.280000,1892.560000,1.569730
7.216000,966.288000,1.233388
13.776000,887.568000,0.839821
37.392000,567.440000,0.703499
33.456000,874.448000,0.735632
37.392000,867.888000,0.868406
5.904000,1760.048000,0.691272
29.520000,3187.504000,1.069227
32.144000,2511.824000,0.819030
17.712000,222.384000,1.477328
13.776000,1947.664000,0.955195
1.968000,1777.104000,0.718207
24.272000,75.440000,0.891954
4.592000,1177.520000,1.064202
12.464000,1165.712000,1.246626
37.392000,1294.288000,0.935498
16.400000,127.920000,0.712895
11.152000,1430.736000,0.767851
7.216000,559.568000,1.008722
17.712000,2961.840000,0.905833
13.776000,1168.336000,1.242984
5.904000,1512.080000,1.882186
9.840000,3062.864000,1.129052
38.704000,1236.560000,0.788589
0.656000,2578.736000,1.131726
28.208000,819.344000,0.703584
11.152000,1988.336000,0.725652
26.896000,2070.992000,0.852001
30.832000,432.304000,1.463558
9.840000,184.336000,0.704235
30.832000,2253.360000,1.414382
15.088000,2939.536000,0.704341
9.840000,33.456000,1.140912
12.464000,920.368000,1.152294
25.584000,1312.656000,1.051670
4.592000,356.208000,0.985769
8.528000,1516.016000,0.783005
38.704000,1992.272000,0.783283
8.528000,482.160000,0.843010
13.776000,3180.944000,0.846949
8.528000,3035.312000,0.950756
8.528000,2708.624000,1.084912
25.584000,453.296000,0.658547
30.832000,3170.448000,0.672368
4.592000,55.760000,0.887212
16.400000,2625.968000,0.737410
5.904000,411.312000,0.673324
1.968000,2418.672000,1.790661
8.528000,646.160000,1.238113
26.896000,972.848000,1.041989
29.520000,1319.216000,0.870700
3.280000,1161.776000,1.502390
25.584000,1525.200000,0.670782
3.280000,340.464000,1.059562
28.208000,1110.608000,0.784371
5.904000,20.336000,1.257951
28.208000,2292.720000,0.755185
29.520000,745.872000,2.681254
21.648000,1241.808000,0.819781
24.272000,2220.560000,1.141243
28.208000,2703.376000,0.801182
0.656000,1867.632000,0.716912
0.656000,1008.272000,0.909128
25.584000,2027.696000,1.816480
30.832000,735.376000,0.692326
17.712000,2174.640000,0.892817
19.024000,2481.648000,1.558606
22.960000,2711.248000,0.801553
5.904000,1715.440000,0.856678
29.520000,899.376000,0.721241
16.400000,3073.360000,0.791771
25.584000,1210.320000,1.018746
0.656000,1853.200000,0.790753
37.392000,833.776000,1.062349
21.648000,2717.808000,1.031523
22.960000,1114.544000,1.027671
17.712000,41.328000,0.748133
21.648000,2505.264000,1.020281
13.776000,2814.896000,1.569203
30.832000,941.360000,1.070043
34.768000,1182.768000,0.691859
19.024000,739.312000,0.701108
36.080000,991.216000,0.860407
7.216000,1420.240000,0.791658
7.216000,312.912000,0.682206
25.584000,2294.032000,0.703599
9.840000,1758.736000,1.039665
38.704000,1292.976000,0.893143
21.648000,2578.736000,0.682389
37.392000,1488.464000,0.798285
33.456000,100.368000,0.801372
32.144000,1483.216000,0.822854
20.336000,714.384000,1.043112
21.648000,2149.712000,0.772711
25.584000,2683.696000,0.702502
15.088000,2454.096000,0.786233
26.896000,740.624000,0.678481
21.648000,1265.424000,0.742132
30.832000,2527.568000,0.716707
12.464000,1750.864000,0.657754
19.024000,1177.520000,0.855139
37.392000,3177.008000,0.748425
3.280000,2908.048000,0.903972
25.584000,2980.208000,0.925289
3.280000,2454.096000,0.748895
32.144000,3149.456000,1.210053
22.960000,1188.016000,1.311626
34.768000,3005.136000,0.781116
36.080000,1185.392000,0.702063
22.960000,1950.288000,0.927090
29.520000,731.440000,1.057651
21.648000,1256.240000,1.192740
7.216000,2383.248000,0.710579
11.152000,390.320000,1.081239
22.960000,926.928000,0.783181
22.960000,985.968000,0.672281
37.392000,2459.344000,0.661518
32.144000,2269.104000,0.695291
32.144000,1396.624000,1.034564
29.520000,1232.624000,0.737921
4.592000,1459.600000,0.801301
16.400000,701.264000,0.911750
17.712000,1960.784000,0.997054
11.152000,2396.368000,1.432282
16.400000,1546.192000,0.945123
21.648000,1083.056000,0.824718
29.520000,1750.864000,0.762998
13.776000,2538.064000,0.824063
28.208000,2376.688000,0.673625
13.776000,366.704000,0.694557
17.712000,623.856000,0.859241
38.704000,3187.504000,1.022749
37.392000,1969.968000,0.741015
32.144000,2620.720000,0.913491
20.336000,972.848000,1.071813
19.024000,222.384000,1.012241
29.520000,1245.744000,1.102290
11.152000,958.416000,1.255887
24.272000,184.336000,1.694193
29.520000,1375.632000,1.079774
1.968000,560.880000,0.944499
22.960000,1939.792000,0.916206
25.584000,2208.752000,1.638819
34.768000,1500.272000,1.311030
17.712000,1710.192000,1.952261
37.392000,40.016000,1.050715
19.024000,3213.744000,1.465500
22.960000,2519.696000,1.317247
20.336000,3070.736000,2.200367
38.704000,463.792000,1.017646
33.456000,1096.176000,0.778361
19.024000,3129.776000,0.657042
9.840000,2262.544000,1.744043
36.080000,394.256000,1.094163
25.584000,2186.448000,0.754930
17.712000,2265.168000,0.686030
9.840000,1359.888000,0.909886
37.392000,1829.584000,0.925570
21.648000,1184.080000,1.281165
20.336000,798.352000,0.921725
7.216000,1341.520000,0.715440
32.144000,150.224000,0.667520
0.656000,1534.384000,0.809085
4.592000,844.272000,0.951949
25.584000,2747.984000,1.075508
33.456000,1286.416000,1.042718
5.904000,3162.576000,1.325237
33.456000,945.296000,0.905007
3.280000,1582.928000,0.843952
33.456000,3083.856000,0.717705
36.080000,1239.184000,0.693576
13.776000,2091.984000,0.674365
24.272000,82.000000,0.756340
37.392000,2358.320000,0.687597
16.400000,908.560000,0.754387
9.840000,2918.544000,0.940410
13.776000,2820.144000,0.723372
15.088000,183.024000,0.893146
24.272000,1554.064000,0.718877
21.648000,3213.744000,0.700370
9.840000,2879.184000,1.111177
19.024000,74.128000,1.004106
5.904000,412.624000,0.878387
7.216000,1062.064000,0.709140
8.528000,1805.968000,1.229885
29.520000,1441.232000,0.766738
21.648000,735.376000,1.637446
24.272000,560.880000,0.837070
28.208000,3099.600000,0.695744
12.464000,366.704000,0.687490
11.152000,197.456000,1.023714
9.840000,3156.016000,0.982151
32.144000,1731.184000,0.888445
28.208000,353.584000,0.771941
11.152000,1857.136000,1.039823
32.144000,556.944000,1.083223
32.144000,635.664000,1.120888
9.840000,1327.088000,0.882177
37.392000,2787.344000,0.697438
7.216000,205.328000,0.979221
33.456000,867.888000,1.352492
4.592000,951.856000,1.299531
9.840000,829.840000,0.779042
38.704000,2051.312000,1.202071
5.904000,177.776000,0.804442
24.272000,1573.744000,1.066664
4.592000,2454.096000,0.744092
37.392000,357.520000,1.144560
20.336000,2469.840000,1.114361
34.768000,1912.240000,0.688021
25.584000,308.976000,0.817933
22.960000,2539.376000,1.076302
8.528000,1718.064000,0.856360
3.280000,1804.656000,1.734519
4.592000,2357.008000,0.739345
11.152000,349.648000,0.760810
29.520000,2513.136000,0.835503
1.968000,2896.240000,1.017307
13.776000,1701.008000,1.615488
0.656000,2591.856000,1.441122
9.840000,646.160000,0.874991
17.712000,3032.688000,1.131091
32.144000,858.704000,0.726032
32.144000,1820.400000,0.949194
19.024000,857.392000,0.752506
33.456000,2395.056000,0.901709
20.336000,572.688000,1.287682
28.208000,808.848000,1.828830
11.152000,1731.184000,1.222282
19.024000,718.320000,0.703510
8.528000,543.824000,0.970735
33.456000,1190.640000,0.741695
7.216000,326.032000,1.825482
11.152000,2405.552000,1.223732
12.464000,1477.968000,0.949135
17.712000,2151.024000,1.802089
22.960000,3212.432000,1.163446
20.336000,884.944000,0.707372
22.960000,1197.200000,1.457044
16.400000,783.920000,0.723386
34.768000,520.208000,1.495275
5.904000,1855.824000,0.668767
0.656000,764.240000,0.849539
38.704000,1496.336000,1.111229
11.152000,2654.832000,0.950500
37.392000,400.816000,1.217099
25.584000,3062.864000,0.703042
19.024000,1278.544000,1.952320
32.144000,475.600000,0.755827
36.080000,3179.632000,1.209136
33.456000,2455.408000,0.861305
21.648000,3083.856000,0.738848
7.216000,3129.776000,0.712494
0.656000,1299.536000,1.507736
21.648000,736.688000,0.922328
4.592000,1694.448000,1.279222
36.080000,2729.616000,0.737298
24.272000,2562.992000,1.029881
33.456000,2496.080000,0.707647
24.272000,2481.648000,1.034687
3.280000,497.904000,0.795244
8.528000,2350.448000,0.839957
13.776000,1737.744000,0.913789
5.904000,24.272000,0.767466
17.712000,3082.544000,1.383934
11.152000,2761.104000,0.817403
3.280000,1707.568000,0.912706
3.280000,621.232000,1.086810
16.400000,1160.464000,0.866140
22.960000,2278.288000,0.746164
36.080000,2774.224000,0.658104
30.832000,3222.928000,1.072617
24.272000,2099.856000,0.825411
5.904000,816.720000,0.925912
29.520000,177.776000,1.057413
36.080000,400.816000,0.742208
28.208000,151.536000,0.732465
0.656000,3218.992000,0.659437
8.528000,566.128000,0.962210
12.464000,1636.720000,0.809059
16.400000,294.544000,0.887563
34.768000,547.760000,1.301792
22.960000,629.104000,1.633790
15.088000,327.344000,1.949792
5.904000,672.400000,0.982840
1.968000,2576.112000,1.010713
5.904000,2347.824000,1.365792
3.280000,2713.872000,1.279750
20.336000,419.184000,0.721590
32.144000,316.848000,0.862763
33.456000,3098.288000,0.824919
1.968000,651.408000,0.713111
9.840000,2490.832000,0.686618
17.712000,411.312000,0.714785
36.080000,896.752000,1.642214
9.840000,3145.520000,0.888261
0.656000,2556.432000,0.826369
24.272000,2719.120000,0.845374
33.456000,2351.760000,0.961950
38.704000,2825.392000,1.184188
3.280000,72.816000,1.613055
37.392000,1138.160000,0.823506
7.216000,585.808000,1.044185
37.392000,2547.248000,1.563045
4.592000,835.088000,1.310446
30.832000,2459.344000,1.065259
13.776000,1412.368000,1.122187
12.464000,972.848000,1.177520
12.464000,320.784000,0.839622
32.144000,2261.232000,0.871378
13.776000,1194.576000,0.664993
1.968000,396.880000,0.746201
12.464000,703.888000,0.899605
8.528000,59.696000,0.725092
17.712000,2914.608000,2.242361
24.272000,2599.728000,0.720105
28.208000,1560.624000,0.679087
0.656000,1698.384000,1.144590
30.832000,1240.496000,0.690077
36.080000,101.680000,0.894099
24.272000,1685.264000,0.907375
33.456000,2124.784000,0.884223
30.832000,1775.792000,1.128508
21.648000,1199.824000,1.175369
11.152000,516.272000,0.821561
20.336000,854.768000,0.728014
11.152000,1260.176000,1.650833
8.528000,1559.312000,1.169816
22.960000,2927.728000,0.802580
4.592000,1361.200000,0.767506
38.704000,1685.264000,1.468374
28.208000,3014.320000,1.068419
37.392000,1132.912000,0.782982
29.520000,723.568000,0.835539
30.832000,829.840000,1.970620
28.208000,1571.120000,0.946484
12.464000,1424.176000,1.202750
25.584000,1308.720000,1.389442
19.024000,1247.056000,0.673363
19.024000,3074.672000,0.703544
1.968000,852.144000,0.692136
17.712000,3178.320000,0.821156
34.768000,2527.568000,0.723563
4.592000,1386.128000,1.325545
3.280000,2494.768000,1.074097
26.896000,2866.064000,0.876272
37.392000,1725.936000,0.851628
29.520000,827.216000,1.029815
21.648000,3142.896000,0.835930
1.968000,919.056000,0.672710
12.464000,43.952000,0.773731
21.648000,900.688000,1.161431
0.656000,1523.888000,0.747342
36.080000,2646.960000,1.015927
7.216000,2224.496000,0.839009
0.656000,2939.536000,0.942494
11.152000,1467.472000,0.964949
26.896000,2538.064000,0.728989
30.832000,3196.688000,0.795069
36.080000,3199.312000,0.698632
19.024000,2444.912000,1.388021
13.776000,1332.336000,0.665713
21.648000,2414.736000,0.727023
16.400000,1468.784000,0.723870
20.336000,1135.536000,1.488846
11.152000,344.400000,1.065992
32.144000,2477.712000,0.976213
17.712000,1804.656000,0.812766
30.832000,1321.840000,0.735970
30.832000,2995.952000,1.079011
26.896000,593.680000,0.771980
15.088000,1271.984000,1.198850
12.464000,168.592000,0.820443
8.528000,572.688000,0.665071
5.904000,371.952000,0.693042
21.648000,466.416000,1.120849
29.520000,1362.512000,0.678561
4.592000,365.392000,0.745147
26.896000,2485.584000,0.780252
4.592000,238.128000,0.724598
7.216000,28.208000,0.671821
12.464000,230.256000,0.662333
8.528000,2287.472000,1.028276
21.648000,2786.032000,0.671074
17.712000,114.800000,0.658000
8.528000,753.744000,0.753365
28.208000,966.288000,0.983821
38.704000,3149.456000,0.875460
15.088000,2246.800000,1.094622
15.088000,2085.424000,1.086387
8.528000,1641.968000,2.351164
34.768000,1051.568000,0.914881
15.088000,2786.032000,1.176520
16.400000,2952.656000,0.754903
0.656000,109.552000,1.207153
19.024000,2351.760000,1.374649
16.400000,657.968000,1.132085
24.272000,934.800000,0.753388
17.712000,2631.216000,0.914917
16.400000,2009.328000,0.822455
22.960000,1964.720000,0.796291
21.648000,726.192000,1.056346
13.776000,1453.040000,1.470389
33.456000,3100.912000,1.007325
22.960000,2925.104000,0.955800
28.208000,36.080000,1.472550
8.528000,538.576000,0.945156
26.896000,2923.792000,0.719042
17.712000,1334.960000,0.737889
21.648000,1300.848000,0.740804
7.216000,1358.576000,0.772829
1.968000,287.984000,1.596407
22.960000,828.528000,0.967061
0.656000,2711.248000,0.716140
29.520000,1859.760000,0.659483
34.768000,50.512000,1.090642
20.336000,1210.320000,1.730375
8.528000,2531.504000,1.100001
15.088000,2960.528000,1.075032
13.776000,2826.704000,0.838173
5.904000,783.920000,0.697340
22.960000,1271.984000,1.352341
1.968000,2625.968000,1.111517
30.832000,3141.584000,0.899288
32.144000,2761.104000,1.582632
33.456000,951.856000,0.770969
34.768000,1022.704000,1.113286
38.704000,2114.288000,0.859107
29.520000,1575.056000,0.657681
13.776000,1652.464000,0.690442
5.904000,580.560000,0.786466
25.584000,2363.568000,1.333729
16.400000,2662.704000,1.306865
16.400000,227.632000,0.859756
17.712000,1853.200000,0.783691
17.712000,1114.544000,0.662441
0.656000,2965.776000,2.056465
3.280000,2320.272000,1.070928
16.400000,78.064000,1.220807
9.840000,3207.184000,1.133106
25.584000,2547.248000,0.747581
15.088000,963.664000,0.727412
4.592000,707.824000,1.227405
24.272000,2030.320000,0.832551
32.144000,2035.568000,1.310728
7.216000,2774.224000,1.093333
16.400000,1471.408000,1.462631
0.656000,2151.024000,0.668849
24.272000,1432.048000,0.741920
9.840000,877.072000,0.657146
9.840000,1748.240000,1.261060
38.704000,989.904000,1.386065
8.528000,2297.968000,1.068547
36.080000,354.896000,1.164825
38.704000,114.800000,0.816101
12.464000,934.800000,0.719244
26.896000,272.240000,1.093680
22.960000,2232.368000,0.755727
25.584000,204.016000,1.579831
19.024000,2027.696000,0.880674
11.152000,1218.192000,1.276943
28.208000,933.488000,0.771633
0.656000,3003.824000,0.774927
21.648000,850.832000,0.731033
21.648000,797.040000,0.794865
28.208000,2448.848000,1.178295
21.648000,1176.208000,0.920625
8.528000,858.704000,1.078244
3.280000,3191.440000,1.218952
16.400000,2812.272000,1.102512
8.528000,2940.848000,0.659419
33.456000,2257.296000,1.452724
25.584000,332.592000,0.767591
37.392000,1160.464000,0.925873
8.528000,413.936000,0.675540
29.520000,1182.768000,0.814545
3.280000,66.256000,0.877788
17.712000,1401.872000,0.988128
8.528000,954.480000,0.930263
7.216000,2189.072000,0.725125
26.896000,682.896000,1.127905
17.712000,1690.512000,1.749748
21.648000,2367.504000,0.739284
5.904000,3209.808000,1.615868
26.896000,1615.728000,0.686943
22.960000,120.048000,0.764035
21.648000,1686.576000,0.676183
37.392000,1273.296000,0.764556
32.144000,2624.656000,0.962587
22.960000,894.128000,0.752263
3.280000,339.152000,0.850168
4.592000,964.976000,0.662730
11.152000,1710.192000,0.891149
26.896000,2969.712000,0.765352
26.896000,1367.760000,0.679644
30.832000,2017.200000,0.746418
20.336000,278.800000,0.715731
5.904000,1117.168000,0.798940
38.704000,1411.056000,1.084529
34.768000,3082.544000,0.795416
22.960000,2984.144000,0.730322
30.832000,2598.416000,0.834957
30.832000,3188.816000,0.671207
22.960000,2977.584000,1.886467
37.392000,2154.960000,1.019738
25.584000,3096.976000,1.213854
17.712000,2190.384000,1.575593
20.336000,273.552000,0.707106
13.776000,1823.024000,0.992442
24.272000,1555.376000,1.252691
29.520000,1992.272000,0.890167
21.648000,2767.664000,0.755261
24.272000,2193.008000,1.776552
30.832000,2112.976000,1.119783
3.280000,791.792000,0.999404
33.456000,779.984000,0.693710
26.896000,553.008000,1.024164
3.280000,1264.112000,1.150787
21.648000,2565.616000,0.768121
25.584000,3205.872000,0.912848
12.464000,1908.304000,0.892300
28.208000,937.424000,1.493271
12.464000,1870.256000,1.213102
5.904000,2974.960000,0.772734
1.968000,575.312000,0.844869
34.768000,2545.936000,1.195166
1.968000,57.072000,1.173685
13.776000,1426.800000,0.964768
9.840000,2493.456000,0.951291
5.904000,2312.400000,1.064825
26.896000,884.944000,0.726824
37.392000,1500.272000,1.247874
34.768000,1180.144000,0.863668
7.216000,1177.520000,0.682532
8.528000,2261.232000,0.781771
21.648000,2730.928000,0.761494
4.592000,1072.560000,0.855649
36.080000,2475.088000,0.740464
17.712000,1569.808000,0.658094
13.776000,2744.048000,1.226144
13.776000,3037.936000,1.093674
0.656000,845.584000,0.808385
34.768000,1746.928000,0.730856
17.712000,430.992000,1.070761
16.400000,1253.616000,0.687108
9.840000,2719.120000,0.887231
1.968000,2101.168000,0.801663
26.896000,180.400000,1.268043
4.592000,799.664000,0.840219
12.464000,1458.288000,0.657569
37.392000,108.240000,0.658295
21.648000,2148.400000,0.780294
13.776000,1060.752000,1.438659
4.592000,1790.224000,0.816626
13.776000,1628.848000,1.550578
1.968000,1581.616000,0.665801
36.080000,209.264000,0.749296
25.584000,261.744000,0.824999
0.656000,2279.600000,0.695884
28.208000,2279.600000,1.296894
0.656000,1218.192000,1.084381
1.968000,2388.496000,0.830354
7.216000,3203.248000,0.759098
20.336000,2938.224000,0.849455
37.392000,2555.120000,0.912826
22.960000,2938.224000,0.703665
29.520000,1924.048000,0.681303
32.144000,3145.520000,0.695966
5.904000,320.784000,0.748584
3.280000,1513.392000,0.778856
34.768000,1672.144000,0.933524
15.088000,2360.944000,0.782359
8.528000,2391.120000,1.128922
30.832000,175.152000,0.659877
16.400000,1403.184000,0.706302
36.080000,1268.048000,0.770994
16.400000,1855.824000,1.027785
20.336000,2471.152000,0.808909
33.456000,744.560000,0.867102
13.776000,3212.432000,0.700029
30.832000,2503.952000,0.733616
4.592000,660.592000,0.868350
16.400000,2102.480000,1.524145
12.464000,1492.400000,1.288058
33.456000,2183.824000,1.227142
16.400000,989.904000,1.875938
19.024000,2463.280000,0.817019
37.392000,2307.152000,0.719047
29.520000,2169.392000,1.466745
11.152000,1097.488000,1.655707
24.272000,596.304000,2.376987
20.336000,2179.888000,0.726618
37.392000,2430.480000,0.908529
12.464000,2608.912000,0.942037
28.208000,2965.776000,1.152284
25.584000,1736.432000,1.238037
4.592000,1733.808000,0.665579
25.584000,1673.456000,1.096439
36.080000,2161.520000,0.833303
3.280000,29.520000,1.018583
21.648000,1165.712000,0.704042
30.832000,314.224000,1.288546
26.896000,546.448000,1.245018
24.272000,164.656000,0.856732
7.216000,1829.584000,0.841101
33.456000,1653.776000,0.742534
4.592000,2644.336000,0.717935
19.024000,1983.088000,1.263166
11.152000,1102.736000,1.118164
0.656000,13.776000,0.666544
30.832000,1475.344000,0.858782
25.584000,87.248000,0.760554
26.896000,453.296000,1.065388
4.592000,3096.976000,0.718496
12.464000,259.120000,0.829471
1.968000,2145.776000,0.729622
24.272000,1699.696000,0.758512
25.584000,937.424000,1.030200
5.904000,2059.184000,0.859064
0.656000,671.088000,0.669043
24.272000,2009.328000,0.681670
22.960000,3117.968000,0.909829
33.456000,96.432000,1.052989
4.592000,916.432000,0.956792
21.648000,2604.976000,1.087348
16.400000,1820.400000,0.866672
9.840000,1837.456000,0.925936
21.648000,946.608000,0.982219
12.464000,688.144000,0.834552
30.832000,167.280000,0.914371
3.280000,218.448000,0.657017
15.088000,2772.912000,1.899392
19.024000,755.056000,0.717725
36.080000,1488.464000,1.010070
33.456000,204.016000,1.100594
8.528000,982.032000,0.716918
9.840000,1666.896000,0.710757
9.840000,2789.968000,0.799526
11.152000,804.912000,1.299846
29.520000,2452.784000,0.727203
0.656000,1905.680000,1.182051
5.904000,597.616000,0.792444
11.152000,2252.048000,0.662267
29.520000,2523.632000,1.243082
34.768000,646.160000,1.187239
24.272000,1622.288000,0.719292
21.648000,1840.080000,0.703822
9.840000,1277.232000,0.885804
5.904000,1774.480000,0.977749
21.648000,1983.088000,0.714343
37.392000,2186.448000,0.735820
12.464000,341.776000,0.679055
16.400000,2518.384000,1.283372
29.520000,1735.120000,1.005036
32.144000,593.680000,0.725783
34.768000,1809.904000,0.977552
21.648000,1712.816000,0.941996
16.400000,2353.072000,0.835212
17.712000,2115.600000,0.722613
11.152000,2932.976000,0.856598
20.336000,2677.136000,0.715579
12.464000,2234.992000,0.806044
25.584000,375.888000,1.209409
19.024000,1790.224000,0.894315
22.960000,799.664000,0.758931
0.656000,2030.320000,0.877304
16.400000,2803.088000,0.999117
12.464000,2528.880000,2.169887
34.768000,1384.816000,1.379484
37.392000,806.224000,0.720145
32.144000,1138.160000,2.478611
34.768000,183.024000,1.000714
20.336000,2316.336000,1.317286
5.904000,440.176000,0.721757
12.464000,3211.120000,0.808543
25.584000,2620.720000,1.228673
0.656000,546.448000,1.271282
20.336000,1122.416000,1.014354
22.960000,920.368000,1.155329
3.280000,1020.080000,0.863983
11.152000,2093.296000,0.914981
21.648000,2227.120000,1.011786
28.208000,1859.760000,0.930752
28.208000,2789.968000,0.687789
17.712000,937.424000,0.868137
38.704000,2429.168000,0.854631
13.776000,285.360000,0.782143
32.144000,2788.656000,0.972099
33.456000,2061.808000,0.685419
9.840000,2241.552000,1.478897
13.776000,2147.088000,0.811904
32.144000,369.328000,2.279563
25.584000,1168.336000,0.733453
21.648000,3077.296000,0.840246
20.336000,2500.016000,0.954623
19.024000,622.544000,0.729923
24.272000,2101.168000,0.891566
0.656000,1871.568000,1.521527
36.080000,421.808000,0.731724
8.528000,2838.512000,1.119363
28.208000,457.232000,0.845082
8.528000,1552.752000,0.932356
36.080000,2770.288000,0.875444
26.896000,58.384000,0.925595
20.336000,2149.712000,1.011880
4.592000,1404.496000,0.692459
20.336000,2976.272000,0.868950
11.152000,2799.152000,0.881186
4.592000,2090.672000,0.686390
24.272000,1302.160000,1.898480
4.592000,1955.536000,0.678231
20.336000,1966.032000,0.684417
11.152000,550.384000,0.841811
24.272000,1498.960000,0.711496
37.392000,3020.880000,1.160580
36.080000,1321.840000,0.770167
37.392000,2761.104000,0.662778
17.712000,1880.752000,1.142169
28.208000,1422.864000,0.706262
38.704000,2443.600000,1.029128
24.272000,2019.824000,0.762539
20.336000,842.960000,0.657127
34.768000,2994.640000,0.662655
13.776000,1337.584000,0.768195
38.704000,979.408000,0.979501
20.336000,571.376000,1.089634
7.216000,1707.568000,0.740521
4.592000,2643.024000,0.919304
29.520000,3212.432000,0.844163
15.088000,2657.456000,0.754753
28.208000,2612.848000,1.447729
26.896000,1449.104000,0.729567
9.840000,1805.968000,1.499413
16.400000,2212.688000,0.687092
32.144000,2510.512000,1.786846
8.528000,2858.192000,0.695445
17.712000,866.576000,0.756276
5.904000,1404.496000,0.764020
38.704000,2333.392000,1.124652
5.904000,1138.160000,0.799011
19.024000,398.192000,0.677459
4.592000,1397.936000,0.723983
0.656000,2750.608000,0.831505
16.400000,1299.536000,2.278299
37.392000,2780.784000,0.857559
37.392000,412.624000,0.825929
11.152000,2339.952000,1.257133
1.968000,2741.424000,1.009720
0.656000,654.032000,1.012560
3.280000,2734.864000,1.126465
3.280000,1901.744000,1.002802
33.456000,2463.280000,0.666159
16.400000,1623.600000,1.019312
5.904000,2380.624000,1.173936
26.896000,2734.864000,1.220695
1.968000,2888.368000,0.662473
33.456000,2624.656000,0.687336
36.080000,26.896000,0.960655
11.152000,2992.016000,1.073424
37.392000,643.536000,0.671263
20.336000,154.160000,0.936860
19.024000,1842.704000,1.335929
12.464000,1042.384000,1.336158
7.216000,2675.824000,1.692464
1.968000,371.952000,0.679575
33.456000,905.936000,0.792676
25.584000,945.296000,1.108506
4.592000,1123.728000,0.952548
17.712000,2717.808000,0.671816
4.592000,84.624000,0.714366
5.904000,2208.752000,0.708808
34.768000,41.328000,0.660280
0.656000,1453.040000,0.804906
37.392000,113.488000,0.693332
28.208000,2646.960000,1.030343
26.896000,2446.224000,0.916337
26.896000,2329.456000,1.312183
9.840000,102.992000,1.081642
38.704000,385.072000,1.165625
17.712000,2872.624000,0.769673
33.456000,1686.576000,1.037896
3.280000,738.000000,0.693895
29.520000,1939.792000,0.841270
0.656000,488.720000,1.401136
26.896000,3161.264000,1.588595
17.712000,381.136000,1.150700
9.840000,154.160000,0.864490
37.392000,1231.312000,0.877748
0.656000,2577.424000,1.598947
24.272000,2094.608000,1.409996
8.528000,430.992000,1.069417
1.968000,433.616000,1.253603
26.896000,2910.672000,0.679742
33.456000,1690.512000,1.031141
24.272000,2156.272000,0.882539
19.024000,172.528000,0.897106
19.024000,1076.496000,0.684443
12.464000,932.176000,1.367139
37.392000,2746.672000,0.800885
38.704000,1746.928000,0.657284
25.584000,955.792000,1.254146
8.528000,1483.216000,0.671985
37.392000,1435.984000,1.327870
5.904000,2303.216000,0.969852
37.392000,2792.592000,0.976328
13.776000,2780.784000,1.654066
22.960000,1889.936000,1.100792
25.584000,2750.608000,0.995709
19.024000,1634.096000,1.006608
4.592000,3175.696000,0.695791
22.960000,1243.120000,0.809273
9.840000,389.008000,0.752852
17.712000,1054.192000,1.702139
38.704000,1110.608000,0.712362
3.280000,1425.488000,1.189335
32.144000,1264.112000,0.902378
8.528000,2692.880000,0.801050
3.280000,1762.672000,1.611286
32.144000,1077.808000,1.149663
0.656000,1262.800000,0.662605
13.776000,2704.688000,0.781003
1.968000,2447.536000,2.504419
36.080000,2471.152000,0.754037
22.960000,1296.912000,0.930264
15.088000,576.624000,0.969416
7.216000,2190.384000,1.050672
8.528000,1930.608000,0.918891
28.208000,425.744000,0.780103
5.904000,2515.760000,0.702582
11.152000,302.416000,0.879101
38.704000,2597.104000,0.892271
21.648000,1468.784000,1.175724
13.776000,319.472000,0.691731
33.456000,2955.280000,1.457458
11.152000,587.120000,0.976808
29.520000,707.824000,1.253564
11.152000,1212.944000,0.748024
38.704000,2061.808000,1.603025
17.712000,1615.728000,1.743709
36.080000,594.992000,1.432361
15.088000,2484.272000,0.824092
36.080000,2238.928000,2.086482
0.656000,2494.768000,0.694168
36.080000,562.192000,1.251298
8.528000,2902.800000,0.816943
38.704000,656.656000,0.929589
11.152000,2952.656000,0.656127
21.648000,2744.048000,1.009061
7.216000,988.592000,0.761970
17.712000,812.784000,1.323002
3.280000,379.824000,0.887229
5.904000,877.072000,0.793348
26.896000,2029.008000,0.786723
33.456000,493.968000,0.929151
15.088000,1841.392000,1.173738
36.080000,2459.344000,0.672795
20.336000,2959.216000,0.772186
28.208000,1414.992000,0.736059
1.968000,122.672000,0.755716
37.392000,437.552000,1.048906
9.840000,839.024000,0.789465
19.024000,835.088000,3.724347
17.712000,7.216000,0.806485
32.144000,1870.256000,0.888734
32.144000,2524.944000,0.820337
3.280000,3056.304000,1.530544
38.704000,2858.192000,1.749072
17.712000,3039.248000,1.268899
19.024000,197.456000,1.001864
24.272000,3129.776000,0.855288
34.768000,601.552000,0.863206
0.656000,1967.344000,0.755819
29.520000,2494.768000,0.701486
21.648000,1422.864000,0.815904
8.528000,1546.192000,1.627027
15.088000,322.096000,0.753662
32.144000,1008.272000,1.492738
9.840000,2148.400000,0.760750
30.832000,1904.368000,1.138504
5.904000,2825.392000,0.683739
38.704000,1568.496000,0.915849
33.456000,1673.456000,0.779199
20.336000,2637.776000,0.945940
11.152000,2116.912000,1.425225
17.712000,2052.624000,0.874215
25.584000,736.688000,1.242412
29.520000,1578.992000,1.082567
36.080000,2656.144000,1.034787
33.456000,2486.896000,0.705948
9.840000,1311.344000,1.103481
28.208000,2412.112000,0.954215
17.712000,1231.312000,0.715196
0.656000,2740.112000,0.663397
7.216000,2792.592000,1.210409
20.336000,1847.952000,0.784854
32.144000,1380.880000,0.991796
16.400000,646.160000,0.731856
15.088000,1071.248000,0.766564
11.152000,410.000000,1.630456
20.336000,2300.592000,1.006720
29.520000,122.672000,0.760958
22.960000,1753.488000,0.846490
7.216000,1824.336000,1.880458
1.968000,558.256000,0.756319
8.528000,147.600000,0.813338
11.152000,1526.512000,0.709373
32.144000,1350.704000,0.786576
26.896000,1526.512000,0.960038
1.968000,1749.552000,1.106854
28.208000,3218.992000,0.952439
36.080000,589.744000,1.480927
19.024000,1800.720000,0.946267
17.712000,3015.632000,1.029068
30.832000,1434.672000,1.080200
30.832000,3207.184000,1.236125
19.024000,2225.808000,0.917905
25.584000,1128.976000,1.049923
36.080000,46.576000,0.694760
13.776000,462.480000,1.114614
26.896000,74.128000,0.713407
36.080000,1041.072000,0.969241
26.896000,2955.280000,0.839559
20.336000,1111.920000,0.919770
0.656000,1022.704000,0.905547
26.896000,1966.032000,0.701777
20.336000,2729.616000,0.753123
5.904000,697.328000,0.676993
29.520000,2968.400000,0.834548
26.896000,454.608000,0.723917
34.768000,3187.504000,0.716856
24.272000,2402.928000,1.792888
16.400000,665.840000,1.308644
4.592000,2240.240000,0.826536
25.584000,710.448000,0.705487
26.896000,782.608000,1.402037
29.520000,427.056000,0.682665
5.904000,722.256000,0.840483
0.656000,1554.064000,1.556813
33.456000,202.704000,0.926473
16.400000,2046.064000,0.712398
9.840000,1346.768000,1.258806
19.024000,360.144000,0.905451
5.904000,857.392000,1.344859
3.280000,308.976000,0.777705
21.648000,612.048000,1.201765
7.216000,1529.136000,0.672098
22.960000,1446.480000,0.859253
21.648000,1303.472000,0.711341
26.896000,2506.576000,0.965496
30.832000,2993.328000,0.751469
9.840000,656.656000,0.880824
12.464000,1077.808000,1.148525
34.768000,2969.712000,0.924885
17.712000,181.712000,0.820266
7.216000,2227.120000,1.019710
12.464000,2426.544000,1.210221
9.840000,2572.176000,0.829976
9.840000,38.704000,1.395379
3.280000,471.664000,0.738172
1.968000,130.544000,0.889560
29.520000,2519.696000,0.722537
16.400000,102.992000,0.916451
15.088000,2398.992000,2.323961
37.392000,1548.816000,0.936947
1.968000,1058.128000,1.241780
28.208000,282.736000,0.814960
24.272000,3040.560000,0.844377
20.336000,2562.992000,0.929339
32.144000,2981.520000,0.812489
13.776000,1090.928000,1.876796
22.960000,786.544000,0.854256
5.904000,1379.568000,0.714429
7.216000,3058.928000,1.272842
30.832000,1589.488000,0.852310
36.080000,3065.488000,1.322363
29.520000,2488.208000,0.735696
4.592000,332.592000,1.233728
12.464000,428.368000,0.686759
28.208000,33.456000,0.819759
7.216000,945.296000,0.786406
28.208000,1310.032000,0.745802
1.968000,1250.992000,1.014945
7.216000,1762.672000,0.772168
5.904000,802.288000,1.920048
0.656000,459.856000,1.078893
34.768000,1729.872000,0.996474
24.272000,1987.024000,0.685624
15.088000,2482.960000,0.942076
15.088000,612.048000,0.689430
21.648000,1132.912000,0.777440
38.704000,902.000000,0.719100
17.712000,1871.568000,0.738532
20.336000,1850.576000,0.723018
21.648000,3069.424000,0.972705
25.584000,11.152000,0.950028
20.336000,1735.120000,0.787375
20.336000,1645.904000,1.686224
22.960000,1854.512000,1.382096
5.904000,2829.328000,0.735365
32.144000,744.560000,1.583694
36.080000,783.920000,0.713578
17.712000,2968.400000,0.824981
3.280000,2737.488000,0.689725
8.528000,200.080000,0.723400
9.840000,1189.328000,0.752110
19.024000,933.488000,0.712366
25.584000,391.632000,0.740018
16.400000,1664.272000,0.870958
24.272000,1837.456000,0.981419
11.152000,2570.864000,0.727374
38.704000,1925.360000,0.660322
16.400000,337.840000,0.852722
7.216000,1815.152000,0.685195
19.024000,636.976000,0.721643
16.400000,1535.696000,0.780706
38.704000,2896.240000,1.662307
24.272000,2901.488000,0.748458
4.592000,2951.344000,0.700350
3.280000,1168.336000,0.746933
7.216000,1094.864000,0.877143
32.144000,2547.248000,0.802920
12.464000,1580.304000,1.644488
0.656000,2416.048000,0.697573
17.712000,782.608000,0.995811
5.904000,207.952000,0.831978
19.024000,2057.872000,0.796133
5.904000,2885.744000,0.941069
38.704000,909.872000,0.883874
5.904000,2704.688000,0.856346
34.768000,1781.040000,0.754268
13.776000,1571.120000,0.960353
19.024000,1673.456000,1.149253
22.960000,1117.168000,0.721587
15.088000,403.440000,0.754725
19.024000,142.352000,1.266257
37.392000,1151.280000,0.782742
22.960000,3107.472000,0.849318
38.704000,2284.848000,1.263344
26.896000,3192.752000,1.246978
20.336000,3183.568000,0.777950
11.152000,1420.240000,0.890472
3.280000,281.424000,0.681961
25.584000,1121.104000,1.636935
20.336000,3027.440000,0.775187
20.336000,610.736000,0.683656
38.704000,42.640000,1.061339
20.336000,1472.720000,0.757293
36.080000,795.728000,0.916772
33.456000,1331.024000,0.865653
26.896000,398.192000,1.034952
22.960000,1847.952000,1.264441
25.584000,2795.216000,1.115962
21.648000,3216.368000,0.855630
22.960000,829.840000,0.770507
0.656000,2586.608000,1.339044
8.528000,390.320000,0.751822
29.520000,2931.664000,0.714343
26.896000,2257.296000,1.008302
9.840000,2105.104000,0.721203
11.152000,427.056000,1.093774
16.400000,773.424000,0.763313
4.592000,1946.352000,1.429402
22.960000,2481.648000,0.862909
22.960000,1933.232000,2.190672
28.208000,3083.856000,0.758109
5.904000,3212.432000,0.743643
38.704000,2467.216000,0.691892
8.528000,3150.768000,1.131557
9.840000,2496.080000,0.854281
1.968000,2788.656000,0.715079
15.088000,886.256000,0.915090
20.336000,770.800000,0.855201
8.528000,2212.688000,0.688559
9.840000,483.472000,1.063773
38.704000,657.968000,0.963564
25.584000,2493.456000,1.378029
30.832000,727.504000,0.926132
3.280000,2215.312000,0.759480
20.336000,3066.800000,1.153475
32.144000,652.720000,0.824561
33.456000,2234.992000,0.862993
17.712000,2216.624000,0.675069
22.960000,329.968000,0.755249
1.968000,3216.368000,0.677678
26.896000,2225.808000,0.700829
20.336000,165.968000,0.724276
3.280000,2964.464000,0.912694
0.656000,2560.368000,1.439332
33.456000,2868.688000,0.920277
17.712000,2921.168000,0.802820
7.216000,1304.784000,1.059645
21.648000,723.568000,1.075670
25.584000,3211.120000,0.763695
30.832000,2738.800000,0.938087
7.216000,15.088000,1.150789
13.776000,2683.696000,1.005885
21.648000,22.960000,1.175764
19.024000,444.112000,0.856448
21.648000,440.176000,0.895829
13.776000,937.424000,0.666313
36.080000,2923.792000,0.946279
0.656000,1626.224000,0.750396
19.024000,703.888000,0.826546
25.584000,2333.392000,1.036031
29.520000,579.248000,2.140230
12.464000,1286.416000,0.738688
20.336000,1572.432000,1.133872
1.968000,2183.824000,0.749155
17.712000,2982.832000,0.694974
12.464000,629.104000,0.860704
4.592000,2669.264000,1.088996
38.704000,806.224000,0.702417
13.776000,123.984000,0.786922
4.592000,1647.216000,0.815012
20.336000,1868.944000,1.792181
1.968000,1029.264000,1.077480
34.768000,22.960000,1.336798
20.336000,15.088000,1.069259
16.400000,853.456000,0.769703
38.704000,2816.208000,0.996614
28.208000,1504.208000,0.747231
29.520000,1143.408000,0.834048
8.528000,2471.152000,0.936984
38.704000,2943.472000,0.985522
34.768000,1098.800000,0.811333
34.768000,2404.240000,0.781962
3.280000,667.152000,0.966576
28.208000,786.544000,1.342144
32.144000,2284.848000,2.259152
4.592000,12.464000,0.670585
25.584000,2161.520000,0.846026
33.456000,2154.960000,1.471582
24.272000,139.728000,0.854475
1.968000,222.384000,1.316869
11.152000,957.104000,1.198331
16.400000,1607.856000,1.478360
16.400000,755.056000,1.093046
12.464000,3039.248000,0.932037
12.464000,362.768000,1.178706
9.840000,1639.344000,0.943478
9.840000,2767.664000,0.740462
0.656000,2753.232000,1.660446
1.968000,1575.056000,2.241506
33.456000,33.456000,0.897289
7.216000,493.968000,0.717948
12.464000,902.000000,1.334511
28.208000,1506.832000,0.671576
17.712000,116.112000,1.434093
32.144000,2064.432000,1.041637
30.832000,470.352000,0.697021
32.144000,3075.984000,0.716541
12.464000,2687.632000,0.802233
15.088000,2126.096000,0.815941
37.392000,2876.560000,0.771000
22.960000,1517.328000,0.940770
1.968000,592.368000,0.666994
33.456000,2237.616000,0.850539
12.464000,2388.496000,0.788302
1.968000,2278.288000,0.799537
36.080000,1416.304000,0.674559
19.024000,1476.656000,1.410110
11.152000,2591.856000,0.801223
3.280000,3188.816000,0.884329
7.216000,1239.184000,0.793748
24.272000,3162.576000,1.360224
11.152000,148.912000,0.694877
16.400000,3099.600000,1.054025
36.080000,997.776000,1.019334
3.280000,2093.296000,0.978795
38.704000,1708.880000,0.669547
17.712000,647.472000,1.717207
20.336000,583.184000,0.714580
5.904000,396.880000,0.715016
22.960000,1209.008000,0.940944
4.592000,1891.248000,1.748527
21.648000,3186.192000,0.937245
1.968000,600.240000,0.746728
17.712000,2094.608000,0.731343
12.464000,2942.160000,1.054034
38.704000,1554.064000,0.756664
17.712000,3128.464000,0.850514
3.280000,916.432000,0.884464
12.464000,1892.560000,0.948542
15.088000,551.696000,0.768032
0.656000,1525.200000,0.848668
25.584000,1931.920000,0.850693
11.152000,1232.624000,1.048026
3.280000,1113.232000,3.016973
11.152000,1590.800000,0.800696
22.960000,1432.048000,1.360070
5.904000,2454.096000,1.015972
15.088000,2894.928000,0.806940
28.208000,1035.824000,0.963107
5.904000,821.968000,0.932965
4.592000,1971.280000,0.674641
9.840000,2561.680000,0.723609
34.768000,2643.024000,1.184086
3.280000,2681.072000,0.822795
22.960000,909.872000,1.241204
28.208000,503.152000,0.699334
9.840000,3133.712000,0.802374
0.656000,3125.840000,0.737425
7.216000,1054.192000,0.974569
25.584000,1319.216000,1.025165
30.832000,1846.640000,1.303373
9.840000,3218.992000,1.271426
21.648000,3003.824000,1.017907
12.464000,2337.328000,0.770462
30.832000,625.168000,0.824682
7.216000,715.696000,1.514451
12.464000,845.584000,0.843983
17.712000,2106.416000,1.101086
37.392000,2904.112000,0.879365
7.216000,2414.736000,1.274162
13.776000,293.232000,0.823182
26.896000,1922.736000,0.991231
0.656000,2813.584000,1.239168
33.456000,1849.264000,1.164418
26.896000,2158.896000,0.735442
4.592000,2755.856000,0.983092
12.464000,1655.088000,1.091801
20.336000,3174.384000,2.053084
34.768000,1140.784000,1.368387
26.896000,537.264000,0.699421
7.216000,2591.856000,0.731607
33.456000,2820.144000,0.675042
22.960000,289.296000,1.237819
19.024000,3182.256000,1.103016
21.648000,475.600000,1.610724
33.456000,2404.240000,1.186738
24.272000,1254.928000,0.674606
30.832000,1098.800000,0.972455
3.280000,2139.216000,0.946523
8.528000,488.720000,0.687361
37.392000,226.320000,0.955947
8.528000,1083.056000,0.707670
9.840000,803.600000,1.083690
13.776000,751.120000,1.063602
16.400000,2015.888000,0.751524
4.592000,2787.344000,1.137076
25.584000,2156.272000,0.711107
22.960000,2505.264000,1.098020
1.968000,690.768000,0.669207
4.592000,1155.216000,1.059915
11.152000,1342.832000,0.783148
28.208000,3156.016000,0.695809
32.144000,2741.424000,0.694646
36.080000,690.768000,0.831889
9.840000,2179.888000,0.710468
20.336000,861.328000,0.763441
30.832000,507.088000,1.379699
12.464000,1307.408000,0.849518
29.520000,1298.224000,0.735135
9.840000,898.064000,0.659623
5.904000,232.880000,0.678946
20.336000,113.488000,0.703247
11.152000,1728.560000,1.409556
37.392000,1466.160000,1.054915
13.776000,799.664000,0.667553
0.656000,623.856000,0.845434
34.768000,47.888000,0.787215
3.280000,1012.208000,0.839483
16.400000,1678.704000,0.769111
30.832000,1909.616000,0.960983
9.840000,3077.296000,0.984755
5.904000,2576.112000,1.510822
13.776000,2023.760000,0.810381
4.592000,2847.696000,0.827941
16.400000,2602.352000,0.667533
4.592000,659.280000,0.754832
3.280000,1921.424000,2.391151
8.528000,495.280000,1.232424
36.080000,3121.904000,0.840453
4.592000,3114.032000,0.714657
0.656000,942.672000,0.697606
19.024000,198.768000,0.787495
32.144000,823.280000,0.708615
30.832000,2854.256000,0.681020
29.520000,2578.736000,0.905873
24.272000,2551.184000,1.131768
7.216000,2894.928000,0.865338
22.960000,2261.232000,0.675608
24.272000,1342.832000,0.797027
37.392000,2433.104000,0.706206
24.272000,1285.104000,1.263324
16.400000,1913.552000,0.939378
34.768000,2437.040000,0.790051
3.280000,715.696000,0.743534
24.272000,1963.408000,1.327123
22.960000,2740.112000,0.858205
13.776000,2768.976000,0.696925
29.520000,1980.464000,1.300133
36.080000,1686.576000,0.677456
9.840000,248.624000,0.819118
36.080000,1077.808000,0.801484
25.584000,1146.032000,0.925604
1.968000,1946.352000,1.149936
25.584000,1332.336000,0.708751
38.704000,2607.600000,0.899098
7.216000,2658.768000,0.942568
30.832000,2429.168000,0.717186
7.216000,2747.984000,0.814995
7.216000,1152.592000,0.832384
13.776000,2166.768000,0.684663
0.656000,2106.416000,0.662849
9.840000,1613.104000,0.802808
4.592000,751.120000,1.045944
3.280000,2576.112000,0.897656
36.080000,1480.592000,0.887182
25.584000,1581.616000,0.679043
30.832000,1441.232000,1.153070
26.896000,896.752000,0.720605
21.648000,1938.480000,1.088844
0.656000,2255.984000,1.079981
16.400000,1111.920000,0.856834
36.080000,3211.120000,0.681666
12.464000,2204.816000,0.672591
20.336000,2768.976000,0.795430
30.832000,150.224000,0.937875
22.960000,152.848000,0.824401
38.704000,192.208000,1.287608
11.152000,1509.456000,2.160501
1.968000,1880.752000,0.865055
30.832000,2250.736000,0.780632
26.896000,2053.936000,0.738526
21.648000,1016.144000,0.768521
12.464000,1564.560000,0.663701
16.400000,3011.696000,0.864047
9.840000,2036.880000,0.883063
17.712000,2532.816000,0.730037
5.904000,2652.208000,0.829219
20.336000,3102.224000,1.617867
34.768000,450.672000,0.962064
36.080000,1699.696000,0.757006
9.840000,1939.792000,1.294850
24.272000,2076.240000,0.769105
5.904000,2619.408000,0.861492
37.392000,2290.096000,0.956373
4.592000,1017.456000,1.779041
1.968000,339.152000,0.992690
38.704000,466.416000,0.669373
34.768000,1607.856000,0.757497
11.152000,1983.088000,0.750331
21.648000,1202.448000,0.896236
17.712000,2502.640000,1.244389
17.712000,2792.592000,1.031621
0.656000,1617.040000,0.944771
5.904000,1910.928000,1.118496
22.960000,2048.688000,0.712148
7.216000,2116.912000,0.678082
13.776000,2631.216000,0.718129
24.272000,2766.352000,0.665938
28.208000,884.944000,0.887217
36.080000,2004.080000,0.790695
8.528000,762.928000,1.414046
29.520000,1178.832000,0.699410
24.272000,2992.016000,0.781627
36.080000,1951.600000,0.883488
38.704000,1064.688000,1.028872
19.024000,1104.048000,1.267805
0.656000,3102.224000,0.679533
29.520000,533.328000,1.026708
3.280000,1792.848000,0.848984
34.768000,1454.352000,1.349068
20.336000,2057.872000,0.857153
38.704000,3159.952000,1.773300
11.152000,131.856000,1.499605
21.648000,1117.168000,1.660359
3.280000,2635.152000,0.876000
20.336000,2509.200000,0.709491
11.152000,1127.664000,0.818198
21.648000,2825.392000,0.826233
34.768000,2719.120000,0.665966
7.216000,1250.992000,0.993208
30.832000,621.232000,0.793622
24.272000,1649.840000,0.753128
22.960000,3047.120000,0.942505
15.088000,1735.120000,0.699217
20.336000,2367.504000,0.700727
28.208000,1865.008000,0.851147
38.704000,281.424000,1.049894
4.592000,2887.056000,1.149529
20.336000,2309.776000,0.985897
0.656000,2422.608000,1.464060
37.392000,2223.184000,1.193347
25.584000,454.608000,1.266870
24.272000,1362.512000,0.834940
24.272000,1199.824000,1.362116
0.656000,1744.304000,1.686255
13.776000,2419.984000,0.838520
0.656000,3103.536000,0.845436
22.960000,1660.336000,0.898819
8.528000,1615.728000,1.108514
28.208000,310.288000,0.822874
22.960000,1955.536000,0.664390
24.272000,2557.744000,0.997638
13.776000,53.136000,0.976842
28.208000,1893.872000,0.976425
15.088000,255.184000,0.720984
36.080000,306.352000,0.872403
29.520000,2590.544000,0.771780
37.392000,2431.792000,0.719617
1.968000,1412.368000,0.857608
16.400000,856.080000,0.977271
29.520000,2063.120000,0.714770
30.832000,1610.480000,0.750719
21.648000,958.416000,0.882840
26.896000,307.664000,1.171742
22.960000,1394.000000,0.804787
21.648000,677.648000,2.283229
21.648000,2187.760000,1.034989
20.336000,532.016000,0.670979
8.528000,154.160000,1.195960
0.656000,1899.120000,0.740358
12.464000,623.856000,0.662768
20.336000,2599.728000,1.096525
5.904000,2758.480000,0.688161
37.392000,1872.880000,0.904654
22.960000,2337.328000,0.755829
13.776000,1097.488000,0.680120
21.648000,1572.432000,0.871972
9.840000,644.848000,0.668705
28.208000,339.152000,0.753148
1.968000,177.776000,0.657048
22.960000,1043.696000,0.867344
36.080000,613.360000,1.262660
36.080000,3011.696000,1.076306
22.960000,1327.088000,1.066151
30.832000,524.144000,0.977414
16.400000,2259.920000,0.681264
29.520000,1231.312000,0.759245
11.152000,2631.216000,1.192875
1.968000,2770.288000,0.810488
3.280000,714.384000,0.818486
30.832000,1985.712000,0.741771
0.656000,2023.760000,0.813714
22.960000,2085.424000,0.719259
3.280000,2658.768000,1.125060
12.464000,1316.592000,1.613958
5.904000,749.808000,1.464293
16.400000,2901.488000,1.025035
11.152000,1804.656000,0.668819
25.584000,648.784000,1.086877
24.272000,908.560000,1.088767
0.656000,180.400000,0.773217
37.392000,2467.216000,0.951192
5.904000,2603.664000,0.751313
3.280000,68.880000,1.311732
16.400000,344.400000,0.924399
16.400000,782.608000,0.918297
7.216000,912.496000,1.957735
19.024000,377.200000,0.777584
19.024000,62.320000,0.805375
8.528000,395.568000,0.711006
1.968000,3.280000,0.727908
21.648000,2778.160000,0.760767
21.648000,2997.264000,0.931044
16.400000,2109.040000,1.071404
17.712000,2595.792000,0.692582
3.280000,577.936000,0.789799
0.656000,2001.456000,1.015604
19.024000,2455.408000,1.118456
25.584000,3005.136000,0.769681
12.464000,753.744000,0.763341
25.584000,1292.976000,1.023542
24.272000,1367.760000,1.697998
30.832000,1292.976000,0.837693
37.392000,3121.904000,0.934367
29.520000,459.856000,0.939447
26.896000,1773.168000,1.419030
25.584000,2332.080000,1.557887
0.656000,1648.528000,0.947053
17.712000,322.096000,0.847365
21.648000,1421.552000,0.884276
1.968000,243.376000,0.674091
11.152000,2208.752000,0.909241
3.280000,2015.888000,0.719645
30.832000,1341.520000,1.319264
32.144000,231.568000,0.700284
11.152000,1735.120000,0.907132
38.704000,3054.992000,1.289976
22.960000,33.456000,0.748341
21.648000,642.224000,0.690705
3.280000,2401.616000,1.249239
15.088000,378.512000,0.717665
20.336000,2143.152000,0.755277
0.656000,1613.104000,0.767449
13.776000,1931.920000,2.281634
19.024000,1241.808000,1.135479
29.520000,2841.136000,0.768760
8.528000,2919.856000,0.712166
36.080000,1836.144000,0.766915
7.216000,480.848000,0.787342
8.528000,2232.368000,0.950956
24.272000,1167.024000,0.958208
20.336000,1156.528000,0.980242
19.024000,673.712000,0.699283
7.216000,2978.896000,0.657941
21.648000,375.888000,1.337552
36.080000,2182.512000,0.768993
15.088000,2364.880000,0.698145
12.464000,2381.936000,1.809090
1.968000,3192.752000,0.723838
28.208000,608.112000,0.716611
20.336000,1766.608000,0.692087
13.776000,3026.128000,0.869185
5.904000,63.632000,0.740808
21.648000,87.248000,0.828625
9.840000,1012.208000,0.905736
24.272000,1421.552000,0.751260
4.592000,1266.736000,0.837149
25.584000,3200.624000,0.919706
32.144000,2543.312000,0.718983
24.272000,921.680000,0.958993
11.152000,2845.072000,0.661624
9.840000,249.936000,0.796145
4.592000,1883.376000,0.978744
38.704000,144.976000,0.708081
9.840000,828.528000,0.695761
20.336000,173.840000,0.663023
25.584000,1302.160000,0.809756
33.456000,1592.112000,0.728359
36.080000,2438.352000,0.675160
20.336000,819.344000,0.823623
37.392000,2175.952000,1.144351
16.400000,3123.216000,0.934155
15.088000,1481.904000,0.817185
37.392000,51.824000,1.654583
4.592000,2216.624000,1.092549
4.592000,878.384000,0.697147
34.768000,1188.016000,1.088871
12.464000,1337.584000,0.904099
30.832000,2008.016000,1.004960
5.904000,2919.856000,1.231148
7.216000,3053.680000,1.013127
34.768000,2660.080000,0.834807
38.704000,1939.792000,1.230150
36.080000,2549.872000,0.860101
19.024000,3065.488000,0.687616
20.336000,600.240000,0.717818
19.024000,2137.904000,1.816709
32.144000,2422.608000,0.675015
7.216000,2698.128000,1.253155
3.280000,1188.016000,2.026958
4.592000,1079.120000,0.739837
13.776000,2992.016000,0.851920
7.216000,509.712000,0.964066
8.528000,1676.080000,1.110669
25.584000,2460.656000,0.983150
20.336000,2850.320000,1.743342
9.840000,1796.784000,0.957659
33.456000,993.840000,0.682872
11.152000,1645.904000,0.685711
25.584000,1010.896000,0.951988
25.584000,2360.944000,0.664269
28.208000,206.640000,1.318972
24.272000,1354.640000,0.762985
8.528000,2637.776000,0.888458
9.840000,2265.168000,0.801406
9.840000,560.880000,0.782919
20.336000,3015.632000,0.686487
5.904000,1948.976000,0.744163
16.400000,3064.176000,0.893267
1.968000,2988.080000,0.772508
19.024000,1205.072000,0.752981
7.216000,751.120000,1.525181
25.584000,2207.440000,0.870320
32.144000,476.912000,1.103396
13.776000,2952.656000,1.211418
24.272000,1470.096000,1.135127
3.280000,2834.576000,0.995968
30.832000,2906.736000,1.084551
9.840000,2233.680000,0.783465
5.904000,192.208000,0.767088
13.776000,2193.008000,0.928250
32.144000,353.584000,0.695272
11.152000,1516.016000,1.447464
24.272000,917.744000,1.321472
7.216000,564.816000,0.888963
9.840000,1249.680000,1.416291
1.968000,2229.744000,0.758073
19.024000,1005.648000,1.224555
36.080000,315.536000,0.732063
33.456000,3057.616000,1.243029
36.080000,1740.368000,1.514582
12.464000,2437.040000,1.321903
8.528000,222.384000,0.938291
32.144000,1548.816000,0.726695
11.152000,787.856000,1.989814
28.208000,1968.656000,1.282502
34.768000,2855.568000,0.669548
29.520000,286.672000,0.902001
22.960000,2918.544000,0.731452
36.080000,412.624000,1.166549
21.648000,501.840000,0.665268
19.024000,1735.120000,0.896037
12.464000,2496.080000,0.805240
0.656000,849.520000,1.491938
22.960000,812.784000,0.657231
28.208000,2237.616000,1.196448
30.832000,1891.248000,0.955830
29.520000,538.576000,0.780392
20.336000,736.688000,1.453955
13.776000,113.488000,0.703250
24.272000,1504.208000,0.674976
11.152000,1395.312000,0.889612
16.400000,382.448000,0.666320
3.280000,2482.960000,0.960169
36.080000,3.280000,0.718509
22.960000,2595.792000,0.766706
20.336000,2156.272000,1.883502
33.456000,381.136000,0.819105
32.144000,3037.936000,0.677023
22.960000,2792.592000,0.878019
32.144000,1468.784000,0.807428
13.776000,1581.616000,0.763582
30.832000,201.392000,0.706947
32.144000,2740.112000,0.991767
4.592000,2820.144000,0.875883
36.080000,1283.792000,1.188659
34.768000,181.712000,0.946121
13.776000,326.032000,0.701993
19.024000,1987.024000,0.917161
28.208000,2517.072000,0.942331
20.336000,2678.448000,1.155348
16.400000,2486.896000,0.730114
15.088000,1378.256000,1.684022
9.840000,2643.024000,0.719552
13.776000,1391.376000,1.142163
12.464000,1346.768000,2.124910
13.776000,933.488000,1.108507
1.968000,518.896000,1.020080
36.080000,2572.176000,1.165320
25.584000,2321.584000,0.716903
8.528000,1249.680000,0.767197
36.080000,2359.632000,0.944848
11.152000,1459.600000,1.012201
8.528000,2952.656000,0.758020
20.336000,1635.408000,1.013297
37.392000,1184.080000,1.088075
0.656000,728.816000,0.670221
22.960000,1954.224000,0.712378
1.968000,3188.816000,0.867936
17.712000,1997.520000,1.070294
0.656000,669.776000,1.359248
20.336000,2000.144000,0.876357
7.216000,2561.680000,0.695071
15.088000,543.824000,1.042438
9.840000,3009.072000,0.669667
15.088000,1397.936000,0.749024
20.336000,2269.104000,0.678990
29.520000,1256.240000,1.305822
24.272000,257.808000,0.933703
38.704000,2624.656000,0.848500
34.768000,1156.528000,0.702012
33.456000,1241.808000,1.117116
0.656000,1454.352000,0.761996
22.960000,1952.912000,0.813849
21.648000,722.256000,0.658582
30.832000,2417.360000,1.210189
15.088000,270.928000,0.735015
8.528000,2334.704000,0.694232
29.520000,1704.944000,0.888461
9.840000,1167.024000,0.992220
19.024000,2164.144000,1.276771
33.456000,2488.208000,1.452571
25.584000,2758.480000,0.715651
34.768000,2208.752000,1.039550
22.960000,2867.376000,0.711899
15.088000,2539.376000,0.996864
24.272000,2458.032000,0.790411
29.520000,1698.384000,1.871706
30.832000,1051.568000,1.159066
15.088000,726.192000,1.391646
21.648000,1899.120000,0.714883
16.400000,2780.784000,0.782504
24.272000,2400.304000,0.753231
3.280000,2747.984000,0.802273
13.776000,374.576000,0.678305
28.208000,2864.752000,1.829996
9.840000,2070.992000,0.749884
1.968000,2324.208000,0.669610
8.528000,1973.904000,1.173096
0.656000,899.376000,0.781897
17.712000,495.280000,0.892880
19.024000,849.520000,0.660509
3.280000,2292.720000,0.781644
11.152000,705.200000,0.874588
1.968000,1686.576000,0.965108
36.080000,1135.536000,1.637487
20.336000,1842.704000,1.033478
4.592000,1564.560000,1.371772
34.768000,2349.136000,0.683438
13.776000,593.680000,0.932079
12.464000,2073.616000,1.452031
15.088000,83.312000,0.980919
5.904000,2795.216000,0.817530
28.208000,1761.360000,1.377628
34.768000,2258.608000,0.845472
29.520000,1262.800000,0.983373
21.648000,3044.496000,0.712470
28.208000,92.496000,0.891337
33.456000,768.176000,0.821996
33.456000,1235.248000,0.692992
32.144000,1858.448000,1.666997
17.712000,2750.608000,0.993365
22.960000,2497.392000,0.761180
25.584000,2105.104000,1.100984
26.896000,2216.624000,0.791978
36.080000,3136.336000,0.766816
3.280000,1358.576000,0.772658
7.216000,225.008000,1.002927
7.216000,575.312000,0.780007
32.144000,458.544000,1.536738
3.280000,2463.280000,0.750699
24.272000,735.376000,1.363889
15.088000,2898.864000,1.042808
13.776000,808.848000,0.988158
22.960000,996.464000,0.904622
32.144000,2170.704000,1.003383
28.208000,2375.376000,1.074474
36.080000,2321.584000,1.583701
12.464000,2252.048000,1.062062
28.208000,2286.160000,0.742000
16.400000,19.024000,1.271378
36.080000,2249.424000,0.875598
19.024000,678.960000,0.693366
34.768000,1635.408000,0.743939
29.520000,2438.352000,1.102412
29.520000,150.224000,0.860118
20.336000,2434.416000,0.805617
17.712000,75.440000,0.879137
0.656000,1456.976000,0.778334
28.208000,989.904000,1.090575
3.280000,2503.952000,1.638401
7.216000,1026.640000,2.193498
17.712000,553.008000,0.714536
28.208000,2023.760000,0.743656
20.336000,1164.400000,0.768892
25.584000,2799.152000,0.953855
21.648000,600.240000,0.824903
19.024000,2842.448000,0.781982
21.648000,1126.352000,1.015784
38.704000,1561.936000,0.965517
20.336000,49.200000,0.782296
34.768000,1847.952000,1.450118
3.280000,866.576000,0.700092
4.592000,423.120000,1.336235
28.208000,378.512000,0.826413
3.280000,651.408000,1.267996
13.776000,2783.408000,0.692654
36.080000,2952.656000,0.807031
4.592000,2586.608000,0.669055
15.088000,2688.944000,1.065263
13.776000,2366.192000,0.704932
15.088000,723.568000,1.145465
16.400000,3079.920000,1.073061
28.208000,734.064000,0.814576
22.960000,2632.528000,0.773754
19.024000,1352.016000,0.860698
32.144000,2856.880000,0.669820
24.272000,2893.616000,1.276879
37.392000,1180.144000,0.689050
26.896000,172.528000,1.018054
26.896000,1215.568000,0.882736
25.584000,1025.328000,0.771648
26.896000,1652.464000,1.135704
34.768000,1412.368000,0.958592
32.144000,3044.496000,0.863533
28.208000,2782.096000,0.706894
20.336000,2526.256000,1.313877
38.704000,587.120000,1.497751
8.528000,2597.104000,0.975952
9.840000,2821.456000,0.903690
19.024000,463.792000,1.005139
0.656000,2598.416000,0.707879
17.712000,2249.424000,0.824938
26.896000,449.360000,0.668145
20.336000,120.048000,0.834587
21.648000,1909.616000,1.112175
21.648000,1476.656000,0.674032
33.456000,112.176000,0.863954
7.216000,2009.328000,2.565487
33.456000,1446.480000,0.730293
16.400000,2414.736000,0.833844
16.400000,3.280000,1.352934
26.896000,3203.248000,0.670214
9.840000,209.264000,0.808148
5.904000,2278.288000,0.906981
15.088000,665.840000,1.777061
9.840000,58.384000,0.766319
26.896000,1651.152000,0.941921
24.272000,1729.872000,0.794253
11.152000,667.152000,1.516334
37.392000,2702.064000,0.973852
32.144000,2481.648000,1.092721
22.960000,1487.152000,0.804162
3.280000,1329.712000,0.823658
37.392000,255.184000,1.493570
37.392000,633.040000,0.658833
13.776000,3205.872000,0.989109
37.392000,572.688000,1.291201
4.592000,3199.312000,0.779517
30.832000,2468.528000,0.805828
30.832000,905.936000,1.349404
36.080000,2275.664000,0.876210
32.144000,3005.136000,0.717042
20.336000,2337.328000,1.041071
7.216000,1615.728000,1.200409
38.704000,13.776000,0.818174
3.280000,2090.672000,0.868410
38.704000,688.144000,1.189000
20.336000,976.784000,1.244085
29.520000,155.472000,0.936956
15.088000,2300.592000,0.687530
13.776000,1138.160000,0.688688
3.280000,2029.008000,0.964011
17.712000,1412.368000,0.733474
28.208000,638.288000,0.710936
21.648000,1446.480000,0.691598
28.208000,1371.696000,0.740302
30.832000,1926.672000,0.932944
22.960000,3136.336000,1.041189
36.080000,1097.488000,1.455475
13.776000,2481.648000,0.781415
33.456000,3114.032000,1.085771
30.832000,1955.536000,0.961502
25.584000,82.000000,0.993734
4.592000,1909.616000,2.023843
26.896000,819.344000,0.760233
7.216000,402.128000,0.928265
32.144000,3131.088000,1.439797
28.208000,1439.920000,0.719580
17.712000,26.896000,0.965723
16.400000,961.040000,0.898669
25.584000,526.768000,0.670467
36.080000,1035.824000,0.765266
29.520000,1641.968000,1.185533
24.272000,198.768000,0.924823
25.584000,1514.704000,0.676574
13.776000,2923.792000,0.919951
32.144000,559.568000,1.213977
29.520000,2166.768000,1.060525
22.960000,1348.080000,0.956055
3.280000,274.864000,0.801681
9.840000,2336.016000,0.840020
33.456000,268.304000,1.295374
19.024000,433.616000,0.661192
30.832000,945.296000,1.052070
29.520000,2879.184000,0.749834
13.776000,1342.832000,0.661961
17.712000,925.616000,1.565869
33.456000,655.344000,1.093502
5.904000,2964.464000,2.228471
1.968000,3200.624000,1.219344
0.656000,1278.544000,1.455457
20.336000,1371.696000,1.102496
36.080000,526.768000,1.190582
36.080000,701.264000,1.067733
12.464000,2580.048000,0.797380
29.520000,131.856000,1.001878
34.768000,1733.808000,1.900116
16.400000,3145.520000,0.849138
11.152000,1201.136000,0.961889
25.584000,2191.696000,0.755146
13.776000,698.640000,0.690216
9.840000,706.512000,1.726338
36.080000,2944.784000,1.890434
0.656000,2910.672000,1.012768
12.464000,402.128000,1.109873
1.968000,2562.992000,1.293426
15.088000,2935.600000,1.105727
5.904000,755.056000,0.819259
7.216000,257.808000,0.701133
26.896000,1984.400000,1.390111
19.024000,507.088000,0.827809
28.208000,181.712000,0.791071
9.840000,63.632000,0.768567
34.768000,2144.464000,0.985649
16.400000,2695.504000,1.191425
13.776000,2715.184000,0.714475
21.648000,1232.624000,1.233490
13.776000,2170.704000,0.668959
28.208000,3026.128000,0.721633
33.456000,898.064000,0.787586
13.776000,971.536000,1.037631
5.904000,113.488000,1.020310
12.464000,3032.688000,0.976776
21.648000,2862.128000,0.730899
15.088000,1851.888000,0.823941
17.712000,1492.400000,1.180203
36.080000,1083.056000,0.899138
30.832000,2793.904000,0.869553
16.400000,2913.296000,1.369897
26.896000,177.776000,0.664647
22.960000,694.704000,0.936732
34.768000,1876.816000,0.902122
37.392000,2061.808000,0.862502
1.968000,1094.864000,2.443509
22.960000,2964.464000,1.029343
24.272000,2103.792000,0.735355
1.968000,3085.168000,0.782482
4.592000,1433.360000,1.218948
3.280000,1640.656000,1.113522
4.592000,1884.688000,0.935434
15.088000,1266.736000,0.694584
15.088000,2421.296000,1.203682
19.024000,2787.344000,1.164338
1.968000,1888.624000,1.236848
19.024000,911.184000,1.053816
24.272000,2025.072000,1.531466
38.704000,1733.808000,0.681323
4.592000,361.456000,0.701433
22.960000,1695.760000,1.065800
5.904000,1495.024000,0.916617
11.152000,757.680000,0.840072
28.208000,2562.992000,0.958812
12.464000,1237.872000,1.112583
28.208000,126.608000,0.777116
8.528000,1355.952000,0.868523
8.528000,2868.688000,0.825118
21.648000,539.888000,0.687708
36.080000,1382.192000,1.014714
22.960000,1618.352000,1.114349
21.648000,2531.504000,0.803008
8.528000,340.464000,0.733840
1.968000,106.928000,0.917605
25.584000,554.320000,1.331355
30.832000,926.928000,0.810236
29.520000,184.336000,0.916566
26.896000,1992.272000,0.922926
20.336000,268.304000,1.712607
28.208000,1791.536000,0.787546
33.456000,3112.720000,0.928970
28.208000,2733.552000,0.916075
7.216000,1878.128000,1.159994
3.280000,3216.368000,0.850461
7.216000,167.280000,0.664547
8.528000,333.904000,1.262216
0.656000,591.056000,0.657672
17.712000,1484.528000,0.904472
38.704000,1089.616000,1.024915
5.904000,2332.080000,0.660840
16.400000,2055.248000,0.738029
17.712000,630.416000,0.753979
32.144000,2099.856000,1.697570
7.216000,594.992000,0.666166
32.144000,190.896000,0.787788
34.768000,1295.600000,1.065578
7.216000,2816.208000,0.672398
28.208000,1153.904000,0.753876
26.896000,1883.376000,1.005946
11.152000,2064.432000,1.188824
17.712000,1984.400000,0.875318
34.768000,3006.448000,1.178404
11.152000,2671.888000,1.165837
13.776000,486.096000,0.677265
1.968000,2543.312000,0.888365
5.904000,1554.064000,0.819813
8.528000,2446.224000,0.670246
3.280000,40.016000,0.709190
9.840000,2608.912000,0.839182
3.280000,3043.184000,0.762923
15.088000,560.880000,0.913774
17.712000,722.256000,0.789299
1.968000,1649.840000,1.000311
11.152000,391.632000,1.265779
7.216000,1975.216000,0.786167
19.024000,2119.536000,0.813947
11.152000,261.744000,0.839356
32.144000,2809.648000,1.060649
11.152000,2879.184000,1.205477
34.768000,2023.760000,0.756327
32.144000,176.464000,0.761801
33.456000,1077.808000,0.733196
28.208000,1323.152000,1.200267
36.080000,177.776000,0.766582
30.832000,1077.808000,0.664985
22.960000,2168.080000,0.730642
28.208000,1046.320000,0.794571
19.024000,601.552000,1.015640
20.336000,1254.928000,0.822947
34.768000,2061.808000,1.007362
36.080000,1816.464000,0.900630
21.648000,778.672000,1.019104
19.024000,2004.080000,0.676119
34.768000,762.928000,2.150848
17.712000,533.328000,0.689997
15.088000,1311.344000,1.463792
34.768000,1390.064000,1.283691
37.392000,1496.336000,1.732195
4.592000,563.504000,0.757694
11.152000,2334.704000,0.868353
22.960000,432.304000,0.845023
33.456000,474.288000,1.452403
34.768000,1068.624000,0.851018
5.904000,3106.160000,0.799479
13.776000,215.824000,1.399394
32.144000,3182.256000,0.859750
3.280000,1630.160000,1.202013
1.968000,836.400000,0.828298
16.400000,3220.304000,1.268463
20.336000,2506.576000,1.117016
15.088000,2231.056000,0.712413
17.712000,1903.056000,1.184477
1.968000,1655.088000,1.727937
15.088000,2169.392000,1.037912
33.456000,1289.040000,0.782102
4.592000,1530.448000,0.870332
21.648000,1295.600000,1.016398
38.704000,2538.064000,0.750616
24.272000,1281.168000,0.802444
0.656000,373.264000,0.998906
38.704000,251.248000,1.074456
33.456000,1876.816000,1.081957
19.024000,963.664000,0.825618
12.464000,884.944000,0.998529
26.896000,2189.072000,1.314673
4.592000,2808.336000,0.780103
25.584000,2950.032000,1.048110
34.768000,682.896000,1.571024
22.960000,1214.256000,2.071743
4.592000,3018.256000,0.838257
3.280000,1159.152000,0.818339
9.840000,685.520000,0.971729
32.144000,1723.312000,1.012674
29.520000,1474.032000,0.688040
13.776000,2678.448000,0.738927
15.088000,879.696000,0.773266
26.896000,2064.432000,1.112836
24.272000,2841.136000,1.414670
34.768000,1033.200000,0.698524
20.336000,19.024000,0.893614
36.080000,605.488000,0.886385
9.840000,2522.320000,0.876730
21.648000,2894.928000,0.720973
38.704000,2316.336000,0.679047
9.840000,1227.376000,0.745427
34.768000,234.192000,0.887092
28.208000,575.312000,2.510893
7.216000,1983.088000,1.153835
20.336000,3218.992000,1.012873
22.960000,1374.320000,0.727782
7.216000,291.920000,0.859921
8.528000,2036.880000,0.999011
16.400000,1753.488000,0.882883
33.456000,2552.496000,1.242297
21.648000,484.784000,1.247868
12.464000,2006.704000,0.765203
12.464000,1505.520000,1.093519
7.216000,240.752000,0.695120
7.216000,1123.728000,1.137859
28.208000,1403.184000,1.143422
20.336000,2582.672000,1.055160
1.968000,618.608000,1.407105
30.832000,1757.424000,0.832403
17.712000,2671.888000,1.070183
8.528000,757.680000,0.940676
15.088000,462.480000,0.868813
36.080000,1371.696000,0.659022
38.704000,3053.680000,0.780642
1.968000,2088.048000,0.977849
1.968000,1161.776000,0.734099
24.272000,1883.376000,0.763695
32.144000,2747.984000,1.648790
32.144000,421.808000,0.706691
8.528000,92.496000,1.275828
24.272000,2419.984000,0.853449
36.080000,1033.200000,1.286811
20.336000,2675.824000,0.773327
9.840000,1453.040000,0.672367
34.768000,908.560000,0.737797
17.712000,2636.464000,0.808921
26.896000,469.040000,1.526235
36.080000,894.128000,0.792758
19.024000,1952.912000,0.747283
17.712000,2219.248000,0.805645
25.584000,3107.472000,0.934220
29.520000,836.400000,1.477788
3.280000,2644.336000,0.715631
1.968000,1180.144000,1.166948
9.840000,84.624000,0.682804
11.152000,375.888000,0.926969
9.840000,2312.400000,1.082325
25.584000,2706.000000,0.990292
17.712000,2482.960000,0.800912
5.904000,1325.776000,0.701850
7.216000,2274.352000,0.705432
28.208000,93.808000,0.887638
22.960000,2838.512000,0.691569
13.776000,1719.376000,1.341940
30.832000,2803.088000,0.671944
8.528000,303.728000,0.802331
11.152000,640.912000,1.056796
8.528000,51.824000,0.678745
7.216000,2367.504000,0.661207
25.584000,1337.584000,1.105128
5.904000,1601.296000,1.436862
17.712000,63.632000,2.040532
4.592000,558.256000,0.702994
26.896000,2270.416000,0.850464
12.464000,1384.816000,1.079751
24.272000,2931.664000,0.924133
5.904000,2258.608000,1.553680
8.528000,1802.032000,0.972022
30.832000,2552.496000,0.829557
24.272000,1513.392000,0.671661
22.960000,508.400000,1.188244
33.456000,2355.696000,0.893591
26.896000,62.320000,0.718436
0.656000,2057.872000,1.037990
33.456000,1680.016000,0.930112
4.592000,1695.760000,1.149873
8.528000,150.224000,0.995008
4.592000,2199.568000,0.865751
25.584000,785.232000,0.853948
8.528000,2700.752000,0.676760
7.216000,3145.520000,1.219789
25.584000,2544.624000,0.747268
20.336000,783.920000,0.972672
22.960000,222.384000,1.051590
34.768000,1248.368000,1.482511
22.960000,1760.048000,0.673845
19.024000,3140.272000,1.147933
25.584000,2615.472000,0.764565
26.896000,615.984000,0.871029
38.704000,2039.504000,2.026233
29.520000,129.232000,0.732189
13.776000,2060.496000,0.684954
28.208000,2695.504000,0.703268
34.768000,521.520000,0.843925
8.528000,78.064000,0.988398
30.832000,424.432000,0.735548
13.776000,673.712000,1.136290
1.968000,1256.240000,0.877130
28.208000,448.048000,0.884481
1.968000,2203.504000,0.706038
20.336000,940.048000,1.421149
19.024000,3047.120000,0.751787
38.704000,1413.680000,0.788882
25.584000,1576.368000,0.783326
21.648000,2898.864000,0.675984
16.400000,2291.408000,1.100732
8.528000,1660.336000,0.679150
37.392000,1665.584000,1.538952
3.280000,1576.368000,0.720042
28.208000,1774.480000,0.840751
15.088000,1317.904000,0.829698
13.776000,2315.024000,1.106765
12.464000,1602.608000,1.041089
9.840000,2855.568000,2.248046
25.584000,3.280000,0.671321
19.024000,1161.776000,1.786307
33.456000,58.384000,0.661676
26.896000,1397.936000,1.067078
24.272000,219.760000,0.859258
19.024000,665.840000,0.951944
17.712000,1017.456000,1.223629
21.648000,1620.976000,0.835761
5.904000,1704.944000,0.993043
13.776000,1728.560000,0.817656
3.280000,1182.768000,0.939631
25.584000,807.536000,1.267591
5.904000,698.640000,1.010869
24.272000,386.384000,0.996687
15.088000,45.264000,0.707595
0.656000,1294.288000,0.971665
8.528000,1509.456000,0.674391
25.584000,1428.112000,1.102770
34.768000,131.856000,0.804778
22.960000,1358.576000,1.046505
1.968000,949.232000,0.902487
20.336000,1425.488000,1.002600
26.896000,3041.872000,0.669223
20.336000,1283.792000,1.058921
30.832000,394.256000,0.687179
11.152000,1362.512000,0.877279
26.896000,265.680000,1.631360
7.216000,1199.824000,0.825801
38.704000,1202.448000,1.691057
36.080000,591.056000,0.873947
24.272000,1479.280000,1.234840
20.336000,2097.232000,1.283768
21.648000,240.752000,0.667512
33.456000,3217.680000,1.072321
5.904000,1951.600000,0.683057
38.704000,690.768000,1.450940
21.648000,2473.776000,1.081829
32.144000,2666.640000,1.811162
4.592000,2271.728000,1.358623
19.024000,2603.664000,0.868667
38.704000,3200.624000,0.726556
11.152000,164.656000,0.858633
4.592000,1371.696000,1.105252
7.216000,2170.704000,1.024739
24.272000,2160.208000,0.794639
8.528000,3154.704000,1.213242
22.960000,2156.272000,0.810607
0.656000,57.072000,0.714741
8.528000,3148.144000,0.695072
7.216000,1329.712000,0.801963
34.768000,3011.696000,0.745391
7.216000,2599.728000,0.860423
34.768000,269.616000,0.823030
1.968000,718.320000,1.001796
21.648000,2422.608000,0.785541
12.464000,580.560000,0.674178
13.776000,3167.824000,2.360446
26.896000,1094.864000,0.958973
5.904000,1250.992000,0.761096
26.896000,2493.456000,1.213226
36.080000,1367.760000,0.744111
12.464000,1282.480000,0.973906
24.272000,2413.424000,0.718369
0.656000,584.496000,1.250230
29.520000,3191.440000,0.718464
8.528000,3114.032000,1.026288
17.712000,3112.720000,0.970021
28.208000,846.896000,0.673136
3.280000,799.664000,1.077962
32.144000,1062.064000,0.803866
29.520000,1094.864000,0.759898
13.776000,2788.656000,0.683194
5.904000,2345.200000,0.973764
36.080000,1784.976000,0.796414
21.648000,3115.344000,0.970387
7.216000,2498.704000,1.591433
15.088000,171.216000,0.926876
19.024000,2089.360000,0.945476
24.272000,7.216000,0.722533
33.456000,2594.480000,0.727929
19.024000,1526.512000,0.660044
16.400000,154.160000,0.943752
30.832000,2329.456000,0.754909
26.896000,1438.608000,0.764409
16.400000,2734.864000,0.817057
29.520000,1407.120000,0.785164
16.400000,277.488000,0.840168
36.080000,370.640000,0.691559
25.584000,1502.896000,0.895676
26.896000,1820.400000,1.332081
7.216000,659.280000,0.749514
30.832000,2094.608000,0.662606
28.208000,74.128000,1.149056
20.336000,1592.112000,1.113155
32.144000,2210.064000,0.994586
24.272000,2105.104000,1.163869
12.464000,2614.160000,0.877913
24.272000,2069.680000,1.218741
3.280000,173.840000,1.003709
0.656000,684.208000,1.769423
28.208000,1584.240000,0.867989
3.280000,837.712000,0.770543
1.968000,786.544000,0.983126
19.024000,782.608000,1.223754
15.088000,1951.600000,1.163290
12.464000,2397.680000,0.716643
20.336000,3032.688000,1.078330
25.584000,580.560000,0.705300
29.520000,1266.736000,1.095161
9.840000,240.752000,1.122158
25.584000,2952.656000,0.797467
34.768000,2081.488000,0.921301
38.704000,1271.984000,0.886003
24.272000,1567.184000,1.017785
3.280000,2805.712000,0.883122
37.392000,2652.208000,0.700288
33.456000,2911.984000,1.164359
8.528000,2677.136000,0.774833
7.216000,146.288000,0.961309
4.592000,1111.920000,1.021346
22.960000,2275.664000,0.736133
19.024000,2703.376000,1.191580
8.528000,1102.736000,0.664930
38.704000,2817.520000,1.315109
25.584000,2254.672000,0.825423
5.904000,1804.656000,0.682250
17.712000,2879.184000,0.721463
1.968000,2009.328000,0.822404
34.768000,3111.408000,0.686906
7.216000,1000.400000,0.676674
36.080000,1745.616000,2.188902
13.776000,1236.560000,1.765811
19.024000,2906.736000,0.665615
37.392000,2454.096000,0.734299
25.584000,2278.288000,0.798227
36.080000,1791.536000,0.829018
5.904000,2685.008000,0.661022
28.208000,562.192000,1.357694
17.712000,227.632000,0.965974
1.968000,825.904000,0.847180
17.712000,613.360000,0.690525
11.152000,289.296000,0.686154
11.152000,894.128000,0.939767
19.024000,1228.688000,1.573860
19.024000,2141.840000,0.686103
12.464000,96.432000,0.708488
37.392000,1361.200000,0.769882
11.152000,2220.560000,0.803392
24.272000,2252.048000,1.011886
38.704000,264.368000,0.899636
25.584000,1569.808000,0.705294
25.584000,745.872000,1.157846
20.336000,326.032000,0.826740
13.776000,1662.960000,0.707940
24.272000,3027.440000,0.854611
7.216000,781.296000,0.737416
20.336000,1256.240000,0.722973
19.024000,1641.968000,0.835075
20.336000,3127.152000,1.220768
33.456000,2589.232000,0.663731
11.152000,647.472000,0.802843
22.960000,3032.688000,0.981647
32.144000,839.024000,0.799527
13.776000,3141.584000,0.818341
16.400000,1319.216000,0.828150
34.768000,1006.960000,0.780833
15.088000,2795.216000,0.764174
26.896000,114.800000,0.752980
28.208000,110.864000,0.884479
21.648000,915.120000,0.894187
5.904000,3044.496000,1.002482
3.280000,1390.064000,0.860299
1.968000,2451.472000,0.806764
7.216000,1733.808000,0.681676
24.272000,1956.848000,0.796899
22.960000,3079.920000,1.097524
15.088000,706.512000,0.949086
5.904000,1897.808000,1.062797
12.464000,735.376000,1.607544
7.216000,745.872000,1.066558
9.840000,845.584000,1.100025
34.768000,802.288000,1.529259
17.712000,1975.216000,0.702100
1.968000,2574.800000,1.143127
12.464000,175.152000,0.766030
32.144000,3174.384000,1.276845
26.896000,63.632000,0.969182
20.336000,3039.248000,0.804540
37.392000,1693.136000,0.871051
3.280000,152.848000,0.800734
34.768000,760.304000,0.996681
34.768000,5.904000,1.198509
20.336000,820.656000,1.113801
29.520000,1866.320000,0.760323
34.768000,2002.768000,1.707143
7.216000,2316.336000,1.143687
11.152000,1189.328000,1.171699
11.152000,104.304000,2.161114
12.464000,1450.416000,1.166373
26.896000,879.696000,0.715760
22.960000,1337.584000,0.780708
3.280000,551.696000,0.776587
9.840000,2581.360000,0.718561
17.712000,1497.648000,0.683730
36.080000,3047.120000,1.436069
24.272000,268.304000,1.320554
3.280000,75.440000,0.690867
0.656000,3030.064000,0.816157
7.216000,2147.088000,0.743239
7.216000,3166.512000,0.912104
25.584000,2036.880000,1.273698
37.392000,1459.600000,0.883575
16.400000,215.824000,0.674886
7.216000,2564.304000,0.917079
9.840000,1413.680000,0.887402
36.080000,1948.976000,0.850287
1.968000,2726.992000,0.669196
9.840000,2959.216000,0.736335
17.712000,1312.656000,0.880370
12.464000,1152.592000,1.148694
1.968000,1708.880000,2.035382
3.280000,2444.912000,0.789154
12.464000,1279.856000,0.775901
30.832000,1729.872000,1.055056
8.528000,3138.960000,1.025590
38.704000,2637.776000,0.957970
32.144000,2523.632000,0.678673
15.088000,413.936000,0.867099
34.768000,2947.408000,1.284538
7.216000,3069.424000,0.958634
34.768000,272.240000,0.718856
37.392000,694.704000,0.980253
9.840000,167.280000,0.687599
0.656000,2804.400000,0.781412
9.840000,34.768000,1.383112
38.704000,50.512000,0.747317
19.024000,374.576000,0.943840
24.272000,511.024000,0.760143
21.648000,1804.656000,1.264281
33.456000,2160.208000,0.750237
37.392000,3131.088000,1.933778
5.904000,2362.256000,0.674729
29.520000,391.632000,1.098190
32.144000,1887.312000,0.767664
12.464000,297.168000,0.741932
38.704000,887.568000,0.826006
0.656000,3178.320000,0.744851
36.080000,2860.816000,1.140008
1.968000,532.016000,0.966075
7.216000,83.312000,0.800127
15.088000,2493.456000,0.736758
11.152000,1088.304000,0.832365
32.144000,2475.088000,1.312780
34.768000,3078.608000,1.379120
29.520000,3153.392000,0.894619
17.712000,2682.384000,0.714708
0.656000,1153.904000,0.784873
30.832000,2709.936000,0.961768
3.280000,991.216000,0.788750
11.152000,2276.976000,1.119831
20.336000,424.432000,1.060216
11.152000,642.224000,0.945444
30.832000,915.120000,0.790482
8.528000,936.112000,0.699311
26.896000,2042.128000,1.113495
36.080000,570.064000,1.422925
29.520000,2704.688000,1.200358
21.648000,2433.104000,0.778338
4.592000,299.792000,0.675809
7.216000,2482.960000,0.936299
25.584000,1064.688000,0.678478
12.464000,272.240000,1.163692
4.592000,13.776000,1.246035
20.336000,803.600000,0.785150
8.528000,1775.792000,0.815706
36.080000,533.328000,1.576555
20.336000,1144.720000,1.252952
22.960000,1245.744000,1.093770
36.080000,1977.840000,0.934435
34.768000,348.336000,0.827908
26.896000,1809.904000,0.765535
29.520000,2936.912000,0.865786
9.840000,1868.944000,1.648270
7.216000,282.736000,1.239232
20.336000,958.416000,0.776914
3.280000,1492.400000,0.757174
0.656000,2359.632000,0.992419
3.280000,2517.072000,1.111289
34.768000,841.648000,2.607693
36.080000,249.936000,1.169640
4.592000,1572.432000,0.692132
32.144000,1647.216000,1.513608
9.840000,865.264000,0.800396
21.648000,1089.616000,0.793783
11.152000,66.256000,0.673021
3.280000,802.288000,0.766210
22.960000,1661.648000,1.323649
1.968000,757.680000,0.770737
7.216000,1080.432000,1.318003
33.456000,387.696000,0.658095
15.088000,2229.744000,0.810677
34.768000,2347.824000,0.712435
17.712000,1018.768000,0.805219
19.024000,2097.232000,0.949904
19.024000,2190.384000,1.129798
28.208000,1724.624000,0.757734
5.904000,1678.704000,0.792830
21.648000,2225.808000,0.934331
34.768000,402.128000,0.665784
5.904000,2152.336000,1.238306
29.520000,183.024000,0.872948
0.656000,2817.520000,1.286572
0.656000,2317.648000,1.810824
12.464000,1753.488000,0.740321
3.280000,1615.728000,0.756974
9.840000,2939.536000,1.119444
17.712000,2429.168000,1.642926
5.904000,91.184000,1.273095
22.960000,2721.744000,0.768802
21.648000,2376.688000,0.694828
7.216000,2454.096000,1.414529
26.896000,2198.256000,0.849828
38.704000,2471.152000,1.261335
29.520000,989.904000,0.689068
26.896000,1611.792000,0.817356
4.592000,560.880000,0.941045
38.704000,680.272000,2.605271
1.968000,2455.408000,0.968814
28.208000,2661.392000,0.663247
33.456000,1243.120000,0.853292
11.152000,1476.656000,0.888045
21.648000,2493.456000,0.756264
0.656000,2479.024000,0.788839
33.456000,2793.904000,2.384516
0.656000,493.968000,2.198648
29.520000,335.216000,1.564793
32.144000,2527.568000,0.729097
1.968000,3184.880000,0.753197
7.216000,905.936000,0.766832
16.400000,2258.608000,1.522818
20.336000,63.632000,0.658680
17.712000,2931.664000,0.664644
9.840000,2225.808000,1.290442
15.088000,1638.032000,0.716834
26.896000,2940.848000,0.727756
19.024000,1718.064000,1.164080
17.712000,2384.560000,1.513130
4.592000,644.848000,0.953581
25.584000,3167.824000,0.683546
22.960000,1800.720000,0.980585
32.144000,2963.152000,1.464990
37.392000,2072.304000,1.256496
16.400000,509.712000,0.710034
1.968000,821.968000,0.972683
24.272000,2788.656000,0.672096
15.088000,1832.208000,0.784544
5.904000,3002.512000,0.807970
21.648000,2131.344000,1.021049
7.216000,3204.560000,1.011388
13.776000,1778.416000,0.880769
20.336000,470.352000,1.034783
26.896000,1136.848000,0.764857
24.272000,516.272000,0.680419
26.896000,3141.584000,0.816052
0.656000,2660.080000,0.964259
17.712000,1611.792000,0.950922
17.712000,364.080000,1.204584
9.840000,1094.864000,0.800891
34.768000,1863.696000,0.662234
28.208000,2288.784000,0.924918
16.400000,2909.360000,1.009104
13.776000,2860.816000,1.189596
5.904000,3174.384000,0.733293
34.768000,2604.976000,1.008973
7.216000,1118.480000,0.790556
0.656000,194.832000,0.717674
11.152000,2784.720000,1.120824
29.520000,2559.056000,0.745594
34.768000,1113.232000,0.915537
13.776000,2732.240000,0.684460
5.904000,2995.952000,0.949698
25.584000,2324.208000,0.752691
9.840000,534.640000,0.961927
17.712000,42.640000,1.206147
38.704000,61.008000,0.756507
4.592000,2774.224000,1.141727
7.216000,1460.912000,0.761051
20.336000,2488.208000,1.460058
22.960000,509.712000,0.680818
4.592000,2011.952000,0.711326
1.968000,1582.928000,0.783332
15.088000,2372.752000,0.673782
26.896000,2035.568000,0.872036
34.768000,2578.736000,0.812739
17.712000,2741.424000,0.659529
12.464000,3146.832000,0.974670
16.400000,535.952000,0.822569
15.088000,1491.088000,0.788658
30.832000,958.416000,1.310615
22.960000,144.976000,1.688411
22.960000,1222.128000,0.956387
11.152000,459.856000,0.659290
13.776000,706.512000,0.797758
34.768000,866.576000,0.855799
11.152000,472.976000,0.941009
22.960000,2570.864000,0.815716
1.968000,2821.456000,1.049741
17.712000,520.208000,0.749742
1.968000,268.304000,0.824072
1.968000,2586.608000,0.803628
20.336000,2056.560000,1.388592
1.968000,2362.256000,0.934470
17.712000,2320.272000,1.066080
32.144000,2438.352000,1.694388
7.216000,933.488000,0.846791
11.152000,253.872000,1.118087
38.704000,286.672000,0.781935
32.144000,661.904000,0.742924
11.152000,2754.544000,0.660758
3.280000,2768.976000,0.825961
37.392000,2762.416000,1.159815
29.520000,2374.064000,1.014728
11.152000,486.096000,0.881734
7.216000,1059.440000,0.936858
0.656000,2297.968000,0.672768
19.024000,714.384000,0.746636
28.208000,778.672000,0.678347
28.208000,2234.992000,1.119025
11.152000,2809.648000,0.677825
33.456000,883.632000,0.838770
24.272000,319.472000,0.810276
0.656000,407.376000,0.907533
4.592000,2992.016000,0.656642
33.456000,2458.032000,2.312466
12.464000,247.312000,0.892163
0.656000,1704.944000,1.137659
29.520000,2675.824000,0.902388
33.456000,1741.680000,0.961857
5.904000,1891.248000,0.923270
34.768000,1795.472000,1.038349
1.968000,232.880000,0.672708
12.464000,2249.424000,0.714920
3.280000,22.960000,0.738802
8.528000,1369.072000,1.344767
25.584000,3081.232000,1.487039
16.400000,1085.680000,0.813283
7.216000,2611.536000,0.690668
28.208000,1315.280000,0.938966
16.400000,1994.896000,0.721974
15.088000,32.144000,1.082080
21.648000,941.360000,0.725098
33.456000,2637.776000,0.732705
36.080000,1425.488000,0.659570
29.520000,1862.384000,1.778147
12.464000,1344.144000,0.850908
12.464000,1190.640000,0.774243
17.712000,1433.360000,0.867252
30.832000,581.872000,0.871155
0.656000,2982.832000,0.798079
12.464000,1813.840000,0.676784
16.400000,3203.248000,1.028437
37.392000,731.440000,0.730698
13.776000,3015.632000,1.724387
28.208000,555.632000,0.911265
17.712000,755.056000,1.006735
4.592000,457.232000,0.678267
32.144000,978.096000,0.766313
17.712000,1400.560000,0.684127
4.592000,3068.112000,0.887879
1.968000,2666.640000,0.833302
24.272000,1558.000000,1.093103
26.896000,2994.640000,0.790955
11.152000,2194.320000,1.064932
28.208000,1258.864000,0.742896
22.960000,493.968000,0.985318
7.216000,1428.112000,1.495409
33.456000,2997.264000,0.835022
32.144000,2985.456000,1.103656
26.896000,950.544000,0.759303
37.392000,2556.432000,0.820828
3.280000,3157.328000,1.483908
3.280000,833.776000,0.773270
30.832000,970.224000,1.569514
29.520000,2164.144000,0.831096
33.456000,379.824000,1.095622
38.704000,856.080000,1.028726
5.904000,2160.208000,0.840623
28.208000,886.256000,1.232971
38.704000,2267.792000,0.786001
11.152000,4.592000,0.756252
15.088000,1782.352000,0.737062
20.336000,1048.944000,0.724411
32.144000,1209.008000,0.802360
5.904000,1289.040000,1.497043
29.520000,492.656000,1.152880
7.216000,955.792000,1.737926
34.768000,1880.752000,1.099148
21.648000,1442.544000,0.994878
30.832000,522.832000,1.046528
30.832000,2288.784000,0.874451
34.768000,96.432000,0.907810
15.088000,276.176000,1.185663
28.208000,2902.800000,0.983966
30.832000,2762.416000,1.101922
21.648000,3049.744000,1.362697
20.336000,2660.080000,0.676187
20.336000,881.008000,0.827019
11.152000,239.440000,0.865183
29.520000,2580.048000,1.341128
12.464000,364.080000,0.693612
33.456000,3044.496000,0.670302
28.208000,122.672000,0.701528
21.648000,3183.568000,1.107533
12.464000,17.712000,1.330365
36.080000,2301.904000,0.723233
34.768000,1649.840000,0.780220
20.336000,970.224000,1.614838
4.592000,985.968000,1.009937
38.704000,2287.472000,1.255464
30.832000,560.880000,1.731238
12.464000,2892.304000,1.201331
16.400000,2498.704000,0.668622
37.392000,2995.952000,0.847290
13.776000,3158.640000,1.380658
26.896000,618.608000,0.809686
13.776000,978.096000,0.709023
25.584000,2211.376000,0.830073
26.896000,2719.120000,1.391532
38.704000,2282.224000,0.890334
20.336000,2589.232000,1.932994
12.464000,1021.392000,1.038382
1.968000,530.704000,0.832113
33.456000,622.544000,0.759075
21.648000,622.544000,0.932439
4.592000,2629.904000,1.227180
15.088000,2608.912000,0.950072
28.208000,202.704000,1.192962
15.088000,437.552000,0.751730
28.208000,1006.960000,0.828968
0.656000,2879.184000,1.027708
37.392000,1066.000000,1.106535
8.528000,601.552000,1.311768
22.960000,702.576000,0.770799
22.960000,2826.704000,1.081699
22.960000,785.232000,0.813335
21.648000,747.184000,1.085179
0.656000,1977.840000,0.968354
4.592000,1690.512000,1.011537
8.528000,1836.144000,0.669597
13.776000,92.496000,0.707534
38.704000,1802.032000,0.861832
26.896000,1420.240000,1.119385
8.528000,2797.840000,1.260104
3.280000,1233.936000,1.208670
0.656000,904.624000,0.693625
37.392000,2887.056000,0.704155
22.960000,2485.584000,0.744403
26.896000,1348.080000,1.012058
15.088000,1997.520000,0.861206
21.648000,1369.072000,1.095437
37.392000,9.840000,0.895531
0.656000,911.184000,1.210577
5.904000,692.080000,0.762725
37.392000,1244.432000,0.656592
1.968000,2552.496000,1.026978
25.584000,720.944000,0.837280
8.528000,2179.888000,0.676305
19.024000,837.712000,0.898984
13.776000,2017.200000,1.577577
26.896000,524.144000,0.874498
29.520000,871.824000,0.881523
5.904000,882.320000,0.734040
24.272000,971.536000,0.815029
28.208000,768.176000,0.867844
0.656000,1437.296000,1.146924
8.528000,49.200000,1.453752
19.024000,2730.928000,1.142222
15.088000,867.888000,0.744600
8.528000,577.936000,0.845314
30.832000,686.832000,1.534104
5.904000,1990.960000,0.682067
8.528000,730.128000,0.842221
0.656000,360.144000,2.430744
9.840000,1989.648000,0.967385
24.272000,2067.056000,1.168927
22.960000,501.840000,0.720277
8.528000,2690.256000,1.215106
24.272000,1736.432000,0.917417
9.840000,672.400000,0.721052
9.840000,2813.584000,1.258062
15.088000,2980.208000,1.252412
24.272000,991.216000,0.736666
38.704000,1403.184000,1.124893
5.904000,1476.656000,0.697891
36.080000,2169.392000,0.763794
33.456000,1016.144000,0.719495
22.960000,243.376000,0.778872
24.272000,825.904000,0.710159
20.336000,188.272000,1.693673
4.592000,3005.136000,0.773254
36.080000,43.952000,0.882818
26.896000,736.688000,0.728147
22.960000,394.256000,0.863441
25.584000,1198.512000,3.392746
4.592000,2363.568000,0.827350
11.152000,2464.592000,0.734459
11.152000,366.704000,1.689516
3.280000,499.216000,1.132089
33.456000,629.104000,0.718320
19.024000,2635.152000,0.884871
22.960000,3027.440000,0.909745
34.768000,2631.216000,0.840351
1.968000,3182.256000,0.792939
34.768000,2488.208000,0.738005
11.152000,1626.224000,0.842363
32.144000,1845.328000,0.928865
0.656000,2070.992000,1.262921
4.592000,1148.656000,1.173927
5.904000,2133.968000,0.714038
24.272000,2656.144000,0.686066
16.400000,1180.144000,1.297369
33.456000,615.984000,1.856068
28.208000,2866.064000,0.814627
7.216000,1342.832000,0.951894
30.832000,2093.296000,0.669312
16.400000,1081.744000,0.860928
33.456000,2807.024000,0.968641
4.592000,218.448000,0.756106
37.392000,2229.744000,0.799470
29.520000,3106.160000,0.682066
11.152000,2940.848000,0.795640
21.648000,1274.608000,0.974395
19.024000,3030.064000,0.718699
36.080000,2354.384000,1.337242
24.272000,64.944000,0.786453
0.656000,425.744000,1.409980
36.080000,1076.496000,0.716203
36.080000,2076.240000,0.804903
3.280000,341.776000,0.721548
25.584000,3018.256000,1.317476
25.584000,879.696000,0.825002
25.584000,1866.320000,0.795199
15.088000,958.416000,0.659321
11.152000,135.792000,0.707684
34.768000,2035.568000,0.696843
0.656000,3163.888000,0.722243
0.656000,2519.696000,0.957753
9.840000,507.088000,0.875760
19.024000,1102.736000,1.072528
28.208000,2334.704000,1.503057
5.904000,2967.088000,1.607210
8.528000,493.968000,1.038289
21.648000,2000.144000,0.895158
37.392000,2747.984000,1.152447
34.768000,280.112000,0.690511
3.280000,2297.968000,1.159659
11.152000,3217.680000,0.769805
29.520000,121.360000,0.691793
9.840000,702.576000,0.738798
38.704000,2081.488000,0.690500
8.528000,770.800000,1.331938
15.088000,3043.184000,1.104157
8.528000,856.080000,0.856922
29.520000,1459.600000,1.458113
1.968000,19.024000,0.936332
30.832000,2624.656000,0.656370
16.400000,1571.120000,0.706338
8.528000,3178.320000,0.924893
34.768000,33.456000,0.853416
38.704000,1405.808000,1.389043
29.520000,76.752000,1.778283
26.896000,2897.552000,2.133947
22.960000,1059.440000,1.099799
32.144000,1212.944000,0.749599
13.776000,869.200000,0.672150
29.520000,1548.816000,0.676032
29.520000,3121.904000,0.883111
4.592000,2599.728000,0.661559
13.776000,959.728000,1.293160
1.968000,1277.232000,1.104942
32.144000,2545.936000,1.000900
25.584000,718.320000,0.708476
3.280000,2435.728000,0.923971
36.080000,2943.472000,1.157043
24.272000,1697.072000,0.997990
15.088000,3144.208000,0.857819
25.584000,2336.016000,0.717006
5.904000,605.488000,0.961840
9.840000,1719.376000,0.897697
37.392000,1963.408000,0.793789
33.456000,1038.448000,0.759037
26.896000,3100.912000,0.779352
0.656000,1937.168000,0.719554
12.464000,1909.616000,0.714324
32.144000,1432.048000,0.903496
3.280000,1382.192000,0.804909
24.272000,710.448000,1.045390
0.656000,1569.808000,0.657675
28.208000,2926.416000,0.874726
1.968000,3030.064000,0.862703
7.216000,168.592000,0.713972
38.704000,554.320000,1.229876
38.704000,1555.376000,0.932442
34.768000,1122.416000,0.661962
33.456000,1350.704000,1.264324
34.768000,1009.584000,0.710152
11.152000,1809.904000,0.838034
4.592000,188.272000,1.446839
34.768000,260.432000,0.764093
32.144000,2316.336000,0.854701
26.896000,2186.448000,0.678592
37.392000,2854.256000,0.768940
4.592000,2232.368000,1.076745
36.080000,2245.488000,0.814250
0.656000,496.592000,0.910337
26.896000,1003.024000,1.019494
22.960000,2880.496000,0.853768
30.832000,2452.784000,0.894967
19.024000,1373.008000,2.131431
4.592000,2784.720000,0.816899
26.896000,2843.760000,1.303493
37.392000,1088.304000,1.434160
20.336000,2652.208000,0.752782
25.584000,377.200000,0.700687
11.152000,1807.280000,0.814604
0.656000,1412.368000,0.685074
21.648000,2833.264000,0.759188
4.592000,3019.568000,0.724323
15.088000,2017.200000,0.753677
15.088000,2305.840000,1.039229
19.024000,1678.704000,0.675389
22.960000,3090.416000,0.678499
19.024000,287.984000,0.913606
20.336000,2144.464000,1.353726
16.400000,2867.376000,0.887802
28.208000,2698.128000,0.841274
25.584000,1098.800000,1.186947
28.208000,1054.192000,0.902327
38.704000,720.944000,1.261705
34.768000,2593.168000,1.724344
20.336000,2532.816000,0.698203
24.272000,2876.560000,1.121544
8.528000,1686.576000,0.667166
26.896000,919.056000,0.720738
11.152000,74.128000,1.181224
20.336000,2307.152000,1.531175
5.904000,1896.496000,0.870206
0.656000,131.856000,1.042736
19.024000,518.896000,1.023718
15.088000,1644.592000,0.659794
20.336000,179.088000,0.984356
1.968000,1567.184000,0.769712
25.584000,420.496000,0.867806
38.704000,1727.248000,1.304860
32.144000,2047.376000,0.811362
16.400000,879.696000,1.060050
12.464000,2746.672000,0.869120
26.896000,1352.016000,0.997288
20.336000,82.000000,0.799604
28.208000,2078.864000,1.051084
19.024000,2056.560000,0.687748
19.024000,1264.112000,1.074611
1.968000,937.424000,0.712176
0.656000,2048.688000,1.593492
36.080000,2808.336000,1.160219
19.024000,2780.784000,0.727822
37.392000,1884.688000,0.772809
0.656000,2196.944000,1.436726
3.280000,3102.224000,0.788453
26.896000,698.640000,0.857333
22.960000,1752.176000,1.027480
19.024000,1993.584000,0.672392
7.216000,328.656000,0.973538
15.088000,570.064000,1.407257
4.592000,246.000000,1.001705
4.592000,3051.056000,0.941910
5.904000,1160.464000,0.898097
38.704000,1220.816000,0.748239
16.400000,2004.080000,1.470229
36.080000,1748.240000,0.939897
33.456000,206.640000,0.942732
16.400000,2097.232000,1.016704
21.648000,1626.224000,1.115813
19.024000,2332.080000,0.701066
5.904000,706.512000,1.185532
25.584000,2993.328000,0.985590
37.392000,3190.128000,1.067183
24.272000,2532.816000,0.862908
8.528000,2859.504000,0.694277
17.712000,242.064000,0.819215
25.584000,1941.104000,0.937379
30.832000,1366.448000,0.747471
9.840000,661.904000,0.730791
34.768000,2789.968000,0.777136
15.088000,709.136000,1.278817
30.832000,1096.176000,0.816806
20.336000,323.408000,1.005359
13.776000,2599.728000,0.784344
24.272000,912.496000,0.747260
19.024000,1439.920000,1.025809
20.336000,1644.592000,0.769114
30.832000,1317.904000,1.093476
37.392000,2131.344000,1.104243
21.648000,1051.568000,1.004262
5.904000,1638.032000,0.696227
26.896000,911.184000,1.719838
28.208000,954.480000,0.662458
34.768000,870.512000,0.857036
21.648000,1020.080000,1.051730
38.704000,655.344000,0.894539
3.280000,1799.408000,0.824760
17.712000,2812.272000,1.067729
1.968000,474.288000,1.205996
8.528000,345.712000,0.695426
22.960000,3156.016000,0.830461
3.280000,2370.128000,0.897772
16.400000,1809.904000,2.238198
33.456000,1601.296000,1.835906
5.904000,1627.536000,1.132892
9.840000,710.448000,1.245129
37.392000,1620.976000,1.033551
32.144000,1778.416000,1.319980
15.088000,2593.168000,0.893365
37.392000,2249.424000,1.411281
32.144000,1207.696000,1.092149
3.280000,1744.304000,0.757548
24.272000,3144.208000,0.686220
0.656000,1071.248000,0.753233
0.656000,38.704000,1.092706
29.520000,1903.056000,1.397565
25.584000,2288.784000,0.919526
8.528000,1804.656000,0.852624
5.904000,1357.264000,1.093170
7.216000,753.744000,1.221753
29.520000,1066.000000,1.071680
17.712000,1170.960000,0.763085
9.840000,2586.608000,1.029775
36.080000,714.384000,0.938673
25.584000,831.152000,0.925439
26.896000,1584.240000,0.985756
1.968000,3201.936000,0.837882
12.464000,1068.624000,0.806455
5.904000,50.512000,0.920026
19.024000,1105.360000,0.734485
5.904000,2709.936000,1.012337
32.144000,2322.896000,0.991441
5.904000,2350.448000,0.773261
8.528000,20.336000,1.154006
22.960000,314.224000,1.013912
21.648000,588.432000,1.130951
21.648000,235.504000,0.902340
5.904000,2923.792000,0.754258
11.152000,2383.248000,0.773617
9.840000,193.520000,1.426281
5.904000,1838.768000,1.081897
34.768000,706.512000,1.627783
5.904000,2250.736000,0.872207
1.968000,2633.840000,1.927348
20.336000,2472.464000,1.328054
13.776000,2619.408000,0.871078
13.776000,1657.712000,0.711386
21.648000,225.008000,0.656811
0.656000,2666.640000,1.429943
17.712000,1113.232000,0.959870
1.968000,726.192000,0.756683
1.968000,1159.152000,0.753482
29.520000,2059.184000,2.427365
29.520000,1413.680000,0.707745
16.400000,301.104000,0.881422
13.776000,2219.248000,1.834536
38.704000,1219.504000,0.820175
36.080000,461.168000,2.110930
33.456000,537.264000,1.735020
5.904000,2115.600000,0.831109
28.208000,1590.800000,0.760927
5.904000,2254.672000,1.094667
36.080000,962.352000,1.194345
38.704000,2044.752000,0.739129
16.400000,93.808000,0.960837
16.400000,2338.640000,0.810325
28.208000,2768.976000,1.915299
29.520000,2518.384000,0.706070
0.656000,1735.120000,0.705726
24.272000,2908.048000,0.665106
33.456000,2707.312000,0.995234
21.648000,1879.440000,0.761817
29.520000,1226.064000,1.066345
4.592000,1502.896000,0.763240
25.584000,3089.104000,1.196165
33.456000,1572.432000,1.128382
3.280000,3114.032000,0.807713
16.400000,1443.856000,2.623870
0.656000,2339.952000,0.776168
24.272000,839.024000,1.319441
15.088000,1323.152000,1.144618
28.208000,2723.056000,0.680005
15.088000,1669.520000,1.194743
5.904000,2644.336000,0.969714
36.080000,1243.120000,0.660439
21.648000,1447.792000,0.789432
3.280000,2074.928000,0.950117
21.648000,682.896000,1.928504
30.832000,3083.856000,0.788474
8.528000,974.160000,0.658198
17.712000,2896.240000,0.727029
1.968000,1264.112000,1.051492
21.648000,1681.328000,1.117774
38.704000,1188.016000,0.770349
4.592000,2189.072000,2.095707
26.896000,2294.032000,1.024813
15.088000,795.728000,0.771744
15.088000,711.760000,0.656008
28.208000,1998.832000,1.055169
9.840000,2157.584000,1.461712
38.704000,1788.912000,1.069090
21.648000,2416.048000,1.244179
29.520000,217.136000,0.721691
17.712000,946.608000,1.006430
15.088000,1523.888000,1.712166
38.704000,2350.448000,0.775598
13.776000,1547.504000,0.980238
32.144000,1302.160000,0.684464
12.464000,293.232000,0.965662
8.528000,1202.448000,0.802168
32.144000,8.528000,0.718773
29.520000,1601.296000,0.822760
28.208000,2898.864000,1.186882
12.464000,2443.600000,0.671225
30.832000,1996.208000,1.044342
7.216000,2786.032000,1.429608
20.336000,1742.992000,0.673568
29.520000,2010.640000,1.119382
1.968000,3107.472000,1.080208
13.776000,386.384000,1.710646
29.520000,75.440000,0.814159
24.272000,2456.720000,1.575958
7.216000,2534.128000,0.786475
24.272000,449.360000,1.064524
4.592000,2341.264000,0.799959
34.768000,152.848000,0.843382
36.080000,2730.928000,0.981443
13.776000,2583.984000,1.272557
5.904000,1687.888000,1.619838
7.216000,993.840000,0.938720
4.592000,1363.824000,0.805389
28.208000,2574.800000,0.934535
24.272000,890.192000,0.741377
20.336000,2598.416000,1.211405
25.584000,465.104000,1.041798
37.392000,480.848000,0.891521
15.088000,3177.008000,1.382139
0.656000,2227.120000,0.802162
12.464000,3083.856000,0.969670
37.392000,1153.904000,1.216613
32.144000,1404.496000,0.966864
5.904000,469.040000,1.081749
33.456000,2501.328000,1.314982
4.592000,1912.240000,0.689447
32.144000,2297.968000,1.429898
7.216000,1292.976000,0.668093
15.088000,1984.400000,0.730118
20.336000,1708.880000,0.824550
1.968000,2635.152000,0.786373
36.080000,80.688000,1.008921
9.840000,2807.024000,1.092772
20.336000,1400.560000,0.674003
9.840000,1004.336000,1.283733
30.832000,2530.192000,1.064340
15.088000,934.800000,1.037267
36.080000,2320.272000,0.786119
15.088000,3169.136000,0.778442
38.704000,975.472000,0.693260
15.088000,2994.640000,0.902469
12.464000,2935.600000,1.024426
15.088000,2653.520000,0.880307
34.768000,783.920000,0.666412
0.656000,768.176000,0.827681
34.768000,139.728000,1.172689
33.456000,1054.192000,0.873871
24.272000,926.928000,0.674893
19.024000,1096.176000,0.728894
28.208000,144.976000,0.795550
22.960000,3119.280000,1.172830
17.712000,2873.936000,0.971374
17.712000,3204.560000,0.926836
22.960000,1998.832000,1.155548
15.088000,592.368000,0.811176
1.968000,2078.864000,1.649242
20.336000,1550.128000,0.728981
1.968000,2334.704000,0.673429
3.280000,2158.896000,0.773242
34.768000,1434.672000,1.273135
3.280000,1497.648000,1.078799
26.896000,2712.560000,0.757880
36.080000,1125.040000,1.357684
0.656000,3119.280000,1.112267
36.080000,1311.344000,1.452231
26.896000,1763.984000,0.801465
26.896000,3183.568000,0.667596
5.904000,1850.576000,0.937903
1.968000,631.728000,0.689107
20.336000,1278.544000,0.788475
21.648000,2193.008000,1.002192
21.648000,139.728000,0.890717
13.776000,2345.200000,0.717250
5.904000,744.560000,2.230855
15.088000,2750.608000,1.346781
15.088000,951.856000,0.705006
8.528000,1891.248000,1.335169
4.592000,1233.936000,0.786009
28.208000,861.328000,1.125715
17.712000,2580.048000,1.081559
26.896000,1704.944000,1.247225
12.464000,2398.992000,0.683289
11.152000,909.872000,1.019979
28.208000,24.272000,1.360126
34.768000,835.088000,0.988784
0.656000,3149.456000,0.680602
38.704000,1476.656000,0.843401
12.464000,2387.184000,1.444653
38.704000,483.472000,0.882857
9.840000,2347.824000,0.664799
29.520000,2782.096000,0.691155
32.144000,1555.376000,1.372329
28.208000,2540.688000,1.013906
26.896000,697.328000,0.718187
3.280000,936.112000,0.698261
9.840000,2357.008000,0.732216
3.280000,2133.968000,1.773514
30.832000,2582.672000,0.932412
38.704000,2364.880000,0.708847
21.648000,1517.328000,1.011640
22.960000,1501.584000,0.733071
33.456000,1685.264000,2.485018
13.776000,106.928000,2.087106
0.656000,1643.280000,0.828217
16.400000,1260.176000,0.927280
7.216000,2587.920000,1.064959
28.208000,1169.648000,1.274992
26.896000,217.136000,0.815036
21.648000,1544.880000,0.733454
17.712000,1489.776000,0.765412
17.712000,1766.608000,1.125682
38.704000,3175.696000,0.658015
36.080000,1248.368000,3.016800
37.392000,2977.584000,1.166379
32.144000,194.832000,0.662035
3.280000,1677.392000,1.041019
32.144000,2921.168000,0.855947
36.080000,416.560000,0.758367
36.080000,1426.800000,0.888629
4.592000,2124.784000,1.198840
28.208000,323.408000,1.563925
36.080000,745.872000,0.971971
22.960000,1111.920000,0.669478
28.208000,1909.616000,0.731149
38.704000,3209.808000,0.721417
13.776000,2190.384000,0.771313
37.392000,3201.936000,0.666676
7.216000,343.088000,0.936857
28.208000,1645.904000,0.789389
16.400000,2875.248000,1.642038
22.960000,570.064000,1.033329
37.392000,2867.376000,1.024849
33.456000,1201.136000,0.734218
36.080000,1903.056000,1.005187
22.960000,3148.144000,0.757508
9.840000,75.440000,0.710125
19.024000,1429.424000,1.136343
20.336000,2758.480000,1.078011
24.272000,2963.152000,0.937429
15.088000,2022.448000,1.014593
5.904000,2165.456000,0.703887
13.776000,2660.080000,0.742597
12.464000,1131.600000,0.701790
24.272000,3119.280000,0.884163
9.840000,2136.592000,0.907881
16.400000,1904.368000,0.856538
21.648000,532.016000,0.803953
1.968000,1435.984000,0.846191
1.968000,1252.304000,1.054392
32.144000,2144.464000,0.697390
30.832000,1512.080000,0.658308
8.528000,336.528000,1.193743
21.648000,968.912000,1.250498
11.152000,1240.496000,0.685200
4.592000,2736.176000,0.813479
21.648000,928.240000,0.667980
20.336000,402.128000,0.707433
33.456000,1563.248000,0.890982
1.968000,1618.352000,1.099698
11.152000,2661.392000,0.860972
29.520000,2717.808000,0.842615
9.840000,3093.040000,0.839598
3.280000,2754.544000,0.916158
7.216000,1253.616000,0.664871
15.088000,984.656000,0.882153
36.080000,1830.896000,1.120624
32.144000,2830.640000,0.782281
19.024000,1636.720000,0.816724
22.960000,1366.448000,0.659749
12.464000,105.616000,1.388914
25.584000,656.656000,0.709055
20.336000,293.232000,0.964396
17.712000,1906.992000,1.193452
37.392000,2624.656000,0.896366
33.456000,1712.816000,0.815091
36.080000,861.328000,1.147251
37.392000,728.816000,0.704785
22.960000,1104.048000,0.759733
3.280000,2762.416000,0.849738
11.152000,2559.056000,0.887041
15.088000,2863.440000,0.720927
34.768000,3154.704000,1.391784
4.592000,1191.952000,1.023983
1.968000,340.464000,1.362820
8.528000,3040.560000,0.979680
22.960000,1232.624000,0.754605
5.904000,134.480000,0.727524
37.392000,2917.232000,1.457892
0.656000,3146.832000,0.836446
28.208000,1299.536000,0.816869
38.704000,2855.568000,1.771660
7.216000,2196.944000,1.054380
29.520000,2728.304000,0.670452
15.088000,772.112000,0.743081
37.392000,2416.048000,0.785665
7.216000,2862.128000,0.832899
16.400000,2905.424000,0.661523
37.392000,1955.536000,0.661979
4.592000,2686.320000,1.034873
12.464000,26.896000,1.266865
21.648000,661.904000,0.673360
17.712000,2329.456000,1.476917
38.704000,2803.088000,0.970682
32.144000,1182.768000,0.715560
1.968000,2301.904000,0.871206
32.144000,324.720000,0.716679
34.768000,2553.808000,0.782665
3.280000,1458.288000,0.770485
29.520000,1064.688000,1.075780
19.024000,1597.360000,0.886096
22.960000,2548.560000,0.871337
20.336000,2081.488000,0.656571
16.400000,1601.296000,0.819012
13.776000,846.896000,1.178739
17.712000,251.248000,1.320691
7.216000,1861.072000,0.755717
15.088000,2488.208000,1.320254
29.520000,2678.448000,0.716047
9.840000,148.912000,1.169575
13.776000,2835.888000,1.479051
0.656000,937.424000,1.611282
32.144000,1206.384000,0.743496
7.216000,2406.864000,0.903372
15.088000,3207.184000,0.694358
3.280000,2224.496000,0.839420
20.336000,2267.792000,0.669930
25.584000,1585.552000,0.946436
28.208000,244.688000,1.285564
28.208000,1509.456000,1.377976
12.464000,685.520000,0.984118
7.216000,551.696000,1.025616
9.840000,720.944000,1.479494
34.768000,1348.080000,0.844252
1.968000,205.328000,1.748282
21.648000,3125.840000,1.280083
30.832000,1892.560000,1.411189
17.712000,2997.264000,1.151595
21.648000,1697.072000,0.962967
26.896000,2376.688000,0.656019
8.528000,743.248000,1.383758
1.968000,213.200000,1.001309
0.656000,1551.440000,1.003890
36.080000,3115.344000,0.841695
26.896000,762.928000,0.715707
30.832000,612.048000,0.902110
25.584000,2183.824000,1.008257
37.392000,2633.840000,0.697469
20.336000,1775.792000,1.112255
12.464000,1837.456000,0.734122
17.712000,846.896000,0.706117
37.392000,1189.328000,1.168561
0.656000,1516.016000,1.024852
0.656000,139.728000,1.083731
17.712000,1509.456000,0.694394
26.896000,1313.968000,0.878332
22.960000,273.552000,0.976929
38.704000,921.680000,0.724328
9.840000,2574.800000,1.454119
28.208000,2270.416000,0.705488
26.896000,2759.792000,0.748205
29.520000,3049.744000,0.751508
38.704000,1666.896000,1.067206
37.392000,2122.160000,0.862977
30.832000,1422.864000,0.656123
9.840000,2137.904000,0.754003
20.336000,917.744000,0.697248
22.960000,253.872000,0.914001
19.024000,314.224000,0.781164
3.280000,365.392000,0.716317
16.400000,472.976000,1.049751
9.840000,719.632000,0.702826
32.144000,450.672000,0.734343
21.648000,1144.720000,0.944528
34.768000,3158.640000,0.875042
17.712000,2572.176000,1.501113
0.656000,825.904000,0.708971
29.520000,1244.432000,1.322834
30.832000,869.200000,0.741654
4.592000,1237.872000,0.709463
28.208000,724.880000,0.778551
20.336000,3145.520000,0.891376
1.968000,2551.184000,1.113741
20.336000,2873.936000,0.873118
34.768000,954.480000,1.044977
30.832000,264.368000,1.982683
34.768000,938.736000,1.103067
26.896000,2183.824000,1.517488
28.208000,2522.320000,0.885699
8.528000,3125.840000,0.783604
26.896000,417.872000,0.775322
0.656000,1176.208000,0.709084
5.904000,1887.312000,0.817974
16.400000,2271.728000,0.949639
9.840000,1139.472000,0.756235
5.904000,306.352000,1.009933
8.528000,2039.504000,1.225703
33.456000,597.616000,0.774953
4.592000,1195.888000,0.939313
29.520000,2182.512000,0.746673
7.216000,106.928000,0.799582
30.832000,2981.520000,1.116905
25.584000,627.792000,1.730855
36.080000,2476.400000,0.737257
26.896000,1463.536000,1.545948
20.336000,2039.504000,1.166893
20.336000,1085.680000,2.141322
38.704000,1222.128000,1.156719
32.144000,1660.336000,1.312300
12.464000,2540.688000,1.252688
32.144000,1249.680000,0.687732
12.464000,429.680000,1.112180
9.840000,3163.888000,0.737516
4.592000,2233.680000,0.772940
21.648000,638.288000,1.685459
33.456000,1615.728000,1.085579
30.832000,988.592000,0.861095
4.592000,770.800000,0.656281
15.088000,168.592000,0.972509
21.648000,1197.200000,1.106605
21.648000,1757.424000,0.983371
3.280000,33.456000,0.737711
37.392000,2608.912000,1.015009
7.216000,1886.000000,0.838485
16.400000,2047.376000,0.942038
3.280000,1819.088000,0.993811
34.768000,2889.680000,1.585702
13.776000,2472.464000,1.469293
8.528000,1548.816000,0.902149
16.400000,2737.488000,0.667778
1.968000,2416.048000,0.770057
21.648000,1878.128000,1.046102
5.904000,2636.464000,0.705227
9.840000,1809.904000,0.942858
19.024000,2102.480000,1.633738
28.208000,2956.592000,0.686385
22.960000,1879.440000,0.792329
26.896000,2497.392000,0.767542
17.712000,2824.080000,1.082020
34.768000,1976.528000,1.294584
5.904000,2801.776000,0.658546
34.768000,1181.456000,1.102692
21.648000,1012.208000,0.770207
28.208000,1626.224000,0.837872
5.904000,1558.000000,0.726504
34.768000,2935.600000,0.956598
34.768000,2042.128000,0.781486
36.080000,2925.104000,0.935200
21.648000,1872.880000,0.923507
13.776000,1611.792000,0.750294
15.088000,1706.256000,1.120174
15.088000,1287.728000,0.693181
25.584000,646.160000,1.703727
37.392000,2112.976000,0.856052
21.648000,2526.256000,1.027623
1.968000,1556.688000,0.771476
30.832000,147.600000,0.711986
9.840000,2111.664000,0.866658
17.712000,147.600000,0.765662
5.904000,2013.264000,1.263415
29.520000,240.752000,1.089808
15.088000,1093.552000,0.987937
30.832000,302.416000,1.089757
15.088000,1531.760000,1.366245
13.776000,2961.840000,1.145546
38.704000,1018.768000,0.931037
34.768000,1237.872000,1.385399
30.832000,1472.720000,0.785203
16.400000,16.400000,0.822985
1.968000,3006.448000,1.261654
25.584000,1513.392000,1.770349
8.528000,1037.136000,0.849475
34.768000,3146.832000,1.145665
37.392000,1973.904000,0.957767
3.280000,1386.128000,1.321966
9.840000,870.512000,1.376667
28.208000,1819.088000,0.960927
15.088000,295.856000,1.074307
33.456000,1483.216000,1.362197
7.216000,1918.800000,0.902466
33.456000,947.920000,1.198717
21.648000,1526.512000,0.948169
17.712000,1962.096000,0.984234
30.832000,594.992000,1.007916
8.528000,2771.600000,0.810405
3.280000,1956.848000,1.755146
15.088000,1614.416000,0.671769
25.584000,302.416000,0.734225
3.280000,2818.832000,1.251561
7.216000,2997.264000,0.751574
29.520000,3165.200000,0.680987
28.208000,2938.224000,1.163661
29.520000,3167.824000,0.911825
20.336000,852.144000,1.016833
28.208000,2186.448000,2.148247
29.520000,1775.792000,0.968745
32.144000,2195.632000,0.806540
11.152000,976.784000,1.897140
19.024000,1250.992000,1.054597
38.704000,415.248000,0.732039
37.392000,1454.352000,0.949972
26.896000,2248.112000,0.775493
28.208000,459.856000,1.343284
12.464000,2161.520000,0.894475
9.840000,1218.192000,1.113026
22.960000,3100.912000,0.846841
20.336000,2294.032000,0.871417
21.648000,2435.728000,1.026492
19.024000,1191.952000,1.579440
17.712000,1139.472000,1.080734
34.768000,364.080000,0.725510
32.144000,1821.712000,0.711345
8.528000,1580.304000,1.072915
26.896000,2569.552000,2.023978
38.704000,327.344000,1.114257
28.208000,1763.984000,1.347854
12.464000,1968.656000,0.961233
4.592000,130.544000,1.064504
29.520000,1282.480000,0.833971
22.960000,3058.928000,1.075845
16.400000,588.432000,1.365534
34.768000,2279.600000,2.783990
22.960000,2198.256000,0.833002
0.656000,2374.064000,1.031804
33.456000,2538.064000,1.012256
33.456000,2429.168000,0.822691
30.832000,518.896000,0.806757
21.648000,2486.896000,1.162022
1.968000,3069.424000,0.902683
30.832000,3085.168000,0.779737
32.144000,694.704000,0.898861
28.208000,1449.104000,0.980150
4.592000,2303.216000,0.953363
3.280000,184.336000,0.914701
13.776000,1477.968000,0.948739
8.528000,2749.296000,1.017374
26.896000,1990.960000,1.090995
30.832000,1826.960000,0.918425
15.088000,1485.840000,0.901444
21.648000,1548.816000,1.186838
5.904000,982.032000,1.605534
15.088000,1207.696000,0.727986
1.968000,2946.096000,0.744381
7.216000,2122.160000,1.156867
17.712000,2999.888000,0.674025
25.584000,2423.920000,0.740572
21.648000,3108.784000,0.756200
25.584000,1438.608000,1.098652
15.088000,1279.856000,0.672123
29.520000,41.328000,0.907753
33.456000,2018.512000,0.663174
5.904000,1370.384000,0.681585
26.896000,2758.480000,0.756415
13.776000,1504.208000,0.783661
26.896000,332.592000,0.898570
0.656000,1880.752000,0.881921
9.840000,37.392000,0.846294
19.024000,276.176000,0.794491
15.088000,226.320000,0.749017
30.832000,2948.720000,0.822986
38.704000,2489.520000,0.743063
32.144000,778.672000,0.800346
24.272000,43.952000,1.016399
24.272000,2547.248000,1.089377
11.152000,3043.184000,0.997779
25.584000,1097.488000,0.798088
29.520000,2485.584000,0.732972
33.456000,2622.032000,1.674587
25.584000,732.752000,0.712852
29.520000,163.344000,1.270421
17.712000,1945.040000,0.743825
37.392000,433.616000,0.858434
26.896000,2296.656000,1.096278
36.080000,1723.312000,0.742133
15.088000,9.840000,0.663545
29.520000,1079.120000,0.804368
22.960000,1690.512000,0.971308
33.456000,1352.016000,1.450809
1.968000,2308.464000,0.776436
25.584000,2199.568000,1.017990
9.840000,2476.400000,0.812680
25.584000,2593.168000,0.801989
36.080000,3051.056000,0.739249
29.520000,2481.648000,0.747375
5.904000,854.768000,1.061149
36.080000,184.336000,0.734394
9.840000,434.928000,0.843163
16.400000,873.136000,1.109938
22.960000,673.712000,0.704584
16.400000,2193.008000,0.835365
32.144000,3061.552000,0.955970
8.528000,2429.168000,0.801769
5.904000,2517.072000,0.676472
26.896000,2792.592000,0.936643
13.776000,899.376000,0.726227
0.656000,606.800000,0.841912
11.152000,2664.016000,0.713364
20.336000,235.504000,0.770946
36.080000,1888.624000,1.147873
24.272000,298.480000,0.719200
15.088000,841.648000,0.721730
3.280000,979.408000,0.708142
34.768000,2963.152000,1.054832
19.024000,941.360000,1.789790
1.968000,2699.440000,1.087913
26.896000,2964.464000,1.075281
5.904000,1262.800000,0.883686
32.144000,1805.968000,1.441951
17.712000,202.704000,0.761547
24.272000,1250.992000,0.782304
24.272000,936.112000,0.674814
3.280000,1271.984000,0.684573
8.528000,2009.328000,0.752540
0.656000,1889.936000,1.121242
8.528000,2068.368000,1.425519
16.400000,326.032000,0.726165
0.656000,1800.720000,0.938278
36.080000,2885.744000,0.804814
19.024000,2275.664000,1.184439
25.584000,1037.136000,0.966834
29.520000,1918.800000,0.971555
19.024000,2325.520000,0.853555
0.656000,2178.576000,1.069235
9.840000,1146.032000,0.839883
21.648000,2799.152000,1.301416
28.208000,978.096000,1.434442
16.400000,470.352000,0.850404
16.400000,2917.232000,1.524136
3.280000,2476.400000,0.872537
11.152000,1525.200000,1.299855
3.280000,967.600000,1.170339
30.832000,2143.152000,0.894517
4.592000,2482.960000,0.912549
25.584000,1026.640000,0.742244
38.704000,495.280000,0.986341
13.776000,2199.568000,0.797741
12.464000,1525.200000,0.927060
17.712000,2456.720000,1.274448
5.904000,718.320000,0.835503
12.464000,1501.584000,1.180741
22.960000,1990.960000,0.704936
38.704000,1378.256000,0.657738
33.456000,3194.064000,0.794514
33.456000,2396.368000,0.806542
29.520000,3173.072000,0.844368
9.840000,1840.080000,1.675527
37.392000,55.760000,1.130135
20.336000,1888.624000,1.073075
25.584000,2736.176000,1.500666
36.080000,976.784000,1.853876
25.584000,2519.696000,0.862545
5.904000,2389.808000,0.719341
11.152000,778.672000,0.946777
9.840000,1047.632000,0.833037
22.960000,1273.296000,0.819378
13.776000,219.760000,0.797622
24.272000,2531.504000,0.990003
34.768000,1821.712000,0.689937
36.080000,389.008000,2.090292
4.592000,2566.928000,1.667859
32.144000,941.360000,0.735621
7.216000,200.080000,1.507879
38.704000,2421.296000,0.858421
20.336000,2656.144000,0.817972
26.896000,1332.336000,0.881262
29.520000,1849.264000,1.261725
15.088000,3138.960000,0.662881
4.592000,1020.080000,0.914776
12.464000,349.648000,1.018285
11.152000,1186.704000,1.170379
11.152000,2870.000000,1.147431
29.520000,2555.120000,0.743081
29.520000,1489.776000,1.235161
25.584000,263.056000,0.657421
12.464000,2287.472000,0.729967
4.592000,2998.576000,1.432099
28.208000,862.640000,1.122750
36.080000,328.656000,0.853440
36.080000,1148.656000,1.809918
9.840000,1942.416000,1.134404
30.832000,2118.224000,0.719924
24.272000,2989.392000,1.225419
21.648000,798.352000,0.662507
0.656000,183.024000,0.891132
4.592000,1854.512000,0.819310
32.144000,51.824000,1.668407
32.144000,1531.760000,0.788790
12.464000,646.160000,0.703849
13.776000,2196.944000,0.961399
34.768000,1254.928000,0.868818
22.960000,308.976000,1.110178
16.400000,3037.936000,1.287116
1.968000,54.448000,0.759303
3.280000,2557.744000,1.034422
13.776000,79.376000,1.012984
17.712000,3103.536000,0.702955
38.704000,2368.816000,0.696797
25.584000,1088.304000,0.657898
26.896000,2696.816000,0.879339
12.464000,723.568000,0.693023
5.904000,194.832000,2.002315
1.968000,264.368000,0.999162
0.656000,2713.872000,0.663909
11.152000,537.264000,0.972754
5.904000,2387.184000,0.970674
36.080000,1340.208000,0.783540
0.656000,2387.184000,2.474338
26.896000,1854.512000,0.750596
16.400000,1426.800000,0.982415
12.464000,840.336000,1.156411
7.216000,1666.896000,1.044011
12.464000,3198.000000,1.116439
28.208000,1058.128000,0.686581
0.656000,1522.576000,2.274901
32.144000,689.456000,1.277537
4.592000,766.864000,0.805401
25.584000,2972.336000,1.597823
29.520000,1702.320000,0.721022
17.712000,614.672000,0.656794
17.712000,371.952000,0.877473
12.464000,2845.072000,0.894961
33.456000,400.816000,0.837413
17.712000,2591.856000,0.730105
24.272000,2601.040000,0.851789
37.392000,1655.088000,0.967235
36.080000,1998.832000,0.696790
22.960000,2305.840000,2.296511
36.080000,1924.048000,0.934952
4.592000,1446.480000,0.919447
12.464000,835.088000,0.714751
34.768000,1668.208000,0.861645
26.896000,2545.936000,0.677606
34.768000,2612.848000,0.891738
15.088000,490.032000,0.739625
4.592000,534.640000,0.965002
36.080000,924.304000,0.723837
22.960000,7.216000,1.124592
16.400000,2821.456000,0.887695
12.464000,985.968000,0.695032
8.528000,291.920000,0.695499
9.840000,2488.208000,0.917408
17.712000,1996.208000,1.179228
16.400000,2826.704000,0.693445
34.768000,2366.192000,1.415309
7.216000,614.672000,0.823152
5.904000,96.432000,0.753885
11.152000,1159.152000,0.758293
26.896000,348.336000,0.887775
16.400000,1918.800000,1.024514
8.528000,3157.328000,1.172225
0.656000,1976.528000,1.004710
37.392000,3187.504000,1.021895
17.712000,837.712000,0.796560
20.336000,797.040000,0.657610
0.656000,2237.616000,0.703779
22.960000,2766.352000,0.689521
24.272000,2337.328000,0.823835
22.960000,1971.280000,0.720163
12.464000,1893.872000,1.011355
3.280000,1529.136000,0.720158
11.152000,2404.240000,0.896653
3.280000,1665.584000,0.781824
13.776000,898.064000,0.745309
25.584000,2580.048000,0.828693
0.656000,92.496000,1.267771
7.216000,1147.344000,0.778194
7.216000,1235.248000,0.688829
9.840000,116.112000,0.849078
25.584000,114.800000,0.747053
11.152000,1043.696000,1.648522
16.400000,1862.384000,0.710610
13.776000,2902.800000,0.991856
19.024000,1383.504000,0.761511
30.832000,2233.680000,0.774262
30.832000,554.320000,0.913504
26.896000,2801.776000,0.918828
9.840000,3153.392000,1.003930
29.520000,2992.016000,1.255916
9.840000,614.672000,1.119698
17.712000,1458.288000,1.194856
16.400000,2252.048000,0.707507
34.768000,1796.784000,1.008229
21.648000,2803.088000,1.769333
28.208000,2353.072000,0.766150
16.400000,3150.768000,0.673491
9.840000,537.264000,0.726848
38.704000,2932.976000,0.975866
12.464000,1865.008000,1.263516
33.456000,228.944000,0.733945
16.400000,1134.224000,1.374257
37.392000,1178.832000,1.014504
21.648000,832.464000,0.846637
25.584000,946.608000,0.692894
7.216000,644.848000,2.122546
5.904000,1983.088000,0.722831
15.088000,2691.568000,0.773289
38.704000,357.520000,1.012528
16.400000,2614.160000,0.710489
24.272000,2771.600000,0.804572
33.456000,2195.632000,1.332818
24.272000,1144.720000,1.383137
29.520000,1186.704000,0.863435
8.528000,223.696000,0.681103
21.648000,1811.216000,0.975333
26.896000,1033.200000,1.387192
25.584000,917.744000,0.865037
37.392000,59.696000,1.158439
24.272000,600.240000,0.813345
25.584000,2669.264000,1.176406
17.712000,2960.528000,0.788012
19.024000,2993.328000,1.391598
30.832000,1126.352000,0.719275
5.904000,1307.408000,0.896345
34.768000,2334.704000,0.908274
0.656000,2110.352000,1.572026
29.520000,2465.904000,0.678146
7.216000,724.880000,0.824408
8.528000,2127.408000,0.704658
29.520000,2468.528000,0.780745
11.152000,1464.848000,1.408700
28.208000,40.016000,1.306752
3.280000,1223.440000,0.922931
38.704000,312.912000,0.789613
15.088000,2640.400000,0.683064
3.280000,1889.936000,0.758016
22.960000,2035.568000,1.174418
9.840000,2109.040000,0.779445
1.968000,790.480000,1.026936
12.464000,1197.200000,3.143920
7.216000,2248.112000,0.880922
28.208000,2688.944000,1.150620
22.960000,1022.704000,0.762786
26.896000,1307.408000,1.065069
26.896000,242.064000,0.759374
8.528000,1697.072000,0.750138
15.088000,2152.336000,0.856976
26.896000,2082.800000,0.714989
36.080000,816.720000,0.689450
30.832000,2122.160000,0.982649
20.336000,867.888000,1.002629
24.272000,1265.424000,1.356689
20.336000,1867.632000,0.809362
16.400000,3022.192000,0.870038
12.464000,99.056000,0.968793
24.272000,1098.800000,1.011765
25.584000,1369.072000,0.992504
20.336000,1132.912000,0.934418
34.768000,668.464000,0.692326
7.216000,2502.640000,1.277181
22.960000,2430.480000,0.717967
21.648000,2338.640000,0.974659
24.272000,1400.560000,0.998438
5.904000,1020.080000,2.496280
16.400000,1548.816000,0.681553
15.088000,341.776000,1.301836
34.768000,2774.224000,2.337805
26.896000,2412.112000,0.787501
17.712000,1000.400000,0.789289
12.464000,183.024000,1.500128
37.392000,2473.776000,1.666141
38.704000,1489.776000,0.763388
30.832000,2165.456000,0.940578
28.208000,147.600000,0.883242
33.456000,2787.344000,0.947654
20.336000,1569.808000,0.915997
3.280000,755.056000,0.838914
25.584000,314.224000,1.026044
22.960000,587.120000,0.762208
36.080000,833.776000,0.698341
19.024000,1750.864000,1.872309
22.960000,2259.920000,0.714217
0.656000,1733.808000,1.008707
3.280000,2598.416000,1.007174
32.144000,849.520000,1.306864
29.520000,1938.480000,1.077933
16.400000,1889.936000,1.166851
38.704000,2644.336000,0.984583
3.280000,1683.952000,0.732101
30.832000,1006.960000,1.464183
34.768000,438.864000,0.733735
28.208000,1739.056000,1.300071
30.832000,1783.664000,0.671627
3.280000,2786.032000,0.873889
1.968000,1350.704000,1.156558
34.768000,1509.456000,1.228656
30.832000,202.704000,0.813622
21.648000,1959.472000,0.877471
29.520000,58.384000,0.977188
34.768000,3069.424000,0.843738
4.592000,1281.168000,0.749634
33.456000,83.312000,1.543380
9.840000,348.336000,0.681586
30.832000,3016.944000,1.050076
36.080000,1489.776000,2.375827
17.712000,2679.760000,0.755055
30.832000,480.848000,0.794533
33.456000,2834.576000,1.263015
21.648000,2145.776000,1.099246
26.896000,425.744000,1.036774
26.896000,1597.360000,0.659955
8.528000,1895.184000,0.728257
33.456000,2893.616000,0.789134
9.840000,2619.408000,0.789373
37.392000,158.096000,0.790303
19.024000,943.984000,0.774187
32.144000,1376.944000,0.816667
5.904000,1722.000000,0.848987
17.712000,2294.032000,1.026157
32.144000,1020.080000,0.687294
21.648000,1891.248000,1.308093
30.832000,1027.952000,0.899584
25.584000,1348.080000,0.678221
28.208000,1369.072000,1.021882
1.968000,261.744000,0.802407
33.456000,2405.552000,0.983712
30.832000,2619.408000,0.674060
17.712000,1537.008000,0.670447
9.840000,2485.584000,0.875244
38.704000,108.240000,0.749820
4.592000,722.256000,0.690178
16.400000,286.672000,1.835845
22.960000,476.912000,0.973806
17.712000,383.760000,1.461856
32.144000,201.392000,0.905701
5.904000,3019.568000,1.340300
3.280000,2879.184000,0.690911
9.840000,311.600000,0.712136
33.456000,2347.824000,1.165403
16.400000,1760.048000,0.854231
28.208000,899.376000,0.673887
0.656000,3039.248000,0.891130
37.392000,1993.584000,0.700989
37.392000,1144.720000,1.495172
12.464000,1882.064000,0.680238
37.392000,171.216000,1.061984
38.704000,209.264000,0.933425
9.840000,1378.256000,1.009080
5.904000,884.944000,0.702307
5.904000,3205.872000,1.274709
9.840000,2166.768000,1.295542
11.152000,1155.216000,0.791240
34.768000,3053.680000,1.053273
19.024000,2156.272000,0.677227
1.968000,2018.512000,0.666579
5.904000,2602.352000,2.295421
33.456000,3157.328000,0.808925
13.776000,32.144000,0.880339
5.904000,1449.104000,1.119333
11.152000,1345.456000,0.698753
29.520000,96.432000,1.249785
24.272000,2006.704000,0.833564
26.896000,2633.840000,0.742382
32.144000,1740.368000,1.004552
0.656000,3005.136000,0.814316
37.392000,1094.864000,0.686051
7.216000,3065.488000,0.840853
24.272000,2164.144000,0.725331
11.152000,2818.832000,1.149770
19.024000,1219.504000,0.688007
24.272000,1519.952000,0.833689
9.840000,2368.816000,0.782769
26.896000,2952.656000,0.786526
34.768000,824.592000,0.906516
1.968000,2858.192000,0.674525
32.144000,2359.632000,0.700197
1.968000,495.280000,0.863497
24.272000,2330.768000,0.717084
37.392000,2849.008000,1.378241
15.088000,1077.808000,0.772718
11.152000,1631.472000,1.226721
0.656000,2448.848000,0.770155
26.896000,373.264000,0.670337
26.896000,779.984000,0.860260
8.528000,347.024000,0.675602
32.144000,1195.888000,0.817538
36.080000,1350.704000,1.087465
24.272000,1775.792000,0.834919
30.832000,503.152000,0.957509
32.144000,1405.808000,0.886063
15.088000,3131.088000,1.108537
32.144000,1257.552000,0.830718
37.392000,3102.224000,0.705041
3.280000,507.088000,1.149527
3.280000,239.440000,0.671375
20.336000,415.248000,0.728537
4.592000,2073.616000,0.695440
7.216000,1485.840000,0.848736
34.768000,588.432000,0.766399
29.520000,2185.136000,0.823341
17.712000,1394.000000,1.286005
25.584000,2662.704000,1.565644
19.024000,3014.320000,0.686627
3.280000,2325.520000,1.018519
15.088000,11.152000,0.738470
17.712000,563.504000,2.092181
20.336000,2052.624000,1.691676
5.904000,25.584000,0.747718
1.968000,392.944000,0.669248
4.592000,1685.264000,0.700101
36.080000,715.696000,2.275929
3.280000,2274.352000,1.097989
38.704000,53.136000,0.890348
30.832000,1371.696000,0.945486
32.144000,2313.712000,0.697334
11.152000,424.432000,0.682668
25.584000,79.376000,0.928304
36.080000,2660.080000,0.944078
29.520000,2008.016000,0.834656
22.960000,1997.520000,0.916645
15.088000,1365.136000,0.891771
17.712000,1432.048000,0.760557
3.280000,1825.648000,0.861605
21.648000,186.960000,1.236595
28.208000,1669.520000,0.725495
37.392000,1614.416000,1.008484
25.584000,2250.736000,0.798900
20.336000,1871.568000,0.852934
30.832000,420.496000,0.737498
20.336000,768.176000,0.797176
4.592000,1508.144000,2.065523
9.840000,974.160000,1.438075
38.704000,2269.104000,0.696844
15.088000,1517.328000,0.794993
20.336000,2608.912000,1.100741
16.400000,400.816000,0.672470
4.592000,1526.512000,0.886399
21.648000,2864.752000,0.657041
30.832000,1136.848000,0.789472
16.400000,1191.952000,0.929608
15.088000,194.832000,0.685360
38.704000,1977.840000,0.695057
19.024000,656.656000,0.731205
8.528000,1781.040000,1.051583
20.336000,672.400000,0.779677
33.456000,320.784000,0.763750
8.528000,38.704000,1.051541
22.960000,1355.952000,1.167557
5.904000,3159.952000,0.801798
28.208000,1497.648000,0.661430
5.904000,1648.528000,1.368477
25.584000,295.856000,0.713191
11.152000,2214.000000,1.461281
34.768000,1316.592000,0.996995
33.456000,1230.000000,0.691749
16.400000,2231.056000,0.699208
15.088000,2204.816000,0.760988
4.592000,2461.968000,1.342462
0.656000,40.016000,0.938130
5.904000,312.912000,1.504198
38.704000,3142.896000,1.010152
16.400000,2759.792000,0.827642
32.144000,676.336000,0.861583
20.336000,230.256000,1.086113
38.704000,760.304000,0.671330
4.592000,123.984000,0.877779
21.648000,133.168000,0.970447
22.960000,2612.848000,1.037168
0.656000,2492.144000,1.820662
16.400000,247.312000,0.742692
0.656000,2637.776000,1.199192
30.832000,671.088000,1.276018
3.280000,1349.392000,1.212565
20.336000,1299.536000,1.684812
17.712000,2383.248000,1.292747
16.400000,1710.192000,0.994011
0.656000,2968.400000,1.195358
21.648000,1450.416000,0.721274
0.656000,260.432000,1.107745
16.400000,1344.144000,0.992229
17.712000,776.048000,0.836410
25.584000,1945.040000,1.074375
15.088000,17.712000,0.779078
38.704000,2111.664000,0.660058
0.656000,2341.264000,0.748467
8.528000,1813.840000,0.705780
13.776000,2357.008000,0.662641
19.024000,3169.136000,1.225862
32.144000,684.208000,0.749321
38.704000,1102.736000,1.569967
33.456000,2255.984000,0.797978
28.208000,2786.032000,1.016045
29.520000,2849.008000,0.795868
17.712000,3014.320000,1.319187
3.280000,1693.136000,0.709701
15.088000,2477.712000,1.352779
21.648000,173.840000,0.841117
28.208000,912.496000,0.687382
38.704000,1122.416000,1.666564
26.896000,1817.776000,0.666192
36.080000,1660.336000,1.440075
9.840000,49.200000,1.148027
7.216000,3047.120000,0.820898
29.520000,3138.960000,0.803758
17.712000,1761.360000,0.873434
7.216000,1408.432000,0.840529
3.280000,1765.296000,0.686720
21.648000,570.064000,0.710359
28.208000,1004.336000,0.921389
9.840000,2404.240000,1.802992
16.400000,196.144000,0.894218
7.216000,2872.624000,0.718187
24.272000,1414.992000,0.747677
16.400000,814.096000,0.835640
3.280000,1816.464000,0.780881
15.088000,2480.336000,0.843976
32.144000,1307.408000,0.674453
30.832000,2711.248000,0.841465
22.960000,1397.936000,1.027684
28.208000,694.704000,1.631448
32.144000,1888.624000,0.685744
12.464000,802.288000,1.060363
20.336000,2221.872000,1.431860
20.336000,2810.960000,0.662075
24.272000,189.584000,0.777895
36.080000,2021.136000,1.122538
9.840000,577.936000,0.832754
38.704000,467.728000,0.745474
4.592000,1943.728000,0.760186
37.392000,72.816000,0.826297
34.768000,1638.032000,0.908976
3.280000,500.528000,1.381839
3.280000,2761.104000,0.778104
21.648000,1495.024000,0.708436
3.280000,2911.984000,1.205791
19.024000,2615.472000,0.747372
5.904000,1254.928000,1.289955
12.464000,251.248000,0.980687
20.336000,892.816000,0.748203
17.712000,661.904000,0.714579
8.528000,1435.984000,0.732663
15.088000,34.768000,1.834539
13.776000,3007.760000,1.297037
20.336000,912.496000,1.196765
33.456000,1599.984000,0.843379
37.392000,370.640000,0.710575
36.080000,2877.872000,1.052692
29.520000,226.320000,1.357798
22.960000,1727.248000,0.932649
26.896000,1956.848000,0.991985
34.768000,298.480000,1.321685
37.392000,860.016000,0.978184
37.392000,2542.000000,1.526221
4.592000,2952.656000,0.708767
16.400000,684.208000,0.675084
25.584000,1202.448000,1.195085
5.904000,1147.344000,1.303506
20.336000,684.208000,0.963996
29.520000,1731.184000,0.767945
36.080000,2692.880000,1.379588
38.704000,1316.592000,0.711985
1.968000,1471.408000,1.286660
29.520000,1397.936000,1.246181
25.584000,1048.944000,0.755189
12.464000,3007.760000,1.117545
8.528000,19.024000,1.249258
30.832000,3102.224000,1.048584
15.088000,2828.016000,1.101159
9.840000,1760.048000,1.272145
26.896000,630.416000,0.862181
0.656000,210.576000,0.881094
25.584000,2053.936000,0.822462
22.960000,772.112000,0.879577
36.080000,2619.408000,0.721751
4.592000,1661.648000,0.807023
38.704000,2019.824000,0.725973
21.648000,2904.112000,0.835478
15.088000,1004.336000,0.690640
17.712000,1500.272000,0.895179
3.280000,652.720000,0.792158
5.904000,2797.840000,1.137852
16.400000,2152.336000,0.877855
19.024000,1041.072000,0.671234
33.456000,440.176000,0.656085
16.400000,928.240000,1.253892
9.840000,2744.048000,0.971769
8.528000,2166.768000,0.928734
9.840000,1079.120000,1.564251
4.592000,470.352000,0.758224
30.832000,375.888000,0.805793
12.464000,782.608000,2.213403
24.272000,2616.784000,1.134772
21.648000,3052.368000,0.895608
9.840000,2349.136000,0.845695
24.272000,1636.720000,0.982007
7.216000,235.504000,0.742838
17.712000,2157.584000,0.788724
37.392000,2685.008000,1.617463
37.392000,1760.048000,0.874109
30.832000,3205.872000,0.749851
7.216000,1178.832000,1.172949
13.776000,1273.296000,0.951618
28.208000,726.192000,1.442805
0.656000,307.664000,0.848479
28.208000,2944.784000,0.721280
38.704000,2841.136000,0.732853
38.704000,2161.520000,0.855282
13.776000,1441.232000,1.545091
24.272000,2643.024000,1.043730
25.584000,2925.104000,0.942911
34.768000,921.680000,0.888181
7.216000,1571.120000,1.112330
29.520000,1169.648000,0.837622
37.392000,890.192000,0.963677
9.840000,176.464000,0.775706
12.464000,134.480000,0.966141
28.208000,3222.928000,1.642792
32.144000,1798.096000,1.449829
4.592000,2496.080000,0.728658
5.904000,791.792000,1.204052
21.648000,3078.608000,3.384046
12.464000,1889.936000,1.169557
24.272000,15.088000,0.705953
34.768000,1586.864000,0.669141
8.528000,1358.576000,0.822855
33.456000,1080.432000,0.775414
26.896000,1227.376000,0.905073
15.088000,2749.296000,0.814960
32.144000,1416.304000,0.879756
9.840000,2050.000000,0.746443
34.768000,882.320000,1.246076
33.456000,97.744000,1.383661
16.400000,252.560000,0.956101
24.272000,1937.168000,1.058749
16.400000,1092.240000,1.027281
34.768000,200.080000,1.021128
16.400000,3020.880000,0.871099
0.656000,1363.824000,1.062857
15.088000,2301.904000,0.666441
21.648000,1732.496000,0.855758
7.216000,286.672000,0.678268
12.464000,609.424000,0.944341
20.336000,215.824000,0.818620
1.968000,3087.792000,0.946243
30.832000,762.928000,0.922625
21.648000,117.424000,0.740993
3.280000,2698.128000,1.763152
22.960000,449.360000,0.668156
25.584000,2841.136000,1.461489
11.152000,904.624000,0.862935
12.464000,1264.112000,0.831313
37.392000,152.848000,0.667898
8.528000,2757.168000,1.016563
7.216000,3195.376000,1.213759
34.768000,800.976000,0.882119
22.960000,3002.512000,0.929748
16.400000,1395.312000,0.791102
13.776000,1808.592000,0.854111
7.216000,165.968000,0.785953
28.208000,2333.392000,0.759588
8.528000,2219.248000,0.698254
11.152000,2653.520000,1.195498
13.776000,1184.080000,0.740685
30.832000,7.216000,0.743159
21.648000,1104.048000,0.982016
19.024000,2936.912000,1.084618
7.216000,3044.496000,0.800444
12.464000,1996.208000,0.716616
5.904000,1341.520000,0.931162
38.704000,781.296000,0.875712
12.464000,858.704000,0.926155
0.656000,331.280000,0.844095
20.336000,673.712000,0.868464
15.088000,2274.352000,0.765590
12.464000,344.400000,0.725859
29.520000,2742.736000,0.714848
0.656000,3002.512000,0.716444
3.280000,2922.480000,0.667998
1.968000,2000.144000,0.783969
8.528000,1474.032000,0.844352
37.392000,2640.400000,1.281180
34.768000,1079.120000,0.820720
22.960000,3141.584000,0.677667
12.464000,1984.400000,0.753037
19.024000,1556.688000,0.933718
0.656000,1956.848000,0.758399
24.272000,2056.560000,0.828938
9.840000,337.840000,1.379517
1.968000,2206.128000,1.265338
17.712000,2509.200000,1.211157
24.272000,38.704000,0.852104
22.960000,148.912000,0.713650
29.520000,1539.632000,1.035102
5.904000,176.464000,1.943987
5.904000,1644.592000,0.818518
7.216000,2897.552000,1.589845
33.456000,806.224000,1.127241
3.280000,232.880000,0.962122
0.656000,2395.056000,0.749301
34.768000,2017.200000,0.699590
17.712000,1959.472000,0.939856
29.520000,2210.064000,0.908537
28.208000,360.144000,0.992944
25.584000,2507.888000,1.123648
32.144000,2780.784000,0.742997
24.272000,2568.240000,0.951413
33.456000,2189.072000,0.719242
26.896000,863.952000,0.905533
0.656000,2371.440000,1.617911
21.648000,2089.360000,0.726154
3.280000,253.872000,0.854642
28.208000,1870.256000,0.781038
29.520000,524.144000,0.818174
24.272000,2776.848000,1.061709
33.456000,1836.144000,0.983567
0.656000,1939.792000,0.679145
11.152000,726.192000,0.748299
29.520000,672.400000,0.759111
16.400000,1559.312000,0.845900
33.456000,13.776000,0.688854
16.400000,2847.696000,0.675015
24.272000,1357.264000,0.782340
26.896000,551.696000,1.241707
34.768000,1526.512000,0.723929
25.584000,730.128000,0.772359
26.896000,53.136000,0.931946
15.088000,2210.064000,0.912574
17.712000,1289.040000,0.683922
13.776000,2673.200000,1.356253
33.456000,896.752000,1.048523
0.656000,2787.344000,0.804147
16.400000,1386.128000,0.899286
3.280000,2362.256000,0.878048
32.144000,2531.504000,0.821993
26.896000,1672.144000,0.787028
4.592000,1409.744000,0.993712
38.704000,391.632000,1.059669
21.648000,2471.152000,0.887337
36.080000,3019.568000,0.849735
22.960000,2031.632000,0.856875
5.904000,3074.672000,0.984949
21.648000,2763.728000,1.429260
25.584000,684.208000,1.533935
36.080000,2862.128000,1.105177
24.272000,526.768000,0.991271
29.520000,1159.152000,0.661984
8.528000,2574.800000,0.710191
1.968000,315.536000,0.710101
25.584000,2974.960000,0.897510
22.960000,1655.088000,0.782998
12.464000,1341.520000,0.819980
1.968000,1374.320000,1.235912
25.584000,2393.744000,0.920778
36.080000,1281.168000,0.954817
0.656000,1660.336000,0.710917
34.768000,1497.648000,0.944254
5.904000,504.464000,0.910227
13.776000,684.208000,0.815130
28.208000,2476.400000,0.718433
26.896000,1521.264000,0.774196
9.840000,2460.656000,0.927326
1.968000,1996.208000,1.113100
13.776000,2795.216000,0.839242
5.904000,2606.288000,0.911815
30.832000,1508.144000,0.657165
38.704000,2301.904000,1.139658
26.896000,2532.816000,0.910255
21.648000,2938.224000,1.212468
12.464000,2549.872000,0.799223
3.280000,1323.152000,0.985768
15.088000,2330.768000,1.526537
20.336000,1106.672000,0.947932
29.520000,1273.296000,1.117710
24.272000,2982.832000,2.060046
33.456000,2111.664000,0.692933
11.152000,1176.208000,2.054509
37.392000,2919.856000,1.067631
16.400000,2984.144000,0.832081
29.520000,559.568000,1.027432
0.656000,2021.136000,1.670795
37.392000,778.672000,1.567530
26.896000,2316.336000,0.918261
37.392000,3068.112000,0.827427
17.712000,2088.048000,0.689113
22.960000,2401.616000,0.842594
0.656000,347.024000,0.773223
16.400000,1735.120000,0.895241
3.280000,1409.744000,0.726831
8.528000,1859.760000,0.863593
20.336000,2681.072000,0.724406
30.832000,3180.944000,1.879503
11.152000,2283.536000,0.751888
22.960000,2969.712000,0.914097
13.776000,2877.872000,0.721298
15.088000,3166.512000,0.711229
0.656000,837.712000,0.845282
30.832000,122.672000,0.934628
36.080000,3009.072000,0.710745
9.840000,2172.016000,0.795849
26.896000,1537.008000,0.833321
12.464000,209.264000,0.976312
13.776000,1046.320000,0.681566
26.896000,1959.472000,0.906103
3.280000,2296.656000,2.696072
16.400000,2652.208000,1.271605
25.584000,1278.544000,1.716114
26.896000,2107.728000,1.197520
0.656000,3019.568000,1.226927
19.024000,2611.536000,0.862175
3.280000,508.400000,1.068740
38.704000,2238.928000,0.657572
25.584000,570.064000,0.710674
36.080000,2069.680000,0.734402
15.088000,2110.352000,0.722442
4.592000,837.712000,0.754868
22.960000,925.616000,0.710133
8.528000,1205.072000,0.667568
30.832000,2901.488000,1.137122
9.840000,1787.600000,0.821085
24.272000,959.728000,1.254550
17.712000,36.080000,0.754386
20.336000,2846.384000,0.974086
21.648000,2342.576000,0.905773
29.520000,2814.896000,0.741026
21.648000,1456.976000,1.279729
3.280000,2429.168000,1.152344
32.144000,2698.128000,0.910528
38.704000,263.056000,1.685269
36.080000,377.200000,0.671528
20.336000,1613.104000,1.436753
22.960000,471.664000,0.866655
26.896000,866.576000,1.331642
32.144000,835.088000,0.689288
8.528000,8.528000,0.916074
0.656000,2074.928000,0.826319
38.704000,3015.632000,1.066103
33.456000,2511.824000,1.071568
38.704000,2614.160000,1.079633
38.704000,1809.904000,1.450136
8.528000,1968.656000,0.659387
25.584000,808.848000,0.673468
29.520000,139.728000,1.439990
19.024000,2320.272000,0.912942
24.272000,2050.000000,0.889193
0.656000,36.080000,0.884866
30.832000,723.568000,0.697249
1.968000,2469.840000,0.773768
7.216000,2712.560000,1.078923
36.080000,503.152000,0.727333
12.464000,1833.520000,0.909860
34.768000,74.128000,1.332263
8.528000,2877.872000,0.658680
33.456000,1884.688000,0.703420
28.208000,2843.760000,0.908301
1.968000,1542.256000,0.909121
25.584000,126.608000,1.511817
19.024000,1298.224000,0.798141
16.400000,798.352000,0.791554
36.080000,1815.152000,0.741094
24.272000,235.504000,0.780128
1.968000,1620.976000,1.904638
38.704000,3178.320000,1.459487
34.768000,2791.280000,1.331803
38.704000,936.112000,0.910715
30.832000,1712.816000,0.805219
3.280000,1983.088000,0.797043
11.152000,1038.448000,0.840737
28.208000,2606.288000,1.835641
8.528000,953.168000,0.849005
26.896000,2657.456000,0.718948
26.896000,1569.808000,0.714787
26.896000,1653.776000,0.681813
29.520000,1571.120000,0.882056
11.152000,343.088000,0.696437
19.024000,930.864000,0.856625
36.080000,1981.776000,0.914932
19.024000,3023.504000,0.683294
8.528000,344.400000,1.088883
28.208000,2682.384000,0.966616
20.336000,2343.888000,1.232281
32.144000,2034.256000,0.788925
36.080000,1134.224000,1.145819
7.216000,2947.408000,1.150221
21.648000,2901.488000,0.886058
4.592000,1396.624000,0.933489
8.528000,985.968000,0.690580
38.704000,2989.392000,0.727133
37.392000,1800.720000,0.983629
38.704000,1144.720000,0.951250
30.832000,987.280000,0.837001
20.336000,1203.760000,1.590815
25.584000,2267.792000,1.124332
34.768000,2367.504000,0.715223
26.896000,2610.224000,0.944214
15.088000,2307.152000,0.691072
28.208000,2330.768000,0.809785
3.280000,1447.792000,1.150707
3.280000,1841.392000,0.688553
15.088000,272.240000,0.797338
36.080000,2001.456000,0.966319
5.904000,1630.160000,0.992210
22.960000,715.696000,0.671164
8.528000,1413.680000,1.150756
9.840000,3057.616000,1.113565
11.152000,2233.680000,0.867501
15.088000,1080.432000,0.666746
26.896000,1287.728000,1.209596
4.592000,1896.496000,0.911881
36.080000,2025.072000,0.945418
21.648000,354.896000,0.726423
36.080000,530.704000,0.782078
21.648000,909.872000,1.376197
19.024000,2115.600000,0.726126
12.464000,1535.696000,0.686908
9.840000,2552.496000,0.805811
24.272000,3107.472000,1.736912
29.520000,2927.728000,0.662184
13.776000,1934.544000,0.674371
21.648000,2476.400000,0.996077
15.088000,2065.744000,1.880377
36.080000,1017.456000,1.179679
33.456000,1257.552000,1.765827
15.088000,1815.152000,0.959402
32.144000,1266.736000,0.671771
5.904000,1955.536000,1.012635
28.208000,441.488000,1.279361
34.768000,1464.848000,0.679112
34.768000,373.264000,0.864976
11.152000,2494.768000,0.743679
30.832000,3086.480000,1.233777
1.968000,2644.336000,1.146896
20.336000,1859.760000,0.851739
9.840000,1176.208000,0.774939
7.216000,387.696000,0.715314
20.336000,1711.504000,0.763628
24.272000,382.448000,0.715168
11.152000,2737.488000,0.730779
13.776000,743.248000,0.749317
33.456000,2359.632000,0.965085
15.088000,2034.256000,1.174811
37.392000,2105.104000,1.015100
12.464000,1395.312000,1.002801
25.584000,2826.704000,0.674604
7.216000,2578.736000,0.738096
21.648000,2972.336000,1.070083
21.648000,1107.984000,0.930628
19.024000,2818.832000,1.446731
22.960000,2489.520000,0.885802
25.584000,2149.712000,1.072945
0.656000,2902.800000,0.832706
34.768000,210.576000,0.892739
21.648000,862.640000,0.802615
26.896000,92.496000,0.718421
4.592000,665.840000,0.689889
11.152000,697.328000,0.672798
26.896000,608.112000,0.837762
5.904000,369.328000,0.948418
15.088000,978.096000,1.876157
12.464000,2692.880000,0.682977
38.704000,2602.352000,0.769788
12.464000,1569.808000,0.957128
13.776000,2943.472000,0.677747
1.968000,1048.944000,0.910933
13.776000,43.952000,1.916739
11.152000,1538.320000,0.772407
16.400000,1983.088000,1.040925
24.272000,133.168000,0.966470
32.144000,572.688000,0.703483
28.208000,329.968000,1.062835
29.520000,2001.456000,2.059232
26.896000,407.376000,0.918362
9.840000,3069.424000,0.662917
7.216000,773.424000,1.662661
5.904000,2286.160000,0.823477
34.768000,1241.808000,0.762830
3.280000,1840.080000,1.152165
11.152000,2509.200000,0.711894
37.392000,606.800000,0.763348
30.832000,1858.448000,1.272013
7.216000,587.120000,0.881651
0.656000,1742.992000,0.950060
36.080000,3068.112000,0.994404
5.904000,1063.376000,0.757629
33.456000,3137.648000,0.676036
24.272000,1606.544000,0.684082
29.520000,503.152000,0.780652
19.024000,386.384000,0.809449
30.832000,3218.992000,1.429664
36.080000,2393.744000,1.151264
36.080000,1782.352000,0.837164
30.832000,3066.800000,0.826357
13.776000,1203.760000,0.764452
3.280000,781.296000,1.122644
34.768000,1004.336000,1.023161
17.712000,1909.616000,0.817209
17.712000,400.816000,1.107324
11.152000,2362.256000,1.332366
36.080000,785.232000,1.110742
1.968000,196.144000,0.690935
3.280000,3190.128000,0.731337
4.592000,160.720000,0.944872
8.528000,2706.000000,0.665010
30.832000,1094.864000,1.240589
7.216000,617.296000,1.074026
37.392000,1012.208000,0.881044
0.656000,2388.496000,0.972947
16.400000,125.296000,0.730950
20.336000,646.160000,0.791938
0.656000,469.040000,2.191072
13.776000,2898.864000,1.610650
25.584000,1778.416000,1.474111
20.336000,1748.240000,1.221241
36.080000,2542.000000,0.801401
4.592000,1872.880000,0.774507
34.768000,795.728000,0.787556
0.656000,1498.960000,0.877822
19.024000,2803.088000,0.705475
20.336000,2711.248000,1.307119
20.336000,2419.984000,0.930567
8.528000,1014.832000,1.451210
24.272000,1094.864000,0.687682
8.528000,581.872000,0.809600
29.520000,1034.512000,2.666318
29.520000,854.768000,0.662255
19.024000,570.064000,1.339927
17.712000,1346.768000,1.545301
25.584000,1969.968000,1.146752
13.776000,655.344000,0.808644
33.456000,1224.752000,1.346950
21.648000,591.056000,0.697309
24.272000,2688.944000,1.535022
9.840000,1728.560000,1.303420
33.456000,2338.640000,1.266609
7.216000,1836.144000,0.666658
29.520000,2985.456000,0.807027
19.024000,385.072000,0.797009
0.656000,2568.240000,0.971110
3.280000,3124.528000,0.707514
15.088000,884.944000,0.870974
7.216000,2783.408000,0.866112
3.280000,263.056000,0.934626
38.704000,1026.640000,1.200267
21.648000,269.616000,0.795981
22.960000,344.400000,0.824640
34.768000,2925.104000,1.891906
36.080000,1022.704000,0.866114
25.584000,1127.664000,1.448327
29.520000,526.768000,0.670796
25.584000,2223.184000,0.712396
36.080000,1876.816000,0.776125
32.144000,3166.512000,0.729687
26.896000,337.840000,0.685207
13.776000,2236.304000,1.109960
33.456000,67.568000,0.731331
30.832000,2425.232000,1.663207
25.584000,385.072000,1.263482
9.840000,3188.816000,0.722701
17.712000,1110.608000,0.755499
34.768000,3058.928000,0.666911
0.656000,1638.032000,0.879390
21.648000,1346.768000,1.458064
30.832000,78.064000,1.134615
34.768000,2214.000000,0.820527
4.592000,1804.656000,1.275765
36.080000,2381.936000,0.799265
38.704000,2984.144000,1.009457
34.768000,2401.616000,0.684488
19.024000,1554.064000,0.950671
26.896000,2173.328000,1.039869
22.960000,2620.720000,0.715113
25.584000,318.160000,0.780404
17.712000,2849.008000,0.852644
12.464000,200.080000,0.663841
29.520000,1836.144000,0.941168
25.584000,1480.592000,1.540044
37.392000,1156.528000,1.409876
19.024000,1826.960000,0.705355
22.960000,3003.824000,0.959901
32.144000,1800.720000,0.937016
32.144000,265.680000,0.860158
33.456000,2473.776000,0.800772
1.968000,1977.840000,0.843115
24.272000,953.168000,0.665862
11.152000,2623.344000,0.819071
12.464000,1993.584000,0.677195
24.272000,110.864000,0.776114
9.840000,1690.512000,1.150567
7.216000,566.128000,0.847245
16.400000,438.864000,1.262222
9.840000,738.000000,0.745165
38.704000,3075.984000,0.766156
32.144000,921.680000,0.972371
25.584000,1706.256000,0.891128
29.520000,336.528000,0.981019
4.592000,1741.680000,0.857626
32.144000,1904.368000,0.993109
33.456000,1703.632000,0.825326
28.208000,1821.712000,0.764551
32.144000,2368.816000,1.416294
8.528000,3057.616000,0.819326
4.592000,2948.720000,1.122748
17.712000,1698.384000,1.017391
0.656000,2633.840000,1.919196
1.968000,2706.000000,0.780835
8.528000,1056.816000,0.736234
24.272000,428.368000,0.667510
9.840000,1317.904000,0.697677
16.400000,2618.096000,1.088713
38.704000,255.184000,1.099837
19.024000,1834.832000,1.526721
29.520000,2616.784000,0.885848
16.400000,881.008000,0.872894
34.768000,773.424000,0.928587
5.904000,920.368000,0.711004
7.216000,1156.528000,0.736674
9.840000,1795.472000,0.691387
29.520000,1712.816000,1.021551
4.592000,755.056000,1.578216
26.896000,450.672000,1.004443
15.088000,1132.912000,1.358077
38.704000,1254.928000,0.846370
38.704000,1143.408000,1.263755
30.832000,1054.192000,0.840959
20.336000,307.664000,0.897550
33.456000,1127.664000,1.185376
3.280000,860.016000,1.114470
16.400000,2316.336000,0.890142
38.704000,1964.720000,1.042377
32.144000,1938.480000,0.960733
33.456000,875.760000,1.693168
15.088000,2841.136000,0.744518
19.024000,2322.896000,0.981038
13.776000,1298.224000,1.342246
13.776000,133.168000,0.966382
26.896000,606.800000,1.160712
32.144000,1337.584000,0.823197
8.528000,2671.888000,1.104302
36.080000,665.840000,1.632124
4.592000,2622.032000,0.943560
37.392000,2969.712000,1.209283
16.400000,41.328000,1.313580
13.776000,446.736000,1.038514
13.776000,2595.792000,1.369444
36.080000,1552.752000,1.015393
24.272000,1135.536000,1.260288
4.592000,2097.232000,0.781246
24.272000,2961.840000,1.063314
37.392000,471.664000,0.659812
29.520000,390.320000,1.199699
21.648000,1439.920000,0.880356
7.216000,2922.480000,0.954383
16.400000,560.880000,1.027966
4.592000,3013.008000,0.725905
4.592000,243.376000,0.958766
22.960000,602.864000,1.489131
15.088000,2623.344000,0.765919
13.776000,411.312000,0.705442
36.080000,2664.016000,1.583945
37.392000,2892.304000,1.535398
33.456000,1333.648000,1.266316
13.776000,3045.808000,0.768293
1.968000,1893.872000,0.690029
26.896000,1315.280000,0.822866
37.392000,440.176000,0.717867
29.520000,545.136000,0.692009
22.960000,2866.064000,0.968185
16.400000,2418.672000,0.677843
21.648000,45.264000,0.942292
25.584000,2204.816000,2.433347
13.776000,825.904000,0.775037
13.776000,3089.104000,0.999359
38.704000,3098.288000,1.688277
8.528000,2741.424000,1.169040
3.280000,1495.024000,1.105693
36.080000,251.248000,1.536480
29.520000,1016.144000,1.190292
16.400000,148.912000,1.254213
34.768000,1787.600000,0.975441
8.528000,2556.432000,0.947965
3.280000,160.720000,0.818663
7.216000,2876.560000,1.015638
37.392000,693.392000,1.316000
25.584000,2900.176000,1.189313
26.896000,2458.032000,0.856420
33.456000,2985.456000,0.686714
7.216000,1638.032000,0.772447
34.768000,807.536000,0.806142
16.400000,2715.184000,0.824247
26.896000,204.016000,0.718138
17.712000,3127.152000,1.533199
13.776000,1799.408000,1.071035
21.648000,2320.272000,0.711347
9.840000,1066.000000,0.680725
26.896000,268.304000,2.053913
37.392000,899.376000,1.517266
38.704000,2692.880000,0.944691
8.528000,33.456000,0.921153
36.080000,2755.856000,0.715720
7.216000,2538.064000,1.092287
3.280000,1265.424000,1.327591
15.088000,1946.352000,0.667360
34.768000,869.200000,1.118436
16.400000,197.456000,1.107299
7.216000,555.632000,0.770888
22.960000,1426.800000,0.925559
15.088000,1388.752000,0.815659
13.776000,379.824000,1.072660
15.088000,244.688000,1.179973
26.896000,198.768000,0.836347
17.712000,1165.712000,0.774331
29.520000,2851.632000,1.062214
3.280000,1555.376000,0.658686
3.280000,2574.800000,0.780599
26.896000,2443.600000,1.469936
9.840000,2553.808000,0.811802
25.584000,890.192000,0.935268
9.840000,1500.272000,1.089847
1.968000,1636.720000,0.687047
30.832000,2456.720000,0.819823
25.584000,936.112000,1.085384
25.584000,2775.536000,1.528895
38.704000,2796.528000,0.777229
34.768000,2489.520000,1.114148
32.144000,3216.368000,0.722335
15.088000,486.096000,0.814354
12.464000,328.656000,1.046108
9.840000,2140.528000,1.035139
0.656000,735.376000,0.902911
20.336000,1784.976000,0.673057
32.144000,1000.400000,0.704470
7.216000,728.816000,0.901773
33.456000,601.552000,1.130605
20.336000,1420.240000,1.675385
36.080000,451.984000,0.922684
5.904000,1840.080000,0.834946
38.704000,2641.712000,1.483597
37.392000,2654.832000,0.688397
28.208000,517.584000,1.021725
29.520000,613.360000,1.009368
33.456000,1245.744000,0.916885
24.272000,2346.512000,0.772689
17.712000,2388.496000,1.847214
7.216000,2177.264000,0.749532
36.080000,3007.760000,1.022431
9.840000,1614.416000,0.819538
34.768000,186.960000,0.855727
24.272000,97.744000,1.078166
4.592000,2732.240000,1.455576
20.336000,1312.656000,0.895527
0.656000,1941.104000,0.720700
29.520000,3035.312000,0.927806
22.960000,1544.880000,0.873634
11.152000,1805.968000,1.023757
0.656000,234.192000,1.014292
25.584000,1749.552000,1.628310
29.520000,904.624000,0.726325
24.272000,2127.408000,2.117717
24.272000,2884.432000,1.305358
21.648000,1812.528000,0.793039
32.144000,2758.480000,0.728893
36.080000,971.536000,0.657725
19.024000,912.496000,0.759054
22.960000,2619.408000,0.781097
28.208000,525.456000,1.431478
16.400000,709.136000,0.839697
13.776000,2896.240000,1.082543
38.704000,231.568000,0.966083
38.704000,2839.824000,1.034741
21.648000,1334.960000,0.748673
7.216000,2723.056000,0.907719
15.088000,1188.016000,0.973928
15.088000,894.128000,0.840534
33.456000,2375.376000,0.817670
28.208000,593.680000,0.779946
9.840000,824.592000,0.702751
30.832000,1569.808000,0.748630
29.520000,699.952000,0.892109
17.712000,2938.224000,1.585792
26.896000,2671.888000,1.252408
26.896000,2884.432000,0.661169
19.024000,1252.304000,0.664474
8.528000,825.904000,0.897577
33.456000,1212.944000,0.677246
3.280000,2884.432000,2.267852
37.392000,2477.712000,1.327811
5.904000,2591.856000,1.136257
28.208000,2029.008000,0.736359
8.528000,882.320000,1.473105
3.280000,1821.712000,0.992271
30.832000,3058.928000,0.714749
17.712000,1878.128000,0.884566
25.584000,3036.624000,0.770310
15.088000,1769.232000,0.911148
37.392000,12.464000,0.902857
16.400000,1341.520000,0.969294
28.208000,878.384000,0.822348
28.208000,1113.232000,0.721426
15.088000,1016.144000,1.455920
15.088000,1559.312000,0.822372
21.648000,2144.464000,0.716043
17.712000,3099.600000,1.425925
22.960000,1819.088000,0.983015
8.528000,1252.304000,1.026368
20.336000,2231.056000,0.815002
13.776000,554.320000,0.927102
4.592000,1384.816000,0.662525
15.088000,2548.560000,0.878290
19.024000,209.264000,1.072979
37.392000,1106.672000,0.977683
16.400000,1209.008000,0.677224
16.400000,3161.264000,0.666908
0.656000,1476.656000,0.963133
1.968000,3153.392000,0.680499
30.832000,1551.440000,0.930327
28.208000,2690.256000,0.890201
12.464000,774.736000,0.995233
16.400000,2791.280000,1.199913
7.216000,1055.504000,0.969487
17.712000,1445.168000,0.796006
32.144000,773.424000,0.726852
5.904000,1973.904000,0.671071
38.704000,1392.688000,1.398293
24.272000,1497.648000,0.936325
5.904000,1387.440000,0.819318
36.080000,3144.208000,1.247629
4.592000,2136.592000,0.672353
13.776000,1680.016000,1.198211
22.960000,1312.656000,0.824828
11.152000,457.232000,1.022870
24.272000,1155.216000,1.085500
16.400000,747.184000,1.561090
12.464000,1559.312000,0.815740
12.464000,1588.176000,0.693732
21.648000,1003.024000,0.866919
12.464000,2391.120000,1.768295
7.216000,2732.240000,0.792224
12.464000,2889.680000,0.973115
37.392000,2593.168000,1.255385
21.648000,1350.704000,0.984855
33.456000,2711.248000,0.896938
5.904000,643.536000,0.905101
8.528000,1791.536000,1.236333
8.528000,2322.896000,0.835825
13.776000,1617.040000,0.808490
21.648000,3166.512000,0.863881
21.648000,1997.520000,0.726543
30.832000,537.264000,0.682251
22.960000,892.816000,0.689984
38.704000,3114.032000,0.806438
29.520000,984.656000,0.804866
28.208000,3153.392000,1.668124
11.152000,54.448000,0.838925
21.648000,1058.128000,0.663744
26.896000,898.064000,1.078577
24.272000,196.144000,0.686249
11.152000,2783.408000,0.971035
21.648000,1233.936000,1.172080
20.336000,1914.864000,1.091107
19.024000,1781.040000,1.159622
37.392000,982.032000,0.851253
36.080000,2084.112000,0.686341
5.904000,1872.880000,1.345343
3.280000,2583.984000,0.730004
36.080000,2559.056000,0.658427
28.208000,1781.040000,1.221305
17.712000,1948.976000,0.706642
16.400000,697.328000,1.172626
0.656000,690.768000,1.050980
16.400000,1247.056000,2.120822
4.592000,2086.736000,0.773989
1.968000,2673.200000,1.480507
4.592000,196.144000,0.798859
36.080000,49.200000,0.704498
37.392000,1568.496000,1.105027
0.656000,2734.864000,0.899317
11.152000,3194.064000,1.456289
25.584000,1865.008000,0.693253
11.152000,1184.080000,0.670680
29.520000,740.624000,1.117066
26.896000,1657.712000,0.974907
5.904000,1914.864000,1.119522
33.456000,1010.896000,2.521325
12.464000,2726.992000,0.737354
22.960000,496.592000,0.664874
15.088000,2032.944000,1.055560
9.840000,1862.384000,1.008841
8.528000,772.112000,0.901139
19.024000,1450.416000,0.849519
21.648000,2105.104000,1.083505
0.656000,311.600000,1.197621
19.024000,1580.304000,2.267002
29.520000,3091.728000,0.801573
36.080000,1766.608000,0.747678
3.280000,2923.792000,0.778717
28.208000,934.800000,1.604493
38.704000,3121.904000,0.963696
16.400000,711.760000,0.993393
38.704000,1771.856000,0.972254
32.144000,2501.328000,0.941604
24.272000,2200.880000,0.984814
21.648000,1746.928000,0.847753
12.464000,2645.648000,0.785593
24.272000,2015.888000,0.700851
24.272000,588.432000,0.789229
30.832000,102.992000,1.238428
25.584000,2320.272000,0.763758
9.840000,1128.976000,1.520234
13.776000,1128.976000,0.703796
38.704000,1518.640000,0.800997
20.336000,1118.480000,0.971635
22.960000,3191.440000,0.688915
13.776000,211.888000,0.941178
1.968000,1833.520000,0.924565
36.080000,1880.752000,0.707937
34.768000,2870.000000,0.877041
21.648000,109.552000,1.389669
29.520000,2810.960000,1.713479
17.712000,1821.712000,0.726685
19.024000,2437.040000,0.922199
5.904000,106.928000,0.772645
9.840000,888.880000,0.686212
12.464000,1710.192000,1.336669
22.960000,693.392000,1.116670
26.896000,2072.304000,1.263775
29.520000,101.680000,1.308173
26.896000,2370.128000,2.983680
22.960000,61.008000,0.712640
32.144000,996.464000,0.751550
11.152000,1816.464000,0.972963
34.768000,1236.560000,0.768337
4.592000,706.512000,0.755764
8.528000,1033.200000,0.955320
29.520000,315.536000,0.693079
8.528000,1207.696000,2.185754
22.960000,89.872000,0.960072
26.896000,659.280000,1.292476
24.272000,2778.160000,1.244239
26.896000,2488.208000,0.758062
30.832000,329.968000,1.144375
3.280000,1687.888000,0.699438
21.648000,2611.536000,1.234847
3.280000,3194.064000,0.965248
13.776000,2271.728000,1.655079
38.704000,1969.968000,0.691734
20.336000,3117.968000,0.911892
24.272000,280.112000,0.818128
29.520000,118.736000,1.059310
8.528000,135.792000,0.812379
17.712000,3096.976000,0.827034
20.336000,1027.952000,0.707328
28.208000,2008.016000,0.702010
32.144000,412.624000,1.071976
15.088000,2014.576000,0.877668
34.768000,2595.792000,0.784376
12.464000,3108.784000,0.886085
8.528000,2046.064000,0.786579
17.712000,1207.696000,0.870030
33.456000,1281.168000,0.685617
17.712000,2229.744000,0.719950
32.144000,1551.440000,1.013523
38.704000,1384.816000,1.028685
0.656000,2017.200000,0.667318
22.960000,72.816000,1.163607
4.592000,3072.048000,0.929460
7.216000,2307.152000,1.001824
30.832000,2068.368000,1.128078
26.896000,3194.064000,1.098337
34.768000,500.528000,1.592735
3.280000,2736.176000,0.685417
26.896000,3215.056000,1.300471
30.832000,2595.792000,1.181466
1.968000,2384.560000,1.021414
17.712000,365.392000,1.175686
0.656000,790.480000,0.692534
34.768000,202.704000,0.716709
9.840000,214.512000,0.949956
28.208000,1593.424000,0.839114
33.456000,2671.888000,2.350930
26.896000,2451.472000,1.047054
11.152000,1210.320000,0.816499
32.144000,1030.576000,0.936325
13.776000,782.608000,0.842994
3.280000,1838.768000,1.173395
32.144000,2112.976000,1.279410
13.776000,1205.072000,0.747561
30.832000,773.424000,0.831703
3.280000,1561.936000,0.805548
15.088000,3100.912000,2.495797
37.392000,1589.488000,0.820838
4.592000,210.576000,1.200453
4.592000,2778.160000,1.917862
36.080000,718.320000,1.134598
13.776000,3173.072000,0.838662
7.216000,2510.512000,1.012692
34.768000,2047.376000,0.954234
16.400000,1847.952000,1.124569
4.592000,1624.912000,0.782367
32.144000,2126.096000,0.732638
25.584000,672.400000,0.664870
29.520000,3186.192000,0.774263
30.832000,2388.496000,0.848741
28.208000,1551.440000,1.290376
30.832000,2587.920000,0.766286
12.464000,2072.304000,0.931838
0.656000,122.672000,0.812602
34.768000,121.360000,0.659661
17.712000,832.464000,1.219126
17.712000,2562.992000,1.043082
15.088000,3060.240000,1.177982
7.216000,2549.872000,1.123025
17.712000,1031.888000,1.508497
4.592000,2675.824000,0.753839
38.704000,1081.744000,0.800525
17.712000,1916.176000,0.828517
24.272000,55.760000,0.770211
16.400000,978.096000,1.512255
20.336000,554.320000,0.957126
20.336000,85.936000,0.952206
32.144000,1955.536000,1.350108
11.152000,416.560000,1.290687
13.776000,1521.264000,0.733196
1.968000,66.256000,0.740226
4.592000,2560.368000,0.858473
24.272000,1905.680000,1.394238
5.904000,364.080000,0.674707
1.968000,160.720000,0.660615
19.024000,101.680000,0.713548
29.520000,1348.080000,2.564830
28.208000,2194.320000,0.932601
28.208000,2627.280000,0.751922
22.960000,2665.328000,0.749645
4.592000,1659.024000,0.792959
29.520000,1632.784000,0.736141
0.656000,2409.488000,0.704707
19.024000,2911.984000,1.073559
29.520000,669.776000,0.738148
7.216000,2322.896000,0.660520
4.592000,1131.600000,1.148721
30.832000,1535.696000,1.223767
20.336000,343.088000,0.788890
24.272000,417.872000,1.032723
22.960000,1075.184000,0.665007
30.832000,2494.768000,0.826911
8.528000,3003.824000,0.760452
37.392000,416.560000,0.895334
28.208000,2228.432000,0.660646
7.216000,1392.688000,0.814766
33.456000,2032.944000,0.728398
15.088000,1245.744000,0.687089
11.152000,381.136000,0.870993
9.840000,819.344000,1.324784
33.456000,99.056000,1.230657
19.024000,327.344000,0.688973
4.592000,2296.656000,0.872632
22.960000,1897.808000,0.780373
20.336000,2253.360000,3.015996
21.648000,974.160000,1.079098
17.712000,991.216000,0.662776
20.336000,341.776000,0.742788
29.520000,643.536000,1.059374
19.024000,854.768000,0.712040
38.704000,2329.456000,1.111348
3.280000,1472.720000,0.991871
9.840000,1098.800000,1.082227
1.968000,68.880000,0.763298
16.400000,2030.320000,1.269581
15.088000,2095.920000,0.854742
8.528000,1794.160000,0.733952
24.272000,1695.760000,0.860478
24.272000,1422.864000,1.625068
22.960000,1300.848000,1.251806
7.216000,915.120000,1.337245
25.584000,1411.056000,1.282190
4.592000,920.368000,1.039231
13.776000,1871.568000,0.886389
9.840000,1558.000000,0.940072
16.400000,2367.504000,0.768161
8.528000,1383.504000,1.048126
16.400000,2603.664000,1.102514
1.968000,942.672000,0.699084
24.272000,2971.024000,0.721668
8.528000,2870.000000,0.750665
25.584000,1807.280000,0.922685
13.776000,1230.000000,0.761313
21.648000,3066.800000,1.096085
38.704000,1854.512000,1.315906
33.456000,1401.872000,0.956048
38.704000,2837.200000,1.001423
19.024000,513.648000,0.711374
1.968000,2716.496000,1.034533
19.024000,141.040000,1.918699
38.704000,339.152000,1.421866
9.840000,1479.280000,0.873960
34.768000,777.360000,1.860998
13.776000,1352.016000,0.735666
16.400000,358.832000,0.718034
26.896000,2908.048000,0.971277
3.280000,608.112000,0.678292
1.968000,669.776000,1.489978
21.648000,2233.680000,0.659219
19.024000,2767.664000,1.189942
7.216000,2270.416000,0.761422
25.584000,1681.328000,1.934830
34.768000,1191.952000,1.170814
29.520000,1897.808000,0.860004
15.088000,1113.232000,1.446832
15.088000,703.888000,0.989384
5.904000,617.296000,0.702317
36.080000,465.104000,1.435221
24.272000,812.784000,0.962344
34.768000,1882.064000,0.684628
1.968000,3023.504000,0.733239
24.272000,1485.840000,1.260929
16.400000,1399.248000,0.722857
9.840000,814.096000,0.784812
0.656000,823.280000,0.925615
16.400000,287.984000,1.202659
13.776000,1754.800000,0.857020
24.272000,816.720000,0.840878
17.712000,2061.808000,0.847870
3.280000,3058.928000,0.754766
13.776000,2070.992000,0.863202
1.968000,484.784000,0.773039
16.400000,2862.128000,0.664728
8.528000,3145.520000,1.044934
12.464000,1561.936000,0.846422
19.024000,389.008000,0.686552
29.520000,564.816000,0.930043
22.960000,71.504000,1.060466
20.336000,1409.744000,0.851920
5.904000,1861.072000,0.743587
4.592000,1304.784000,1.097066
32.144000,2539.376000,1.169712
25.584000,541.200000,0.953643
9.840000,854.768000,0.971062
1.968000,2803.088000,0.659554
1.968000,381.136000,1.053111
19.024000,2631.216000,1.290888
3.280000,769.488000,0.828162
7.216000,1763.984000,0.710658
16.400000,2225.808000,0.710010
1.968000,155.472000,1.229067
21.648000,1262.800000,0.700646
21.648000,1458.288000,0.775038
29.520000,2126.096000,0.683894
21.648000,1799.408000,0.818401
13.776000,2622.032000,0.821294
29.520000,2200.880000,0.686320
12.464000,1832.208000,0.690024
7.216000,1611.792000,0.728969
19.024000,3186.192000,0.868179
36.080000,3108.784000,1.530990
4.592000,1942.416000,1.277428
26.896000,1337.584000,1.213617
26.896000,1303.472000,0.900647
5.904000,2322.896000,1.265247
16.400000,322.096000,1.079875
17.712000,549.072000,0.967230
28.208000,1712.816000,1.113000
25.584000,835.088000,1.107523
1.968000,844.272000,0.930073
37.392000,1508.144000,0.861020
32.144000,1153.904000,0.774365
4.592000,2582.672000,1.098866
24.272000,247.312000,0.817815
16.400000,429.680000,0.982886
8.528000,3052.368000,0.914214
1.968000,2442.288000,1.035184
0.656000,1030.576000,0.702714
32.144000,1462.224000,1.368917
3.280000,2368.816000,0.839017
12.464000,1959.472000,1.162917
1.968000,1756.112000,2.137751
19.024000,585.808000,1.010867
9.840000,980.720000,1.029527
21.648000,693.392000,0.826570
34.768000,1909.616000,0.717136
3.280000,1399.248000,0.890357
29.520000,1404.496000,1.732032
38.704000,878.384000,0.924036
1.968000,1659.024000,0.659314
29.520000,543.824000,0.691153
30.832000,1556.688000,0.698142
25.584000,1735.120000,0.724309
7.216000,221.072000,0.987259
20.336000,2854.256000,1.843310
19.024000,2122.160000,1.379571
4.592000,2725.680000,0.723806
11.152000,807.536000,0.788195
13.776000,764.240000,1.144065
22.960000,1350.704000,1.191280
22.960000,411.312000,0.998587
22.960000,2124.784000,0.805906
16.400000,24.272000,0.926223
9.840000,1853.200000,0.821587
21.648000,1235.248000,1.013642
36.080000,1859.760000,0.779810
11.152000,1929.296000,0.671062
36.080000,1442.544000,0.797848
8.528000,2413.424000,1.161410
17.712000,2172.016000,0.998690
36.080000,2455.408000,0.996119
16.400000,2730.928000,0.951501
5.904000,1895.184000,1.102478
5.904000,1809.904000,1.526503
20.336000,2619.408000,0.815407
12.464000,1598.672000,0.684686
34.768000,1088.304000,0.939413
32.144000,2956.592000,0.669933
21.648000,2695.504000,0.751992
37.392000,2625.968000,1.149059
38.704000,765.552000,1.038084
20.336000,2625.968000,1.202483
16.400000,1496.336000,0.948966
38.704000,528.080000,0.871604
5.904000,1826.960000,1.205396
17.712000,3090.416000,0.660460
16.400000,348.336000,0.677802
38.704000,2406.864000,1.012495
19.024000,3037.936000,0.848937
33.456000,1710.192000,0.766706
13.776000,900.688000,0.778439
25.584000,2237.616000,1.290844
17.712000,2405.552000,1.373797
0.656000,2661.392000,0.687173
30.832000,875.760000,0.698720
33.456000,503.152000,0.700293
32.144000,2094.608000,1.396545
34.768000,1352.016000,1.729810
28.208000,1365.136000,0.688450
19.024000,2346.512000,0.931034
12.464000,667.152000,1.808871
24.272000,2999.888000,1.435394
34.768000,1268.048000,0.772885
4.592000,2005.392000,0.888403
4.592000,2938.224000,1.626169
15.088000,30.832000,0.735589
32.144000,1092.240000,0.911249
30.832000,3099.600000,1.008607
1.968000,2214.000000,1.031168
5.904000,2959.216000,0.897129
30.832000,1527.824000,0.664599
21.648000,1851.888000,0.720466
38.704000,2683.696000,1.286841
11.152000,1224.752000,0.725286
24.272000,1424.176000,0.793511
4.592000,2114.288000,0.969658
29.520000,1930.608000,1.744039
26.896000,1544.880000,0.837814
11.152000,3150.768000,0.856981
34.768000,605.488000,1.703350
4.592000,2207.440000,1.552639
29.520000,2013.264000,0.869965
32.144000,1836.144000,0.736865
15.088000,433.616000,0.818476
4.592000,941.360000,1.104882
0.656000,761.616000,0.823736
16.400000,2349.136000,1.027679
16.400000,2751.920000,0.684978
33.456000,2702.064000,1.021011
38.704000,2227.120000,0.779508
11.152000,2065.744000,1.356502
30.832000,1247.056000,0.881453
24.272000,1628.848000,0.834725
19.024000,2580.048000,0.816672
9.840000,57.072000,1.344050
4.592000,2824.080000,1.079913
32.144000,1948.976000,0.718920
16.400000,2535.440000,1.032064
3.280000,1527.824000,1.226908
4.592000,984.656000,1.327143
37.392000,2269.104000,2.040471
26.896000,1983.088000,0.737520
32.144000,449.360000,0.822186
3.280000,2883.120000,1.068118
30.832000,1138.160000,1.436924
37.392000,1572.432000,0.702355
22.960000,1359.888000,0.658496
0.656000,2923.792000,0.708907
20.336000,3141.584000,0.687784
8.528000,1983.088000,1.294005
34.768000,511.024000,0.894026
38.704000,2446.224000,0.733112
3.280000,2972.336000,0.666643
16.400000,200.080000,0.677648
16.400000,1589.488000,0.921470
25.584000,1195.888000,0.850914
11.152000,1668.208000,0.786428
22.960000,1669.520000,0.878098
26.896000,1547.504000,0.663865
17.712000,2570.864000,1.036440
5.904000,988.592000,0.756890
22.960000,1442.544000,0.754140
9.840000,2775.536000,1.146367
24.272000,2896.240000,0.858354
7.216000,793.104000,0.671225
1.968000,255.184000,1.056893
25.584000,2690.256000,0.702151
1.968000,3132.400000,0.705958
4.592000,2618.096000,0.771861
13.776000,3177.008000,1.181295
15.088000,2460.656000,1.134340
8.528000,386.384000,0.784519
16.400000,3035.312000,1.380455
1.968000,1892.560000,0.671318
17.712000,2261.232000,1.768045
17.712000,2846.384000,0.809499
4.592000,1895.184000,0.829426
0.656000,1146.032000,1.638626
15.088000,1659.024000,0.752957
28.208000,1066.000000,0.969971
32.144000,970.224000,0.680200
4.592000,2346.512000,0.730335
15.088000,225.008000,1.481673
25.584000,2658.768000,1.018493
29.520000,1479.280000,0.938753
12.464000,284.048000,0.862874
24.272000,2998.576000,1.347597
32.144000,165.968000,0.685568
0.656000,2995.952000,0.667439
20.336000,1193.264000,0.907025
17.712000,696.016000,0.977820
17.712000,1479.280000,0.785113
28.208000,2057.872000,1.260964
17.712000,555.632000,1.210276
37.392000,715.696000,0.985543
34.768000,1366.448000,1.805503
38.704000,2447.536000,1.084695
30.832000,2477.712000,0.834358
28.208000,1924.048000,0.736417
28.208000,2131.344000,0.657820
24.272000,3128.464000,0.888432
34.768000,3043.184000,0.733602
37.392000,2671.888000,1.211139
4.592000,3075.984000,0.722876
4.592000,2695.504000,1.003781
11.152000,856.080000,0.673033
9.840000,1943.728000,1.161590
32.144000,1708.880000,0.705520
20.336000,1918.800000,0.982557
36.080000,1413.680000,0.743260
29.520000,1661.648000,0.903236
1.968000,487.408000,0.725332
9.840000,266.992000,0.714861
15.088000,3132.400000,0.991870
28.208000,1342.832000,0.679377
11.152000,190.896000,0.990282
30.832000,992.528000,0.854620
28.208000,1432.048000,0.717489
37.392000,2576.112000,0.865628
9.840000,2762.416000,0.691513
25.584000,1590.800000,0.688287
24.272000,2143.152000,0.879198
15.088000,1237.872000,0.708780
37.392000,165.968000,0.735725
13.776000,967.600000,0.881096
15.088000,757.680000,0.733149
20.336000,1728.560000,1.571027
12.464000,2123.472000,0.727932
9.840000,2657.456000,0.673582
0.656000,1571.120000,1.119548
24.272000,2711.248000,0.755165
22.960000,794.416000,0.883631
4.592000,711.760000,0.995340
7.216000,1071.248000,1.259804
26.896000,2669.264000,1.425648
8.528000,1201.136000,0.974002
12.464000,1601.296000,1.125907
1.968000,3089.104000,0.884992
8.528000,2863.440000,1.054769
38.704000,1573.744000,0.660314
11.152000,3102.224000,0.764318
9.840000,1480.592000,0.821856
7.216000,887.568000,1.445889
32.144000,2897.552000,0.698646
33.456000,929.552000,0.662099
25.584000,1155.216000,0.921668
5.904000,3127.152000,1.228203
5.904000,2084.112000,0.730573
12.464000,815.408000,1.231695
0.656000,239.440000,1.003682
24.272000,833.776000,0.809934
22.960000,467.728000,1.461167
13.776000,2439.664000,0.775975
19.024000,793.104000,0.732469
32.144000,32.144000,0.861677
24.272000,2286.160000,0.821024
3.280000,337.840000,0.735398
24.272000,448.048000,0.767524
3.280000,966.288000,0.945021
32.144000,1489.776000,0.747082
9.840000,2627.280000,1.175302
38.704000,1531.760000,0.930467
15.088000,521.520000,0.700153
3.280000,2294.032000,1.015043
33.456000,3169.136000,0.874341
29.520000,1149.968000,0.755630
13.776000,2998.576000,0.874242
1.968000,1354.640000,0.661818
17.712000,1178.832000,0.938150
33.456000,2151.024000,1.026307
20.336000,539.888000,1.162846
33.456000,1972.592000,0.925884
34.768000,336.528000,0.715439
15.088000,600.240000,0.896697
32.144000,2360.944000,1.234110
11.152000,403.440000,0.708803
12.464000,610.736000,0.799797
24.272000,865.264000,0.674034
22.960000,1719.376000,0.693691
0.656000,70.192000,1.171137
37.392000,1889.936000,0.802937
24.272000,3026.128000,1.622771
0.656000,371.952000,1.111542
22.960000,2919.856000,0.954759
0.656000,1492.400000,0.719597
22.960000,836.400000,1.470374
5.904000,648.784000,0.810474
17.712000,339.152000,0.965548
30.832000,276.176000,0.718496
0.656000,1435.984000,0.915226
0.656000,2570.864000,1.101264
21.648000,1189.328000,0.685109
11.152000,1866.320000,0.675556
38.704000,106.928000,0.696122
24.272000,2074.928000,0.829220
34.768000,1820.400000,1.056941
26.896000,1774.480000,0.751676
9.840000,1882.064000,0.941417
25.584000,1955.536000,0.828722
8.528000,1990.960000,0.928091
15.088000,2262.544000,0.825614
37.392000,97.744000,1.640145
25.584000,707.824000,0.874512
16.400000,686.832000,0.839741
1.968000,206.640000,1.344066
1.968000,522.832000,0.802219
0.656000,2569.552000,0.710905
15.088000,444.112000,0.717622
19.024000,302.416000,0.788734
7.216000,379.824000,0.727810
33.456000,769.488000,1.164017
7.216000,2666.640000,0.726018
25.584000,3035.312000,0.954886
30.832000,1563.248000,0.949147
9.840000,2963.152000,1.145836
12.464000,2535.440000,2.242749
4.592000,125.296000,0.963372
32.144000,1697.072000,0.750488
32.144000,2131.344000,1.108275
11.152000,2527.568000,0.931239
26.896000,2258.608000,1.239774
15.088000,1598.672000,1.156038
11.152000,1544.880000,0.711086
19.024000,1610.480000,1.110441
5.904000,1742.992000,1.006023
28.208000,1022.704000,0.693276
7.216000,1550.128000,1.189679
3.280000,815.408000,0.888115
38.704000,2713.872000,0.776547
22.960000,354.896000,0.665579
1.968000,1209.008000,0.890430
15.088000,1884.688000,0.936399
1.968000,873.136000,0.881156
24.272000,690.768000,0.834526
37.392000,1275.920000,0.915471
16.400000,244.688000,2.684424
34.768000,2715.184000,0.853994
12.464000,50.512000,0.679651
20.336000,194.832000,1.490775
34.768000,475.600000,0.747868
34.768000,386.384000,0.840071
11.152000,155.472000,0.686152
20.336000,555.632000,1.158309
38.704000,2189.072000,0.917957
1.968000,47.888000,0.889097
15.088000,3096.976000,0.700135
1.968000,1517.328000,0.774478
3.280000,1913.552000,0.986716
5.904000,739.312000,0.697056
4.592000,1921.424000,1.046260
7.216000,2355.696000,0.777844
36.080000,1682.640000,0.668562
28.208000,2438.352000,1.058419
4.592000,66.256000,0.948696
32.144000,937.424000,1.000454
21.648000,2423.920000,1.237248
28.208000,1009.584000,0.899146
30.832000,2801.776000,0.692423
29.520000,3137.648000,0.720532
24.272000,858.704000,0.852285
34.768000,463.792000,0.694829
24.272000,122.672000,0.735437
17.712000,2473.776000,1.355877
33.456000,2103.792000,0.769751
1.968000,1119.792000,1.653274
38.704000,2747.984000,0.678631
33.456000,2114.288000,1.298391
7.216000,694.704000,0.687626
0.656000,738.000000,1.194460
20.336000,2538.064000,0.695156
19.024000,689.456000,0.692466
8.528000,391.632000,0.904894
29.520000,1118.480000,1.330462
12.464000,1199.824000,1.382372
5.904000,961.040000,1.598529
32.144000,1840.080000,1.040507
30.832000,1401.872000,0.964892
25.584000,1912.240000,1.440454
30.832000,1233.936000,0.891670
30.832000,68.880000,1.066672
24.272000,2363.568000,1.698472
26.896000,2486.896000,1.638867
13.776000,2005.392000,0.752630
32.144000,1459.600000,0.764035
0.656000,1088.304000,1.224029
25.584000,892.816000,1.170323
20.336000,2713.872000,2.281644
33.456000,608.112000,1.498639
30.832000,1745.616000,1.266871
0.656000,961.040000,0.724710
21.648000,1870.256000,0.812803
19.024000,1613.104000,1.268502
28.208000,2089.360000,1.120629
38.704000,1605.232000,1.129780
38.704000,2681.072000,1.685102
28.208000,779.984000,0.945057
37.392000,3192.752000,0.792313
21.648000,2658.768000,0.717090
13.776000,135.792000,0.800058
26.896000,2429.168000,1.390800
15.088000,940.048000,0.658866
3.280000,874.448000,0.747468
38.704000,3072.048000,2.196137
13.776000,3199.312000,1.117727
0.656000,1000.400000,0.861509
16.400000,936.112000,0.917828
19.024000,448.048000,1.032661
34.768000,120.048000,1.142461
8.528000,173.840000,0.899750
19.024000,2262.544000,0.890279
1.968000,2282.224000,0.781917
17.712000,811.472000,0.984460
12.464000,1791.536000,1.094663
24.272000,1048.944000,0.746911
29.520000,2925.104000,0.725385
38.704000,3024.816000,0.952766
37.392000,631.728000,1.274208
24.272000,2994.640000,0.917303
30.832000,1565.872000,1.106709
5.904000,2717.808000,0.722548
32.144000,1909.616000,1.915786
13.776000,2240.240000,1.336211
30.832000,141.040000,0.837052
9.840000,188.272000,0.724849
37.392000,2650.896000,0.945054
38.704000,289.296000,0.991868
38.704000,1735.120000,0.959534
5.904000,1753.488000,0.808250
33.456000,2978.896000,0.799772
11.152000,850.832000,0.691075
5.904000,1320.528000,1.377370
20.336000,947.920000,1.246153
13.776000,410.000000,0.837772
30.832000,1779.728000,0.695749
16.400000,184.336000,1.968500
20.336000,1379.568000,0.718957
8.528000,3187.504000,0.721295
21.648000,504.464000,0.846496
16.400000,2876.560000,1.424764
30.832000,278.800000,0.810380
22.960000,2248.112000,0.712264
36.080000,1155.216000,0.865059
22.960000,1563.248000,1.443566
28.208000,2807.024000,0.750479
15.088000,2822.768000,0.854704
29.520000,2489.520000,1.163177
28.208000,232.880000,0.665325
1.968000,755.056000,0.905637
28.208000,2530.192000,0.729340
37.392000,3117.968000,0.835449
12.464000,1552.752000,1.103310
33.456000,2035.568000,2.017321
5.904000,2048.688000,0.796574
25.584000,2879.184000,0.926500
24.272000,1030.576000,0.662274
34.768000,678.960000,0.788754
33.456000,840.336000,0.767381
36.080000,2358.320000,2.179162
11.152000,2574.800000,0.773222
4.592000,3203.248000,1.320905
29.520000,2132.656000,1.000292
25.584000,50.512000,0.796280
13.776000,2758.480000,0.773559
28.208000,2519.696000,0.779205
3.280000,2622.032000,0.790800
36.080000,1606.544000,0.741362
25.584000,1341.520000,0.663381
0.656000,146.288000,0.809854
13.776000,879.696000,1.443205
17.712000,1732.496000,0.831049
11.152000,2843.760000,0.780106
4.592000,2757.168000,0.710633
21.648000,492.656000,0.837280
1.968000,2964.464000,1.074032
28.208000,2930.352000,0.811456
16.400000,1072.560000,1.053204
29.520000,265.680000,0.956205
21.648000,116.112000,0.695973
20.336000,2737.488000,1.218021
16.400000,2543.312000,1.103810
17.712000,2416.048000,1.155337
33.456000,1866.320000,1.085504
9.840000,812.784000,0.657111
38.704000,1967.344000,0.717610
5.904000,240.752000,0.760727
22.960000,484.784000,0.656337
32.144000,2011.952000,1.096697
24.272000,3199.312000,1.136464
26.896000,955.792000,1.044542
26.896000,2943.472000,1.447332
4.592000,2105.104000,0.771981
20.336000,2322.896000,0.924892
8.528000,3087.792000,0.963078
17.712000,1058.128000,1.893212
3.280000,2766.352000,0.668744
5.904000,3089.104000,1.394265
26.896000,936.112000,0.699395
11.152000,1371.696000,0.954575
24.272000,1895.184000,0.759634
4.592000,1476.656000,0.742509
38.704000,2038.192000,1.008639
1.968000,2611.536000,0.824567
16.400000,962.352000,0.660281
9.840000,1102.736000,0.989683
29.520000,379.824000,2.386172
9.840000,2168.080000,0.891219
9.840000,1803.344000,0.685331
36.080000,1233.936000,0.716766
30.832000,654.032000,2.169097
29.520000,963.664000,0.738032
21.648000,2095.920000,1.408343
29.520000,886.256000,1.596754
1.968000,3091.728000,1.008085
19.024000,1500.272000,0.844860
24.272000,71.504000,0.771098
9.840000,1640.656000,0.848401
11.152000,828.528000,0.672430
21.648000,1463.536000,0.790082
11.152000,1257.552000,0.738544
5.904000,1617.040000,0.810650
38.704000,175.152000,1.357724
17.712000,360.144000,0.993906
12.464000,2060.496000,0.716786
38.704000,413.936000,0.984575
5.904000,1976.528000,1.714787
22.960000,2336.016000,1.123916
17.712000,2559.056000,0.929853
33.456000,2682.384000,1.077370
13.776000,2191.696000,1.110583
24.272000,894.128000,0.942212
0.656000,2270.416000,0.945911
25.584000,2061.808000,0.656815
16.400000,1656.400000,0.684043
19.024000,900.688000,0.991680
19.024000,1323.152000,0.881768
3.280000,1716.752000,0.668030
21.648000,386.384000,0.947818
33.456000,816.720000,0.944535
5.904000,1639.344000,1.237945
30.832000,2353.072000,0.705925
1.968000,1719.376000,0.981475
30.832000,1803.344000,0.790952
1.968000,2090.672000,0.662764
29.520000,3140.272000,1.825240
20.336000,1597.360000,0.910806
15.088000,3149.456000,0.990460
24.272000,151.536000,0.878082
34.768000,2662.704000,1.244117
25.584000,189.584000,0.771633
36.080000,185.648000,0.688387
22.960000,2291.408000,1.329618
1.968000,3068.112000,1.055873
29.520000,2397.680000,1.051055
22.960000,2301.904000,1.014014
1.968000,2723.056000,0.780528
33.456000,1682.640000,0.811622
38.704000,525.456000,0.922338
0.656000,1424.176000,0.728704
32.144000,953.168000,0.985532
30.832000,1071.248000,0.820703
17.712000,3022.192000,1.781268
16.400000,87.248000,0.673758
30.832000,1344.144000,0.894669
32.144000,511.024000,1.077649
37.392000,916.432000,0.830442
30.832000,19.024000,1.428181
21.648000,1001.712000,0.858126
28.208000,1760.048000,1.022456
1.968000,2231.056000,0.757972
8.528000,2423.920000,0.977251
37.392000,2057.872000,1.102872
37.392000,2179.888000,0.869092
5.904000,1832.208000,0.806067
15.088000,3221.616000,0.813372
30.832000,2754.544000,0.719763
28.208000,2801.776000,0.724738
12.464000,1660.336000,1.290961
9.840000,1967.344000,1.480350
16.400000,2236.304000,1.073241
29.520000,159.408000,0.753326
24.272000,2956.592000,0.745091
32.144000,1324.464000,0.656203
13.776000,2511.824000,1.159726
5.904000,945.296000,0.766937
16.400000,1123.728000,0.737186
17.712000,930.864000,0.787664
30.832000,423.120000,0.704179
0.656000,1706.256000,0.763197
21.648000,1763.984000,0.661505
1.968000,546.448000,0.732897
29.520000,2337.328000,1.653527
11.152000,1110.608000,1.352337
19.024000,588.432000,1.234960
17.712000,3007.760000,0.976754
12.464000,538.576000,1.269137
16.400000,1113.232000,0.729295
8.528000,639.600000,0.769663
37.392000,2236.304000,0.890187
13.776000,1913.552000,0.875609
13.776000,744.560000,0.753963
13.776000,100.368000,0.697942
38.704000,155.472000,0.784114
16.400000,526.768000,0.786972
16.400000,1886.000000,0.794348
33.456000,1439.920000,0.671033
29.520000,1619.664000,0.887196
13.776000,915.120000,1.484278
7.216000,1956.848000,0.733028
13.776000,1960.784000,1.536050
36.080000,2946.096000,0.867336
4.592000,1373.008000,0.897953
26.896000,717.008000,0.856440
8.528000,1231.312000,0.674491
15.088000,1408.432000,0.876491
1.968000,1241.808000,0.947946
28.208000,19.024000,1.155483
30.832000,2631.216000,0.768556
34.768000,600.240000,1.147282
24.272000,1214.256000,0.687691
12.464000,2354.384000,0.970023
37.392000,2852.944000,0.885839
4.592000,1443.856000,0.705757
34.768000,381.136000,0.902784
30.832000,2604.976000,0.720394
37.392000,2456.720000,1.563849
34.768000,3061.552000,0.742108
3.280000,2842.448000,1.319051
3.280000,2984.144000,0.838991
24.272000,34.768000,0.842183
5.904000,58.384000,1.282408
9.840000,2673.200000,0.697725
36.080000,925.616000,0.726692
13.776000,1018.768000,0.698198
1.968000,121.360000,2.041732
36.080000,30.832000,1.250890
26.896000,2228.432000,1.850286
5.904000,215.824000,1.037840
12.464000,2178.576000,0.732935
33.456000,2940.848000,0.840177
29.520000,1097.488000,0.719933
20.336000,2070.992000,0.814801
22.960000,1685.264000,1.104544
30.832000,2706.000000,0.663324
19.024000,350.960000,1.657118
1.968000,2813.584000,0.821700
33.456000,654.032000,0.853777
8.528000,315.536000,0.941260
11.152000,1826.960000,0.851065
38.704000,1109.296000,0.785575
4.592000,2699.440000,1.023047
17.712000,2646.960000,0.884589
3.280000,400.816000,1.361373
37.392000,3133.712000,0.782397
12.464000,3220.304000,1.161294
22.960000,177.776000,0.879055
9.840000,1588.176000,1.066501
37.392000,1042.384000,1.232877
29.520000,2834.576000,0.732398
38.704000,1904.368000,1.708679
33.456000,660.592000,0.694544
34.768000,3090.416000,0.868677
11.152000,353.584000,0.908715
15.088000,865.264000,0.808069
9.840000,1025.328000,1.146301
8.528000,2437.040000,1.231928
16.400000,278.800000,0.866599
32.144000,183.024000,0.993994
38.704000,399.504000,1.308105
36.080000,1316.592000,0.856229
12.464000,1136.848000,1.102704
22.960000,244.688000,0.912945
34.768000,2519.696000,0.955737
21.648000,2153.648000,0.754885
12.464000,2305.840000,0.918235
25.584000,2652.208000,0.870586
3.280000,3178.320000,0.854254
13.776000,2447.536000,0.711087
26.896000,2086.736000,0.701598
25.584000,1783.664000,0.880439
21.648000,1106.672000,0.766499
9.840000,1577.680000,0.712773
13.776000,867.888000,1.530595
17.712000,2858.192000,1.253957
38.704000,1921.424000,0.808865
38.704000,2383.248000,0.754314
16.400000,972.848000,0.698289
5.904000,1509.456000,1.191016
21.648000,2771.600000,0.780457
13.776000,2068.368000,1.364525
21.648000,1512.080000,1.155688
9.840000,2576.112000,2.346121
16.400000,980.720000,0.842533
24.272000,1340.208000,0.836488
38.704000,2224.496000,0.866977
12.464000,465.104000,1.121274
28.208000,2101.168000,0.872958
19.024000,2279.600000,0.812606
20.336000,2443.600000,2.208050
24.272000,1878.128000,0.979472
26.896000,2818.832000,1.620156
9.840000,3095.664000,0.916305
30.832000,3166.512000,0.986416
1.968000,2627.280000,0.705525
28.208000,1274.608000,0.735701
9.840000,2758.480000,0.701496
30.832000,2660.080000,1.121439
0.656000,1691.824000,1.332010
20.336000,3077.296000,0.936739
13.776000,2821.456000,0.999893
32.144000,339.152000,0.692385
20.336000,1006.960000,0.683643
16.400000,83.312000,0.889644
12.464000,741.936000,0.715540
21.648000,564.816000,0.870901
24.272000,1477.968000,2.206908
12.464000,2517.072000,0.745894
15.088000,609.424000,0.769406
13.776000,1916.176000,0.767527
17.712000,1636.720000,1.280001
22.960000,1317.904000,0.971398
7.216000,2433.104000,1.352511
33.456000,2839.824000,1.267751
28.208000,1845.328000,0.751637
25.584000,2118.224000,0.716499
22.960000,2629.904000,0.656435
8.528000,1749.552000,0.796618
19.024000,2019.824000,0.715204
37.392000,922.992000,0.774444
22.960000,2639.088000,0.738295
20.336000,1778.416000,1.085225
8.528000,1034.512000,1.097163
37.392000,1984.400000,0.697007
12.464000,2086.736000,0.776069
7.216000,2047.376000,0.678541
19.024000,449.360000,1.067673
24.272000,1324.464000,0.937588
16.400000,2419.984000,0.830194
9.840000,1976.528000,0.783666
20.336000,3161.264000,0.989103
12.464000,1906.992000,0.770587
0.656000,315.536000,1.311919
30.832000,722.256000,0.713545
12.464000,2961.840000,0.798508
29.520000,2964.464000,0.680095
19.024000,659.280000,0.918934
38.704000,204.016000,2.496379
21.648000,1954.224000,0.941652
38.704000,1703.632000,0.783986
38.704000,2540.688000,0.757370
24.272000,1198.512000,0.851329
24.272000,3075.984000,2.069516
15.088000,2905.424000,0.964400
28.208000,3171.760000,0.799385
37.392000,2084.112000,0.686459
36.080000,67.568000,1.234912
19.024000,3180.944000,0.704080
9.840000,3078.608000,1.047095
0.656000,1841.392000,0.754466
5.904000,623.856000,0.657947
11.152000,168.592000,0.785114
24.272000,423.120000,1.305616
28.208000,2287.472000,0.682566
7.216000,311.600000,0.688141
22.960000,1477.968000,0.784437
0.656000,19.024000,0.733246
38.704000,74.128000,0.974368
34.768000,1947.664000,1.638749
7.216000,907.248000,0.661345
26.896000,3132.400000,1.373781
30.832000,3152.080000,0.746963
3.280000,1136.848000,1.281525
5.904000,1010.896000,0.939281
33.456000,1404.496000,0.813844
24.272000,559.568000,0.814560
20.336000,1232.624000,1.067390
30.832000,1034.512000,1.329192
29.520000,1008.272000,1.072722
7.216000,1151.280000,1.245465
9.840000,465.104000,0.663134
17.712000,2208.752000,0.720137
36.080000,2623.344000,0.996458
11.152000,2227.120000,0.795256
32.144000,2178.576000,0.761845
22.960000,1757.424000,1.018229
13.776000,231.568000,1.063826
12.464000,2578.736000,0.944947
20.336000,2654.832000,0.727397
30.832000,390.320000,0.778009
21.648000,2931.664000,0.762458
34.768000,2471.152000,1.024081
20.336000,135.792000,0.919121
34.768000,991.216000,0.924549
26.896000,937.424000,0.691578
3.280000,2849.008000,0.762458
4.592000,1139.472000,1.151611
29.520000,2050.000000,0.901206
19.024000,2042.128000,0.756719
28.208000,1484.528000,0.741117
29.520000,1433.360000,0.704136
1.968000,1386.128000,0.716866
34.768000,2440.976000,1.041201
7.216000,1817.776000,0.869467
7.216000,1022.704000,1.308333
4.592000,2896.240000,0.995900
37.392000,139.728000,1.211686
13.776000,940.048000,0.759589
20.336000,2036.880000,0.733772
34.768000,227.632000,1.024047
26.896000,730.128000,0.784909
17.712000,852.144000,1.433369
24.272000,1598.672000,1.130268
21.648000,2238.928000,0.817954
16.400000,546.448000,0.753785
33.456000,756.368000,1.219943
19.024000,2315.024000,1.151428
9.840000,2067.056000,0.840808
15.088000,1904.368000,0.965026
36.080000,739.312000,0.958422
37.392000,1636.720000,1.965253
25.584000,2820.144000,0.764504
8.528000,434.928000,1.212250
26.896000,16.400000,1.115566
0.656000,1874.192000,0.819259
9.840000,1181.456000,0.689212
16.400000,3013.008000,0.872871
34.768000,1693.136000,0.721330
34.768000,1615.728000,1.951410
24.272000,365.392000,1.104122
38.704000,634.352000,0.709852
36.080000,890.192000,0.739214
3.280000,3167.824000,1.076945
5.904000,1697.072000,1.346659
20.336000,968.912000,1.057499
28.208000,659.280000,0.710679
21.648000,2745.360000,0.862023
16.400000,508.400000,0.696978
5.904000,545.136000,0.771721
12.464000,471.664000,1.325424
34.768000,1997.520000,0.791157
13.776000,1289.040000,0.809391
33.456000,2649.584000,0.777544
34.768000,606.800000,0.740447
4.592000,312.912000,1.236849
4.592000,1016.144000,1.213944
33.456000,1090.928000,0.718586
21.648000,1537.008000,0.894058
9.840000,1693.136000,1.387236
37.392000,46.576000,0.699835
0.656000,235.504000,0.822438
7.216000,778.672000,0.674529
22.960000,1815.152000,0.948763
5.904000,493.968000,1.174851
19.024000,85.936000,0.720544
13.776000,1875.504000,1.382437
37.392000,1716.752000,0.748324
28.208000,2426.544000,0.813939
33.456000,547.760000,0.718164
19.024000,2370.128000,0.759721
38.704000,1390.064000,1.173302
36.080000,2228.432000,0.874942
25.584000,1712.816000,0.741258
11.152000,2565.616000,0.855075
21.648000,417.872000,0.885908
11.152000,1872.880000,1.103978
16.400000,2852.944000,0.821462
37.392000,1519.952000,0.744341
0.656000,1729.872000,2.253630
9.840000,2081.488000,0.847712
32.144000,1975.216000,1.139769
9.840000,2747.984000,0.813187
26.896000,1256.240000,0.662633
0.656000,1067.312000,0.821173
22.960000,1164.400000,1.360271
22.960000,112.176000,0.928369
8.528000,2808.336000,1.381765
3.280000,1299.536000,1.156698
0.656000,762.928000,1.272876
26.896000,1963.408000,1.004563
30.832000,1614.416000,0.682893
19.024000,2829.328000,1.237170
13.776000,2273.040000,1.397105
7.216000,2762.416000,0.752310
26.896000,36.080000,0.906030
12.464000,1640.656000,0.924398
9.840000,478.224000,0.691993
30.832000,1674.768000,2.078007
12.464000,21.648000,0.729792
32.144000,1933.232000,0.676634
7.216000,255.184000,0.848518
15.088000,2084.112000,0.683568
8.528000,1063.376000,0.707550
24.272000,475.600000,1.128612
3.280000,1430.736000,0.739607
15.088000,731.440000,1.089126
16.400000,1201.136000,0.858826
20.336000,2586.608000,1.332983
32.144000,860.016000,0.696877
1.968000,102.992000,0.854014
16.400000,1190.640000,1.319029
25.584000,2017.200000,1.137175
37.392000,3140.272000,0.709035
15.088000,1055.504000,0.697661
21.648000,2139.216000,1.037869
38.704000,1913.552000,1.180767
30.832000,2557.744000,0.744042
1.968000,207.952000,0.824194
15.088000,1354.640000,0.786979
34.768000,3051.056000,0.725851
15.088000,421.808000,0.853791
24.272000,1157.840000,1.030184
1.968000,30.832000,0.902995
7.216000,2456.720000,0.683828
25.584000,756.368000,0.927061
12.464000,3178.320000,1.058605
22.960000,1249.680000,1.069040
8.528000,1289.040000,1.314316
4.592000,2212.688000,0.928280
37.392000,2018.512000,0.692782
7.216000,1701.008000,0.700000
16.400000,63.632000,1.248271
17.712000,2583.984000,0.909452
29.520000,1513.392000,1.050849
32.144000,1509.456000,0.920562
8.528000,930.864000,1.003218
4.592000,2308.464000,1.146177
20.336000,2653.520000,0.745032
13.776000,1971.280000,1.239009
13.776000,146.288000,0.876485
17.712000,2589.232000,0.777696
26.896000,1445.168000,1.061515
15.088000,3104.848000,1.133336
24.272000,3037.936000,1.697512
33.456000,713.072000,0.754782
34.768000,3195.376000,0.663428
11.152000,68.880000,1.017690
13.776000,1817.776000,0.873409
3.280000,244.688000,1.014796
15.088000,1882.064000,0.749861
32.144000,2842.448000,0.951813
3.280000,1711.504000,0.730898
25.584000,130.544000,0.796161
34.768000,1226.064000,1.806362
8.528000,663.216000,0.979193
22.960000,2034.256000,1.302458
26.896000,2768.976000,0.678091
7.216000,1641.968000,0.992381
37.392000,2688.944000,1.022291
17.712000,815.408000,0.912851
36.080000,2876.560000,1.095985
24.272000,2144.464000,0.691464
36.080000,2858.192000,0.965568
7.216000,190.896000,1.177204
25.584000,3173.072000,0.865771
34.768000,1373.008000,0.954792
17.712000,142.352000,0.900667
0.656000,2225.808000,1.715014
28.208000,87.248000,0.797499
13.776000,572.688000,1.089112
13.776000,542.512000,0.683225
15.088000,2909.360000,1.231550
37.392000,581.872000,0.775478
4.592000,2923.792000,1.571003
9.840000,2208.752000,0.738721
25.584000,2969.712000,0.740858
21.648000,163.344000,0.827805
3.280000,1450.416000,1.158449
26.896000,692.080000,1.189557
34.768000,53.136000,2.792717
25.584000,1653.776000,0.690631
11.152000,1895.184000,0.743314
1.968000,179.088000,1.090446
7.216000,1576.368000,0.742730
30.832000,85.936000,1.049593
7.216000,222.384000,1.227270
5.904000,1479.280000,0.771331
32.144000,1748.240000,1.322301
20.336000,3119.280000,1.049219
21.648000,2569.552000,0.919402
8.528000,2187.760000,0.717411
22.960000,1773.168000,0.931791
26.896000,2384.560000,0.754762
22.960000,2715.184000,0.730476
25.584000,1819.088000,0.886386
24.272000,3005.136000,1.192117
21.648000,364.080000,0.904528
8.528000,2290.096000,0.664863
8.528000,665.840000,0.685757
21.648000,2161.520000,0.697737
7.216000,1130.288000,1.405296
5.904000,1812.528000,0.684222
37.392000,3175.696000,0.768918
7.216000,1687.888000,0.960718
13.776000,2793.904000,0.912395
1.968000,1590.800000,0.984848
19.024000,1168.336000,0.779653
8.528000,1495.024000,0.776503
3.280000,547.760000,1.381076
17.712000,715.696000,0.695263
24.272000,226.320000,0.711021
17.712000,891.504000,0.801203
13.776000,647.472000,0.827012
0.656000,2980.208000,0.833755
20.336000,491.344000,0.681728
20.336000,210.576000,0.752421
1.968000,946.608000,0.732378
16.400000,2871.312000,1.344662
36.080000,479.536000,0.903379
12.464000,369.328000,1.413710
29.520000,2253.360000,0.875655
29.520000,148.912000,0.706034
32.144000,1214.256000,0.780727
15.088000,2358.320000,1.317208
19.024000,2458.032000,0.679049
30.832000,1073.872000,1.139681
32.144000,2691.568000,1.288810
22.960000,1400.560000,0.700163
30.832000,1630.160000,0.684467
36.080000,832.464000,1.286854
24.272000,661.904000,0.780800
38.704000,2917.232000,1.692771
24.272000,2804.400000,0.722970
29.520000,1132.912000,0.762520
3.280000,2307.152000,0.853368
13.776000,2965.776000,0.683816
26.896000,459.856000,0.688604
7.216000,1754.800000,0.812471
19.024000,1816.464000,0.697264
4.592000,1312.656000,1.241506
1.968000,2380.624000,1.115808
13.776000,2551.184000,0.939175
9.840000,1871.568000,0.983814
37.392000,891.504000,1.010436
36.080000,2378.000000,0.799052
4.592000,1387.440000,1.253927
36.080000,1485.840000,0.817857
36.080000,2671.888000,0.747777
4.592000,3085.168000,0.670884
29.520000,828.528000,0.680143
36.080000,1131.600000,1.460072
36.080000,904.624000,1.346192
5.904000,2713.872000,1.329117
25.584000,1188.016000,0.785373
21.648000,858.704000,0.972370
9.840000,2212.688000,0.766748
26.896000,2620.720000,0.735208
4.592000,185.648000,1.330728
32.144000,374.576000,0.706257
34.768000,2875.248000,0.917646
21.648000,848.208000,0.822366
30.832000,2283.536000,0.695113
5.904000,2102.480000,0.916753
9.840000,2425.232000,2.130944
9.840000,1236.560000,0.939497
36.080000,848.208000,1.219476
11.152000,2107.728000,1.112378
5.904000,1184.080000,0.924045
20.336000,87.248000,0.937707
29.520000,736.688000,0.760933
32.144000,1219.504000,0.998303
9.840000,731.440000,0.843069
12.464000,814.096000,0.672844
8.528000,3078.608000,1.377628
29.520000,1152.592000,1.067756
12.464000,3110.096000,1.018928
11.152000,2620.720000,1.532513
20.336000,2519.696000,0.768840
24.272000,875.760000,0.660190
29.520000,2698.128000,1.216157
13.776000,420.496000,1.129112
24.272000,3200.624000,0.730208
17.712000,2866.064000,2.344187
7.216000,1349.392000,0.804057
3.280000,797.040000,0.695964
24.272000,1544.880000,0.710476
17.712000,2929.040000,0.683054
15.088000,1763.984000,0.989265
34.768000,1073.872000,0.663445
25.584000,2768.976000,1.077849
21.648000,2136.592000,0.765052
38.704000,1861.072000,0.713038
9.840000,1160.464000,1.211708
5.904000,655.344000,0.712093
30.832000,2305.840000,1.641569
1.968000,1399.248000,0.932837
32.144000,945.296000,0.684456
25.584000,769.488000,1.249118
37.392000,1353.328000,0.818907
19.024000,542.512000,1.183644
24.272000,1540.944000,0.956706
9.840000,1799.408000,0.680226
36.080000,1879.440000,1.026828
21.648000,3030.064000,1.208404
38.704000,514.960000,0.772137
3.280000,1443.856000,1.673856
0.656000,2199.568000,0.989325
33.456000,1561.936000,0.710097
21.648000,3036.624000,0.751477
1.968000,1653.776000,0.795088
36.080000,66.256000,0.664491
1.968000,2250.736000,1.166013
7.216000,2999.888000,0.820997
0.656000,1576.368000,0.856757
15.088000,1631.472000,0.706593
37.392000,1256.240000,0.690105
26.896000,225.008000,1.165284
21.648000,319.472000,0.675717
38.704000,1795.472000,1.197910
29.520000,1243.120000,0.854214
29.520000,1787.600000,1.132468
11.152000,1299.536000,0.941718
4.592000,385.072000,0.822204
25.584000,1483.216000,0.930373
13.776000,2186.448000,0.872071
4.592000,1223.440000,1.289816
20.336000,16.400000,2.296737
38.704000,663.216000,0.769904
13.776000,1627.536000,1.866031
24.272000,2914.608000,0.752197
3.280000,549.072000,1.386132
1.968000,934.800000,0.789592
21.648000,2426.544000,2.126766
3.280000,2712.560000,2.478952
3.280000,269.616000,1.706009
26.896000,2406.864000,1.360578
38.704000,2132.656000,1.110224
12.464000,2095.920000,1.056587
24.272000,2360.944000,0.709517
24.272000,2196.944000,0.845843
26.896000,678.960000,0.959359
33.456000,1169.648000,0.914679
34.768000,874.448000,1.162418
11.152000,1931.920000,0.948259
16.400000,883.632000,0.694142
15.088000,1488.464000,0.945584
17.712000,2919.856000,0.971287
4.592000,962.352000,0.858358
4.592000,2935.600000,1.134514
37.392000,2728.304000,0.759527
19.024000,2961.840000,1.170169
28.208000,1559.312000,1.698211
29.520000,1285.104000,1.062895
25.584000,1687.888000,0.753425
15.088000,1189.328000,0.677343
5.904000,3157.328000,1.198455
17.712000,1016.144000,0.934031
24.272000,1375.632000,0.686707
28.208000,828.528000,0.880304
16.400000,2476.400000,0.731948
12.464000,804.912000,1.509988
12.464000,854.768000,1.449196
13.776000,2392.432000,0.798522
8.528000,961.040000,0.734085
30.832000,311.600000,0.926239
21.648000,627.792000,0.990562
22.960000,1963.408000,1.129062
11.152000,1235.248000,0.767025
0.656000,2738.800000,1.152107
16.400000,2845.072000,1.186572
28.208000,2128.720000,0.701398
37.392000,2796.528000,0.938668
20.336000,2881.808000,1.733137
13.776000,243.376000,1.021064
26.896000,83.312000,1.064367
4.592000,2443.600000,1.079174
34.768000,1955.536000,1.096041
15.088000,2628.592000,0.696688
32.144000,2182.512000,0.756268
29.520000,70.192000,1.160849
33.456000,449.360000,0.911305
17.712000,440.176000,0.963933
25.584000,1506.832000,0.762543
4.592000,2022.448000,0.684030
15.088000,899.376000,0.821662
29.520000,371.952000,0.928266
0.656000,2468.528000,1.343631
7.216000,496.592000,1.066156
25.584000,3001.200000,0.723169
29.520000,2183.824000,0.768032
9.840000,3187.504000,0.890917
25.584000,1005.648000,0.913420
4.592000,530.704000,0.773694
32.144000,3015.632000,0.836916
5.904000,1178.832000,0.749808
26.896000,852.144000,1.088872
30.832000,2985.456000,0.886045
9.840000,2944.784000,0.712364
22.960000,3178.320000,0.996501
7.216000,2761.104000,1.013130
36.080000,2984.144000,0.943171
16.400000,3146.832000,0.925057
11.152000,1248.368000,0.671250
25.584000,411.312000,0.666452
0.656000,1177.520000,0.857959
15.088000,1521.264000,1.478434
16.400000,863.952000,0.665009
24.272000,2849.008000,1.021436
20.336000,2864.752000,0.768155
38.704000,1707.568000,0.824302
4.592000,110.864000,0.858999
34.768000,1059.440000,0.921307
5.904000,1333.648000,0.940321
24.272000,2978.896000,0.869638
29.520000,3013.008000,1.381881
7.216000,2893.616000,1.991714
17.712000,25.584000,0.983970
20.336000,186.960000,1.085277
32.144000,1167.024000,1.403799
16.400000,3179.632000,0.719088
38.704000,7.216000,0.823526
36.080000,1132.912000,0.825053
19.024000,1909.616000,0.802543
13.776000,2644.336000,1.219485
16.400000,1451.728000,0.675011
34.768000,219.760000,0.719207
19.024000,257.808000,0.693666
33.456000,2380.624000,0.680527
22.960000,591.056000,0.969056
19.024000,57.072000,0.681737
3.280000,2820.144000,1.154392
0.656000,2779.472000,0.816372
37.392000,1817.776000,0.819133
29.520000,2330.768000,0.841893
22.960000,609.424000,1.249139
13.776000,1849.264000,0.670974
12.464000,1471.408000,0.697093
28.208000,2059.184000,0.663631
4.592000,1035.824000,0.970141
5.904000,1084.368000,0.666008
37.392000,921.680000,0.772062
24.272000,743.248000,1.074168
25.584000,650.096000,0.789701
30.832000,2393.744000,0.760619
36.080000,2720.432000,1.174574
0.656000,2014.576000,0.718051
19.024000,1607.856000,0.689855
20.336000,2569.552000,0.741170
25.584000,2067.056000,1.017029
26.896000,2749.296000,0.928710
16.400000,1727.248000,0.958453
17.712000,2917.232000,0.677407
19.024000,341.776000,0.847168
16.400000,3114.032000,0.666121
26.896000,752.432000,0.894949
4.592000,231.568000,0.972605
22.960000,3215.056000,1.415971
25.584000,1362.512000,0.779726
9.840000,2922.480000,0.721630
21.648000,867.888000,0.727380
22.960000,3112.720000,2.241692
1.968000,2086.736000,0.794436
38.704000,2904.112000,1.292467
24.272000,441.488000,1.318731
26.896000,1641.968000,0.797130
38.704000,198.768000,1.760818
20.336000,1948.976000,0.780900
16.400000,1268.048000,0.889299
37.392000,3062.864000,0.725992
5.904000,2875.248000,1.016364
28.208000,810.160000,0.897396
37.392000,625.168000,1.145096
4.592000,1399.248000,0.738216
16.400000,1832.208000,0.959571
13.776000,1432.048000,0.984989
36.080000,946.608000,0.658304
13.776000,1506.832000,0.657391
29.520000,2542.000000,0.798884
8.528000,2657.456000,0.674010
29.520000,2507.888000,0.793028
8.528000,2494.768000,0.714962
3.280000,3028.752000,0.687055
25.584000,2046.064000,0.780637
8.528000,584.496000,0.917549
24.272000,2976.272000,0.938873
25.584000,1000.400000,0.723608
13.776000,1903.056000,1.167445
15.088000,1863.696000,0.908690
9.840000,1534.384000,1.125844
1.968000,2064.432000,0.694118
17.712000,3174.384000,0.868360
30.832000,173.840000,0.714973
12.464000,825.904000,0.666688
30.832000,2237.616000,0.957813
29.520000,1496.336000,0.661957
26.896000,1676.080000,0.713618
1.968000,2580.048000,0.899728
33.456000,2248.112000,0.984359
9.840000,1946.352000,1.567152
26.896000,2740.112000,1.231763
24.272000,2737.488000,1.018356
29.520000,2431.792000,0.936676
37.392000,2089.360000,0.819754
0.656000,1024.016000,0.665717
38.704000,1857.136000,0.715400
17.712000,297.168000,1.347439
34.768000,1445.168000,1.628950
24.272000,1704.944000,0.854624
16.400000,150.224000,1.013475
21.648000,3133.712000,0.803148
25.584000,2539.376000,0.744329
32.144000,256.496000,3.423320
21.648000,1921.424000,1.414897
20.336000,2521.008000,0.665460
32.144000,2350.448000,0.659924
12.464000,1222.128000,0.766189
29.520000,482.160000,0.990844
34.768000,129.232000,0.810427
22.960000,3053.680000,0.858956
24.272000,3161.264000,0.802675
12.464000,416.560000,1.367742
8.528000,841.648000,0.818410
24.272000,1935.856000,1.106158
24.272000,993.840000,1.009160
7.216000,1113.232000,0.900223
11.152000,2931.664000,0.833878
20.336000,2315.024000,1.079493
33.456000,1638.032000,0.712721
25.584000,2981.520000,1.124344
13.776000,155.472000,0.710569
38.704000,605.488000,0.907904
32.144000,1089.616000,0.999308
7.216000,2948.720000,0.837493
24.272000,177.776000,0.677233
30.832000,2292.720000,1.126171
34.768000,2742.736000,0.675168
29.520000,2418.672000,1.086825
24.272000,1802.032000,0.681794
32.144000,347.024000,0.880853
25.584000,883.632000,0.919503
33.456000,1531.760000,1.307835
16.400000,1417.616000,1.656365
32.144000,1329.712000,1.422770
7.216000,2107.728000,0.969601
25.584000,192.208000,0.730219
5.904000,1114.544000,0.908754
19.024000,560.880000,0.938953
16.400000,1418.928000,1.077885
11.152000,3196.688000,0.679421
8.528000,2269.104000,0.658468
17.712000,68.880000,0.691642
3.280000,105.616000,0.736967
0.656000,2528.880000,0.812593
9.840000,120.048000,0.690271
30.832000,1039.760000,0.975803
32.144000,2649.584000,0.800812
25.584000,2623.344000,1.126462
38.704000,1775.792000,0.663334
29.520000,1761.360000,1.299262
13.776000,741.936000,0.843456
3.280000,2236.304000,0.833093
13.776000,1573.744000,1.302225
28.208000,138.416000,0.739779
16.400000,2717.808000,1.089288
37.392000,328.656000,0.686685
15.088000,1516.016000,1.143249
22.960000,538.576000,0.664255
15.088000,900.688000,0.704897
5.904000,475.600000,0.739117
21.648000,16.400000,0.889631
5.904000,741.936000,0.704819
4.592000,2747.984000,0.701474
15.088000,787.856000,0.783669
0.656000,2132.656000,0.957236
22.960000,1758.736000,0.702119
3.280000,1708.880000,1.693595
5.904000,2106.416000,0.677914
30.832000,1178.832000,1.699238
16.400000,1778.416000,1.012536
17.712000,2728.304000,0.820525
36.080000,1307.408000,0.768432
22.960000,1378.256000,1.044443
29.520000,274.864000,1.314382
34.768000,1432.048000,0.696563
13.776000,575.312000,0.928048
29.520000,2392.432000,1.057313
5.904000,2343.888000,1.102991
0.656000,2147.088000,0.896807
22.960000,433.616000,0.918764
38.704000,1941.104000,0.943055
38.704000,2408.176000,0.720461
16.400000,1796.784000,1.179649
21.648000,2582.672000,0.727726
25.584000,819.344000,1.202712
36.080000,276.176000,0.712958
1.968000,3057.616000,0.834890
37.392000,915.120000,0.689154
28.208000,2664.016000,1.084888
1.968000,2124.784000,0.681784
28.208000,1134.224000,0.927574
7.216000,1837.456000,0.665928
19.024000,152.848000,0.908054
19.024000,2267.792000,0.751367
17.712000,1472.720000,0.931181
3.280000,2654.832000,0.664662
9.840000,1770.544000,1.887243
13.776000,2561.680000,0.712566
5.904000,189.584000,0.767634
16.400000,3133.712000,1.683718
3.280000,2646.960000,1.580460
24.272000,1093.552000,0.722141
21.648000,558.256000,0.951031
13.776000,2784.720000,0.813307
7.216000,1985.712000,0.905283
20.336000,1521.264000,0.994496
36.080000,1421.552000,1.010366
12.464000,668.464000,0.973053
21.648000,1418.928000,0.856130
11.152000,1505.520000,0.684575
15.088000,1342.832000,0.976668
33.456000,1394.000000,0.738713
25.584000,3218.992000,0.785309
37.392000,1201.136000,1.157224
30.832000,1505.520000,0.658334
20.336000,1727.248000,1.395696
19.024000,2157.584000,0.853053
24.272000,45.264000,1.125663
26.896000,2716.496000,0.833818
17.712000,1799.408000,1.010383
26.896000,3073.360000,0.705774
24.272000,80.688000,1.606905
1.968000,1442.544000,0.663268
9.840000,2587.920000,0.901854
22.960000,345.712000,1.835141
3.280000,1610.480000,1.100968
29.520000,2172.016000,0.692411
22.960000,2696.816000,0.760095
20.336000,614.672000,0.774066
28.208000,2921.168000,1.019410
20.336000,757.680000,0.888746
19.024000,1319.216000,0.949882
17.712000,2610.224000,0.822621
8.528000,2534.128000,0.663767
33.456000,404.752000,0.658769
8.528000,2198.256000,0.789595
3.280000,1749.552000,0.871045
20.336000,2010.640000,1.204380
19.024000,1714.128000,0.702101
11.152000,2505.264000,1.265037
16.400000,58.384000,0.691489
12.464000,1425.488000,1.772521
4.592000,475.600000,1.427905
34.768000,1777.104000,0.947686
26.896000,2917.232000,0.743415
7.216000,1689.200000,1.123855
0.656000,354.896000,1.378521
1.968000,1449.104000,0.775147
38.704000,1252.304000,0.719798
0.656000,1845.328000,1.053092
28.208000,2549.872000,1.059908
20.336000,1794.160000,0.735479
5.904000,2072.304000,0.766205
24.272000,2801.776000,0.872189
34.768000,167.280000,1.114885
5.904000,1501.584000,0.741397
15.088000,1268.048000,1.332181
5.904000,1076.496000,0.734854
22.960000,1100.112000,0.815953
20.336000,1607.856000,0.799739
30.832000,1886.000000,1.686898
0.656000,2883.120000,0.919669
9.840000,2610.224000,0.930367
11.152000,1794.160000,1.196831
16.400000,1554.064000,1.385209
21.648000,2513.136000,0.849848
26.896000,2276.976000,1.217489
33.456000,324.720000,0.839388
16.400000,1430.736000,0.777997
16.400000,2889.680000,0.673911
12.464000,1585.552000,0.968809
32.144000,1096.176000,1.367565
16.400000,2181.200000,2.287381
32.144000,2114.288000,1.068398
8.528000,2114.288000,1.012385
25.584000,953.168000,1.237723
8.528000,615.984000,1.543843
19.024000,312.912000,0.942287
36.080000,2482.960000,1.005933
15.088000,2267.792000,0.749284
4.592000,1001.712000,1.163195
28.208000,714.384000,1.078469
22.960000,123.984000,0.970569
11.152000,829.840000,0.798147
24.272000,2925.104000,0.692509
16.400000,2381.936000,0.855252
32.144000,185.648000,0.933589
26.896000,667.152000,1.157863
11.152000,38.704000,0.729717
38.704000,2560.368000,0.887808
4.592000,453.296000,0.880888
13.776000,2489.520000,1.008984
26.896000,2221.872000,0.921184
19.024000,1358.576000,0.715762
0.656000,2826.704000,0.901252
32.144000,3048.432000,0.859169
12.464000,13.776000,0.658126
12.464000,1236.560000,1.201810
32.144000,870.512000,0.680870
17.712000,2363.568000,1.042344
8.528000,541.200000,0.827180
24.272000,1396.624000,1.334793
17.712000,1614.416000,0.781891
8.528000,2400.304000,0.669546
34.768000,118.736000,0.714964
26.896000,2881.808000,1.054133
32.144000,1655.088000,1.250796
29.520000,319.472000,0.828950
11.152000,1917.488000,1.047499
25.584000,1509.456000,0.671483
19.024000,105.616000,0.656334
3.280000,774.736000,0.806825
19.024000,1059.440000,0.671965
8.528000,2856.880000,1.718432
33.456000,2590.544000,1.559282
25.584000,556.944000,0.936668
36.080000,1609.168000,1.000376
32.144000,1763.984000,1.157652
15.088000,812.784000,1.214555
21.648000,1582.928000,1.448977
28.208000,3085.168000,0.736393
16.400000,2980.208000,0.678140
21.648000,2164.144000,0.730582
29.520000,2257.296000,0.729616
20.336000,2745.360000,0.875909
8.528000,1702.320000,1.027950
20.336000,999.088000,0.772619
36.080000,2750.608000,0.689419
33.456000,731.440000,0.979448
25.584000,1352.016000,0.665582
26.896000,3145.520000,1.305588
28.208000,766.864000,0.776393
13.776000,598.928000,2.842281
25.584000,413.936000,0.727981
29.520000,698.640000,1.264707
37.392000,1672.144000,0.964483
21.648000,568.752000,2.887589
4.592000,158.096000,0.700139
3.280000,2187.760000,0.690242
5.904000,337.840000,1.129483
22.960000,2904.112000,0.755396
3.280000,2489.520000,1.689734
29.520000,2977.584000,0.891827
28.208000,1680.016000,1.161291
7.216000,2742.736000,0.661600
37.392000,1498.960000,1.140135
17.712000,3207.184000,0.686662
32.144000,1521.264000,0.767795
28.208000,1558.000000,0.784765
11.152000,2708.624000,0.923713
20.336000,715.696000,0.972770
15.088000,976.784000,0.885845
5.904000,592.368000,1.298638
12.464000,2148.400000,1.213202
25.584000,1908.304000,0.801140
21.648000,654.032000,0.752984
3.280000,2616.784000,1.329805
22.960000,2716.496000,1.329373
26.896000,2149.712000,0.773192
7.216000,96.432000,0.871685
5.904000,2456.720000,0.770942
11.152000,324.720000,0.785942
22.960000,1547.504000,0.937782
20.336000,2908.048000,1.654180
4.592000,193.520000,0.773680
19.024000,972.848000,0.803916
34.768000,1474.032000,1.156648
34.768000,1413.680000,0.951668
36.080000,798.352000,0.925586
1.968000,816.720000,0.667757
24.272000,1203.760000,1.272342
8.528000,2246.800000,0.742609
26.896000,2219.248000,0.666512
21.648000,2667.952000,0.956718
21.648000,2374.064000,0.908147
0.656000,785.232000,0.740652
9.840000,133.168000,0.671736
25.584000,2665.328000,1.068071
32.144000,2690.256000,0.675200
4.592000,945.296000,1.214550
29.520000,874.448000,1.651886
4.592000,1829.584000,0.673224
24.272000,248.624000,1.110642
28.208000,647.472000,0.799035
24.272000,2830.640000,0.711869
12.464000,748.496000,0.878137
26.896000,2779.472000,2.051968
36.080000,992.528000,1.857327
19.024000,1874.192000,0.874053
32.144000,1338.896000,1.115837
24.272000,1459.600000,0.668503
9.840000,1310.032000,0.695161
38.704000,2946.096000,0.929249
8.528000,1501.584000,0.668702
0.656000,543.824000,1.406610
16.400000,597.616000,0.833914
17.712000,198.768000,0.657959
24.272000,66.256000,1.112729
0.656000,2135.280000,1.180261
7.216000,95.120000,1.203954
33.456000,1278.544000,0.736715
1.968000,1733.808000,1.031721
26.896000,1823.024000,0.867750
12.464000,1483.216000,1.410655
20.336000,890.192000,0.713639
3.280000,1139.472000,0.982227
0.656000,2978.896000,0.787030
37.392000,2745.360000,0.771065
36.080000,919.056000,2.194848
19.024000,268.304000,0.779001
21.648000,1142.096000,0.741946
26.896000,663.216000,1.105156
7.216000,794.416000,0.782582
25.584000,1400.560000,0.664078
28.208000,1135.536000,1.353286
13.776000,1516.016000,0.927104
12.464000,2713.872000,1.009831
24.272000,270.928000,1.187893
30.832000,2839.824000,0.931879
30.832000,820.656000,0.758800
13.776000,144.976000,0.790198
4.592000,2431.792000,0.987529
12.464000,2396.368000,0.679026
20.336000,769.488000,0.709880
9.840000,734.064000,1.195906
30.832000,1089.616000,0.924914
12.464000,2493.456000,1.201164
5.904000,1139.472000,0.905934
25.584000,3180.944000,1.237231
25.584000,1966.032000,0.983863
30.832000,221.072000,0.809265
29.520000,1994.896000,0.790942
12.464000,1090.928000,0.844438
5.904000,1203.760000,1.224626
5.904000,1334.960000,1.366073
0.656000,1959.472000,1.235288
3.280000,2593.168000,1.308830
3.280000,1501.584000,0.726571
21.648000,1378.256000,1.566315
12.464000,1202.448000,1.585009
12.464000,1418.928000,0.924200
11.152000,420.496000,0.832141
8.528000,3208.496000,1.688249
4.592000,862.640000,0.795634
30.832000,598.928000,1.547448
25.584000,2998.576000,1.168855
20.336000,2275.664000,1.467265
32.144000,291.920000,0.775947
25.584000,1468.784000,0.756689
7.216000,589.744000,1.096657
12.464000,2871.312000,0.827129
8.528000,2330.768000,1.086370
21.648000,146.288000,0.693787
20.336000,1142.096000,1.121731
26.896000,869.200000,0.792404
11.152000,3171.760000,0.727365
9.840000,2442.288000,0.962049
29.520000,1892.560000,0.978901
4.592000,2953.968000,1.252681
36.080000,2111.664000,0.662846
12.464000,329.968000,1.333501
8.528000,2551.184000,0.768735
21.648000,141.040000,0.769589
13.776000,3183.568000,0.977438
19.024000,2864.752000,1.762124
12.464000,2485.584000,0.777126
0.656000,2366.192000,1.158796
29.520000,333.904000,0.971080
13.776000,541.200000,0.706759
38.704000,2202.192000,0.682261
8.528000,1664.272000,0.932818
34.768000,1281.168000,0.913140
25.584000,1589.488000,1.453188
12.464000,2850.320000,1.696165
8.528000,782.608000,1.926665
38.704000,2952.656000,0.751592
4.592000,1117.168000,1.143775
4.592000,1184.080000,0.679630
12.464000,1857.136000,0.823635
17.712000,1652.464000,0.798545
33.456000,1632.784000,0.959154
19.024000,1107.984000,1.150727
0.656000,1073.872000,0.665013
1.968000,1001.712000,1.138854
11.152000,1173.584000,0.668469
7.216000,183.024000,1.175395
33.456000,2098.544000,1.278565
5.904000,2266.480000,0.819987
24.272000,1645.904000,1.025393
13.776000,1758.736000,0.879698
3.280000,605.488000,1.675602
22.960000,516.272000,0.685046
15.088000,873.136000,0.689686
11.152000,2123.472000,2.235057
9.840000,861.328000,0.731107
12.464000,3184.880000,1.011150
29.520000,626.480000,0.754575
12.464000,512.336000,0.852675
26.896000,945.296000,0.874282
24.272000,221.072000,1.570301
30.832000,209.264000,0.719998
24.272000,2845.072000,0.684319
4.592000,2280.912000,0.986020
30.832000,778.672000,0.829755
24.272000,2141.840000,0.835635
26.896000,1228.688000,0.761086
5.904000,2502.640000,0.817826
1.968000,2347.824000,1.230712
16.400000,690.768000,1.215050
20.336000,362.768000,0.748860
28.208000,252.560000,1.129264
28.208000,2628.592000,1.350482
37.392000,1906.992000,1.914001
21.648000,1513.392000,0.727211
0.656000,1567.184000,0.751118
8.528000,264.368000,0.869925
11.152000,1346.768000,1.775062
29.520000,1960.784000,1.482515
13.776000,3175.696000,0.831372
4.592000,574.000000,1.116606
15.088000,1607.856000,0.771638
11.152000,1960.784000,1.373359
16.400000,2825.392000,0.846140
34.768000,2161.520000,0.909212
22.960000,2559.056000,0.770043
15.088000,2876.560000,1.001397
24.272000,1533.072000,1.655134
13.776000,2711.248000,0.901895
5.904000,1464.848000,0.759348
11.152000,3005.136000,0.695920
4.592000,827.216000,0.680076
25.584000,3137.648000,1.005317
26.896000,1376.944000,0.876802
9.840000,1051.568000,0.889869
21.648000,2682.384000,0.895854
12.464000,2910.672000,0.855721
19.024000,1270.672000,1.110670
29.520000,2442.288000,0.828082
0.656000,732.752000,0.975542
37.392000,1501.584000,0.807535
15.088000,744.560000,0.960599
38.704000,2015.888000,0.827931
13.776000,2482.960000,1.069191
16.400000,354.896000,1.055568
26.896000,1260.176000,1.092951
19.024000,2039.504000,0.894370
34.768000,1026.640000,0.959424
22.960000,2224.496000,0.839130
33.456000,534.640000,0.663083
5.904000,2004.080000,0.989585
9.840000,879.696000,0.814010
38.704000,1352.016000,0.908679
21.648000,2088.048000,0.670646
21.648000,2888.368000,0.793450
17.712000,2998.576000,0.810838
9.840000,1307.408000,1.131340
8.528000,3190.128000,0.670790
0.656000,1504.208000,1.156530
28.208000,2430.480000,0.743728
28.208000,1676.080000,0.657160
8.528000,567.440000,0.724688
33.456000,1948.976000,1.021129
32.144000,1025.328000,0.736526
3.280000,2304.528000,0.733579
28.208000,95.120000,1.490199
11.152000,2569.552000,1.176384
24.272000,2423.920000,0.669809
1.968000,1097.488000,0.843151
11.152000,2681.072000,0.969268
9.840000,1380.880000,0.828023
22.960000,2694.192000,0.824978
38.704000,2292.720000,0.729078
13.776000,991.216000,1.809176
24.272000,1134.224000,0.696377
36.080000,71.504000,1.670176
25.584000,926.928000,0.781862
12.464000,1408.432000,0.698304
3.280000,1735.120000,1.134163
1.968000,2594.480000,0.694372
11.152000,1244.432000,0.962602
25.584000,2203.504000,0.780031
33.456000,2923.792000,0.896381
25.584000,2863.440000,0.682530
19.024000,2880.496000,0.892030
20.336000,1029.264000,0.737899
17.712000,2660.080000,1.145496
15.088000,1107.984000,0.672547
30.832000,2797.840000,0.819303
25.584000,1029.264000,0.746086
16.400000,870.512000,0.873239
30.832000,605.488000,1.747810
30.832000,2200.880000,0.788991
37.392000,756.368000,0.907114
8.528000,2536.752000,0.816563
8.528000,2119.536000,0.839593
20.336000,2463.280000,0.755225
25.584000,1732.496000,1.230590
17.712000,2761.104000,0.899562
8.528000,2946.096000,0.676229
16.400000,312.912000,0.855750
34.768000,3083.856000,1.428773
28.208000,2103.792000,0.880148
33.456000,2398.992000,1.578534
3.280000,3093.040000,0.717639
3.280000,964.976000,0.932565
20.336000,824.592000,0.780284
22.960000,735.376000,0.689366
26.896000,78.064000,0.733679
38.704000,1682.640000,1.220227
28.208000,1005.648000,0.684755
38.704000,2765.040000,0.720903
11.152000,2109.040000,0.834619
9.840000,2640.400000,0.909895
4.592000,538.576000,1.447889
16.400000,2031.632000,0.903975
26.896000,1152.592000,0.702034
4.592000,105.616000,0.742608
29.520000,2713.872000,1.168739
11.152000,2745.360000,1.995426
15.088000,2514.448000,0.671962
22.960000,1294.288000,1.193920
17.712000,1550.128000,0.774634
16.400000,2392.432000,0.781205
25.584000,2618.096000,0.917289
9.840000,2711.248000,0.806902
17.712000,762.928000,0.908457
1.968000,1876.816000,1.005299
19.024000,934.800000,0.882212
17.712000,827.216000,1.442573
13.776000,850.832000,1.470396
21.648000,874.448000,0.990253
25.584000,54.448000,0.779389
4.592000,129.232000,0.671460
15.088000,25.584000,0.677775
30.832000,1165.712000,1.358110
17.712000,1846.640000,1.090040
37.392000,1230.000000,0.672210
22.960000,2636.464000,0.725222
17.712000,2606.288000,0.777560
9.840000,142.352000,0.725899
37.392000,3141.584000,0.892410
5.904000,1779.728000,0.911564
5.904000,273.552000,0.712148
12.464000,337.840000,0.778469
21.648000,1004.336000,0.793775
25.584000,3175.696000,0.717642
25.584000,768.176000,0.750994
36.080000,842.960000,0.741586
28.208000,2196.944000,1.019895
33.456000,89.872000,2.254291
11.152000,922.992000,0.677067
22.960000,2931.664000,1.185627
32.144000,1619.664000,0.984066
16.400000,2477.712000,0.784844
17.712000,2005.392000,2.244637
30.832000,318.160000,1.206530
33.456000,2601.040000,0.906200
25.584000,1676.080000,1.000135
26.896000,1104.048000,1.049173
33.456000,592.368000,0.750543
12.464000,3003.824000,0.948053
32.144000,1979.152000,1.938489
37.392000,1407.120000,1.075450
19.024000,2009.328000,0.743724
19.024000,2368.816000,0.748317
37.392000,2185.136000,0.863481
1.968000,1535.696000,0.841368
19.024000,2035.568000,0.772385
9.840000,1050.256000,1.797837
24.272000,1988.336000,0.759605
11.152000,1716.752000,0.671100
21.648000,1025.328000,1.187423
36.080000,1956.848000,0.797213
24.272000,2645.648000,0.928584
11.152000,1782.352000,0.793235
19.024000,3019.568000,0.830968
20.336000,2601.040000,0.859670
24.272000,2406.864000,0.842748
5.904000,350.960000,0.791988
16.400000,497.904000,1.061516
22.960000,835.088000,0.894246
22.960000,2438.352000,0.758547
9.840000,2452.784000,0.660201
36.080000,1560.624000,0.712951
0.656000,257.808000,0.771724
5.904000,2522.320000,0.793023
19.024000,223.696000,0.742436
4.592000,1365.136000,1.712583
0.656000,2534.128000,0.926902
19.024000,2393.744000,1.014653
12.464000,408.688000,0.744998
36.080000,1850.576000,0.669205
32.144000,2585.296000,0.736788
3.280000,1577.680000,0.737887
13.776000,2177.264000,0.750173
9.840000,2422.608000,0.679254
37.392000,758.992000,0.900876
15.088000,356.208000,0.684352
0.656000,2625.968000,0.681798
21.648000,390.320000,0.834136
25.584000,715.696000,1.578115
34.768000,1855.824000,0.927388
32.144000,239.440000,1.050404
20.336000,1997.520000,2.306625
34.768000,789.168000,0.754094
22.960000,2376.688000,0.692791
7.216000,449.360000,0.826194
5.904000,2746.672000,1.592842
16.400000,1613.104000,1.053499
30.832000,235.504000,0.760378
34.768000,1744.304000,0.886412
19.024000,2296.656000,0.898793
12.464000,1319.216000,1.446318
37.392000,1698.384000,0.997354
32.144000,2632.528000,1.125949
17.712000,1026.640000,0.937866
25.584000,2590.544000,1.373472
13.776000,2488.208000,1.051368
26.896000,3196.688000,0.677150
8.528000,1176.208000,1.668257
20.336000,2698.128000,0.807564
15.088000,2253.360000,1.402540
32.144000,360.144000,0.667727
22.960000,1080.432000,0.854945
0.656000,236.816000,0.716419
21.648000,601.552000,0.905308
25.584000,1050.256000,1.525334
0.656000,860.016000,0.971301
8.528000,2648.272000,0.853039
32.144000,2927.728000,0.808172
11.152000,542.512000,1.281744
25.584000,211.888000,1.474016
13.776000,831.152000,0.782074
28.208000,2645.648000,0.994008
15.088000,2619.408000,0.819414
17.712000,1580.304000,0.738402
15.088000,1526.512000,0.713616
19.024000,1199.824000,0.778407
17.712000,3133.712000,0.943295
25.584000,3199.312000,0.857014
11.152000,2759.792000,0.747364
21.648000,574.000000,1.263199
21.648000,410.000000,0.702826
16.400000,983.344000,1.416351
11.152000,1497.648000,0.677042
1.968000,28.208000,0.700459
26.896000,2185.136000,1.017918
20.336000,2279.600000,1.091243
38.704000,945.296000,1.808909
33.456000,3188.816000,0.728838
8.528000,21.648000,1.262963
36.080000,2636.464000,0.944678
5.904000,2498.704000,1.380826
26.896000,328.656000,0.939288
33.456000,1188.016000,1.146217
21.648000,1984.400000,1.396900
13.776000,2254.672000,1.082544
20.336000,1817.776000,0.851741
7.216000,345.712000,1.457867
5.904000,1319.216000,0.686543
21.648000,2570.864000,1.149724
26.896000,907.248000,2.387176
5.904000,2971.024000,0.692108
4.592000,930.864000,0.739019
37.392000,221.072000,2.591441
8.528000,1757.424000,0.751875
38.704000,2775.536000,0.700727
11.152000,1690.512000,1.106747
11.152000,961.040000,1.313370
33.456000,1369.072000,0.909257
15.088000,277.488000,1.063650
26.896000,163.344000,0.848124
5.904000,3030.064000,0.810132
38.704000,950.544000,0.747280
36.080000,432.304000,0.853287
5.904000,1918.800000,0.744426
13.776000,2674.512000,0.663556
0.656000,1607.856000,1.463374
7.216000,2691.568000,1.436789
19.024000,706.512000,0.937181
21.648000,1438.608000,0.831080
30.832000,593.680000,0.673711
24.272000,2068.368000,0.861037
22.960000,3062.864000,0.776020
19.024000,1295.600000,0.686398
34.768000,2034.256000,0.871455
16.400000,1370.384000,1.479233
25.584000,797.040000,0.990061
5.904000,2503.952000,1.094380
33.456000,496.592000,1.733886
19.024000,243.376000,0.970515
33.456000,2464.592000,1.843207
28.208000,2447.536000,0.878007
8.528000,660.592000,0.694430
29.520000,3149.456000,0.731133
15.088000,3068.112000,0.870166
9.840000,3102.224000,0.754833
25.584000,1550.128000,0.824247
4.592000,2378.000000,0.789190
17.712000,1941.104000,1.237002
30.832000,63.632000,0.855944
38.704000,164.656000,1.208528
5.904000,2519.696000,0.915979
20.336000,3166.512000,1.472116
13.776000,3049.744000,1.312419
11.152000,2372.752000,1.092219
11.152000,882.320000,0.815909
38.704000,819.344000,0.880879
24.272000,28.208000,1.183993
28.208000,2202.192000,1.266574
1.968000,3083.856000,0.852362
28.208000,118.736000,0.666524
0.656000,2061.808000,1.252843
33.456000,2555.120000,0.938209
5.904000,1286.416000,1.321555
3.280000,3116.656000,0.777625
36.080000,2032.944000,1.056748
26.896000,980.720000,1.547031
13.776000,2953.968000,1.008728
38.704000,1901.744000,0.973928
0.656000,601.552000,1.635297
17.712000,922.992000,0.738474
26.896000,800.976000,0.695167
29.520000,1884.688000,0.972842
20.336000,1516.016000,0.989707
26.896000,327.344000,0.721391
21.648000,1687.888000,0.957766
3.280000,1967.344000,0.767479
32.144000,836.400000,0.881008
9.840000,1454.352000,1.125117
3.280000,2152.336000,1.292801
25.584000,2032.944000,0.693990
13.776000,2698.128000,0.658641
38.704000,411.312000,0.815863
7.216000,1327.088000,1.558582
22.960000,1728.560000,0.704653
12.464000,1153.904000,0.941621
28.208000,2897.552000,0.735780
7.216000,2825.392000,0.906757
11.152000,1143.408000,1.354619
15.088000,43.952000,0.679185
34.768000,458.544000,0.856402
32.144000,2355.696000,1.328940
0.656000,1769.232000,0.981671
37.392000,2170.704000,0.848646
17.712000,2484.272000,0.695547
29.520000,1996.208000,1.064971
11.152000,2027.696000,0.768672
13.776000,2245.488000,0.817128
26.896000,2479.024000,1.361226
17.712000,749.808000,0.887819
28.208000,1069.936000,0.871047
20.336000,2696.816000,0.670324
36.080000,975.472000,0.778918
36.080000,2017.200000,0.798338
19.024000,1627.536000,1.017221
16.400000,2387.184000,1.298066
7.216000,272.240000,0.867972
17.712000,151.536000,0.709513
16.400000,558.256000,0.847037
21.648000,2200.880000,0.752911
29.520000,967.600000,0.678655
13.776000,210.576000,0.833655
33.456000,1863.696000,1.201842
0.656000,1538.320000,0.803076
28.208000,2667.952000,0.708101
17.712000,263.056000,1.243823
26.896000,1170.960000,1.962609
7.216000,2145.776000,0.746220
4.592000,1294.288000,0.660067
8.528000,3068.112000,0.999358
3.280000,1316.592000,1.490673
29.520000,883.632000,0.717643
28.208000,2157.584000,1.074437
13.776000,824.592000,0.831492
16.400000,758.992000,0.662266
11.152000,724.880000,0.928654
28.208000,230.256000,0.718183
37.392000,652.720000,0.714437
37.392000,25.584000,0.874226
38.704000,2615.472000,0.721339
4.592000,3180.944000,1.152890
1.968000,1979.152000,0.857119
22.960000,356.208000,1.241632
28.208000,972.848000,0.747876
9.840000,581.872000,0.994488
29.520000,1460.912000,0.833773
30.832000,2111.664000,0.675021
9.840000,2578.736000,0.856228
25.584000,882.320000,1.159599
32.144000,3191.440000,0.811285
11.152000,1412.368000,1.193299
29.520000,282.736000,1.404469
30.832000,2349.136000,0.871585
34.768000,1344.144000,1.331755
17.712000,1195.888000,0.786287
38.704000,1905.680000,0.699216
29.520000,104.304000,1.798405
5.904000,2506.576000,1.172134
12.464000,3015.632000,0.890539
29.520000,2112.976000,1.106281
24.272000,2417.360000,0.766792
38.704000,1357.264000,1.326085
17.712000,2566.928000,0.695022
26.896000,2427.856000,1.178900
29.520000,1672.144000,0.903038
37.392000,873.136000,0.813515
33.456000,2982.832000,0.845478
11.152000,2568.240000,0.664510
20.336000,1669.520000,0.839567
17.712000,2354.384000,0.671420
28.208000,469.040000,1.186890
20.336000,3010.384000,1.316135
17.712000,1355.952000,1.060583
33.456000,2565.616000,0.760584
21.648000,219.760000,2.996709
34.768000,1379.568000,0.709194
7.216000,2868.688000,0.831587
0.656000,1960.784000,1.252786
19.024000,415.248000,0.869306
7.216000,3016.944000,0.912029
12.464000,1542.256000,0.768815
12.464000,576.624000,1.228361
11.152000,2148.400000,0.906891
0.656000,888.880000,1.150116
12.464000,2685.008000,1.302291
38.704000,2783.408000,0.967412
30.832000,881.008000,0.680846
16.400000,768.176000,1.038569
26.896000,1981.776000,0.842523
32.144000,445.424000,1.006969
9.840000,2206.128000,2.014559
13.776000,1058.128000,1.041518
20.336000,141.040000,0.934595
26.896000,2467.216000,0.700116
16.400000,2082.800000,0.961385
12.464000,2583.984000,0.881953
38.704000,2410.800000,0.801997
4.592000,3116.656000,0.717472
13.776000,1216.880000,1.064889
38.704000,2262.544000,0.887977
17.712000,795.728000,0.831877
26.896000,1232.624000,0.943226
28.208000,3182.256000,0.691353
3.280000,2208.752000,0.696171
4.592000,2143.152000,1.012627
37.392000,2665.328000,0.989014
5.904000,591.056000,0.789989
12.464000,1799.408000,0.896529
37.392000,2240.240000,0.921719
25.584000,2038.192000,0.913254
11.152000,2597.104000,1.001392
13.776000,710.448000,0.890957
19.024000,2612.848000,1.336484
11.152000,1865.008000,0.720802
25.584000,201.392000,1.116550
9.840000,2253.360000,0.680659
4.592000,3107.472000,0.788154
26.896000,1639.344000,0.866166
24.272000,1016.144000,0.978195
38.704000,2608.912000,0.938259
36.080000,3106.160000,2.471651
9.840000,509.712000,1.354456
17.712000,1042.384000,0.722505
33.456000,563.504000,1.000860
33.456000,2498.704000,0.673766
20.336000,2147.088000,1.710528
9.840000,2017.200000,0.690075
24.272000,125.296000,0.831286
4.592000,1589.488000,0.827648
29.520000,505.776000,0.968931
26.896000,576.624000,1.051615
17.712000,441.488000,0.882760
29.520000,2648.272000,0.759168
11.152000,1169.648000,1.867465
20.336000,2726.992000,0.697603
22.960000,2901.488000,0.899131
38.704000,2211.376000,0.826237
12.464000,1694.448000,0.876558
17.712000,2122.160000,0.796041
17.712000,753.744000,0.890159
12.464000,1879.440000,1.021814
37.392000,2056.560000,1.111907
38.704000,2469.840000,0.789097
32.144000,891.504000,1.310216
20.336000,2530.192000,1.682671
32.144000,1094.864000,1.454677
26.896000,2475.088000,0.735919
12.464000,1434.672000,1.114329
34.768000,3087.792000,1.084407
24.272000,1165.712000,1.243614
24.272000,2265.168000,0.874858
12.464000,2728.304000,0.679834
19.024000,1707.568000,0.762055
25.584000,0.656000,0.778003
11.152000,2704.688000,1.064805
28.208000,1407.120000,1.347491
30.832000,1941.104000,0.955701
19.024000,2496.080000,0.772055
32.144000,1680.016000,1.132930
33.456000,2494.768000,1.052134
32.144000,1273.296000,0.810894
4.592000,1405.808000,0.865138
32.144000,1847.952000,1.247706
0.656000,932.176000,0.939329
9.840000,2296.656000,1.938721
24.272000,2031.632000,0.997369
21.648000,879.696000,0.706120
5.904000,347.024000,0.709156
8.528000,1920.112000,0.981502
11.152000,173.840000,0.668871
20.336000,2805.712000,1.088375
30.832000,252.560000,0.987500
29.520000,1487.152000,0.893603
15.088000,2595.792000,0.683386
8.528000,631.728000,1.780889
16.400000,2500.016000,1.093895
3.280000,2814.896000,1.561284
30.832000,2231.056000,0.939598
22.960000,1253.616000,0.788309
8.528000,1537.008000,1.101603
3.280000,3031.376000,0.846574
15.088000,1748.240000,1.734652
33.456000,392.944000,0.769715
33.456000,2809.648000,1.065803
5.904000,793.104000,0.810592
33.456000,71.504000,0.819731
26.896000,1135.536000,0.907829
24.272000,1996.208000,0.827259
22.960000,133.168000,0.770067
34.768000,1125.040000,2.157587
0.656000,374.576000,0.748825
1.968000,2863.440000,1.111954
33.456000,2862.128000,0.752145
26.896000,1988.336000,1.490371
33.456000,2527.568000,0.691734
15.088000,2547.248000,0.768905
5.904000,2846.384000,0.918374
11.152000,2994.640000,1.455576
32.144000,3203.248000,1.422320
20.336000,379.824000,0.802600
9.840000,2015.888000,0.933375
0.656000,1370.384000,0.847079
33.456000,2465.904000,0.821948
20.336000,2888.368000,0.739319
20.336000,2145.776000,0.786445
34.768000,2702.064000,1.216638
21.648000,2346.512000,0.986630
20.336000,378.512000,0.739552
19.024000,2847.696000,1.314692
12.464000,436.240000,1.016450
32.144000,91.184000,0.980507
7.216000,568.752000,0.972594
24.272000,310.288000,0.941288
21.648000,2535.440000,0.669375
22.960000,2971.024000,0.963750
16.400000,522.832000,1.450182
12.464000,749.808000,1.059673
20.336000,697.328000,1.284771
32.144000,1899.120000,0.728850
4.592000,1174.896000,0.799450
7.216000,2556.432000,1.258555
28.208000,416.560000,1.035946
21.648000,820.656000,1.139869
0.656000,1863.696000,0.871809
9.840000,386.384000,1.310261
28.208000,423.120000,1.257031
11.152000,646.160000,1.091025
5.904000,1773.168000,1.388613
22.960000,820.656000,1.498875
38.704000,2744.048000,0.808722
7.216000,686.832000,0.729191
19.024000,2610.224000,1.129644
8.528000,1952.912000,0.875811
24.272000,2808.336000,0.657804
26.896000,639.600000,0.765604
15.088000,133.168000,0.710457
20.336000,1758.736000,0.675619
12.464000,1256.240000,0.823087
24.272000,1289.040000,0.692293
24.272000,323.408000,1.045344
7.216000,2286.160000,0.912543
33.456000,1392.688000,0.822886
5.904000,1471.408000,0.773809
37.392000,3142.896000,0.728208
29.520000,1618.352000,0.844328
37.392000,2151.024000,1.321975
30.832000,1067.312000,1.010748
13.776000,736.688000,1.358197
25.584000,701.264000,0.732840
24.272000,3002.512000,0.835937
17.712000,1241.808000,0.769128
36.080000,1636.720000,0.870619
25.584000,2767.664000,1.374336
22.960000,2358.320000,1.355595
33.456000,2078.864000,1.084979
24.272000,1733.808000,1.465919
34.768000,1050.256000,0.889597
17.712000,2590.544000,0.853419
15.088000,2724.368000,0.730140
24.272000,2091.984000,0.847792
12.464000,2501.328000,0.687295
29.520000,1863.696000,0.844296
13.776000,3218.992000,0.951699
37.392000,1455.664000,0.995563
24.272000,1714.128000,1.203924
13.776000,2057.872000,0.843382
15.088000,2322.896000,0.671842
33.456000,1184.080000,1.103810
37.392000,2006.704000,0.956867
1.968000,2350.448000,0.894178
13.776000,2527.568000,1.140311
33.456000,446.736000,0.676135
36.080000,2539.376000,1.552666
32.144000,2136.592000,0.925140
13.776000,2274.352000,0.871210
16.400000,1750.864000,0.731716
36.080000,2013.264000,0.828182
37.392000,2720.432000,0.796465
30.832000,2964.464000,0.932633
17.712000,2696.816000,0.842964
11.152000,2364.880000,0.851934
24.272000,1537.008000,0.698006
32.144000,623.856000,0.762180
30.832000,974.160000,0.730711
26.896000,718.320000,0.674136
29.520000,1450.416000,0.868731
25.584000,1707.568000,1.027788
37.392000,2102.480000,0.829198
8.528000,3207.184000,0.725926
12.464000,2820.144000,0.684525
1.968000,1694.448000,2.042953
3.280000,1001.712000,0.658694
1.968000,2997.264000,0.911396
36.080000,1589.488000,0.667090
36.080000,831.152000,0.758774
21.648000,2431.792000,0.679080
15.088000,2936.912000,1.059179
28.208000,795.728000,0.703242
30.832000,697.328000,1.117974
12.464000,677.648000,0.834676
9.840000,20.336000,1.127539
0.656000,2287.472000,0.758023
32.144000,1017.456000,0.758220
5.904000,142.352000,1.918037
29.520000,1707.568000,1.074386
9.840000,2594.480000,1.198324
12.464000,496.592000,0.770674
17.712000,1390.064000,0.780905
36.080000,1672.144000,0.684385
4.592000,1142.096000,0.681716
34.768000,2616.784000,0.847161
32.144000,2008.016000,0.737371
30.832000,1716.752000,1.677575
9.840000,2784.720000,0.778785
24.272000,2261.232000,1.179895
30.832000,1413.680000,1.423819
19.024000,760.304000,0.657793
37.392000,1311.344000,1.332877
32.144000,1661.648000,0.755813
3.280000,1867.632000,0.887827
4.592000,2854.256000,1.050956
21.648000,1079.120000,0.960862
26.896000,1005.648000,0.673333
0.656000,588.432000,0.845994
30.832000,1392.688000,0.675628
9.840000,251.248000,1.560009
4.592000,979.408000,2.179560
16.400000,2472.464000,1.005681
16.400000,1733.808000,1.141750
5.904000,3.280000,1.141305
3.280000,3179.632000,0.765879
13.776000,1035.824000,0.962507
30.832000,159.408000,0.781760
12.464000,2704.688000,0.773326
34.768000,1826.960000,0.695883
11.152000,2262.544000,0.708546
13.776000,459.856000,0.685239
21.648000,1784.976000,1.013913
11.152000,2540.688000,1.533752
4.592000,1967.344000,0.736140
12.464000,2629.904000,0.962594
4.592000,496.592000,1.099125
29.520000,1059.440000,0.870501
0.656000,1307.408000,0.983991
33.456000,3215.056000,1.600755
20.336000,865.264000,0.664273
25.584000,803.600000,0.783370
22.960000,1064.688000,1.156663
8.528000,442.800000,0.687832
20.336000,1816.464000,0.866223
16.400000,79.376000,0.880956
28.208000,2345.200000,0.938562
26.896000,1771.856000,0.724407
17.712000,3070.736000,0.766223
16.400000,2795.216000,0.790661
9.840000,2599.728000,1.164281
13.776000,1605.232000,1.745489
37.392000,1445.168000,0.676789
12.464000,238.128000,0.785426
12.464000,211.888000,0.868187
26.896000,2410.800000,0.710955
12.464000,1689.200000,0.803347
0.656000,2573.488000,1.091072
4.592000,3166.512000,0.883226
11.152000,663.216000,1.320364
28.208000,2712.560000,0.894917
33.456000,2733.552000,0.924977
25.584000,13.776000,0.804478
36.080000,2585.296000,0.768229
1.968000,1201.136000,1.467684
4.592000,2929.040000,0.847064
13.776000,947.920000,0.876513
29.520000,2915.920000,1.136232
32.144000,2154.960000,2.161691
22.960000,2141.840000,1.245026
28.208000,630.416000,0.811536
34.768000,1993.584000,1.016933
13.776000,1388.752000,0.888676
36.080000,1079.120000,1.003988
17.712000,34.768000,1.338306
13.776000,634.352000,0.718971
19.024000,437.552000,0.814214
36.080000,3010.384000,1.703387
30.832000,110.864000,1.097477
19.024000,1302.160000,0.716473
13.776000,958.416000,0.779242
1.968000,2530.192000,0.844094
12.464000,917.744000,0.689573
15.088000,3200.624000,0.791366
5.904000,1803.344000,0.976251
24.272000,2502.640000,0.961747
4.592000,2434.416000,1.405637
11.152000,770.800000,1.508696
21.648000,2077.552000,0.829387
15.088000,1704.944000,1.525867
5.904000,735.376000,0.691481
13.776000,2203.504000,1.403403
21.648000,1055.504000,1.603777
38.704000,2835.888000,0.726620
28.208000,636.976000,0.756831
4.592000,661.904000,0.780423
38.704000,1559.312000,0.718147
21.648000,773.424000,1.048394
29.520000,772.112000,1.521600
28.208000,177.776000,0.704195
24.272000,2461.968000,0.656709
8.528000,2820.144000,1.412725
26.896000,2076.240000,1.233799
24.272000,225.008000,1.008518
29.520000,634.352000,1.036943
36.080000,2737.488000,0.872983
1.968000,2898.864000,0.905727
38.704000,59.696000,0.740063
3.280000,1861.072000,1.011234
28.208000,2585.296000,0.722386
15.088000,1470.096000,0.657701
28.208000,656.656000,0.807001
19.024000,2405.552000,1.128704
25.584000,551.696000,1.017230
33.456000,278.800000,1.141436
36.080000,804.912000,1.211397
19.024000,2036.880000,0.733447
22.960000,1464.848000,1.315145
7.216000,1401.872000,0.944840
28.208000,601.552000,0.664677
1.968000,1958.160000,0.789319
29.520000,1216.880000,0.849819
37.392000,1896.496000,1.562292
29.520000,2149.712000,0.945551
26.896000,2963.152000,0.828406
12.464000,2282.224000,0.759520
19.024000,406.064000,0.687019
12.464000,2507.888000,0.688734
21.648000,1901.744000,0.855129
20.336000,1127.664000,1.026269
0.656000,2741.424000,0.933310
0.656000,3138.960000,0.680625
21.648000,1310.032000,0.763856
7.216000,1765.296000,0.934582
5.904000,1136.848000,1.292394
21.648000,2685.008000,0.856720
22.960000,524.144000,1.026519
21.648000,200.080000,1.778585
29.520000,3159.952000,1.051475
28.208000,3070.736000,1.356210
9.840000,2450.160000,0.676801
11.152000,3052.368000,0.675690
1.968000,1933.232000,0.775294
11.152000,373.264000,1.197166
19.024000,30.832000,0.857085
12.464000,2965.776000,0.998916
20.336000,2311.088000,1.008288
4.592000,2603.664000,0.702981
29.520000,1315.280000,0.830507
11.152000,1699.696000,0.690123
22.960000,1632.784000,1.155925
0.656000,1934.544000,0.942434
15.088000,1737.744000,1.581183
4.592000,438.864000,0.845435
22.960000,1136.848000,1.006610
36.080000,791.792000,1.283008
21.648000,738.000000,0.678145
8.528000,2038.192000,0.663808
15.088000,2501.328000,1.284939
21.648000,462.480000,1.016196
22.960000,46.576000,1.168959
13.776000,1212.944000,0.776243
11.152000,2316.336000,1.040949
25.584000,1522.576000,2.270898
19.024000,207.952000,0.660020
38.704000,2902.800000,1.159886
7.216000,298.480000,1.059318
3.280000,2566.928000,0.803160
8.528000,2374.064000,0.710189
0.656000,1781.040000,1.097724
25.584000,1952.912000,1.279202
13.776000,2244.176000,0.666739
36.080000,3157.328000,0.668104
21.648000,2295.344000,0.895639
20.336000,3167.824000,1.020734
20.336000,2627.280000,1.096539
12.464000,19.024000,0.918721
33.456000,1702.320000,0.936653
12.464000,2101.168000,0.886031
13.776000,339.152000,0.715154
12.464000,2144.464000,1.103536
17.712000,1446.480000,0.807237
3.280000,226.320000,0.727862
29.520000,2229.744000,1.001768
29.520000,1955.536000,0.686952
20.336000,408.688000,0.958452
26.896000,1609.168000,0.730460
13.776000,2720.432000,0.710351
5.904000,1905.680000,1.263416
12.464000,2976.272000,1.037191
38.704000,814.096000,1.290668
3.280000,47.888000,1.578143
22.960000,2126.096000,1.088138
24.272000,1534.384000,0.751045
26.896000,1114.544000,1.118910
26.896000,755.056000,1.166317
4.592000,2106.416000,1.371541
15.088000,1584.240000,1.043985
3.280000,441.488000,0.868573
7.216000,2059.184000,1.090249
13.776000,2951.344000,1.095420
33.456000,1790.224000,1.110597
5.904000,3052.368000,0.724413
4.592000,2877.872000,1.600827
9.840000,301.104000,1.450682
32.144000,2439.664000,1.126266
4.592000,2160.208000,1.278473
33.456000,1450.416000,0.957680
34.768000,710.448000,0.728618
16.400000,2837.200000,0.976844
25.584000,1012.208000,0.670217
30.832000,928.240000,2.199418
21.648000,2168.080000,0.881278
36.080000,1357.264000,0.782854
22.960000,408.688000,0.902286
29.520000,1517.328000,0.888844
11.152000,900.688000,1.826015
37.392000,1966.032000,1.441888
3.280000,1454.352000,1.053965
3.280000,2799.152000,0.885093
34.768000,413.936000,0.730705
1.968000,2084.112000,0.998604
22.960000,1584.240000,1.310094
17.712000,989.904000,1.290838
4.592000,1320.528000,0.852057
24.272000,643.536000,0.901421
11.152000,41.328000,0.702087
28.208000,2050.000000,1.281243
0.656000,661.904000,1.087384
29.520000,1139.472000,0.904187
15.088000,1828.272000,0.959609
7.216000,1804.656000,0.825384
13.776000,1033.200000,1.387099
38.704000,2215.312000,0.932883
16.400000,1450.416000,0.698027
13.776000,1538.320000,0.662976
4.592000,1669.520000,1.193027
34.768000,112.176000,0.714662
15.088000,2523.632000,1.503727
9.840000,535.952000,0.677870
34.768000,1741.680000,1.347216
33.456000,118.736000,0.907291
4.592000,1287.728000,0.987340
34.768000,2219.248000,0.673555
34.768000,1893.872000,1.454779
0.656000,3150.768000,0.880070
21.648000,2736.176000,0.903918
11.152000,1868.944000,1.971381
11.152000,310.288000,0.748027
0.656000,2918.544000,0.688652
16.400000,2830.640000,0.777049
7.216000,3148.144000,0.725539
34.768000,1775.792000,0.933979
24.272000,992.528000,0.927056
1.968000,1698.384000,0.678657
24.272000,2280.912000,1.017565
20.336000,1167.024000,2.291053
28.208000,3183.568000,0.960277
26.896000,828.528000,1.222048
7.216000,2287.472000,0.880390
9.840000,545.136000,0.786385
34.768000,165.968000,0.664711
36.080000,692.080000,1.061157
21.648000,1345.456000,1.033358
33.456000,1135.536000,1.078493
4.592000,1677.392000,1.159506
20.336000,239.440000,1.150859
19.024000,2653.520000,0.833398
7.216000,1302.160000,1.133204
12.464000,2993.328000,1.243960
22.960000,2220.560000,1.260742
25.584000,2948.720000,0.693841
37.392000,2392.432000,1.288068
9.840000,1632.784000,0.706917
28.208000,352.272000,0.899951
37.392000,2524.944000,0.849885
37.392000,1163.088000,0.918606
30.832000,2316.336000,0.677641
32.144000,2309.776000,0.808984
5.904000,1428.112000,0.735434
26.896000,2604.976000,0.862129
12.464000,2849.008000,0.759923
4.592000,3015.632000,0.765383
28.208000,1109.296000,0.876978
20.336000,454.608000,1.103694
37.392000,2346.512000,0.676911
32.144000,428.368000,1.696774
24.272000,1979.152000,0.945015
36.080000,2019.824000,0.713989
11.152000,3020.880000,0.792188
34.768000,141.040000,1.160092
4.592000,1256.240000,0.772108
30.832000,1428.112000,1.055076
26.896000,2328.144000,0.766174
11.152000,1236.560000,0.719091
8.528000,2043.440000,0.807065
15.088000,137.104000,0.894933
38.704000,458.544000,0.975614
22.960000,2664.016000,0.726617
21.648000,1880.752000,0.695129
20.336000,3190.128000,0.659309
5.904000,1191.952000,0.878606
33.456000,2212.688000,2.176097
33.456000,1030.576000,0.671654
5.904000,1632.784000,1.751742
9.840000,594.992000,1.016661
25.584000,1008.272000,0.957534
30.832000,1597.360000,0.757279
24.272000,1916.176000,0.897323
1.968000,389.008000,0.771821
22.960000,625.168000,0.923414
5.904000,234.192000,1.017217
4.592000,1617.040000,1.013587
30.832000,2056.560000,1.127256
3.280000,1627.536000,0.738000
0.656000,2002.768000,0.680895
4.592000,1846.640000,0.854732
12.464000,2838.512000,0.768232
1.968000,2922.480000,0.679263
33.456000,1275.920000,0.778053
24.272000,803.600000,0.748754
12.464000,2880.496000,0.826666
15.088000,816.720000,1.053244
13.776000,1655.088000,0.815161
0.656000,106.928000,0.985399
5.904000,2953.968000,1.240092
29.520000,2536.752000,0.776071
26.896000,72.816000,1.466625
7.216000,1174.896000,0.681673
36.080000,3057.616000,1.014220
30.832000,2931.664000,0.902831
12.464000,1725.936000,1.868778
37.392000,196.144000,0.959650
13.776000,1496.336000,1.063810
11.152000,1100.112000,1.045605
5.904000,1805.968000,1.181135
36.080000,20.336000,0.660365
11.152000,2846.384000,0.722759
11.152000,2102.480000,1.406308
20.336000,335.216000,1.311106
24.272000,1495.024000,0.743517
33.456000,2717.808000,0.943365
32.144000,266.992000,1.787569
29.520000,2531.504000,0.954209
20.336000,201.392000,0.905793
33.456000,1567.184000,1.191249
21.648000,1155.216000,1.071583
38.704000,366.704000,0.707714
1.968000,2216.624000,0.695648
9.840000,907.248000,0.773659
30.832000,476.912000,1.353250
36.080000,287.984000,0.775256
17.712000,434.928000,1.257266
15.088000,2232.368000,0.672150
37.392000,551.696000,1.082886
8.528000,1310.032000,0.684886
17.712000,2890.992000,1.062360
0.656000,820.656000,0.712870
34.768000,2280.912000,0.663904
38.704000,1365.136000,2.003222
12.464000,51.824000,1.946346
19.024000,1954.224000,1.040633
9.840000,0.656000,1.003081
8.528000,1903.056000,0.739886
37.392000,2030.320000,1.335351
7.216000,1470.096000,1.106871
4.592000,2446.224000,1.341343
19.024000,1189.328000,0.682049
28.208000,1610.480000,1.012717
19.024000,2636.464000,1.032239
16.400000,623.856000,0.738392
38.704000,2754.544000,0.682825
1.968000,2488.208000,1.018168
15.088000,1790.224000,1.242736
15.088000,2720.432000,0.663732
12.464000,400.816000,1.019693
4.592000,2021.136000,0.900091
4.592000,1236.560000,0.717636
19.024000,1729.872000,0.799355
21.648000,2801.776000,0.968946
0.656000,1916.176000,0.910518
34.768000,2812.272000,1.820207
34.768000,891.504000,1.068425
30.832000,1358.576000,0.673478
12.464000,2585.296000,0.771382
0.656000,2139.216000,1.158373
38.704000,266.992000,1.039510
33.456000,2507.888000,0.769512
37.392000,1313.968000,1.306740
28.208000,2493.456000,0.815976
34.768000,1501.584000,0.791152
20.336000,580.560000,1.067573
32.144000,2791.280000,0.811806
26.896000,1319.216000,1.416205
20.336000,2233.680000,1.069876
20.336000,2422.608000,0.738249
19.024000,743.248000,1.553671
21.648000,1636.720000,1.300835
8.528000,3034.000000,0.663314
32.144000,2603.664000,2.185725
33.456000,4.592000,0.674301
30.832000,3056.304000,0.695499
12.464000,584.496000,1.117334
5.904000,92.496000,0.720938
7.216000,1842.704000,0.723401
26.896000,104.304000,0.846651
29.520000,453.296000,0.689968
30.832000,711.760000,0.892039
15.088000,1429.424000,0.741841
37.392000,293.232000,0.808574
17.712000,2408.176000,0.962589
12.464000,795.728000,0.693836
17.712000,682.896000,0.679106
16.400000,2971.024000,0.948818
26.896000,1916.176000,1.127435
26.896000,1582.928000,0.681964
37.392000,3005.136000,0.804562
22.960000,1887.312000,0.740161
22.960000,2022.448000,1.214519
8.528000,2972.336000,0.926880
5.904000,2216.624000,0.966902
1.968000,2894.928000,1.080006
32.144000,634.352000,0.801618
29.520000,2300.592000,0.668291
13.776000,158.096000,0.870319
29.520000,926.928000,0.742510
38.704000,869.200000,0.993990
8.528000,1683.952000,0.861309
32.144000,2943.472000,0.724322
8.528000,1253.616000,0.658993
16.400000,1980.464000,0.689219
26.896000,1182.768000,0.926214
30.832000,2098.544000,0.983915
1.968000,3018.256000,1.538384
3.280000,1887.312000,0.825932
33.456000,2721.744000,1.316343
21.648000,177.776000,1.327857
21.648000,1240.496000,0.683895
25.584000,1714.128000,0.821424
3.280000,2825.392000,1.435783
16.400000,1897.808000,1.220150
8.528000,886.256000,1.250115
19.024000,109.552000,0.944045
17.712000,458.544000,0.695975
21.648000,123.984000,0.882369
26.896000,2894.928000,0.922517
19.024000,2581.360000,1.277716
33.456000,2109.040000,1.464198
29.520000,1934.544000,1.084807
5.904000,520.208000,1.065042
26.896000,723.568000,1.423540
32.144000,1850.576000,0.728085
21.648000,1218.192000,1.026705
17.712000,2221.872000,1.594548
12.464000,1456.976000,0.837330
26.896000,1291.664000,0.877199
11.152000,1063.376000,1.030546
11.152000,2608.912000,1.119166
8.528000,2943.472000,1.227849
17.712000,3073.360000,0.874738
37.392000,2610.224000,1.039222
9.840000,356.208000,0.683415
1.968000,2766.352000,0.883934
13.776000,2623.344000,0.662991
16.400000,829.840000,0.699058
9.840000,1668.208000,1.157772
7.216000,389.008000,0.969820
26.896000,988.592000,0.999156
3.280000,2047.376000,0.717466
7.216000,2040.816000,1.228221
9.840000,821.968000,0.930933
4.592000,577.936000,0.834154
21.648000,1397.936000,0.907504
33.456000,585.808000,0.774164
33.456000,2046.064000,0.662437
28.208000,1769.232000,0.750058
0.656000,2318.960000,0.843970
3.280000,1920.112000,1.055190
28.208000,903.312000,0.914389
22.960000,1613.104000,1.292262
5.904000,2888.368000,1.009618
17.712000,483.472000,1.389686
26.896000,1955.536000,0.776723
8.528000,996.464000,0.996257
3.280000,2252.048000,0.741256
9.840000,2960.528000,0.901668
33.456000,1341.520000,0.665503
25.584000,1987.024000,0.669322
25.584000,2308.464000,0.959044
7.216000,3013.008000,0.836336
30.832000,1282.480000,0.950022
8.528000,976.784000,0.730933
22.960000,549.072000,0.657689
28.208000,2496.080000,0.659725
17.712000,2417.360000,0.689615
8.528000,2953.968000,0.746749
16.400000,1420.240000,0.724226
9.840000,371.952000,1.474331
34.768000,268.304000,0.923863
38.704000,2751.920000,0.666360
28.208000,2616.784000,0.797509
9.840000,3175.696000,0.828171
9.840000,2501.328000,0.828179
26.896000,2863.440000,0.893337
36.080000,2110.352000,0.680193
15.088000,1962.096000,0.780594
28.208000,1501.584000,1.249285
29.520000,340.464000,0.670669
7.216000,1138.160000,0.917277
22.960000,682.896000,0.879717
17.712000,1199.824000,0.669454
9.840000,1674.768000,0.912905
29.520000,1249.680000,1.247416
36.080000,1241.808000,0.708250
4.592000,1765.296000,0.795613
9.840000,168.592000,0.808967
3.280000,1652.464000,1.208541
32.144000,1809.904000,0.735295
7.216000,2359.632000,0.968234
4.592000,2103.792000,1.119394
0.656000,2219.248000,1.101301
4.592000,2737.488000,1.625708
24.272000,903.312000,1.211957
26.896000,3037.936000,1.018710
29.520000,176.464000,1.323392
3.280000,1252.304000,0.897599
3.280000,96.432000,1.055895
38.704000,1077.808000,0.792361
25.584000,2645.648000,1.044413
3.280000,2611.536000,0.798266
9.840000,517.584000,0.682413
0.656000,2562.992000,1.375681
0.656000,2294.032000,0.997081
36.080000,282.736000,0.699938
21.648000,2085.424000,0.743506
12.464000,1460.912000,1.470942
11.152000,42.640000,0.744067
21.648000,3091.728000,0.666732
13.776000,2215.312000,1.207481
38.704000,373.264000,0.937172
25.584000,1390.064000,0.973157
5.904000,231.568000,1.115404
22.960000,1013.520000,0.673710
26.896000,1758.736000,0.704560
1.968000,1993.584000,1.803371
32.144000,204.016000,0.802744
30.832000,40.016000,0.838461
33.456000,2974.960000,1.190962
16.400000,524.144000,1.363443
0.656000,340.464000,0.805359
21.648000,2978.896000,0.968805
33.456000,1728.560000,0.757402
34.768000,434.928000,1.055195
4.592000,1034.512000,1.521104
26.896000,463.792000,0.743110
0.656000,2746.672000,0.686453
36.080000,2396.368000,1.109856
5.904000,3026.128000,0.905379
22.960000,1838.768000,1.459097
20.336000,129.232000,0.989625
9.840000,289.296000,0.853533
17.712000,1731.184000,0.697279
1.968000,382.448000,1.437096
11.152000,49.200000,0.656610
4.592000,1719.376000,0.803574
4.592000,1697.072000,1.174221
32.144000,484.784000,1.060423
17.712000,1270.672000,0.866792
21.648000,2073.616000,0.724601
34.768000,2776.848000,1.415321
17.712000,2409.488000,0.965669
9.840000,900.688000,1.402803
13.776000,1149.968000,0.680372
26.896000,2317.648000,0.784491
9.840000,2060.496000,0.726066
13.776000,1945.040000,0.723166
29.520000,2940.848000,0.719181
38.704000,1298.224000,1.335198
3.280000,1421.552000,0.988516
21.648000,2439.664000,0.996735
25.584000,66.256000,0.822596
34.768000,2068.368000,0.720217
37.392000,663.216000,0.886905
7.216000,179.088000,0.789795
7.216000,3115.344000,1.076807
17.712000,11.152000,0.977383
0.656000,999.088000,0.966966
16.400000,1670.832000,0.785877
0.656000,2927.728000,2.994844
21.648000,730.128000,0.669792
0.656000,815.408000,0.826726
16.400000,3221.616000,0.777594
32.144000,3069.424000,0.843826
9.840000,3096.976000,0.975634
38.704000,1481.904000,0.726340
38.704000,1008.272000,1.130594
5.904000,856.080000,0.672276
7.216000,567.440000,0.737477
29.520000,289.296000,1.037616
30.832000,1534.384000,0.739354
5.904000,1295.600000,1.451459
7.216000,323.408000,0.988040
17.712000,2732.240000,0.876541
1.968000,899.376000,0.862295
30.832000,551.696000,0.770260
15.088000,80.688000,0.878466
15.088000,833.776000,0.904639
17.712000,2747.984000,0.864591
25.584000,108.240000,0.764263
33.456000,1939.792000,0.807316
38.704000,2862.128000,1.276693
17.712000,672.400000,0.848196
16.400000,3023.504000,0.818279
34.768000,1862.384000,1.459314
21.648000,3191.440000,0.726602
4.592000,2742.736000,0.970969
7.216000,446.736000,0.676793
33.456000,1491.088000,0.670631
28.208000,1408.432000,0.839600
30.832000,1571.120000,0.972950
12.464000,567.440000,1.301375
1.968000,1316.592000,1.236816
33.456000,270.928000,0.852908
32.144000,711.760000,0.915886
33.456000,172.528000,0.993278
4.592000,2913.296000,0.924191
17.712000,3177.008000,0.723534
34.768000,1533.072000,0.717694
5.904000,1467.472000,1.196545
5.904000,1820.400000,1.051120
19.024000,589.744000,0.776711
9.840000,3051.056000,1.194185
37.392000,1956.848000,1.497589
33.456000,2322.896000,1.019971
3.280000,2060.496000,1.144597
37.392000,1808.592000,0.836238
12.464000,438.864000,1.060548
34.768000,261.744000,1.323927
29.520000,1203.760000,0.893419
17.712000,2468.528000,0.783589
19.024000,2366.192000,1.537144
15.088000,2055.248000,2.029865
0.656000,62.320000,2.018979
36.080000,857.392000,0.847971
34.768000,1119.792000,1.319954
34.768000,1105.360000,1.186978
21.648000,260.432000,0.876651
36.080000,259.120000,1.666320
34.768000,3040.560000,0.746013
25.584000,495.280000,0.784609
24.272000,2246.800000,0.775282
13.776000,1373.008000,1.191111
33.456000,1147.344000,1.190185
28.208000,2860.816000,1.069571
8.528000,747.184000,0.803209
30.832000,2391.120000,0.712674
13.776000,1904.368000,0.692512
8.528000,1645.904000,0.890620
32.144000,1984.400000,1.130602
32.144000,3020.880000,1.389193
24.272000,3127.152000,1.461666
33.456000,982.032000,0.806803
9.840000,1850.576000,0.670241
28.208000,2985.456000,1.172094
32.144000,782.608000,0.671518
20.336000,1197.200000,2.026026
33.456000,3093.040000,1.145394
34.768000,738.000000,0.830053
9.840000,458.544000,0.675008
5.904000,1795.472000,0.723245
24.272000,1707.568000,0.762207
33.456000,1160.464000,1.092872
17.712000,3041.872000,0.972445
9.840000,899.376000,1.100817
9.840000,928.240000,0.933966
11.152000,1472.720000,1.017915
34.768000,2967.088000,1.019828
7.216000,1826.960000,0.796020
12.464000,3114.032000,1.499316
30.832000,2804.400000,0.752476
22.960000,1119.792000,1.978020
1.968000,2956.592000,0.874913
25.584000,1403.184000,0.813009
11.152000,812.784000,0.735478
38.704000,322.096000,0.783610
26.896000,2934.288000,1.185084
16.400000,3049.744000,0.930485
13.776000,272.240000,0.958241
26.896000,179.088000,1.127277
11.152000,3090.416000,0.784298
22.960000,1745.616000,0.823609
15.088000,713.072000,0.660479
13.776000,2120.848000,2.083782
32.144000,3136.336000,1.060057
9.840000,2360.944000,0.741552
28.208000,1568.496000,1.045909
0.656000,2437.040000,0.729774
30.832000,2413.424000,1.405213
29.520000,3104.848000,1.108627
21.648000,1670.832000,0.959276
9.840000,205.328000,0.744778
32.144000,172.528000,0.745236
30.832000,2561.680000,1.667638
3.280000,3014.320000,1.113084
32.144000,3114.032000,0.954007
20.336000,643.536000,1.224801
0.656000,2034.256000,0.758587
37.392000,2053.936000,1.021671
22.960000,1959.472000,1.268282
38.704000,1930.608000,0.739699
26.896000,3034.000000,0.703057
16.400000,966.288000,1.844786
5.904000,1017.456000,1.298625
30.832000,1354.640000,0.893897
36.080000,2442.288000,1.071794
29.520000,1198.512000,0.894891
12.464000,8.528000,0.787634
37.392000,1090.928000,0.965406
17.712000,1086.992000,1.362465
4.592000,2921.168000,0.832641
33.456000,1476.656000,0.992440
21.648000,1897.808000,0.701896
34.768000,2696.816000,1.033153
20.336000,919.056000,0.706303
25.584000,1927.984000,0.811235
36.080000,1128.976000,0.840671
24.272000,3211.120000,1.037417
28.208000,654.032000,1.363283
5.904000,1599.984000,0.673007
16.400000,205.328000,1.013234
11.152000,3145.520000,0.879379
4.592000,2926.416000,0.766740
25.584000,235.504000,0.724451
19.024000,2210.064000,1.056841
5.904000,1216.880000,0.873213
13.776000,2566.928000,0.982022
37.392000,902.000000,1.842989
24.272000,539.888000,1.053491
37.392000,232.880000,0.781841
7.216000,2804.400000,0.741377
4.592000,2577.424000,1.144010
7.216000,711.760000,1.182193
33.456000,1975.216000,0.986298
8.528000,875.760000,0.882048
28.208000,615.984000,0.780789
21.648000,1160.464000,0.859469
21.648000,3010.384000,0.663636
17.712000,1886.000000,0.812822
5.904000,480.848000,1.296382
7.216000,2900.176000,1.705248
15.088000,1686.576000,0.742288
26.896000,693.392000,0.745355
38.704000,2349.136000,0.785093
12.464000,2734.864000,0.820772
3.280000,3136.336000,0.708559
26.896000,1430.736000,0.841836
8.528000,2477.712000,1.053965
37.392000,2460.656000,0.908239
7.216000,1640.656000,1.016551
21.648000,2577.424000,0.658838
29.520000,2904.112000,0.831704
11.152000,2367.504000,0.807841
9.840000,3054.992000,0.731799
19.024000,299.792000,0.709641
13.776000,941.360000,1.310160
33.456000,234.192000,1.080148
25.584000,3163.888000,0.949830
32.144000,803.600000,0.758480
24.272000,1576.368000,0.909318
12.464000,2416.048000,1.014050
22.960000,2236.304000,0.674019
37.392000,207.952000,0.982186
9.840000,1611.792000,1.785426
28.208000,2929.040000,0.879074
32.144000,2334.704000,0.798690
29.520000,2576.112000,1.124681
8.528000,1411.056000,1.470023
22.960000,2042.128000,0.685645
24.272000,550.384000,0.730974
36.080000,2130.032000,0.960387
22.960000,3152.080000,0.684229
28.208000,1543.568000,0.782511
37.392000,836.400000,0.924738
33.456000,1985.712000,1.013233
32.144000,555.632000,0.713689
33.456000,646.160000,0.917240
15.088000,1905.680000,0.963421
33.456000,2961.840000,0.700658
22.960000,2625.968000,1.174212
9.840000,2321.584000,1.063886
38.704000,486.096000,0.803213
5.904000,2434.416000,0.770236
19.024000,2574.800000,0.721507
22.960000,319.472000,0.901741
34.768000,781.296000,0.771468
1.968000,2734.864000,0.896501
15.088000,2106.416000,0.891588
22.960000,1605.232000,0.791057
21.648000,1386.128000,1.257738
8.528000,2286.160000,0.992035
17.712000,835.088000,1.488945
32.144000,3184.880000,0.746787
20.336000,1617.040000,0.724649
25.584000,1599.984000,1.632945
9.840000,1794.160000,0.712645
11.152000,2695.504000,0.870769
9.840000,2884.432000,1.610468
20.336000,1887.312000,0.722856
20.336000,263.056000,1.258186
28.208000,619.920000,1.957616
30.832000,24.272000,0.827131
4.592000,1899.120000,1.725176
16.400000,1493.712000,0.915834
21.648000,2183.824000,0.768231
24.272000,2465.904000,0.908133
38.704000,1249.680000,0.854147
13.776000,2468.528000,0.894511
7.216000,2011.952000,1.031705
9.840000,1118.480000,0.960399
17.712000,308.976000,1.660984
32.144000,3072.048000,1.026118
38.704000,2742.736000,1.446659
3.280000,2500.016000,0.772525
9.840000,2650.896000,1.109316
37.392000,2073.616000,1.352805
36.080000,2744.048000,0.741190
28.208000,528.080000,1.025082
11.152000,2534.128000,0.666229
37.392000,1903.056000,0.680586
0.656000,2527.568000,1.062820
0.656000,1855.824000,1.061850
17.712000,1033.200000,1.098074
33.456000,2934.288000,0.907874
13.776000,3095.664000,0.984437
36.080000,2807.024000,0.697474
26.896000,598.928000,1.088670
9.840000,1391.376000,1.019279
17.712000,249.936000,0.808892
16.400000,1895.184000,0.808869
9.840000,2814.896000,0.824502
29.520000,1013.520000,1.551331
36.080000,1237.872000,0.910438
25.584000,2379.312000,1.046416
8.528000,400.816000,0.803362
21.648000,2090.672000,0.728255
5.904000,610.736000,0.783736
16.400000,1988.336000,0.992248
15.088000,915.120000,0.879166
29.520000,487.408000,0.722137
28.208000,1927.984000,2.717627
21.648000,2876.560000,0.762563
11.152000,2538.064000,1.310406
11.152000,2518.384000,1.099466
26.896000,995.152000,0.729268
33.456000,541.200000,0.714661
34.768000,1690.512000,1.206354
9.840000,201.392000,0.855764
5.904000,1291.664000,0.817617
25.584000,863.952000,1.094688
32.144000,478.224000,0.668465
19.024000,1938.480000,0.822354
22.960000,3040.560000,0.742146
19.024000,1926.672000,0.841009
38.704000,3112.720000,0.935994
21.648000,1123.728000,0.859797
1.968000,1699.696000,0.867929
38.704000,2809.648000,0.771091
16.400000,2025.072000,0.743626
25.584000,2136.592000,2.151669
22.960000,428.368000,0.803236
13.776000,3174.384000,0.961769
24.272000,794.416000,1.086689
15.088000,2051.312000,0.682958
32.144000,1315.280000,0.701107
22.960000,945.296000,0.854563
37.392000,575.312000,1.102032
32.144000,3170.448000,1.888411
22.960000,1935.856000,1.310454
11.152000,522.832000,1.556976
1.968000,1870.256000,0.661762
13.776000,1068.624000,0.997698
0.656000,1487.152000,1.453070
34.768000,1731.184000,0.829617
11.152000,622.544000,2.228761
30.832000,2535.440000,0.782283
21.648000,1424.176000,2.036646
22.960000,277.488000,0.903973
15.088000,2086.736000,0.849196
9.840000,3114.032000,0.657392
0.656000,64.944000,1.213123
17.712000,1954.224000,0.827518
32.144000,2725.680000,0.674234
5.904000,2786.032000,0.936378
24.272000,1875.504000,1.342675
36.080000,512.336000,0.971841
32.144000,2042.128000,1.568197
11.152000,2838.512000,1.982549
1.968000,1387.440000,0.979638
17.712000,1395.312000,0.820037
8.528000,940.048000,0.717334
11.152000,2687.632000,0.689008
38.704000,1720.688000,1.167873
24.272000,3167.824000,1.055862
17.712000,1430.736000,0.820950
5.904000,437.552000,1.610318
38.704000,1979.152000,0.805471
3.280000,1115.856000,0.694540
22.960000,2351.760000,0.968523
34.768000,1038.448000,0.950084
32.144000,417.872000,1.137519
26.896000,1034.512000,0.846627
34.768000,685.520000,0.820673
17.712000,685.520000,0.683998
8.528000,1889.936000,0.906066
34.768000,2395.056000,0.947302
24.272000,462.480000,1.319067
12.464000,2070.992000,0.836900
19.024000,1530.448000,0.661328
4.592000,1720.688000,1.600563
16.400000,762.928000,0.902086
20.336000,2706.000000,0.962982
37.392000,1893.872000,0.743035
3.280000,1891.248000,0.881211
15.088000,2704.688000,1.533182
30.832000,3204.560000,1.378506
37.392000,991.216000,0.880921
11.152000,106.928000,1.847496
22.960000,2581.360000,0.751435
13.776000,1312.656000,1.114858
26.896000,3211.120000,0.658938
0.656000,378.512000,0.811815
16.400000,2000.144000,0.930365
30.832000,929.552000,0.694484
19.024000,2908.048000,1.023465
24.272000,2077.552000,0.901078
7.216000,743.248000,0.657196
1.968000,2897.552000,0.695717
8.528000,2497.392000,0.771815
12.464000,2026.384000,0.657354
37.392000,1925.360000,0.685244
9.840000,3131.088000,1.574027
34.768000,617.296000,1.169586
16.400000,2942.160000,1.954836
7.216000,2829.328000,1.839982
11.152000,2130.032000,0.902905
25.584000,988.592000,0.784627
15.088000,455.920000,1.296813
1.968000,2434.416000,0.903257
1.968000,1021.392000,0.839649
29.520000,3068.112000,0.849122
1.968000,545.136000,0.748208
4.592000,3077.296000,0.663467
15.088000,2168.080000,1.336657
17.712000,2458.032000,1.004578
28.208000,3041.872000,1.426362
28.208000,273.552000,0.773755
26.896000,1047.632000,0.719802
21.648000,1428.112000,0.860428
1.968000,2930.352000,0.666075
22.960000,458.544000,0.983499
12.464000,2657.456000,1.134932
22.960000,3149.456000,0.778873
25.584000,483.472000,0.833265
4.592000,1289.040000,0.851208
26.896000,992.528000,1.148621
4.592000,1329.712000,0.690437
36.080000,1641.968000,0.677421
22.960000,3140.272000,1.022329
26.896000,961.040000,0.911324
20.336000,2742.736000,1.260973
36.080000,96.432000,0.910132
5.904000,1228.688000,0.875912
22.960000,3190.128000,0.696988
20.336000,2321.584000,0.858750
29.520000,1844.016000,1.185041
20.336000,26.896000,0.748435
36.080000,3146.832000,0.685580
30.832000,2304.528000,1.253714
19.024000,1046.320000,0.745198
15.088000,2191.696000,1.593561
12.464000,1413.680000,0.904219
38.704000,3016.944000,0.748446
11.152000,1745.616000,0.984692
3.280000,1205.072000,1.235069
32.144000,2296.656000,1.251890
17.712000,928.240000,0.900162
26.896000,1727.248000,0.690948
9.840000,2334.704000,0.881907
25.584000,1828.272000,0.981032
26.896000,2124.784000,1.006245
21.648000,953.168000,0.933438
28.208000,1209.008000,1.458616
38.704000,307.664000,0.657682
38.704000,1302.160000,1.430092
36.080000,1614.416000,1.074096
28.208000,993.840000,0.999491
5.904000,2021.136000,0.658502
5.904000,511.024000,0.988901
21.648000,1623.600000,1.401387
38.704000,723.568000,0.786054
16.400000,2877.872000,0.951955
3.280000,2519.696000,1.523597
4.592000,400.816000,0.775116
21.648000,1584.240000,0.908586
4.592000,576.624000,0.797362
16.400000,1502.896000,0.840378
16.400000,1966.032000,0.681197
29.520000,898.064000,1.574798
15.088000,1060.752000,1.080255
15.088000,1977.840000,0.825513
24.272000,3066.800000,0.960741
1.968000,217.136000,0.977393
15.088000,2103.792000,1.097684
0.656000,1555.376000,0.924576
1.968000,454.608000,0.725623
17.712000,2318.960000,0.727319
33.456000,533.328000,0.839254
13.776000,1609.168000,1.609466
36.080000,76.752000,0.701987
32.144000,574.000000,0.798997
30.832000,3013.008000,1.340328
3.280000,3144.208000,0.862312
29.520000,151.536000,1.173265
12.464000,156.784000,0.791635
26.896000,1380.880000,0.882809
38.704000,2026.384000,0.698028
28.208000,2859.504000,0.817557
17.712000,273.552000,1.220785
32.144000,1205.072000,1.372478
16.400000,2544.624000,0.933771
20.336000,2556.432000,0.688619
28.208000,1222.128000,0.845761
25.584000,3157.328000,0.759546
12.464000,2768.976000,0.865812
11.152000,841.648000,0.975975
29.520000,1908.304000,0.714831
22.960000,2994.640000,0.811883
13.776000,201.392000,0.980528
22.960000,2053.936000,0.659691
12.464000,2809.648000,0.736468
22.960000,803.600000,1.105502
21.648000,1725.936000,0.808080
37.392000,1310.032000,1.098238
12.464000,547.760000,0.946889
5.904000,226.320000,0.746115
9.840000,257.808000,0.761080
7.216000,2013.264000,1.080668
36.080000,1101.424000,0.673253
25.584000,2843.760000,0.913115
36.080000,2582.672000,0.690483
20.336000,251.248000,0.953576
13.776000,1392.688000,1.220735
24.272000,2227.120000,0.951880
26.896000,2990.704000,0.840102
0.656000,2818.832000,0.680236
5.904000,2181.200000,1.164446
17.712000,1967.344000,0.705128
3.280000,1538.320000,0.723516
30.832000,907.248000,0.766361
26.896000,2877.872000,0.844630
5.904000,2448.848000,0.848558
0.656000,51.824000,0.827171
4.592000,3103.536000,0.858969
12.464000,955.792000,0.778343
13.776000,2339.952000,0.692160
0.656000,2796.528000,0.675251
32.144000,604.176000,0.973150
13.776000,966.288000,1.155370
26.896000,1565.872000,0.745697
24.272000,2332.080000,1.002117
32.144000,1916.176000,0.885551
28.208000,3127.152000,0.935030
9.840000,2174.640000,1.207126
9.840000,299.792000,0.806984
29.520000,3142.896000,0.878335
26.896000,303.728000,0.788319
34.768000,3135.024000,0.977661
0.656000,1031.888000,0.876425
9.840000,2768.976000,1.405317
25.584000,1962.096000,1.023447
5.904000,1607.856000,1.056401
25.584000,1829.584000,0.853510
34.768000,2381.936000,1.190225
13.776000,2063.120000,0.750995
26.896000,1805.968000,1.049152
22.960000,2658.768000,0.914447
36.080000,1198.512000,0.800807
4.592000,429.680000,1.031129
38.704000,2101.168000,0.847031
34.768000,2687.632000,0.967701
13.776000,668.464000,0.935833
12.464000,2897.552000,1.168636
9.840000,1424.176000,0.825796
8.528000,2747.984000,1.427056
25.584000,1233.936000,1.599770
25.584000,1875.504000,0.743050
30.832000,2476.400000,1.058136
36.080000,1123.728000,0.776998
30.832000,493.968000,1.439786
3.280000,568.752000,0.662142
16.400000,3195.376000,0.730640
17.712000,664.528000,0.792360
38.704000,1963.408000,1.123878
30.832000,391.632000,0.797661
7.216000,2427.856000,2.173655
17.712000,133.168000,0.921054
36.080000,204.016000,0.789850
33.456000,719.632000,0.714976
0.656000,1628.848000,1.148730
20.336000,2890.992000,0.730084
29.520000,2548.560000,1.096844
8.528000,3072.048000,0.702347
37.392000,123.984000,0.668310
1.968000,1157.840000,0.873959
25.584000,2326.832000,0.656222
13.776000,2094.608000,0.713123
36.080000,2779.472000,0.802834
24.272000,2652.208000,0.941954
32.144000,1918.800000,0.896804
28.208000,1896.496000,0.939713
29.520000,2745.360000,0.666330
13.776000,1899.120000,0.694879
19.024000,1135.536000,0.719370
25.584000,3073.360000,1.733517
34.768000,1959.472000,0.984167
13.776000,730.128000,1.238268
16.400000,1962.096000,1.308236
21.648000,1404.496000,0.735195
28.208000,992.528000,1.742253
1.968000,1997.520000,0.948512
32.144000,2133.968000,1.523547
4.592000,2674.512000,0.727885
3.280000,2486.896000,0.706971
3.280000,432.304000,1.131137
16.400000,1803.344000,2.213593
38.704000,2957.904000,0.656512
20.336000,2278.288000,0.793785
3.280000,1724.624000,0.856663
20.336000,2214.000000,1.153170
30.832000,3161.264000,1.100769
9.840000,91.184000,1.312151
30.832000,2255.984000,1.024067
3.280000,2670.576000,0.779270
37.392000,2458.032000,1.017774
28.208000,2893.616000,1.114963
11.152000,1013.520000,0.715937
34.768000,1096.176000,0.878675
36.080000,3066.800000,1.122235
25.584000,2347.824000,0.659053
12.464000,2636.464000,0.761883
25.584000,3148.144000,0.695597
19.024000,2107.728000,0.671507
30.832000,2099.856000,1.377978
9.840000,886.256000,0.943529
16.400000,104.304000,1.329420
5.904000,1799.408000,1.076158
12.464000,1693.136000,1.711717
33.456000,147.600000,0.962996
8.528000,172.528000,0.780996
8.528000,808.848000,0.660041
15.088000,1084.368000,0.667918
16.400000,2548.560000,1.087478
32.144000,961.040000,1.156419
25.584000,2559.056000,1.644449
28.208000,1828.272000,0.726430
9.840000,2409.488000,1.412424
26.896000,3015.632000,0.715534
0.656000,1786.288000,0.940825
22.960000,1746.928000,0.656187
20.336000,2723.056000,1.171611
21.648000,2553.808000,1.240472
1.968000,1031.888000,1.038850
5.904000,1519.952000,0.705117
32.144000,2898.864000,0.815861
28.208000,787.856000,0.770327
15.088000,173.840000,0.739145
9.840000,2410.800000,0.715825
12.464000,504.464000,0.696794
37.392000,858.704000,0.899244
21.648000,1253.616000,0.747276
17.712000,2118.224000,0.969620
34.768000,1773.168000,0.871777
19.024000,2196.944000,0.854514
33.456000,2766.352000,0.906072
1.968000,2255.984000,1.110448
7.216000,1559.312000,1.177775
34.768000,1905.680000,1.837555
13.776000,96.432000,0.888685
36.080000,1983.088000,0.713107
3.280000,2242.864000,1.427606
22.960000,1523.888000,1.020841
26.896000,594.992000,0.931383
8.528000,2110.352000,1.090900
3.280000,2628.592000,0.725488
19.024000,2265.168000,0.735517
5.904000,210.576000,1.606271
17.712000,2553.808000,0.726703
36.080000,218.448000,0.914622
28.208000,2830.640000,1.060610
9.840000,647.472000,0.766770
5.904000,1931.920000,0.792275
25.584000,2587.920000,0.747662
17.712000,2169.392000,0.858437
4.592000,2017.200000,0.829843
5.904000,824.592000,0.920229
36.080000,972.848000,2.688530
9.840000,416.560000,1.012687
11.152000,1348.080000,0.689909
22.960000,1470.096000,0.669229
9.840000,1426.800000,1.518089
1.968000,326.032000,0.716076
30.832000,2385.872000,1.072156
7.216000,2788.656000,1.152894
4.592000,3205.872000,0.975116
13.776000,1096.176000,0.660138
28.208000,554.320000,0.727974
19.024000,482.160000,0.836261
1.968000,2880.496000,0.955319
29.520000,804.912000,0.774208
22.960000,266.992000,0.876215
29.520000,72.816000,0.864868
7.216000,2632.528000,0.915664
28.208000,2547.248000,0.859139
30.832000,1214.256000,0.785130
29.520000,3031.376000,0.753425
22.960000,594.992000,0.842168
17.712000,1340.208000,0.985859
0.656000,2006.704000,0.787771
16.400000,2598.416000,0.662799
38.704000,879.696000,0.879562
13.776000,154.160000,0.840283
0.656000,572.688000,0.656540
26.896000,1960.784000,0.861380
28.208000,1699.696000,1.228533
9.840000,1581.616000,0.857117
26.896000,2814.896000,0.716053
38.704000,2459.344000,0.681812
36.080000,2255.984000,0.989445
21.648000,2879.184000,0.889671
15.088000,2974.960000,1.139478
16.400000,790.480000,0.733557
32.144000,2497.392000,1.042862
19.024000,1395.312000,0.761830
5.904000,2565.616000,0.696518
28.208000,643.536000,0.768716
32.144000,583.184000,1.019086
24.272000,2809.648000,0.930318
33.456000,2459.344000,0.808003
8.528000,1988.336000,0.704755
29.520000,1582.928000,0.872747
26.896000,2182.512000,0.679862
1.968000,2603.664000,0.717054
17.712000,1609.168000,0.755523
11.152000,298.480000,0.664249
34.768000,1712.816000,0.826482
34.768000,2788.656000,0.841880
24.272000,2985.456000,0.791627
34.768000,3045.808000,0.929109
3.280000,3087.792000,1.156346
4.592000,3094.352000,0.826929
33.456000,92.496000,0.732884
16.400000,1325.776000,1.142172
32.144000,1463.536000,1.501874
38.704000,1417.616000,0.774454
1.968000,1177.520000,0.689058
30.832000,1924.048000,0.767758
11.152000,2463.280000,0.681953
1.968000,764.240000,0.725504
24.272000,2767.664000,0.821800
32.144000,2156.272000,0.929171
19.024000,2295.344000,0.831655
3.280000,2040.816000,1.122917
13.776000,579.248000,1.337051
28.208000,1367.760000,0.888599
3.280000,1702.320000,0.813574
37.392000,3119.280000,0.959580
4.592000,2175.952000,0.660969
1.968000,1046.320000,1.378571
36.080000,2698.128000,0.851420
30.832000,1148.656000,0.852175
1.968000,1480.592000,0.823605
34.768000,2409.488000,0.675823
8.528000,2623.344000,1.639102
19.024000,1292.976000,0.725034
13.776000,2753.232000,0.663944
17.712000,3205.872000,1.065753
19.024000,701.264000,1.238355
30.832000,1340.208000,1.068272
38.704000,2388.496000,1.036159
20.336000,779.984000,1.467541
13.776000,2182.512000,0.665979
32.144000,226.320000,1.726595
4.592000,2238.928000,0.735197
28.208000,783.920000,0.805062
34.768000,2153.648000,1.064406
34.768000,62.320000,1.091836
34.768000,1825.648000,0.784533
24.272000,3173.072000,0.680149
15.088000,2073.616000,0.965629
0.656000,1228.688000,0.671672
13.776000,156.784000,0.835558
5.904000,2371.440000,0.678391
5.904000,1470.096000,0.778381
22.960000,2775.536000,0.685546
26.896000,2566.928000,0.707663
8.528000,2532.816000,0.764990
1.968000,2139.216000,0.703476
24.272000,522.832000,0.840727
34.768000,1538.320000,0.673234
12.464000,2863.440000,1.320514
16.400000,1442.544000,0.823924
9.840000,2990.704000,0.727006
12.464000,2622.032000,0.894905
33.456000,2048.688000,1.099107
32.144000,1598.672000,1.090807
24.272000,1581.616000,1.162837
26.896000,269.616000,1.044740
26.896000,949.232000,1.308234
24.272000,1068.624000,0.844434
15.088000,3010.384000,0.749731
29.520000,480.848000,1.508167
33.456000,513.648000,0.723014
26.896000,441.488000,0.807180
21.648000,1396.624000,1.077657
20.336000,1889.936000,0.662345
7.216000,87.248000,1.190147
29.520000,3124.528000,0.753378
13.776000,1218.192000,1.111130
15.088000,2383.248000,1.051324
5.904000,1920.112000,0.917963
1.968000,3162.576000,1.330156
12.464000,1013.520000,0.804821
20.336000,360.144000,0.707497
29.520000,1656.400000,0.750851
34.768000,2177.264000,0.836191
15.088000,261.744000,0.968965
17.712000,963.664000,0.743796
24.272000,1441.232000,0.933623
34.768000,2570.864000,0.745199
32.144000,743.248000,0.922647
36.080000,2813.584000,0.727130
24.272000,278.800000,0.894391
19.024000,1176.208000,1.217590
21.648000,2094.608000,0.710970
19.024000,1013.520000,0.730390
9.840000,522.832000,1.231705
3.280000,2034.256000,0.719756
26.896000,260.432000,0.818524
21.648000,293.232000,0.668721
1.968000,667.152000,0.729674
24.272000,2795.216000,0.972708
15.088000,895.440000,0.752721
4.592000,774.736000,0.851322
28.208000,1283.792000,0.744419
7.216000,3090.416000,1.068198
29.520000,1529.136000,0.791357
30.832000,672.400000,0.816395
0.656000,2053.936000,0.737735
38.704000,49.200000,0.656712
28.208000,869.200000,0.688779
11.152000,1656.400000,1.003129
30.832000,154.160000,1.039327
0.656000,795.728000,0.838279
34.768000,1086.992000,0.975327
25.584000,2091.984000,1.338028
16.400000,3137.648000,0.695985
15.088000,669.776000,1.182432
19.024000,2757.168000,1.126851
28.208000,129.232000,0.922586
30.832000,1519.952000,1.308822
33.456000,657.968000,0.726221
11.152000,1001.712000,0.923999
28.208000,2953.968000,0.715366
19.024000,2423.920000,0.955088
13.776000,2227.120000,0.698662
5.904000,2607.600000,1.124432
38.704000,3207.184000,0.833492
38.704000,1361.200000,1.092296
36.080000,194.832000,1.062821
4.592000,265.680000,0.699734
5.904000,457.232000,0.770758
11.152000,731.440000,1.020201
26.896000,249.936000,0.669496
13.776000,648.784000,0.714213
8.528000,892.816000,0.696847
0.656000,1113.232000,0.997317
8.528000,3215.056000,0.819539
7.216000,135.792000,1.060593
38.704000,1230.000000,1.075933
37.392000,280.112000,0.740783
29.520000,2443.600000,0.679930
29.520000,1762.672000,1.185682
12.464000,2843.760000,1.725164
36.080000,2128.720000,0.768767
5.904000,2614.160000,0.836967
21.648000,2068.368000,0.675827
1.968000,3177.008000,0.885593
30.832000,53.136000,1.152341
29.520000,1746.928000,0.986474
4.592000,1268.048000,1.291401
24.272000,2401.616000,1.014198
3.280000,1962.096000,0.926350
21.648000,29.520000,1.449718
25.584000,1184.080000,1.160892
37.392000,112.176000,0.728137
15.088000,2410.800000,0.684972
34.768000,989.904000,1.764139
37.392000,2359.632000,0.776433
36.080000,1601.296000,0.727659
25.584000,2667.952000,0.857902
24.272000,3195.376000,0.963994
11.152000,1500.272000,0.965335
1.968000,2612.848000,1.069994
13.776000,2685.008000,0.797591
33.456000,836.400000,0.997531
26.896000,610.736000,1.267729
21.648000,1778.416000,1.267064
28.208000,1182.768000,1.332644
29.520000,1954.224000,1.815559
30.832000,211.888000,0.846194
37.392000,1815.152000,0.907555
4.592000,3036.624000,1.535837
12.464000,1913.552000,1.203074
20.336000,2124.784000,0.818127
15.088000,1127.664000,0.961023
17.712000,1414.992000,0.763671
7.216000,1683.952000,0.815416
8.528000,1185.392000,0.759217
16.400000,2400.304000,0.667597
21.648000,324.720000,0.706272
16.400000,2507.888000,0.725352
9.840000,1163.088000,0.884427
13.776000,633.040000,1.964345
7.216000,1657.712000,0.660460
21.648000,193.520000,1.342315
19.024000,1771.856000,0.678519
25.584000,1943.728000,0.970879
13.776000,2851.632000,1.006456
20.336000,2363.568000,1.177924
36.080000,1197.200000,1.032256
20.336000,2699.440000,0.670384
20.336000,2354.384000,0.918832
8.528000,2923.792000,0.776764
29.520000,1993.584000,0.866713
1.968000,2908.048000,1.874060
33.456000,3120.592000,0.797174
7.216000,3045.808000,1.014978
30.832000,236.816000,0.840830
0.656000,2946.096000,0.782632
13.776000,1588.176000,0.705618
28.208000,2261.232000,0.963291
33.456000,1046.320000,0.714391
19.024000,2158.896000,0.925865
36.080000,2783.408000,1.441311
12.464000,937.424000,0.921945
8.528000,350.960000,1.159638
11.152000,2610.224000,0.985535
29.520000,903.312000,1.095069
28.208000,1966.032000,0.943377
22.960000,842.960000,0.761576
19.024000,2271.728000,0.707257
5.904000,1749.552000,1.655134
29.520000,1784.976000,1.298678
12.464000,541.200000,0.829736
25.584000,2400.304000,1.360870
5.904000,3011.696000,0.927073
11.152000,953.168000,0.953974
37.392000,2313.712000,1.046432
38.704000,1016.144000,0.764565
25.584000,247.312000,0.932909
28.208000,584.496000,0.670258
7.216000,2700.752000,1.195278
28.208000,1770.544000,1.593957
5.904000,1392.688000,1.038440
37.392000,1063.376000,0.721351
37.392000,2501.328000,0.684599
0.656000,3120.592000,0.795842
19.024000,1227.376000,1.126419
12.464000,1613.104000,2.083583
29.520000,3005.136000,0.800530
15.088000,2751.920000,2.703735
30.832000,266.992000,0.703952
22.960000,2182.512000,0.893632
28.208000,2262.544000,0.665936
33.456000,2947.408000,0.853238
32.144000,3028.752000,1.242962
7.216000,3116.656000,0.688853
5.904000,1442.544000,0.855007
28.208000,370.640000,0.809523
3.280000,2973.648000,0.985706
7.216000,2015.888000,0.669236
33.456000,825.904000,1.154216
29.520000,1766.608000,0.956336
37.392000,312.912000,0.714831
16.400000,2234.992000,0.677838
15.088000,1858.448000,0.888560
24.272000,2988.080000,1.046847
26.896000,3006.448000,0.859090
32.144000,964.976000,0.946898
4.592000,717.008000,0.940251
1.968000,630.416000,1.440883
8.528000,1942.416000,2.223741
34.768000,255.184000,1.119241
13.776000,1708.880000,0.946113
36.080000,230.256000,0.766401
16.400000,640.912000,1.147305
30.832000,2168.080000,0.737987
5.904000,2451.472000,0.826507
5.904000,751.120000,0.779342
36.080000,150.224000,0.848988
22.960000,3031.376000,0.729682
26.896000,118.736000,0.821421
15.088000,558.256000,0.683405
12.464000,1149.968000,0.780381
21.648000,907.248000,0.981418
17.712000,529.392000,1.171096
30.832000,972.848000,0.937519
11.152000,1197.200000,0.779981
25.584000,2926.416000,0.878046
36.080000,681.584000,0.700439
12.464000,1069.936000,0.804822
34.768000,1118.480000,0.866620
22.960000,347.024000,1.189127
29.520000,1916.176000,0.786519
7.216000,1086.992000,0.788750
3.280000,983.344000,0.804655
4.592000,2130.032000,0.996859
21.648000,1149.968000,0.799640
8.528000,697.328000,0.701121
11.152000,3161.264000,0.803966
33.456000,349.648000,1.419291
0.656000,129.232000,1.503450
1.968000,1712.816000,0.685237
9.840000,2269.104000,0.789119
12.464000,255.184000,1.164154
8.528000,2094.608000,1.087099
25.584000,1942.416000,0.696753
8.528000,1638.032000,0.813275
21.648000,1388.752000,1.389454
16.400000,1582.928000,0.754357
32.144000,3111.408000,0.958288
36.080000,2290.096000,1.146298
36.080000,2888.368000,1.030315
33.456000,57.072000,1.445588
28.208000,1542.256000,0.788905
19.024000,1167.024000,0.680644
4.592000,2772.912000,0.678008
3.280000,2455.408000,0.701877
15.088000,2993.328000,0.917014
21.648000,1920.112000,1.117957
3.280000,453.296000,1.138734
15.088000,1336.272000,0.964676
30.832000,1076.496000,0.961910
20.336000,1090.928000,0.722594
0.656000,96.432000,0.694988
19.024000,3215.056000,0.972198
24.272000,1740.368000,0.670693
11.152000,1771.856000,0.673299
4.592000,505.776000,0.924420
12.464000,2573.488000,1.284634
20.336000,2439.664000,1.043018
9.840000,2834.576000,1.682806
29.520000,1558.000000,0.698767
22.960000,1969.968000,1.499664
21.648000,218.448000,0.744080
29.520000,3209.808000,0.669416
13.776000,2507.888000,0.869483
34.768000,1110.608000,1.412199
26.896000,211.888000,0.745530
5.904000,2694.192000,1.027909
11.152000,2164.144000,0.912866
28.208000,2721.744000,0.671754
1.968000,2461.968000,1.053839
4.592000,345.712000,0.690081
17.712000,797.040000,0.749405
8.528000,820.656000,0.995346
21.648000,1767.920000,0.917786
7.216000,3209.808000,0.871706
17.712000,2343.888000,0.799424
12.464000,615.984000,1.343087
32.144000,2768.976000,1.095407
26.896000,1442.544000,0.870694
34.768000,904.624000,0.664022
30.832000,2444.912000,0.661224
37.392000,436.240000,1.498233
11.152000,1832.208000,0.879028
29.520000,3145.520000,0.905326
29.520000,2564.304000,0.835647
15.088000,1110.608000,0.743408
30.832000,16.400000,0.721567
1.968000,87.248000,1.117878
15.088000,2019.824000,0.683168
33.456000,940.048000,0.671296
20.336000,2400.304000,1.021578
7.216000,1039.760000,2.490210
37.392000,2182.512000,0.880142
4.592000,520.208000,0.727526
29.520000,1770.544000,0.902935
34.768000,1380.880000,0.656843
17.712000,1969.968000,1.494901
22.960000,261.744000,0.907386
16.400000,185.648000,0.802735
22.960000,2723.056000,0.671407
11.152000,3115.344000,0.697995
8.528000,194.832000,1.371416
24.272000,925.616000,0.923794
22.960000,1168.336000,1.035915
4.592000,2019.824000,0.784732
28.208000,971.536000,0.803223
25.584000,3119.280000,0.922130
5.904000,2246.800000,0.836413
38.704000,766.864000,0.746496
16.400000,2977.584000,1.052176
16.400000,1876.816000,0.664963
25.584000,2640.400000,0.766022
3.280000,2986.768000,0.890550
29.520000,2026.384000,0.763102
30.832000,1830.896000,0.860112
1.968000,1455.664000,1.584882
20.336000,484.784000,0.723448
1.968000,699.952000,0.817516
22.960000,1413.680000,0.667540
20.336000,3054.992000,1.519257
11.152000,2778.160000,1.226561
4.592000,2989.392000,0.679714
32.144000,1925.360000,0.857794
4.592000,1453.040000,0.667723
9.840000,407.376000,0.877667
33.456000,1580.304000,1.298268
8.528000,41.328000,1.017497
16.400000,2283.536000,0.722543
21.648000,563.504000,1.138499
36.080000,2661.392000,0.763473
37.392000,218.448000,1.013668
38.704000,1959.472000,1.025805
26.896000,835.088000,0.829146
5.904000,2950.032000,0.908027
37.392000,1399.248000,1.206233
24.272000,1565.872000,1.451493
3.280000,310.288000,1.394735
37.392000,2354.384000,0.910766
9.840000,2913.296000,1.381133
38.704000,2376.688000,0.738109
32.144000,2207.440000,0.928774
16.400000,2509.200000,0.977799
33.456000,3043.184000,0.835643
24.272000,711.760000,0.846372
15.088000,2388.496000,0.657972
19.024000,37.392000,2.037076
9.840000,1207.696000,1.819843
38.704000,2555.120000,0.824111
38.704000,3035.312000,0.845754
25.584000,2299.280000,0.792468
9.840000,2299.280000,0.914525
12.464000,432.304000,1.388474
0.656000,833.776000,0.732428
38.704000,2572.176000,0.899254
24.272000,204.016000,1.159237
28.208000,755.056000,0.867645
24.272000,2467.216000,1.057030
21.648000,387.696000,0.916584
33.456000,222.384000,0.862952
33.456000,2112.976000,1.239734
0.656000,108.240000,0.689149
24.272000,1809.904000,1.098032
36.080000,2270.416000,0.960905
7.216000,2469.840000,0.669681
29.520000,2774.224000,1.674652
8.528000,2162.832000,0.824052
20.336000,417.872000,0.812900
16.400000,47.888000,1.120826
24.272000,2290.096000,0.682340
8.528000,1287.728000,0.908658
13.776000,1997.520000,0.700399
13.776000,290.608000,0.669016
38.704000,1041.072000,1.175933
1.968000,526.768000,1.273438
21.648000,922.992000,0.899968
8.528000,1100.112000,1.361693
7.216000,3020.880000,1.120514
16.400000,776.048000,0.812879
25.584000,1723.312000,0.712540
21.648000,34.768000,0.708839
36.080000,630.416000,0.771982
17.712000,1922.736000,0.732956
34.768000,1519.952000,0.666126
34.768000,2502.640000,0.895178
25.584000,1508.144000,1.036182
28.208000,1619.664000,0.666388
4.592000,1000.400000,0.675906
4.592000,287.984000,1.164610
13.776000,1757.424000,0.697387
28.208000,3108.784000,1.367890
19.024000,1488.464000,1.188915
12.464000,2729.616000,0.700405
19.024000,3011.696000,0.783570
22.960000,2717.808000,0.827817
15.088000,2545.936000,0.781197
5.904000,633.040000,0.731258
4.592000,369.328000,0.694432
17.712000,2304.528000,0.997025
20.336000,2688.944000,0.838534
26.896000,550.384000,0.731099
21.648000,1088.304000,0.909853
22.960000,2448.848000,1.295563
33.456000,1540.944000,0.807878
8.528000,1086.992000,0.747931
5.904000,2359.632000,0.759314
26.896000,1564.560000,0.725667
21.648000,3028.752000,0.793568
34.768000,2939.536000,0.731196
17.712000,793.104000,0.713001
5.904000,2198.256000,1.445812
15.088000,2702.064000,1.336768
9.840000,230.256000,1.218849
16.400000,2657.456000,0.808736
5.904000,286.672000,0.931752
1.968000,1975.216000,0.904430
32.144000,514.960000,1.284033
1.968000,1214.256000,1.812805
37.392000,2759.792000,0.688417
13.776000,361.456000,0.742039
12.464000,3094.352000,0.811252
8.528000,1521.264000,0.932996
29.520000,2203.504000,1.265260
25.584000,2387.184000,0.704360
7.216000,2105.104000,0.686744
8.528000,3049.744000,1.155846
7.216000,968.912000,1.791702
9.840000,2178.576000,0.927121
7.216000,2842.448000,0.988655
0.656000,2073.616000,0.732606
21.648000,448.048000,0.768026
38.704000,2130.032000,0.711364
13.776000,130.544000,1.234026
28.208000,1421.552000,0.783616
26.896000,2783.408000,0.869953
12.464000,1375.632000,1.136225
19.024000,41.328000,0.789725
30.832000,732.752000,0.788234
25.584000,1172.272000,1.020349
11.152000,215.824000,1.156920
30.832000,1261.488000,0.707468
20.336000,933.488000,0.720751
0.656000,2471.152000,1.590349
1.968000,2464.592000,0.816802
9.840000,3064.176000,1.110298
34.768000,890.192000,0.729278
12.464000,2149.712000,0.699971
9.840000,446.736000,1.036983
11.152000,2580.048000,1.082179
1.968000,2085.424000,2.872748
15.088000,2670.576000,0.712385
32.144000,2977.584000,1.712852
7.216000,1135.536000,0.848363
21.648000,3114.032000,0.981555
36.080000,799.664000,0.869814
3.280000,215.824000,0.807259
17.712000,2475.088000,1.006518
21.648000,3162.576000,0.742657
33.456000,2118.224000,0.683804
19.024000,1350.704000,0.742193
7.216000,873.136000,1.494223
17.712000,3028.752000,0.830737
33.456000,1627.536000,0.734313
5.904000,2400.304000,0.731295
21.648000,2429.168000,0.949292
29.520000,2896.240000,0.767061
24.272000,276.176000,1.830239
29.520000,471.664000,0.742070
4.592000,1925.360000,0.983461
21.648000,1887.312000,1.037512
17.712000,1098.800000,0.740652
38.704000,66.256000,1.006653
0.656000,1731.184000,0.720587
12.464000,1132.912000,0.665510
15.088000,152.848000,0.919833
5.904000,609.424000,1.128410
8.528000,957.104000,1.802301
33.456000,1206.384000,1.025209
17.712000,2413.424000,0.992374
13.776000,49.200000,1.173044
25.584000,1383.504000,1.285215
26.896000,2214.000000,1.973670
30.832000,3114.032000,0.702436
22.960000,1505.520000,0.994404
5.904000,118.736000,0.931980
0.656000,80.688000,0.656073
5.904000,197.456000,1.204545
9.840000,1830.896000,0.741698
15.088000,1022.704000,1.957922
13.776000,1093.552000,1.071378
29.520000,1020.080000,1.620766
28.208000,70.192000,0.932998
33.456000,2813.584000,0.732747
11.152000,1707.568000,2.541140
11.152000,1081.744000,0.841977
38.704000,863.952000,1.255615
33.456000,2282.224000,0.662404
21.648000,2450.160000,0.947740
5.904000,386.384000,0.701552
30.832000,1118.480000,0.729772
7.216000,810.160000,0.820522
34.768000,2043.440000,1.019851
25.584000,2052.624000,0.858263
0.656000,2757.168000,1.044412
5.904000,4.592000,0.690743
25.584000,85.936000,0.727497
24.272000,823.280000,0.762669
7.216000,2770.288000,1.812186
3.280000,2974.960000,1.111783
21.648000,1139.472000,0.697484
32.144000,1996.208000,1.367991
22.960000,1914.864000,0.719149
26.896000,1279.856000,0.694630
32.144000,253.872000,1.132478
5.904000,2137.904000,1.037722
12.464000,1037.136000,0.894530
7.216000,777.360000,1.065254
12.464000,2681.072000,0.700980
19.024000,2328.144000,0.878505
26.896000,976.784000,0.713516
24.272000,1407.120000,0.656785
38.704000,235.504000,1.368543
7.216000,957.104000,1.352197
11.152000,356.208000,0.759458
19.024000,827.216000,1.222382
0.656000,2211.376000,1.778161
13.776000,3065.488000,0.705217
5.904000,133.168000,0.696498
32.144000,1059.440000,0.958956
0.656000,1849.264000,0.720039
4.592000,1113.232000,0.791531
17.712000,61.008000,0.748295
38.704000,2931.664000,0.851553
5.904000,308.976000,1.625896
12.464000,1290.352000,2.327987
26.896000,2942.160000,0.664717
28.208000,618.608000,0.890186
5.904000,727.504000,0.761210
19.024000,2758.480000,0.934464
37.392000,1257.552000,1.511827
22.960000,2622.032000,1.069317
16.400000,517.584000,1.541861
33.456000,1925.360000,0.816227
24.272000,1947.664000,0.678831
1.968000,1614.416000,1.476387
37.392000,1967.344000,0.731658
24.272000,2594.480000,0.674448
4.592000,1505.520000,0.751822
26.896000,3114.032000,1.513565
21.648000,752.432000,1.144108
11.152000,2106.416000,0.662913
37.392000,835.088000,0.996298
8.528000,1997.520000,3.042619
3.280000,2471.152000,1.298601
9.840000,192.208000,0.763831
15.088000,2873.936000,1.282928
29.520000,2500.016000,1.386880
37.392000,2357.008000,1.172444
4.592000,2093.296000,1.514061
0.656000,2413.424000,0.875245
33.456000,1605.232000,1.118706
37.392000,1729.872000,0.710464
21.648000,1699.696000,0.839896
5.904000,811.472000,1.343789
29.520000,2650.896000,0.969480
24.272000,2223.184000,1.516557
26.896000,2552.496000,1.016541
21.648000,1689.200000,0.723661
21.648000,2738.800000,0.880665
21.648000,688.144000,0.664532
36.080000,2713.872000,2.451867
32.144000,121.360000,1.167430
24.272000,1770.544000,1.289840
20.336000,2997.264000,1.030782
37.392000,943.984000,1.188256
19.024000,672.400000,0.710831
28.208000,2366.192000,0.902544
21.648000,2425.232000,1.232888
32.144000,2762.416000,1.049182
7.216000,1577.680000,1.004997
21.648000,1395.312000,1.101815
22.960000,2736.176000,0.943150
5.904000,2904.112000,1.308340
1.968000,364.080000,0.663307
26.896000,2695.504000,1.084159
22.960000,2936.912000,0.758879
25.584000,1346.768000,1.851102
9.840000,2211.376000,0.887647
13.776000,2329.456000,0.774526
19.024000,106.928000,1.042004
8.528000,938.736000,0.817986
26.896000,3011.696000,0.742938
22.960000,336.528000,0.689899
21.648000,1597.360000,0.677670
0.656000,3152.080000,1.310229
3.280000,794.416000,0.840341
8.528000,2392.432000,0.753248
0.656000,2098.544000,0.715810
25.584000,2089.360000,0.909608
25.584000,1813.840000,0.663381
16.400000,1261.488000,0.993783
32.144000,772.112000,1.008926
33.456000,2712.560000,1.047886
12.464000,2833.264000,0.800536
15.088000,3198.000000,0.719529
25.584000,2881.808000,1.277895
4.592000,705.200000,1.077035
20.336000,1958.160000,1.826827
34.768000,2754.544000,0.763099
30.832000,646.160000,1.316907
21.648000,28.208000,0.672964
34.768000,1967.344000,1.439543
13.776000,306.352000,1.513341
33.456000,983.344000,0.913159
34.768000,2014.576000,1.178319
21.648000,2419.984000,1.405744
34.768000,236.816000,1.639478
21.648000,1892.560000,0.992542
17.712000,1651.152000,0.965893
24.272000,2479.024000,1.367524
12.464000,1941.104000,1.142682
21.648000,1733.808000,1.023067
19.024000,3179.632000,0.676869
16.400000,2044.752000,0.867525
5.904000,1316.592000,0.672547
21.648000,2363.568000,1.279344
38.704000,2135.280000,1.200980
17.712000,2935.600000,0.804247
34.768000,1930.608000,1.157833
21.648000,936.112000,1.238968
36.080000,2303.216000,0.737048
11.152000,484.784000,0.910993
3.280000,1142.096000,0.721171
33.456000,407.376000,1.311606
25.584000,49.200000,0.783457
25.584000,1519.952000,0.671126
15.088000,760.304000,1.209373
20.336000,727.504000,0.734897
8.528000,428.368000,0.862230
16.400000,20.336000,0.860450
9.840000,1878.128000,1.162994
25.584000,2210.064000,0.791032
8.528000,2057.872000,0.709949
7.216000,1924.048000,0.691156
30.832000,2110.352000,1.110383
30.832000,152.848000,0.685553
25.584000,1289.040000,1.088294
9.840000,2988.080000,0.905553
30.832000,2221.872000,0.959279
11.152000,2050.000000,0.738031
16.400000,2442.288000,0.682290
28.208000,1245.744000,0.700681
22.960000,2444.912000,0.832618
1.968000,163.344000,0.773751
9.840000,2367.504000,0.739746
25.584000,2918.544000,0.745491
8.528000,1331.024000,0.747187
37.392000,2818.832000,1.249757
25.584000,493.968000,0.822637
17.712000,2897.552000,1.115738
30.832000,2851.632000,0.865611
5.904000,1077.808000,0.843008
30.832000,215.824000,0.826132
4.592000,2734.864000,0.747863
0.656000,1092.240000,0.762138
11.152000,818.032000,0.764670
24.272000,543.824000,0.708552
34.768000,1447.792000,0.776722
16.400000,912.496000,0.682129
3.280000,221.072000,0.779856
38.704000,1811.216000,0.954074
29.520000,719.632000,1.268394
22.960000,604.176000,0.991759
8.528000,369.328000,0.983690
0.656000,989.904000,0.976636
9.840000,2770.288000,1.915607
25.584000,3108.784000,0.688359
17.712000,3107.472000,0.831480
12.464000,2219.248000,0.795662
37.392000,966.288000,0.865872
16.400000,2841.136000,0.759314
16.400000,370.640000,0.821479
21.648000,2048.688000,1.371764
21.648000,329.968000,0.909884
0.656000,2175.952000,0.663784
7.216000,13.776000,1.133271
24.272000,3156.016000,1.047668
37.392000,2850.320000,2.396692
0.656000,303.728000,0.874754
8.528000,2427.856000,0.910361
7.216000,2042.128000,1.168354
24.272000,764.240000,0.723219
28.208000,2055.248000,0.709798
1.968000,408.688000,1.437300
4.592000,2917.232000,1.170716
4.592000,2157.584000,0.909125
25.584000,3041.872000,1.250109
24.272000,1925.360000,1.396478
34.768000,537.264000,0.936870
11.152000,3056.304000,0.975586
7.216000,3085.168000,0.697075
12.464000,2847.696000,1.481522
20.336000,1551.440000,1.015824
12.464000,2664.016000,1.147308
29.520000,1782.352000,1.420489
7.216000,2943.472000,1.046491
34.768000,2224.496000,0.882245
20.336000,503.152000,0.871865
30.832000,909.872000,0.782956
25.584000,524.144000,0.785395
17.712000,87.248000,0.716822
15.088000,1489.776000,0.815596
3.280000,2505.264000,1.059627
37.392000,881.008000,1.105221
36.080000,2299.280000,0.672799
11.152000,2834.576000,1.176012
3.280000,3169.136000,0.904411
24.272000,440.176000,0.943716
5.904000,2860.816000,1.450286
3.280000,1132.912000,0.872366
36.080000,596.304000,2.266635
24.272000,1021.392000,1.577765
7.216000,482.160000,0.870417
22.960000,2522.320000,0.675761
32.144000,2031.632000,1.283649
30.832000,1871.568000,0.731191
9.840000,420.496000,0.673450
21.648000,2464.592000,1.153315
32.144000,1134.224000,0.864327
8.528000,2276.976000,0.692036
7.216000,2763.728000,0.667628
37.392000,1262.800000,0.711271
28.208000,947.920000,1.156201
5.904000,2139.216000,1.346828
33.456000,936.112000,0.762980
22.960000,525.456000,0.896630
36.080000,396.880000,0.995691
21.648000,421.808000,1.204124
0.656000,1896.496000,1.182005
21.648000,1514.704000,1.674795
11.152000,1546.192000,0.839916
20.336000,1668.208000,1.009256
13.776000,12.464000,0.681779
29.520000,3024.816000,0.885164
19.024000,3203.248000,0.970220
21.648000,1560.624000,0.656694
4.592000,2252.048000,0.710257
17.712000,1435.984000,0.686981
15.088000,1673.456000,1.336364
28.208000,3051.056000,0.701824
15.088000,1353.328000,0.719841
16.400000,2118.224000,1.453552
11.152000,2552.496000,1.384729
19.024000,613.360000,0.793063
3.280000,2190.384000,0.757535
17.712000,1180.144000,0.678358
26.896000,2148.400000,0.838387
26.896000,954.480000,1.168124
13.776000,2679.760000,1.235907
25.584000,2010.640000,0.966745
37.392000,504.464000,0.863927
30.832000,1758.736000,0.896418
15.088000,936.112000,0.696701
28.208000,163.344000,1.553625
25.584000,2135.280000,0.712335
8.528000,2221.872000,1.029026
8.528000,1417.616000,0.673523
36.080000,3027.440000,1.116760
26.896000,651.408000,0.797125
28.208000,2481.648000,1.393822
32.144000,2486.896000,0.692631
21.648000,954.480000,0.826548
34.768000,2863.440000,0.859715
15.088000,84.624000,0.921157
15.088000,2063.120000,0.722136
25.584000,1680.016000,0.695566
29.520000,574.000000,1.655828
17.712000,2135.280000,1.032783
12.464000,1817.776000,0.811022
8.528000,1109.296000,0.898178
25.584000,2611.536000,1.254382
11.152000,744.560000,0.730682
34.768000,3201.936000,0.824240
25.584000,828.528000,1.072179
20.336000,1345.456000,0.854982
5.904000,12.464000,0.841261
20.336000,2069.680000,1.199208
8.528000,2957.904000,0.658152
11.152000,1884.688000,1.012090
29.520000,2667.952000,0.972340
17.712000,2443.600000,0.998035
4.592000,2322.896000,0.755043
5.904000,1068.624000,1.868031
7.216000,592.368000,1.115162
8.528000,1017.456000,0.673143
28.208000,883.632000,0.812156
1.968000,769.488000,0.726476
37.392000,74.128000,1.093970
26.896000,2179.888000,0.812126
26.896000,164.656000,1.217756
4.592000,1716.752000,0.788254
20.336000,121.360000,0.662853
28.208000,1820.400000,0.716028
1.968000,1149.968000,1.273082
29.520000,1151.280000,0.702787
21.648000,1823.024000,0.775658
19.024000,1366.448000,0.984253
4.592000,2031.632000,0.847927
4.592000,2015.888000,0.749606
37.392000,2485.584000,0.725841
0.656000,1151.280000,0.883288
24.272000,2660.080000,0.818059
13.776000,1804.656000,0.676286
34.768000,2757.168000,0.685056
28.208000,1168.336000,0.810101
5.904000,2530.192000,1.001526
30.832000,2396.368000,0.793612
9.840000,340.464000,0.854613
30.832000,3203.248000,0.838417
22.960000,1088.304000,0.672596
25.584000,2967.088000,0.834934
8.528000,276.176000,0.821329
15.088000,471.664000,1.007712
37.392000,596.304000,0.810226
38.704000,1227.376000,1.001066
8.528000,525.456000,0.881005
1.968000,2317.648000,0.782780
30.832000,962.352000,1.294608
28.208000,1958.160000,1.435650
4.592000,1336.272000,1.086314
38.704000,895.440000,0.911304
19.024000,2542.000000,0.911081
5.904000,79.376000,1.096014
33.456000,1321.840000,1.172536
32.144000,38.704000,0.987020
19.024000,1677.392000,0.751596
20.336000,1182.768000,0.794360
17.712000,366.704000,0.787515
22.960000,2746.672000,1.336006
21.648000,2004.080000,0.821948
12.464000,2022.448000,0.734653
9.840000,2216.624000,1.254150
26.896000,1485.840000,0.925597
37.392000,755.056000,0.657488
1.968000,1968.656000,0.887833
22.960000,1008.272000,0.977962
7.216000,3106.160000,1.784879
16.400000,1539.632000,0.870799
29.520000,966.288000,0.894224
34.768000,122.672000,0.845418
16.400000,3217.680000,1.283723
22.960000,518.896000,0.783911
25.584000,1140.784000,1.179129
24.272000,129.232000,0.784749
8.528000,2245.488000,0.692301
24.272000,1891.248000,0.657466
7.216000,3178.320000,0.848863
29.520000,1497.648000,0.962298
33.456000,961.040000,1.049293
1.968000,1865.008000,0.686959
1.968000,1676.080000,0.996481
4.592000,2326.832000,0.747589
16.400000,3215.056000,0.732742
17.712000,1740.368000,0.725859
16.400000,3204.560000,2.760647
7.216000,2078.864000,0.809370
29.520000,1724.624000,1.625302
16.400000,263.056000,1.102391
11.152000,299.792000,0.704438
38.704000,2126.096000,0.681069
20.336000,547.760000,0.926760
17.712000,1854.512000,1.014527
8.528000,2978.896000,0.943696
12.464000,2440.976000,0.955037
22.960000,1148.656000,0.730557
7.216000,768.176000,0.685886
0.656000,1317.904000,0.949565
12.464000,1824.336000,1.207509
30.832000,2040.816000,0.970341
9.840000,993.840000,0.764191
26.896000,1540.944000,1.573540
37.392000,908.560000,0.759428
19.024000,858.704000,1.317550
7.216000,2090.672000,0.927509
19.024000,185.648000,0.659962
0.656000,2687.632000,1.063528
25.584000,3140.272000,1.265147
15.088000,1754.800000,0.944925
13.776000,1846.640000,1.008894
28.208000,2402.928000,2.084200
16.400000,430.992000,0.695846
37.392000,2262.544000,0.931481
32.144000,2726.992000,0.820032
36.080000,2177.264000,0.750553
32.144000,1626.224000,0.714383
32.144000,1693.136000,0.727763
32.144000,2515.760000,0.703444
36.080000,2938.224000,3.202797
34.768000,2283.536000,1.876268
38.704000,2370.128000,0.849499
36.080000,1034.512000,0.659684
22.960000,2553.808000,0.833280
17.712000,450.672000,0.680531
36.080000,1271.984000,0.926078
13.776000,341.776000,0.875532
15.088000,1438.608000,1.758084
1.968000,886.256000,1.928346
21.648000,1728.560000,0.740859
24.272000,1491.088000,1.270527
34.768000,574.000000,1.519192
33.456000,3054.992000,0.842881
28.208000,1451.728000,0.914452
15.088000,249.936000,0.710789
26.896000,1580.304000,0.902051
20.336000,619.920000,0.920721
11.152000,532.016000,1.163199
13.776000,2368.816000,0.705307
11.152000,629.104000,0.699719
3.280000,1904.368000,0.734915
4.592000,2650.896000,0.710868
37.392000,2468.528000,1.278245
38.704000,3078.608000,0.854868
24.272000,2741.424000,0.688406
16.400000,2985.456000,0.769314
32.144000,3034.000000,1.239776
37.392000,36.080000,0.756510
4.592000,2204.816000,0.742970
19.024000,151.536000,0.706141
15.088000,1149.968000,0.658419
24.272000,1037.136000,0.672652
15.088000,2320.272000,1.310036
20.336000,350.960000,0.795687
17.712000,545.136000,0.657034
36.080000,1689.200000,0.725610
36.080000,2956.592000,0.718616
32.144000,1624.912000,1.432728
4.592000,1047.632000,1.042096
4.592000,1565.872000,1.898326
38.704000,1761.360000,0.742034
24.272000,606.800000,0.725287
4.592000,165.968000,1.981832
25.584000,2703.376000,0.740995
29.520000,2599.728000,0.670397
12.464000,535.952000,1.896161
29.520000,2111.664000,1.219734
0.656000,1611.792000,0.684224
20.336000,1224.752000,0.935056
26.896000,2601.040000,1.042591
29.520000,2909.360000,0.669741
1.968000,424.432000,1.506125
5.904000,1055.504000,0.817185
8.528000,1909.616000,0.713949
19.024000,1256.240000,0.663859
22.960000,2368.816000,0.948314
22.960000,579.248000,0.889320
20.336000,1369.072000,1.005240
15.088000,1893.872000,1.282711
15.088000,747.184000,0.823654
30.832000,643.536000,1.351481
30.832000,1412.368000,1.066788
26.896000,554.320000,0.796754
5.904000,2236.304000,1.137261
36.080000,457.232000,0.846233
20.336000,2982.832000,0.898767
22.960000,2284.848000,0.700771
4.592000,424.432000,0.977685
20.336000,1628.848000,1.068854
30.832000,1290.352000,1.430416
29.520000,722.256000,0.693085
34.768000,1808.592000,1.160927
38.704000,2454.096000,0.967365
33.456000,2673.200000,0.730419
12.464000,3013.008000,0.675881
3.280000,509.712000,1.127359
9.840000,2353.072000,0.778949
32.144000,2307.152000,0.673897
9.840000,3018.256000,0.905271
38.704000,1029.264000,1.506647
7.216000,2594.480000,0.661455
13.776000,810.160000,0.715288
21.648000,783.920000,1.484333
32.144000,88.560000,0.758426
29.520000,2720.432000,1.211687
24.272000,2446.224000,0.795082
9.840000,1455.664000,0.786879
37.392000,329.968000,1.363312
30.832000,2897.552000,0.760202
13.776000,1198.512000,0.863510
28.208000,2388.496000,1.112171
0.656000,1038.448000,0.805482
26.896000,3044.496000,2.049611
22.960000,417.872000,1.305953
30.832000,1324.464000,0.870854
17.712000,2548.560000,0.927405
8.528000,192.208000,0.728195
17.712000,1640.656000,0.767307
9.840000,2611.536000,1.569667
0.656000,2909.360000,0.711130
30.832000,2921.168000,2.240167
16.400000,917.744000,0.702815
33.456000,1670.832000,0.829873
30.832000,3028.752000,1.156522
17.712000,2018.512000,0.900044
13.776000,1786.288000,0.775368
0.656000,1321.840000,1.054775
36.080000,840.336000,0.772951
30.832000,1421.552000,0.773106
9.840000,2307.152000,0.819009
11.152000,2480.336000,1.096885
7.216000,1672.144000,1.324669
16.400000,995.152000,0.901039
19.024000,3190.128000,1.341246
24.272000,509.712000,1.409602
0.656000,848.208000,0.771810
19.024000,2548.560000,1.624390
37.392000,1778.416000,0.748952
9.840000,1521.264000,1.231493
7.216000,7.216000,0.836842
22.960000,2133.968000,0.909879
29.520000,1609.168000,0.859853
4.592000,2797.840000,1.337791
9.840000,2799.152000,0.702850
16.400000,2416.048000,0.770234
5.904000,280.112000,0.720936
21.648000,2330.768000,1.350116
16.400000,3207.184000,1.052181
15.088000,329.968000,1.215138
28.208000,167.280000,0.665231
24.272000,1912.240000,1.036001
15.088000,2211.376000,0.828090
25.584000,1136.848000,0.943831
4.592000,3031.376000,0.685803
16.400000,356.208000,1.842023
30.832000,1476.656000,0.799614
21.648000,2691.568000,1.267295
3.280000,643.536000,1.004947
19.024000,466.416000,1.330561
3.280000,911.184000,0.697908
3.280000,1981.776000,1.681795
30.832000,1414.992000,0.987984
7.216000,2266.480000,0.667945
17.712000,577.936000,0.789958
28.208000,3039.248000,0.900573
24.272000,345.712000,0.999577
29.520000,2913.296000,0.696331
24.272000,2572.176000,0.742751
1.968000,2144.464000,0.696761
33.456000,1596.048000,1.241732
3.280000,2724.368000,0.769578
12.464000,1724.624000,0.793200
0.656000,567.440000,1.223264
12.464000,1214.256000,1.254513
7.216000,2343.888000,0.946418
17.712000,1396.624000,0.791160
4.592000,1739.056000,0.871106
24.272000,3013.008000,1.332971
1.968000,210.576000,0.873533
4.592000,80.688000,0.716429
38.704000,2295.344000,1.167785
29.520000,1964.720000,0.666860
36.080000,38.704000,0.792213
32.144000,1630.160000,1.796131
33.456000,2611.536000,0.671714
5.904000,2721.744000,0.952340
34.768000,1921.424000,0.891257
8.528000,2288.784000,0.900978
8.528000,2241.552000,0.797398
5.904000,2766.352000,2.244830
21.648000,2897.552000,0.921865
32.144000,2214.000000,1.697474
38.704000,1073.872000,0.944599
7.216000,1273.296000,1.977550
16.400000,442.800000,1.176016
36.080000,1073.872000,0.687602
20.336000,512.336000,0.881231
19.024000,42.640000,0.765906
19.024000,2490.832000,0.736434
0.656000,3141.584000,2.459140
37.392000,3218.992000,1.106037
21.648000,1.968000,1.174160
22.960000,2687.632000,0.737625
24.272000,1525.200000,0.779541
17.712000,3018.256000,0.785706
16.400000,1771.856000,0.747527
13.776000,63.632000,0.660248
7.216000,1164.400000,0.678502
11.152000,1051.568000,1.309765
34.768000,2712.560000,0.664647
17.712000,2616.784000,0.935056
34.768000,2566.928000,0.845926
16.400000,516.272000,0.708104
15.088000,2736.176000,0.898022
12.464000,2981.520000,0.761815
9.840000,2339.952000,1.332329
8.528000,2982.832000,1.135471
38.704000,1611.792000,0.905502
12.464000,3183.568000,0.750467
30.832000,1432.048000,1.332613
12.464000,2116.912000,1.319681
9.840000,1617.040000,0.704674
5.904000,2461.968000,0.797347
0.656000,770.800000,0.778415
19.024000,2149.712000,0.904941
29.520000,3178.320000,0.748790
7.216000,3070.736000,0.794508
17.712000,2690.256000,0.663351
12.464000,722.256000,1.077220
3.280000,1371.696000,0.997631
5.904000,2211.376000,1.050899
30.832000,1842.704000,0.982247
28.208000,495.280000,0.886923
11.152000,3191.440000,0.844019
17.712000,1590.800000,1.142663
19.024000,1620.976000,1.343806
17.712000,2496.080000,1.190717
22.960000,87.248000,2.257504
3.280000,2173.328000,0.890176
5.904000,49.200000,0.841233
11.152000,1209.008000,0.802589
5.904000,1173.584000,1.307073
33.456000,1136.848000,2.143740
29.520000,2027.696000,1.244819
29.520000,1324.464000,0.663109
28.208000,2862.128000,0.877449
30.832000,652.720000,0.970138
3.280000,2850.320000,0.913476
16.400000,583.184000,1.145014
21.648000,3215.056000,0.844093
38.704000,210.576000,0.673121
32.144000,825.904000,0.833472
20.336000,1207.696000,0.690230
21.648000,299.792000,0.756886
5.904000,2318.960000,0.761869
32.144000,2713.872000,1.067339
15.088000,2444.912000,0.975116
9.840000,1929.296000,0.672883
0.656000,3054.992000,1.427789
26.896000,2234.992000,0.778787
21.648000,1236.560000,1.271213
32.144000,1374.320000,0.825402
1.968000,693.392000,0.813313
15.088000,2486.896000,0.929546
16.400000,602.864000,0.921704
3.280000,353.584000,1.040123
11.152000,1811.216000,1.590392
24.272000,1216.880000,0.709536
24.272000,3191.440000,0.775497
13.776000,1798.096000,0.748749
8.528000,2686.320000,1.043346
32.144000,169.904000,0.962184
25.584000,852.144000,1.667523
34.768000,1055.504000,0.879005
1.968000,1804.656000,0.735473
33.456000,1706.256000,1.587404
20.336000,941.360000,1.326368
33.456000,130.544000,1.309538
19.024000,2536.752000,0.657645
19.024000,1414.992000,1.013842
9.840000,1203.760000,1.454777
21.648000,2008.016000,0.924625
17.712000,633.040000,1.176162
32.144000,698.640000,0.825896
32.144000,67.568000,0.686620
30.832000,2484.272000,0.742467
1.968000,129.232000,1.122233
22.960000,2657.456000,0.701820
37.392000,617.296000,1.006166
12.464000,2009.328000,0.753873
20.336000,295.856000,0.771270
13.776000,322.096000,1.030965
21.648000,1998.832000,1.215201
8.528000,302.416000,1.284892
30.832000,823.280000,0.715739
26.896000,3220.304000,0.737826
26.896000,383.760000,0.707301
32.144000,287.984000,0.981401
32.144000,181.712000,0.837343
24.272000,2048.688000,1.882301
4.592000,286.672000,0.909553
4.592000,621.232000,1.280382
1.968000,2177.264000,2.009995
33.456000,2203.504000,0.677082
21.648000,2366.192000,0.724939
4.592000,1756.112000,0.697628
34.768000,75.440000,1.490773
0.656000,2189.072000,1.037034
13.776000,1269.360000,1.570118
25.584000,2829.328000,0.829815
15.088000,50.512000,0.913500
33.456000,1867.632000,0.807054
36.080000,1674.768000,1.381883
30.832000,2606.288000,0.817354
12.464000,490.032000,0.715445
7.216000,211.888000,0.773245
37.392000,3083.856000,1.106052
21.648000,2610.224000,0.776819
9.840000,1126.352000,1.198102
11.152000,1921.424000,0.990446
22.960000,228.944000,1.227126
0.656000,1837.456000,1.184703
17.712000,2371.440000,0.740505
5.904000,3014.320000,1.196633
8.528000,1186.704000,0.816218
8.528000,3061.552000,0.965382
5.904000,479.536000,0.681307
15.088000,2337.328000,1.128478
13.776000,184.336000,1.212019
19.024000,2074.928000,0.774588
32.144000,1203.760000,0.675905
7.216000,574.000000,1.049272
4.592000,1997.520000,0.664824
19.024000,1056.816000,1.178286
34.768000,815.408000,1.056834
4.592000,78.064000,0.890084
37.392000,1031.888000,0.761814
29.520000,3072.048000,2.557963
38.704000,46.576000,0.792703
0.656000,382.448000,0.834510
21.648000,2560.368000,0.970133
11.152000,1130.288000,2.113549
8.528000,1517.328000,1.374580
7.216000,2830.640000,0.676653
37.392000,2165.456000,0.906275
29.520000,278.800000,0.681856
24.272000,2501.328000,0.698568
12.464000,2581.360000,1.887364
7.216000,1811.216000,0.927614
22.960000,631.728000,1.497141
7.216000,89.872000,1.795925
36.080000,55.760000,0.905159
19.024000,1492.400000,1.537095
24.272000,2570.864000,0.786752
8.528000,1732.496000,1.145712
5.904000,2023.760000,1.209400
20.336000,339.152000,1.404821
29.520000,434.928000,0.796321
4.592000,221.072000,0.708509
4.592000,3014.320000,1.226905
17.712000,2057.872000,0.751423
7.216000,2831.952000,1.207088
33.456000,0.656000,0.931977
9.840000,4.592000,1.195640
21.648000,3035.312000,0.798447
15.088000,2926.416000,1.001967
28.208000,2458.032000,0.672994
37.392000,2254.672000,0.727334
33.456000,1576.368000,0.764942
4.592000,1535.696000,0.736393
34.768000,2988.080000,1.588874
38.704000,627.792000,0.772729
38.704000,2522.320000,0.852472
37.392000,121.360000,0.980338
29.520000,246.000000,1.064703
11.152000,1046.320000,0.706269
9.840000,1052.880000,0.927345
36.080000,2910.672000,0.866778
26.896000,1363.824000,0.898235
38.704000,1867.632000,1.588008
16.400000,1811.216000,1.050788
15.088000,765.552000,0.741470
20.336000,1209.008000,0.682501
4.592000,3192.752000,1.496605
1.968000,957.104000,0.687674
19.024000,2435.728000,0.998333
9.840000,694.704000,1.119234
8.528000,2362.256000,0.824515
15.088000,1689.200000,1.347631
21.648000,2246.800000,1.065055
22.960000,818.032000,1.155837
24.272000,2343.888000,0.676479
7.216000,3208.496000,0.913204
24.272000,54.448000,0.684016
33.456000,2999.888000,1.142764
36.080000,91.184000,0.835762
5.904000,1516.016000,1.482086
25.584000,2219.248000,2.274955
20.336000,349.648000,1.015662
22.960000,66.256000,1.140155
36.080000,999.088000,1.047779
5.904000,1466.160000,0.676654
24.272000,2696.816000,1.263449
11.152000,2744.048000,1.635959
1.968000,1838.768000,0.697373
19.024000,3204.560000,0.797309
33.456000,175.152000,1.209741
22.960000,490.032000,0.767132
22.960000,1125.040000,1.496169
5.904000,2301.904000,0.707958
30.832000,2755.856000,1.136866
0.656000,1758.736000,0.742436
9.840000,2559.056000,0.791305
32.144000,1014.832000,0.983839
11.152000,2887.056000,0.886826
9.840000,1428.112000,0.708216
29.520000,1523.888000,0.790178
3.280000,709.136000,0.755208
26.896000,1017.456000,0.807889
11.152000,1649.840000,0.679536
28.208000,1062.064000,0.694358
16.400000,2006.704000,0.724632
3.280000,1830.896000,1.002063
30.832000,2730.928000,0.922393
37.392000,1203.760000,0.884408
17.712000,38.704000,2.133244
11.152000,598.928000,0.669199
11.152000,1060.752000,1.621456
12.464000,933.488000,0.692084
8.528000,932.176000,1.369535
9.840000,2518.384000,0.896412
36.080000,47.888000,0.921352
11.152000,908.560000,1.314994
22.960000,2997.264000,0.668780
36.080000,463.792000,1.187579
19.024000,1694.448000,1.105939
29.520000,591.056000,0.740124
20.336000,1383.504000,0.738904
9.840000,2976.272000,0.725888
28.208000,681.584000,1.032803
25.584000,964.976000,0.714787
24.272000,3068.112000,0.907977
4.592000,38.704000,0.891066
9.840000,1230.000000,1.089547
34.768000,1416.304000,0.921035
25.584000,3023.504000,1.246155
16.400000,2172.016000,1.686380
30.832000,961.040000,1.115421
12.464000,1897.808000,0.917416
11.152000,2801.776000,0.745507
25.584000,2518.384000,1.067543
7.216000,2662.704000,0.933619
17.712000,3056.304000,1.266437
21.648000,247.312000,0.808634
37.392000,1912.240000,0.968207
8.528000,1275.920000,0.688554
1.968000,1446.480000,1.336167
9.840000,252.560000,1.856167
29.520000,2683.696000,0.926582
0.656000,1164.400000,0.755224
19.024000,232.880000,0.873049
32.144000,3090.416000,0.662377
3.280000,2452.784000,0.804913
37.392000,350.960000,1.135396
37.392000,64.944000,0.707773
7.216000,2452.784000,1.057694
28.208000,1876.816000,1.448907
22.960000,2328.144000,0.877740
30.832000,36.080000,1.064779
0.656000,1085.680000,1.091054
34.768000,1426.800000,0.896426
21.648000,490.032000,0.718159
11.152000,1610.480000,0.719624
20.336000,492.656000,1.300598
11.152000,1752.176000,1.079812
8.528000,2253.360000,1.126641
26.896000,162.032000,0.706631
19.024000,1143.408000,1.404609
4.592000,294.544000,0.901014
15.088000,690.768000,1.013356
4.592000,276.176000,0.768740
36.080000,1631.472000,0.895094
4.592000,2109.040000,0.845859
38.704000,2786.032000,0.798438
30.832000,2620.720000,1.124513
22.960000,2602.352000,2.349073
4.592000,2259.920000,0.980205
28.208000,1359.888000,0.980223
26.896000,1210.320000,0.953830
0.656000,2465.904000,0.698575
8.528000,551.696000,0.676571
12.464000,268.304000,0.792627
15.088000,2173.328000,1.286726
17.712000,772.112000,1.060714
7.216000,1564.560000,0.946394
38.704000,1178.832000,1.140966
29.520000,884.944000,0.924884
29.520000,1400.560000,0.795402
22.960000,99.056000,1.858102
16.400000,1987.024000,0.863097
9.840000,1746.928000,0.913201
32.144000,2964.464000,0.667921
24.272000,633.040000,0.939027
17.712000,2347.824000,0.909589
12.464000,3135.024000,0.757001
16.400000,12.464000,0.866967
15.088000,458.544000,0.932211
29.520000,881.008000,0.983505
24.272000,1509.456000,0.906822
1.968000,1373.008000,1.176838
33.456000,1304.784000,0.938383
5.904000,463.792000,1.057651
15.088000,2434.416000,0.878077
25.584000,315.536000,0.706964
3.280000,1916.176000,0.759956
17.712000,874.448000,1.662711
26.896000,1164.400000,0.852440
3.280000,2706.000000,0.839909
21.648000,1455.664000,0.760826
0.656000,2624.656000,0.659514
28.208000,697.328000,2.897544
30.832000,1670.832000,1.296532
22.960000,412.624000,0.721937
16.400000,3068.112000,0.971649
12.464000,853.456000,0.878950
32.144000,349.648000,0.699581
4.592000,2677.136000,0.693672
30.832000,2938.224000,0.819618
29.520000,3098.288000,1.716923
17.712000,1666.896000,0.864933
29.520000,67.568000,1.330150
32.144000,3006.448000,1.803248
20.336000,821.968000,0.873489
4.592000,3123.216000,1.273486
20.336000,932.176000,0.723260
13.776000,2875.248000,0.738584
7.216000,1745.616000,1.457025
3.280000,1353.328000,1.262785
34.768000,2792.592000,0.773043
4.592000,297.168000,0.874081
7.216000,1144.720000,1.110823
3.280000,213.200000,0.946776
3.280000,1327.088000,1.379636
22.960000,1892.560000,0.819761
9.840000,1695.760000,0.820228
12.464000,946.608000,0.696107
13.776000,640.912000,0.865946
19.024000,2921.168000,0.811093
3.280000,1872.880000,0.664797
0.656000,1286.416000,0.921403
24.272000,1548.816000,1.700718
34.768000,1299.536000,1.188302
17.712000,567.440000,0.818255
38.704000,507.088000,2.437907
11.152000,2136.592000,0.992109
22.960000,2203.504000,0.774631
17.712000,2276.976000,0.775738
33.456000,1624.912000,0.879691
7.216000,318.160000,0.844081
29.520000,2662.704000,1.400347
37.392000,125.296000,0.959322
37.392000,148.912000,1.208392
19.024000,2812.272000,0.709351
34.768000,3161.264000,1.505249
25.584000,225.008000,0.682868
11.152000,326.032000,0.678610
30.832000,251.248000,0.661414
19.024000,218.448000,1.340375
3.280000,1976.528000,0.748691
8.528000,2772.912000,1.811141
28.208000,3037.936000,1.194594
5.904000,2973.648000,0.806750
22.960000,339.152000,1.492750
20.336000,2384.560000,0.980140
17.712000,2350.448000,1.152236
12.464000,1829.584000,0.724978
30.832000,2846.384000,0.899114
3.280000,2131.344000,1.326965
33.456000,577.936000,0.705221
8.528000,913.808000,0.923398
11.152000,1278.544000,0.671282
11.152000,2043.440000,0.721496
22.960000,572.688000,0.860444
11.152000,2454.096000,0.668166
7.216000,1300.848000,0.928581
3.280000,2469.840000,0.918378
13.776000,2789.968000,0.997406
28.208000,1118.480000,0.981296
8.528000,995.152000,1.404281
17.712000,619.920000,0.785742
9.840000,976.784000,1.464531
9.840000,678.960000,0.896260
22.960000,2610.224000,1.271733
38.704000,315.536000,1.541289
9.840000,2234.992000,0.768036
28.208000,761.616000,1.092180
25.584000,605.488000,0.672690
11.152000,1180.144000,0.690634
9.840000,3099.600000,0.679724
25.584000,3102.224000,1.057908
13.776000,2582.672000,0.663969
17.712000,831.152000,1.203187
9.840000,171.216000,0.796904
7.216000,2022.448000,1.730067
8.528000,1223.440000,0.772931
8.528000,1256.240000,0.892097
25.584000,2178.576000,0.830152
33.456000,1316.592000,0.750450
38.704000,3145.520000,0.845505
38.704000,1716.752000,0.738017
34.768000,499.216000,0.733512
15.088000,1076.496000,1.178953
16.400000,306.352000,1.707915
16.400000,2059.184000,1.999358
22.960000,0.656000,0.706966
13.776000,487.408000,0.660072
24.272000,1081.744000,0.989246
38.704000,1323.152000,1.084910
20.336000,676.336000,1.106629
13.776000,449.360000,0.666870
12.464000,631.728000,0.704793
15.088000,790.480000,0.909021
13.776000,1418.928000,0.770505
12.464000,2539.376000,1.105035
12.464000,778.672000,0.749707
17.712000,2669.264000,0.672696
11.152000,2963.152000,0.708800
19.024000,2204.816000,0.752362
1.968000,101.680000,0.837843
37.392000,3169.136000,1.118748
16.400000,2590.544000,0.973302
11.152000,577.936000,0.693317
38.704000,967.600000,0.665071
21.648000,972.848000,1.611989
0.656000,130.544000,0.746229
7.216000,263.056000,1.046968
28.208000,802.288000,0.700806
25.584000,421.808000,1.224804
32.144000,1741.680000,1.648764
12.464000,2156.272000,0.752493
21.648000,2308.464000,1.222366
17.712000,1921.424000,0.757675
5.904000,1508.144000,0.831830
16.400000,2064.432000,1.267012
22.960000,636.976000,0.738556
37.392000,954.480000,0.866952
16.400000,2960.528000,1.022861
4.592000,651.408000,2.071284
36.080000,2732.240000,1.161092
9.840000,664.528000,0.712187
17.712000,972.848000,0.934199
37.392000,243.376000,0.673035
13.776000,171.216000,0.787098
12.464000,205.328000,1.734159
11.152000,2868.688000,0.717753
4.592000,2165.456000,0.734075
11.152000,2400.304000,0.740553
9.840000,858.704000,1.706442
21.648000,818.032000,0.700004
0.656000,1718.064000,0.687469
29.520000,1113.232000,0.930365
28.208000,505.776000,0.725430
3.280000,920.368000,0.863692
7.216000,1072.560000,0.712985
16.400000,3165.200000,1.562171
3.280000,2763.728000,0.769436
22.960000,3074.672000,0.708918
15.088000,553.008000,1.213577
29.520000,2812.272000,1.088004
8.528000,1045.008000,0.659555
29.520000,720.944000,0.787685
24.272000,2492.144000,0.897612
37.392000,1451.728000,0.690255
4.592000,2994.640000,1.298785
12.464000,672.400000,0.736141
11.152000,1790.224000,0.952589
20.336000,308.976000,0.833418
12.464000,1006.960000,0.824407
34.768000,1791.536000,0.788188
15.088000,2376.688000,0.908514
29.520000,2515.760000,1.053890
20.336000,2376.688000,0.976247
16.400000,1177.520000,0.853489
9.840000,1271.984000,0.788932
32.144000,1269.360000,1.711114
1.968000,2968.400000,1.130897
8.528000,1421.552000,0.826057
8.528000,1210.320000,0.717759
34.768000,2835.888000,0.913264
3.280000,164.656000,0.668682
25.584000,2173.328000,1.331838
13.776000,1863.696000,0.899970
36.080000,1914.864000,2.005713
17.712000,467.728000,1.361066
36.080000,1056.816000,1.453910
38.704000,1286.416000,1.448788
5.904000,2774.224000,0.738943
13.776000,2940.848000,0.816923
25.584000,291.920000,0.695084
3.280000,1714.128000,0.989339
9.840000,1127.664000,0.705270
24.272000,2789.968000,0.698228
12.464000,1487.152000,0.722025
28.208000,2166.768000,0.665367
25.584000,979.408000,1.866981
37.392000,2324.208000,0.937293
28.208000,572.688000,0.987091
13.776000,530.704000,0.692656
19.024000,3115.344000,0.686291
32.144000,1243.120000,0.883167
21.648000,800.976000,0.784768
37.392000,2097.232000,1.111883
25.584000,2492.144000,0.896647
19.024000,2786.032000,0.859070
30.832000,2825.392000,0.930992
7.216000,337.840000,0.827785
17.712000,3075.984000,0.876877
32.144000,2549.872000,0.677106
34.768000,454.608000,0.675271
13.776000,2001.456000,0.706593
38.704000,2510.512000,0.726780
13.776000,1132.912000,0.686321
19.024000,2649.584000,1.080651
1.968000,574.000000,0.732455
26.896000,1139.472000,0.979212
16.400000,1704.944000,0.790089
11.152000,2948.720000,0.844821
13.776000,2816.208000,0.700713
7.216000,2562.992000,0.799255
12.464000,2694.192000,1.202679
21.648000,1546.192000,0.698020
13.776000,777.360000,1.064295
7.216000,1988.336000,1.296192
28.208000,299.792000,0.749951
30.832000,2135.280000,1.079720
34.768000,779.984000,0.747441
33.456000,2374.064000,0.704400
33.456000,3162.576000,0.883366
3.280000,1564.560000,0.766609
22.960000,2404.240000,0.810568
11.152000,3049.744000,0.742176
1.968000,3124.528000,0.792591
38.704000,508.400000,0.969467
8.528000,895.440000,0.802845
36.080000,2881.808000,0.675412
5.904000,987.280000,0.991640
0.656000,2930.352000,0.757601
3.280000,521.520000,1.981767
9.840000,1752.176000,1.312148
29.520000,1199.824000,0.734105
25.584000,2780.784000,1.730573
36.080000,1439.920000,1.012913
20.336000,848.208000,0.839823
34.768000,535.952000,0.921705
38.704000,9.840000,0.955803
19.024000,130.544000,1.039412
38.704000,2259.920000,1.119971
7.216000,1769.232000,0.825835
32.144000,3035.312000,1.306945
5.904000,2985.456000,0.797027
24.272000,2072.304000,0.928081
38.704000,1805.968000,0.864668
5.904000,109.552000,0.674044
38.704000,259.120000,1.292194
34.768000,2691.568000,0.741430
28.208000,962.352000,0.754339
1.968000,1950.288000,0.707826
11.152000,1647.216000,0.978481
8.528000,235.504000,1.112416
28.208000,1325.776000,0.691914
17.712000,2254.672000,1.076103
33.456000,881.008000,0.691577
28.208000,1687.888000,1.293979
26.896000,2875.248000,0.667134
16.400000,445.424000,0.786988
26.896000,2181.200000,0.758824
9.840000,884.944000,1.501142
11.152000,2011.952000,0.813620
32.144000,1357.264000,0.718475
22.960000,2359.632000,1.039928
11.152000,1488.464000,1.608456
5.904000,2422.608000,1.216465
15.088000,189.584000,0.985530
25.584000,2131.344000,1.587700
7.216000,799.664000,2.071296
28.208000,2271.728000,0.670411
20.336000,1749.552000,1.011775
38.704000,1098.800000,0.718752
15.088000,446.736000,0.720661
5.904000,2214.000000,0.902618
25.584000,1497.648000,0.688417
1.968000,2223.184000,1.134798
1.968000,534.640000,1.004553
38.704000,3107.472000,0.968575
3.280000,2231.056000,0.842431
28.208000,2149.712000,1.261339
17.712000,1897.808000,0.941095
37.392000,3208.496000,1.620762
7.216000,1770.544000,2.227718
34.768000,2625.968000,1.273038
36.080000,755.056000,0.856350
3.280000,1401.872000,0.747447
33.456000,551.696000,0.846062
28.208000,272.240000,1.190653
8.528000,2389.808000,1.408872
0.656000,1392.688000,0.720889
24.272000,2812.272000,0.924572
22.960000,238.128000,1.212059
3.280000,1134.224000,0.922450
1.968000,891.504000,0.729622
8.528000,2994.640000,0.962675
34.768000,2845.072000,0.879902
24.272000,1383.504000,0.975190
32.144000,1943.728000,0.712240
22.960000,3195.376000,0.699695
8.528000,289.296000,0.852441
19.024000,154.160000,1.241160
13.776000,517.584000,0.972613
15.088000,3073.360000,0.868786
11.152000,2618.096000,0.709376
19.024000,887.568000,0.828753
19.024000,995.152000,0.656213
1.968000,2094.608000,1.084684
17.712000,1106.672000,1.254591
0.656000,1220.816000,1.397630
37.392000,455.920000,0.697944
12.464000,1271.984000,1.099524
19.024000,3064.176000,0.895435
37.392000,696.016000,0.674384
32.144000,2463.280000,1.587634
5.904000,499.216000,0.781156
26.896000,93.808000,1.271131
17.712000,537.264000,0.761048
3.280000,1433.360000,0.661778
3.280000,2758.480000,1.115368
7.216000,2366.192000,0.749906
38.704000,3180.944000,1.002019
37.392000,2566.928000,1.373309
1.968000,2322.896000,1.014885
9.840000,1681.328000,0.680808
1.968000,2960.528000,0.841427
3.280000,2720.432000,0.785665
12.464000,2158.896000,1.270196
25.584000,1106.672000,1.042654
16.400000,651.408000,0.753507
34.768000,776.048000,0.983008
0.656000,156.784000,0.821495
38.704000,985.968000,1.119383
3.280000,2484.272000,0.681465
13.776000,2181.200000,1.990101
36.080000,2716.496000,0.663379
33.456000,505.776000,0.863091
15.088000,1210.320000,0.883506
22.960000,2086.736000,0.688322
4.592000,1777.104000,1.496482
37.392000,3112.720000,0.760026
7.216000,3121.904000,1.001977
28.208000,2084.112000,0.695233
7.216000,1268.048000,0.816895
16.400000,2313.712000,0.944088
13.776000,1012.208000,0.935805
5.904000,2783.408000,0.955836
22.960000,1861.072000,0.833147
1.968000,2534.128000,0.908296
0.656000,2653.520000,0.693226
32.144000,2168.080000,1.368692
13.776000,238.128000,1.095936
20.336000,150.224000,1.226436
11.152000,1126.352000,0.862893
32.144000,97.744000,0.956071
38.704000,3215.056000,0.755356
22.960000,1749.552000,0.721635
8.528000,2585.296000,1.851044
28.208000,375.888000,1.043080
7.216000,2358.320000,1.136591
9.840000,2044.752000,0.720263
11.152000,2398.992000,0.677216
32.144000,1547.504000,1.033417
36.080000,1186.704000,1.103996
0.656000,375.888000,0.956491
17.712000,3043.184000,0.810299
11.152000,1324.464000,0.683853
38.704000,1313.968000,0.776439
0.656000,680.272000,0.667833
21.648000,1471.408000,0.847396
13.776000,1119.792000,0.764172
28.208000,1992.272000,0.888991
37.392000,1878.128000,1.092921
5.904000,335.216000,0.713340
17.712000,72.816000,0.814871
12.464000,1825.648000,0.783554
22.960000,665.840000,1.090349
4.592000,3152.080000,0.664071
8.528000,512.336000,0.764261
29.520000,1985.712000,0.661522
17.712000,1085.680000,0.893057
13.776000,2224.496000,0.782385
24.272000,566.128000,0.735404
33.456000,480.848000,0.806865
38.704000,1748.240000,0.664068
36.080000,1296.912000,0.705101
20.336000,2897.552000,1.639939
12.464000,2005.392000,1.262563
33.456000,152.848000,1.254566
26.896000,1891.248000,1.120269
0.656000,2349.136000,0.758098
26.896000,1850.576000,1.497966
1.968000,3159.952000,0.800501
30.832000,2581.360000,1.324845
12.464000,1230.000000,0.663825
32.144000,2894.928000,0.850979
20.336000,894.128000,1.022123
5.904000,3201.936000,0.879836
0.656000,3018.256000,1.679619
8.528000,1967.344000,0.726707
15.088000,2308.464000,0.870462
26.896000,1685.264000,0.813746
17.712000,1716.752000,1.368137
9.840000,1489.776000,0.691660
7.216000,2686.320000,0.894084
28.208000,524.144000,0.696963
25.584000,2107.728000,0.762938
4.592000,1207.696000,0.752258
16.400000,2573.488000,0.684857
4.592000,819.344000,1.152811
7.216000,1903.056000,0.844237
30.832000,1998.832000,1.139286
8.528000,2324.208000,1.432241
29.520000,2064.432000,0.839488
32.144000,246.000000,0.701098
25.584000,1089.616000,1.254930
26.896000,89.872000,0.658558
36.080000,1535.696000,0.815541
5.904000,2669.264000,1.253018
17.712000,1156.528000,0.723953
20.336000,2871.312000,1.120757
19.024000,2985.456000,1.004302
11.152000,3030.064000,0.681386
20.336000,568.752000,1.155201
24.272000,703.888000,0.997702
13.776000,1770.544000,0.759230
29.520000,2177.264000,0.686877
5.904000,3220.304000,1.085287
16.400000,314.224000,0.718181
22.960000,900.688000,0.705018
30.832000,2708.624000,0.799189
32.144000,2646.960000,0.662872
28.208000,158.096000,0.741681
16.400000,126.608000,0.690194
7.216000,392.944000,1.593319
29.520000,1092.240000,0.830923
36.080000,1712.816000,0.815439
26.896000,1105.360000,0.937505
4.592000,2025.072000,1.211343
16.400000,2459.344000,1.104744
21.648000,1635.408000,0.660519
8.528000,3066.800000,0.801405
5.904000,2051.312000,0.698370
8.528000,2577.424000,1.003276
7.216000,1870.256000,0.923667
32.144000,2220.560000,0.764423
20.336000,3173.072000,0.681128
29.520000,2053.936000,0.744547
38.704000,4.592000,0.880779
26.896000,1858.448000,0.707909
19.024000,1542.256000,0.905940
25.584000,563.504000,1.196254
36.080000,22.960000,0.801717
13.776000,2728.304000,0.682415
7.216000,539.888000,0.709264
4.592000,396.880000,0.791762
5.904000,2244.176000,0.841583
36.080000,597.616000,0.694084
12.464000,2511.824000,0.776373
34.768000,2658.768000,0.918300
33.456000,2332.080000,0.707624
4.592000,609.424000,0.773852
32.144000,373.264000,1.694463
13.776000,1295.600000,1.432933
13.776000,1310.032000,0.860293
32.144000,1152.592000,1.140524
37.392000,159.408000,0.840318
28.208000,336.528000,1.425057
24.272000,1014.832000,0.882622
28.208000,2172.016000,0.789841
20.336000,2328.144000,0.865419
9.840000,2082.800000,0.782733
17.712000,609.424000,0.705642
7.216000,682.896000,1.124103
36.080000,1437.296000,1.194900
32.144000,260.432000,0.757331
32.144000,1176.208000,1.028959
17.712000,1244.432000,0.747725
0.656000,152.848000,0.674160
13.776000,205.328000,0.690400
12.464000,1952.912000,1.190098
30.832000,2084.112000,0.966853
12.464000,947.920000,0.687731
33.456000,1830.896000,1.702049
24.272000,2518.384000,1.319656
1.968000,2476.400000,0.884078
36.080000,3036.624000,0.930835
8.528000,2207.440000,0.757854
33.456000,717.008000,0.671854
30.832000,1163.088000,1.792352
9.840000,1904.368000,1.028834
21.648000,1861.072000,0.865914
26.896000,1388.752000,0.730333
38.704000,832.464000,2.180540
9.840000,2392.432000,0.666550
33.456000,2873.936000,1.046295
37.392000,508.400000,0.801187
15.088000,2008.016000,0.713316
0.656000,745.872000,1.605779
29.520000,3044.496000,0.785156
19.024000,1430.736000,1.250279
13.776000,2431.792000,0.923210
20.336000,863.952000,0.970333
33.456000,2653.520000,1.198967
34.768000,1146.032000,0.681947
4.592000,285.360000,2.519943
22.960000,1607.856000,0.761513
21.648000,984.656000,0.794217
13.776000,902.000000,0.720736
20.336000,2120.848000,0.837480
5.904000,2333.392000,0.827775
29.520000,1144.720000,0.766094
33.456000,2225.808000,0.807909
0.656000,15.088000,1.253118
33.456000,2387.184000,0.771374
0.656000,2353.072000,0.838251
38.704000,3010.384000,0.914292
28.208000,83.312000,1.221819
13.776000,1565.872000,1.157376
30.832000,749.808000,0.671404
5.904000,2729.616000,1.024428
29.520000,2780.784000,0.898527
20.336000,886.256000,0.912901
37.392000,2387.184000,1.145850
8.528000,1013.520000,0.782063
26.896000,2106.416000,0.833699
33.456000,735.376000,0.852897
7.216000,394.256000,0.661176
12.464000,963.664000,1.063612
37.392000,1937.168000,0.865211
19.024000,2821.456000,1.259955
11.152000,259.120000,0.816913
20.336000,2998.576000,0.817555
9.840000,850.832000,0.830897
21.648000,655.344000,1.637964
22.960000,1489.776000,0.728997
22.960000,884.944000,0.909015
16.400000,1093.552000,0.752825
8.528000,1149.968000,0.708752
19.024000,1432.048000,0.734616
17.712000,2064.432000,0.700775
19.024000,2043.440000,0.931867
30.832000,1201.136000,0.686408
28.208000,274.864000,1.254459
34.768000,1024.016000,0.973632
36.080000,2447.536000,1.017781
16.400000,2807.024000,1.542113
26.896000,3148.144000,0.657708
5.904000,2339.952000,0.738850
33.456000,745.872000,0.863592
28.208000,324.720000,0.768598
5.904000,2745.360000,0.863987
12.464000,2412.112000,0.814788
11.152000,2326.832000,0.866714
13.776000,500.528000,0.853310
3.280000,1559.312000,0.808392
37.392000,2013.264000,0.679007
32.144000,1865.008000,2.861095
20.336000,217.136000,1.127538
20.336000,2900.176000,2.177925
37.392000,1996.208000,0.955045
26.896000,1127.664000,1.244499
36.080000,2578.736000,0.945453
28.208000,357.520000,0.867818
22.960000,1849.264000,0.944412
36.080000,2825.392000,1.458403
7.216000,1413.680000,1.093079
32.144000,2465.904000,1.198381
28.208000,1674.768000,1.917753
4.592000,1185.392000,0.698716
15.088000,2266.480000,1.293573
37.392000,1358.576000,0.899895
22.960000,3186.192000,0.689569
17.712000,1910.928000,0.914806
28.208000,1151.280000,0.672334
9.840000,1662.960000,0.766964
7.216000,2873.936000,0.663391
1.968000,1203.760000,0.803232
19.024000,865.264000,0.722696
11.152000,2805.712000,0.914219
28.208000,79.376000,0.735911
26.896000,2960.528000,0.863247
3.280000,2561.680000,1.664744
37.392000,105.616000,0.952843
34.768000,836.400000,0.786544
29.520000,932.176000,1.048448
0.656000,155.472000,0.771686
1.968000,1504.208000,0.983615
13.776000,1278.544000,0.735491
25.584000,404.752000,1.179500
12.464000,3036.624000,0.945084
28.208000,2845.072000,1.303718
11.152000,210.576000,1.047199
11.152000,579.248000,0.830072
28.208000,2914.608000,1.285684
36.080000,625.168000,1.010398
21.648000,659.280000,0.674844
37.392000,621.232000,0.679401
16.400000,591.056000,0.898463
8.528000,2313.712000,0.741208
8.528000,329.968000,1.201238
33.456000,634.352000,0.687011
11.152000,3211.120000,1.607002
21.648000,1182.768000,1.862851
0.656000,865.264000,1.138717
15.088000,811.472000,0.868424
5.904000,615.984000,0.918912
32.144000,1851.888000,1.632284
11.152000,2528.880000,1.102127
30.832000,2726.992000,1.053957
3.280000,556.944000,0.898577
38.704000,642.224000,0.706466
36.080000,155.472000,0.983256
3.280000,664.528000,0.945465
26.896000,113.488000,0.846382
34.768000,2796.528000,1.002912
19.024000,2770.288000,1.047964
3.280000,2545.936000,0.804919
26.896000,1374.320000,1.187081
12.464000,2618.096000,1.260112
9.840000,3199.312000,0.842992
0.656000,1260.176000,1.494931
17.712000,1644.592000,0.863414
12.464000,2368.816000,0.852694
34.768000,404.752000,1.190347
25.584000,1517.328000,1.341772
28.208000,493.968000,0.872824
26.896000,1064.688000,1.149023
19.024000,1527.824000,1.219902
32.144000,2244.176000,0.737341
4.592000,3222.928000,0.682516
26.896000,1470.096000,0.858833
0.656000,2890.992000,0.865839
19.024000,1617.040000,0.696525
9.840000,539.888000,0.981022
13.776000,64.944000,0.897711
3.280000,1237.872000,1.375757
25.584000,2849.008000,0.869003
32.144000,1632.784000,1.135778
34.768000,1063.376000,1.460911
1.968000,2565.616000,0.845716
20.336000,579.248000,0.828634
9.840000,951.856000,0.707600
0.656000,1842.704000,0.667100
38.704000,310.288000,0.858016
7.216000,1256.240000,0.805020
36.080000,1337.584000,1.603087
22.960000,1859.760000,0.725409
37.392000,2228.432000,0.778370
26.896000,1008.272000,1.235737
26.896000,2929.040000,0.831768
22.960000,465.104000,0.809144
4.592000,2270.416000,1.022121
7.216000,1740.368000,1.051384
4.592000,74.128000,1.078822
7.216000,386.384000,1.076691
30.832000,383.760000,1.033093
7.216000,1142.096000,1.283266
1.968000,706.512000,2.501356
38.704000,412.624000,0.720733
33.456000,75.440000,1.657176
3.280000,1958.160000,0.996156
30.832000,1160.464000,0.851214
33.456000,339.152000,0.719715
30.832000,2618.096000,0.904263
8.528000,1278.544000,1.216932
1.968000,967.600000,1.120023
29.520000,791.792000,0.704672
36.080000,1544.880000,0.942564
13.776000,1304.784000,1.073706
13.776000,1607.856000,1.062892
24.272000,1840.080000,1.411485
22.960000,2294.032000,0.670839
17.712000,345.712000,1.101840
32.144000,1757.424000,0.738917
22.960000,1754.800000,1.214206
30.832000,123.984000,0.823296
19.024000,32.144000,0.709483
15.088000,167.280000,0.691338
15.088000,1467.472000,0.676231
15.088000,2317.648000,0.789175
17.712000,1205.072000,0.894068
11.152000,2380.624000,1.060464
9.840000,2467.216000,0.680771
17.712000,2518.384000,1.401108
0.656000,1634.096000,0.723174
25.584000,2232.368000,1.050412
4.592000,1837.456000,0.759324
30.832000,1750.864000,0.709841
29.520000,2055.248000,0.705215
20.336000,524.144000,0.849466
12.464000,194.832000,0.657805
4.592000,455.920000,0.735887
1.968000,1195.888000,1.192792
33.456000,1967.344000,0.800297
19.024000,424.432000,1.104742
4.592000,472.976000,0.817255
0.656000,1763.984000,0.906972
3.280000,2004.080000,0.817432
17.712000,492.656000,1.614690
1.968000,1169.648000,1.743178
17.712000,779.984000,0.762840
13.776000,2131.344000,1.182661
4.592000,383.760000,1.337771
0.656000,2800.464000,0.857815
32.144000,1268.048000,0.873771
3.280000,1027.952000,1.251433
17.712000,744.560000,1.293399
30.832000,1050.256000,1.132494
37.392000,1014.832000,0.737795
38.704000,19.024000,1.064903
21.648000,1475.344000,1.427697
17.712000,3001.200000,1.116509
13.776000,137.104000,0.658283
12.464000,4.592000,1.474538
12.464000,511.024000,0.661150
13.776000,1853.200000,0.859909
32.144000,2276.976000,1.745190
33.456000,1021.392000,0.986049
15.088000,699.952000,1.276011
17.712000,126.608000,1.306184
16.400000,2156.272000,0.735835
24.272000,2326.832000,0.957461
21.648000,1131.600000,0.802679
28.208000,15.088000,0.979624
25.584000,3149.456000,1.167306
20.336000,1333.648000,1.076926
34.768000,1830.896000,1.301686
7.216000,209.264000,1.206601
25.584000,790.480000,0.664419
20.336000,1321.840000,0.702962
20.336000,501.840000,0.793000
28.208000,2383.248000,0.838787
19.024000,261.744000,0.834672
26.896000,1123.728000,0.703681
8.528000,2951.344000,1.642705
38.704000,2440.976000,1.077094
25.584000,2965.776000,1.112879
17.712000,92.496000,0.881558
11.152000,2170.704000,0.966305
37.392000,1429.424000,0.973198
37.392000,3165.200000,0.795036
28.208000,689.456000,1.326726
33.456000,2153.648000,0.829050
7.216000,1892.560000,0.656463
16.400000,2648.272000,1.116861
22.960000,2521.008000,1.073639
3.280000,539.888000,0.710286
1.968000,2948.720000,0.683435
5.904000,1834.832000,0.799304
21.648000,2056.560000,0.697799
36.080000,3132.400000,0.715541
22.960000,639.600000,0.710503
32.144000,3068.112000,1.394828
11.152000,1879.440000,1.552197
30.832000,2294.032000,0.780672
16.400000,1706.256000,0.771885
37.392000,2703.376000,1.096477
7.216000,2506.576000,0.882934
17.712000,1781.040000,0.751511
25.584000,2500.016000,0.980333
8.528000,2185.136000,0.845648
30.832000,1676.080000,0.696501
33.456000,210.576000,1.774025
9.840000,190.896000,1.283026
1.968000,2771.600000,0.757987
4.592000,2479.024000,0.739058
11.152000,284.048000,1.033769
33.456000,227.632000,0.695131
34.768000,2555.120000,1.822553
29.520000,1624.912000,0.715484
11.152000,1942.416000,2.405094
22.960000,1345.456000,1.627590
29.520000,1554.064000,0.839138
7.216000,1945.040000,0.695982
25.584000,3128.464000,0.658430
7.216000,3158.640000,1.445662
24.272000,1128.976000,0.696319
7.216000,340.464000,0.662780
30.832000,2757.168000,0.946729
9.840000,2825.392000,0.902155
29.520000,2378.000000,1.330903
36.080000,2993.328000,1.149233
13.776000,696.016000,1.239783
37.392000,1464.848000,0.656346
12.464000,266.992000,0.761036
25.584000,1632.784000,1.433354
4.592000,1947.664000,0.914675
15.088000,1668.208000,0.736747
37.392000,516.272000,1.000938
32.144000,365.392000,0.700451
3.280000,1021.392000,0.822271
13.776000,2568.240000,0.865662
19.024000,2440.976000,1.384692
36.080000,1942.416000,0.879230
0.656000,984.656000,0.847607
21.648000,2974.960000,0.802723
36.080000,689.456000,0.898692
8.528000,2906.736000,0.694627
22.960000,2830.640000,0.661390
29.520000,1380.880000,0.973098
0.656000,534.640000,0.669218
25.584000,1055.504000,1.005942
1.968000,2636.464000,0.824612
28.208000,2046.064000,0.755420
7.216000,1352.016000,0.825359
15.088000,2706.000000,1.102651
11.152000,3167.824000,0.731101
28.208000,2368.816000,1.610936
21.648000,745.872000,1.004905
5.904000,211.888000,0.743150
8.528000,2738.800000,0.855576
33.456000,2005.392000,0.828533
26.896000,243.376000,0.933992
16.400000,490.032000,1.344407
37.392000,777.360000,0.659036
28.208000,285.360000,0.717228
34.768000,2228.432000,1.190261
32.144000,1829.584000,0.797079
24.272000,188.272000,1.102637
25.584000,1126.352000,0.873072
37.392000,2585.296000,2.618634
4.592000,884.944000,0.679718
11.152000,1341.520000,0.724192
9.840000,908.560000,0.759698
26.896000,3191.440000,0.670902
30.832000,3213.744000,1.044200
12.464000,2852.944000,1.273666
20.336000,1064.688000,0.752242
11.152000,1662.960000,0.843176
7.216000,2744.048000,0.746578
38.704000,1235.248000,0.732883
11.152000,478.224000,0.677240
7.216000,854.768000,0.783390
8.528000,2172.016000,0.717025
38.704000,2490.832000,0.669608
28.208000,908.560000,0.677409
25.584000,3083.856000,0.702122
12.464000,210.576000,1.386740
1.968000,3066.800000,0.930950
7.216000,1841.392000,0.863836
38.704000,577.936000,1.114869
38.704000,1619.664000,0.708782
17.712000,1844.016000,0.659066
29.520000,1542.256000,0.790530
22.960000,1449.104000,1.333399
8.528000,3031.376000,0.909868
37.392000,819.344000,0.727733
5.904000,2657.456000,0.767223
7.216000,34.768000,0.674005
13.776000,2771.600000,1.266542
26.896000,745.872000,0.842747
26.896000,665.840000,0.924822
8.528000,1703.632000,0.658404
24.272000,2578.736000,1.000232
8.528000,912.496000,0.838620
25.584000,1014.832000,1.974247
36.080000,764.240000,0.837650
38.704000,2698.128000,0.712347
13.776000,2477.712000,0.929056
30.832000,916.432000,0.699835
13.776000,2283.536000,1.044148
15.088000,2468.528000,1.897440
28.208000,1719.376000,0.869363
5.904000,3154.704000,0.739759
37.392000,888.880000,0.723970
1.968000,3128.464000,0.715088
16.400000,2427.856000,0.758146
25.584000,2353.072000,0.965546
22.960000,223.696000,0.756280
33.456000,164.656000,0.881509
32.144000,1333.648000,0.955769
4.592000,232.880000,0.810856
1.968000,109.552000,0.931946
20.336000,1222.128000,0.858627
1.968000,1128.976000,2.216125
19.024000,2127.408000,1.350365
22.960000,874.448000,0.702340
4.592000,29.520000,1.744671
28.208000,1029.264000,0.945048
38.704000,2291.408000,2.018429
33.456000,1829.584000,0.778971
19.024000,3174.384000,0.698915
3.280000,1718.064000,1.054648
25.584000,1558.000000,1.022541
20.336000,1462.224000,0.936411
1.968000,900.688000,2.264278
11.152000,2733.552000,0.793083
33.456000,846.896000,1.749012
24.272000,1824.336000,0.905607
29.520000,2960.528000,0.731336
29.520000,625.168000,1.305100
8.528000,1763.984000,0.739004
20.336000,604.176000,0.932837
20.336000,1117.168000,1.652681
29.520000,244.688000,0.885167
11.152000,55.760000,1.047746
5.904000,492.656000,0.669325
9.840000,753.744000,0.730741
13.776000,1687.888000,0.665539
22.960000,580.560000,1.193286
4.592000,619.920000,0.686172
1.968000,2029.008000,0.725656
19.024000,425.744000,1.238123
3.280000,1004.336000,0.746501
0.656000,47.888000,1.398154
11.152000,2934.288000,0.895447
38.704000,2371.440000,1.557513
36.080000,2556.432000,0.779986
5.904000,2993.328000,0.656253
5.904000,869.200000,0.806864
4.592000,1313.968000,0.876646
33.456000,3062.864000,0.714557
9.840000,109.552000,0.680163
11.152000,709.136000,1.006966
16.400000,1603.920000,1.423594
9.840000,361.456000,0.709203
34.768000,1584.240000,1.017731
24.272000,1761.360000,0.865219
7.216000,2234.992000,0.681194
36.080000,1300.848000,0.974791
8.528000,535.952000,0.832341
9.840000,1188.016000,0.766364
26.896000,1379.568000,1.782496
20.336000,1212.944000,0.879862
12.464000,2406.864000,1.357930
21.648000,2851.632000,1.749776
12.464000,467.728000,1.240370
15.088000,1802.032000,0.715214
20.336000,2671.888000,0.682379
30.832000,2026.384000,0.768393
26.896000,1467.472000,1.037181
36.080000,803.600000,0.927681
37.392000,3129.776000,0.867788
4.592000,3129.776000,1.233824
5.904000,2947.408000,1.476124
32.144000,425.744000,0.762721
16.400000,1458.288000,0.686315
16.400000,2315.024000,0.741950
0.656000,688.144000,1.007038
1.968000,2536.752000,1.099367
22.960000,2219.248000,1.000472
37.392000,2755.856000,1.643235
11.152000,3119.280000,0.726991
37.392000,1370.384000,0.723531
8.528000,2971.024000,0.882573
5.904000,1767.920000,1.729929
37.392000,3104.848000,0.790732
33.456000,791.792000,1.405935
25.584000,2744.048000,0.770398
17.712000,865.264000,1.051975
38.704000,2430.480000,1.756166
21.648000,1278.544000,0.981189
12.464000,385.072000,0.897625
38.704000,474.288000,0.990271
26.896000,3005.136000,0.656732
37.392000,1298.224000,0.942067
5.904000,2279.600000,0.677601
5.904000,2747.984000,0.715335
15.088000,1383.504000,0.683597
17.712000,2001.456000,0.698857
38.704000,2178.576000,0.926797
16.400000,638.288000,0.695039
36.080000,3142.896000,1.346383
20.336000,310.288000,0.673310
37.392000,2885.744000,0.877748
30.832000,1046.320000,0.658285
7.216000,1394.000000,1.058859
16.400000,1931.920000,1.173875
5.904000,2284.848000,2.021866
4.592000,2401.616000,1.049939
9.840000,926.928000,0.682757
15.088000,2026.384000,0.667764
17.712000,2946.096000,0.713160
34.768000,2358.320000,0.767612
17.712000,1055.504000,0.815780
21.648000,3064.176000,2.131555
12.464000,904.624000,0.757613
12.464000,1638.032000,1.217814
4.592000,1046.320000,0.928996
16.400000,772.112000,1.425627
30.832000,2126.096000,0.956671
26.896000,642.224000,0.852686
4.592000,2746.672000,0.935920
24.272000,929.552000,0.744236
7.216000,1093.552000,0.767648
5.904000,1408.432000,0.983827
20.336000,2490.832000,0.911034
13.776000,301.104000,0.767107
7.216000,3098.288000,0.936270
9.840000,904.624000,0.693190
13.776000,2031.632000,0.698659
28.208000,1605.232000,0.789152
34.768000,1697.072000,1.430347
30.832000,2763.728000,0.796920
26.896000,2170.704000,0.983090
21.648000,2761.104000,0.914072
0.656000,2783.408000,0.799934
1.968000,1677.392000,0.979524
11.152000,257.808000,1.279604
13.776000,581.872000,0.854124
0.656000,289.296000,0.732764
12.464000,1514.704000,0.964680
30.832000,248.624000,1.127977
12.464000,1018.768000,0.808113
37.392000,1653.776000,0.787783
3.280000,692.080000,1.609755
4.592000,2900.176000,0.837911
19.024000,1303.472000,0.978183
29.520000,2801.776000,0.819427
16.400000,453.296000,0.844507
19.024000,720.944000,0.751787
32.144000,534.640000,0.669411
9.840000,315.536000,0.871261
12.464000,1142.096000,0.661212
11.152000,2023.760000,1.067601
33.456000,726.192000,0.735936
1.968000,2234.992000,0.673543
22.960000,1546.192000,1.392319
33.456000,2342.576000,0.713481
11.152000,1674.768000,0.800993
34.768000,1252.304000,0.847515
33.456000,1244.432000,0.909584
8.528000,2915.920000,1.280633
28.208000,2569.552000,0.714681
24.272000,1136.848000,0.683658
32.144000,2496.080000,0.709715
3.280000,1400.560000,0.673193
17.712000,2422.608000,1.143736
29.520000,1537.008000,1.056766
38.704000,2518.384000,1.081648
11.152000,80.688000,1.630217
15.088000,2562.992000,0.760301
29.520000,1753.488000,1.244573
30.832000,243.376000,0.688019
32.144000,2851.632000,0.877997
24.272000,2389.808000,0.769658
30.832000,2675.824000,0.672316
26.896000,461.168000,1.066638
25.584000,2261.232000,0.762778
21.648000,902.000000,0.908587
29.520000,1072.560000,1.774317
20.336000,563.504000,0.721330
13.776000,2653.520000,0.704710
3.280000,490.032000,0.705487
5.904000,1159.152000,0.673227
29.520000,1956.848000,0.896883
21.648000,1981.776000,0.719075
8.528000,2160.208000,0.750148
8.528000,2997.264000,0.782789
30.832000,369.328000,0.946324
25.584000,2094.608000,0.722258
22.960000,567.440000,0.777343
26.896000,1489.776000,0.773456
36.080000,213.200000,1.114852
12.464000,2114.288000,0.883431
1.968000,290.608000,1.023556
24.272000,2172.016000,0.696731
17.712000,427.056000,0.902958
0.656000,1618.352000,1.142273
16.400000,2182.512000,1.216439
36.080000,1840.080000,0.971513
1.968000,3208.496000,1.238659
7.216000,1350.704000,0.704638
5.904000,2430.480000,1.394688
38.704000,2604.976000,1.426609
15.088000,2927.728000,0.667525
29.520000,1522.576000,0.990290
26.896000,2244.176000,0.666401
7.216000,787.856000,1.058444
30.832000,3100.912000,0.814406
3.280000,2959.216000,1.217262
19.024000,2354.384000,0.871461
22.960000,2737.488000,0.730748
15.088000,123.984000,0.791779
19.024000,2549.872000,1.129801
16.400000,677.648000,0.866825
34.768000,1420.240000,0.663308
25.584000,78.064000,2.077468
3.280000,1455.664000,1.183396
32.144000,3173.072000,0.800952
3.280000,3037.936000,0.840204
1.968000,997.776000,1.730966
33.456000,1094.864000,1.377803
21.648000,934.800000,1.123393
24.272000,100.368000,1.520037
30.832000,1559.312000,0.744043
30.832000,604.176000,0.778513
24.272000,1003.024000,0.921705
3.280000,1156.528000,0.933435
32.144000,2085.424000,0.704437
0.656000,2671.888000,0.724069
29.520000,2224.496000,0.657827
1.968000,1491.088000,1.113349
0.656000,386.384000,0.820648
3.280000,614.672000,1.236525
7.216000,2455.408000,1.029670
32.144000,3218.992000,0.910793
12.464000,434.928000,0.778538
28.208000,1946.352000,0.662216
32.144000,1388.752000,0.733086
15.088000,164.656000,0.666038
29.520000,553.008000,0.762301
1.968000,785.232000,1.208036
17.712000,1455.664000,0.980163
25.584000,1733.808000,0.823219
9.840000,105.616000,0.793107
0.656000,2363.568000,1.587461
34.768000,249.936000,1.082813
12.464000,214.512000,0.801010
4.592000,1962.096000,0.871631
15.088000,1072.560000,0.825121
19.024000,1045.008000,0.755981
37.392000,1062.064000,0.673992
22.960000,1597.360000,0.895635
16.400000,1867.632000,0.747913
29.520000,2246.800000,0.698000
9.840000,3220.304000,0.712211
19.024000,1164.400000,2.136951
4.592000,451.984000,0.688976
34.768000,1027.952000,1.239253
24.272000,2951.344000,0.815110
9.840000,450.672000,1.279628
0.656000,116.112000,1.159696
25.584000,1752.176000,0.952764
17.712000,909.872000,0.826546
13.776000,3195.376000,0.669012
0.656000,2964.464000,0.749020
0.656000,1245.744000,1.033709
11.152000,879.696000,1.484615
17.712000,528.080000,1.197007
26.896000,2629.904000,0.895120
16.400000,2771.600000,0.879297
26.896000,2810.960000,1.176740
29.520000,2263.856000,1.444379
4.592000,3079.920000,1.117954
26.896000,1131.600000,0.859499
34.768000,311.600000,1.820298
8.528000,3027.440000,0.658913
24.272000,2131.344000,0.915380
24.272000,1744.304000,0.935787
1.968000,1054.192000,1.820072
7.216000,1400.560000,0.678522
16.400000,2923.792000,0.749371
24.272000,3035.312000,1.190334
15.088000,177.776000,1.189427
38.704000,2994.640000,0.965888
34.768000,1206.384000,1.074159
36.080000,3174.384000,0.694816
17.712000,1198.512000,0.699706
7.216000,3066.800000,0.822466
38.704000,2458.032000,0.895119
13.776000,732.752000,1.035623
25.584000,912.496000,0.904969
22.960000,1996.208000,1.376250
15.088000,748.496000,0.672133
25.584000,2212.688000,1.465127
20.336000,2196.944000,1.763671
20.336000,1378.256000,1.271740
34.768000,2919.856000,0.665523
30.832000,508.400000,1.094238
0.656000,2130.032000,1.264422
16.400000,1220.816000,0.667792
36.080000,514.960000,0.926229
34.768000,922.992000,1.957844
9.840000,984.656000,0.786789
37.392000,2992.016000,0.983111
22.960000,1941.104000,1.274679
3.280000,945.296000,0.936650
8.528000,626.480000,1.529927
15.088000,1967.344000,0.922881
1.968000,463.792000,0.880406
0.656000,672.400000,0.693060
37.392000,579.248000,1.558255
28.208000,1357.264000,1.043332
15.088000,2172.016000,0.817800
37.392000,2841.136000,0.719909
8.528000,1190.640000,0.919995
21.648000,1896.496000,1.200250
26.896000,1056.816000,1.308018
25.584000,1910.928000,1.373352
29.520000,2242.864000,1.502325
3.280000,42.640000,1.011662
11.152000,1967.344000,1.481130
16.400000,264.368000,1.002430
17.712000,703.888000,0.925165
7.216000,2800.464000,1.139256
26.896000,1914.864000,1.369287
9.840000,770.800000,1.026731
13.776000,402.128000,0.804214
11.152000,2709.936000,0.685684
13.776000,2548.560000,1.025776
36.080000,2805.712000,0.792001
30.832000,436.240000,0.787996
22.960000,62.320000,0.657100
3.280000,1146.032000,0.720545
7.216000,1662.960000,0.947023
36.080000,2980.208000,1.406965
1.968000,446.736000,0.661197
5.904000,2732.240000,0.845416
5.904000,3137.648000,0.951217
24.272000,165.968000,1.228546
21.648000,2556.432000,1.019983
21.648000,2253.360000,0.786595
12.464000,1677.392000,0.715312
8.528000,1128.976000,1.273531
24.272000,361.456000,0.661516
5.904000,394.256000,1.345503
34.768000,1176.208000,0.989531
38.704000,3196.688000,1.267577
4.592000,3032.688000,1.072178
9.840000,592.368000,1.642751
37.392000,1312.656000,0.937411
1.968000,3169.136000,1.994783
38.704000,100.368000,0.938720
16.400000,2557.744000,0.977540
32.144000,2097.232000,1.781185
25.584000,257.808000,1.099218
21.648000,1575.056000,0.925376
32.144000,2343.888000,1.677782
37.392000,459.856000,0.876343
1.968000,1010.896000,0.755552
20.336000,117.424000,0.658366
33.456000,1859.760000,0.862256
11.152000,892.816000,0.765502
20.336000,1226.064000,0.657759
26.896000,2593.168000,0.712341
9.840000,1076.496000,0.827126
4.592000,156.784000,1.363475
29.520000,2535.440000,0.759314
3.280000,1191.952000,0.665406
20.336000,1985.712000,0.970643
24.272000,1758.736000,0.740486
13.776000,2141.840000,0.935811
26.896000,3062.864000,1.002885
3.280000,2043.440000,1.005860
7.216000,2074.928000,1.419054
32.144000,2148.400000,1.446720
11.152000,3064.176000,1.500898
4.592000,3215.056000,0.660642
37.392000,424.432000,1.854066
29.520000,1521.264000,1.546569
5.904000,3043.184000,0.950910
24.272000,1603.920000,0.779775
26.896000,1779.728000,1.446772
0.656000,722.256000,1.037893
12.464000,88.560000,0.964780
21.648000,2902.800000,0.697612
17.712000,205.328000,0.712863
24.272000,269.616000,1.117435
9.840000,2817.520000,0.736357
29.520000,602.864000,1.049642
32.144000,1826.960000,0.669631
28.208000,749.808000,1.897494
5.904000,217.136000,0.738257
5.904000,2110.352000,0.675840
11.152000,2890.992000,0.787787
36.080000,942.672000,1.196208
7.216000,332.592000,0.980935
8.528000,2282.224000,1.116256
24.272000,2366.192000,0.751683
15.088000,1931.920000,1.141941
0.656000,665.840000,1.182436
8.528000,3060.240000,1.024990
9.840000,2193.008000,1.101015
33.456000,652.720000,0.724913
38.704000,1942.416000,0.707721
16.400000,1037.136000,0.728645
32.144000,1883.376000,0.849689
4.592000,1863.696000,0.705616
1.968000,1342.832000,0.965082
26.896000,2683.696000,0.890922
28.208000,159.408000,2.210172
26.896000,1198.512000,0.814601
38.704000,2514.448000,0.751291
24.272000,1990.960000,0.704284
36.080000,3082.544000,0.969000
36.080000,614.672000,1.106670
17.712000,1140.784000,0.685716
15.088000,594.992000,0.802976
25.584000,1992.272000,0.999919
12.464000,2921.168000,0.846795
21.648000,882.320000,0.713537
33.456000,3213.744000,0.750597
26.896000,2628.592000,2.066223
22.960000,1921.424000,0.973720
17.712000,2426.544000,0.689189
8.528000,362.768000,1.078584
25.584000,2607.600000,0.953726
38.704000,2005.392000,0.791813
21.648000,1523.888000,0.905402
36.080000,2440.976000,0.669016
21.648000,2297.968000,0.868980
4.592000,234.192000,1.318402
0.656000,1178.832000,1.210840
3.280000,1988.336000,0.695761
22.960000,2653.520000,1.035640
26.896000,85.936000,0.749753
17.712000,2900.176000,0.914101
34.768000,1185.392000,0.876187
7.216000,127.920000,1.235191
32.144000,3002.512000,0.972086
29.520000,1060.752000,1.129400
30.832000,2665.328000,0.998642
34.768000,1914.864000,0.786763
16.400000,693.392000,1.438660
0.656000,2501.328000,1.378351
33.456000,482.160000,1.164060
33.456000,1374.320000,0.881342
28.208000,827.216000,1.014345
26.896000,895.440000,0.762528
15.088000,289.296000,1.331941
3.280000,2359.632000,1.030404
7.216000,1695.760000,1.189429
32.144000,146.288000,0.716641
15.088000,1123.728000,1.060687
3.280000,206.640000,1.348999
33.456000,1694.448000,0.801004
21.648000,3087.792000,1.202902
8.528000,945.296000,1.345264
9.840000,1945.040000,1.418754
20.336000,903.312000,0.898530
20.336000,3140.272000,1.303839
19.024000,676.336000,0.975381
33.456000,1984.400000,1.333949
37.392000,563.504000,0.774985
17.712000,2783.408000,0.794439
17.712000,836.400000,0.736883
5.904000,1110.608000,0.781344
12.464000,1886.000000,1.227744
15.088000,1067.312000,1.035556
5.904000,2017.200000,0.684325
24.272000,482.160000,1.174825
26.896000,2311.088000,0.719485
32.144000,499.216000,2.248649
34.768000,1331.024000,1.153897
3.280000,2038.192000,0.784726
3.280000,772.112000,0.946821
30.832000,776.048000,1.248292
21.648000,1045.008000,0.873742
1.968000,2953.968000,0.678066
8.528000,1636.720000,0.656743
7.216000,2902.800000,1.497238
34.768000,2505.264000,1.045376
8.528000,2573.488000,0.915372
26.896000,1994.896000,0.841689
1.968000,2438.352000,0.810960
15.088000,3019.568000,0.949084
7.216000,2271.728000,1.753085
4.592000,2379.312000,1.151407
8.528000,2438.352000,1.074300
12.464000,3044.496000,0.752144
22.960000,306.352000,0.859578
34.768000,1375.632000,1.400903
21.648000,1050.256000,0.704708
21.648000,30.832000,1.324270
25.584000,2098.544000,1.377992
26.896000,2614.160000,0.819119
36.080000,2452.784000,0.803536
37.392000,919.056000,0.739025
32.144000,2503.952000,1.384462
25.584000,471.664000,1.111509
8.528000,2472.464000,0.865894
15.088000,1193.264000,1.020012
21.648000,811.472000,0.972522
32.144000,2161.520000,0.719938
7.216000,1097.488000,0.724978
15.088000,764.240000,1.079788
11.152000,2103.792000,1.266541
32.144000,2863.440000,0.851873
34.768000,2797.840000,1.071237
5.904000,2894.928000,0.802155
25.584000,895.440000,0.727079
22.960000,1937.168000,0.832060
34.768000,1653.776000,0.948105
26.896000,1051.568000,0.692849
37.392000,2583.984000,0.928628
22.960000,1144.720000,0.725426
3.280000,2708.624000,1.808918
34.768000,2494.768000,1.143888
13.776000,961.040000,0.663214
24.272000,1811.216000,0.819731
36.080000,417.872000,0.785410
38.704000,1067.312000,0.815185
9.840000,1306.096000,1.222139
25.584000,741.936000,1.025524
16.400000,1046.320000,0.659339
11.152000,1334.960000,0.879861
16.400000,2017.200000,1.156934
17.712000,1466.160000,0.901563
4.592000,567.440000,0.718895
13.776000,2116.912000,0.855793
36.080000,1210.320000,1.035227
20.336000,1298.224000,0.713384
8.528000,1308.720000,1.664762
20.336000,368.016000,1.013444
33.456000,3183.568000,0.694182
1.968000,2011.952000,1.117693
33.456000,230.256000,0.913816
7.216000,1429.424000,1.093216
13.776000,320.784000,0.987283
25.584000,249.936000,1.336432
20.336000,2845.072000,1.237300
38.704000,1353.328000,0.716737
24.272000,1230.000000,1.267353
3.280000,1086.992000,0.821563
13.776000,2963.152000,0.719622
25.584000,194.832000,0.825077
34.768000,2464.592000,0.900402
37.392000,2402.928000,2.054749
37.392000,2032.944000,1.044705
38.704000,2842.448000,0.715218
15.088000,2443.600000,1.604196
38.704000,2921.168000,1.457553
32.144000,2885.744000,2.362896
8.528000,201.392000,1.710976
34.768000,344.400000,0.817822
26.896000,1327.088000,0.822547
22.960000,571.376000,0.677536
22.960000,958.416000,1.964742
24.272000,3157.328000,1.458363
7.216000,1223.440000,1.249432
13.776000,945.296000,0.943255
12.464000,1468.784000,0.936484
37.392000,2677.136000,1.044209
4.592000,2559.056000,1.073555
9.840000,639.600000,0.760426
9.840000,1854.512000,0.721902
22.960000,2770.288000,0.774502
30.832000,2109.040000,0.991141
37.392000,2793.904000,1.446756
17.712000,2139.216000,0.965729
33.456000,789.168000,0.709071
24.272000,1500.272000,1.250305
19.024000,3048.432000,1.451934
24.272000,1064.688000,0.998992
15.088000,1306.096000,0.987905
15.088000,1391.376000,1.190651
24.272000,562.192000,0.764284
37.392000,2723.056000,0.657992
28.208000,1092.240000,0.734203
30.832000,1883.376000,2.314168
13.776000,1404.496000,0.875484
1.968000,563.504000,0.869873
34.768000,655.344000,1.145600
26.896000,690.768000,1.230065
4.592000,1941.104000,0.848787
33.456000,844.272000,1.557272
15.088000,1729.872000,1.053888
13.776000,1056.816000,1.226795
29.520000,219.760000,0.672119
8.528000,1656.400000,0.827269
26.896000,2190.384000,0.847321
33.456000,1669.520000,0.930543
20.336000,2646.960000,1.001241
30.832000,1471.408000,1.088985
16.400000,76.752000,0.947835
36.080000,2741.424000,0.830888
24.272000,26.896000,0.658830
7.216000,970.224000,0.753941
25.584000,118.736000,1.019674
17.712000,362.768000,1.136491
8.528000,734.064000,0.709743
36.080000,1453.040000,1.195524
9.840000,699.952000,1.321773
21.648000,2179.888000,2.034351
0.656000,2539.376000,1.133330
1.968000,2522.320000,0.728890
32.144000,1488.464000,1.376760
12.464000,1033.200000,0.659411
11.152000,293.232000,1.464547
26.896000,3131.088000,1.134980
29.520000,2274.352000,1.013223
32.144000,416.560000,0.837259
15.088000,828.528000,0.906154
7.216000,1340.208000,1.211217
12.464000,883.632000,0.935661
16.400000,1711.504000,1.028203
37.392000,1648.528000,1.122499
38.704000,1677.392000,0.842676
32.144000,2685.008000,1.606781
9.840000,144.976000,0.727664
0.656000,1593.424000,0.852539
20.336000,777.360000,0.656060
36.080000,207.952000,0.828965
21.648000,110.864000,0.864239
32.144000,358.832000,1.118648
21.648000,613.360000,1.055837
34.768000,974.160000,0.785256
19.024000,1731.184000,0.678624
17.712000,601.552000,0.682568
24.272000,1623.600000,1.266249
0.656000,2031.632000,0.682190
36.080000,1729.872000,1.803237
3.280000,710.448000,1.894933
13.776000,41.328000,1.098402
32.144000,657.968000,0.733505
25.584000,2170.704000,0.676236
19.024000,2198.256000,0.837044
11.152000,2995.952000,0.756043
26.896000,1283.792000,0.928113
11.152000,808.848000,0.871881
5.904000,1014.832000,0.725738
4.592000,1089.616000,0.732761
33.456000,863.952000,0.668826
12.464000,2828.016000,1.123606
33.456000,808.848000,1.416364
19.024000,3194.064000,1.078958
5.904000,398.192000,0.705903
24.272000,933.488000,1.152677
4.592000,204.016000,1.165740
0.656000,78.064000,1.111640
29.520000,933.488000,0.771790
19.024000,3106.160000,1.460431
33.456000,2349.136000,1.518080
1.968000,3203.248000,1.181048
28.208000,2488.208000,2.193386
16.400000,2523.632000,0.715707
28.208000,2460.656000,0.772990
29.520000,583.184000,0.671126
15.088000,1472.720000,1.318278
22.960000,2681.072000,0.690330
0.656000,2097.232000,1.386775
22.960000,1930.608000,1.189830
26.896000,50.512000,0.702646
12.464000,3199.312000,0.754894
36.080000,1841.392000,0.748848
16.400000,1580.304000,0.783858
4.592000,399.504000,0.943623
20.336000,2157.584000,0.920023
36.080000,1139.472000,1.593643
21.648000,1830.896000,0.690049
8.528000,2767.664000,0.763915
17.712000,2043.440000,0.763751
38.704000,886.256000,0.824030
16.400000,534.640000,1.014332
0.656000,484.784000,0.767781
4.592000,731.440000,0.969478
25.584000,3136.336000,1.417468
32.144000,2450.160000,0.715535
5.904000,890.192000,0.798521
25.584000,479.536000,1.655271
17.712000,399.504000,1.107133
36.080000,2313.712000,1.267175
30.832000,2063.120000,0.945123
4.592000,2471.152000,1.632004
33.456000,2812.272000,0.906643
15.088000,1653.776000,0.710271
5.904000,1815.152000,0.742211
24.272000,181.712000,0.802433
3.280000,2027.696000,0.734087
0.656000,585.808000,0.710138
1.968000,2532.816000,1.009383
32.144000,3175.696000,1.660914
17.712000,1554.064000,0.903731
5.904000,2307.152000,1.043915
32.144000,1275.920000,0.951183
32.144000,3199.312000,0.912389
5.904000,1266.736000,1.972612
36.080000,2115.600000,0.661752
19.024000,734.064000,0.812309
30.832000,374.576000,0.854076
38.704000,1547.504000,1.016383
30.832000,2215.312000,0.846670
8.528000,411.312000,0.943431
5.904000,1185.392000,2.192942
3.280000,592.368000,1.092558
36.080000,2940.848000,0.733571
9.840000,2372.752000,0.663443
7.216000,3218.992000,0.864295
17.712000,1164.400000,0.779092
16.400000,1199.824000,0.742906
19.024000,1649.840000,0.941905
30.832000,2569.552000,0.932006
5.904000,1038.448000,0.677485
8.528000,2410.800000,0.701582
7.216000,354.896000,0.982702
19.024000,1592.112000,0.692014
0.656000,1685.264000,1.136067
29.520000,3175.696000,0.911388
25.584000,2670.576000,0.890207
17.712000,1143.408000,0.740877
7.216000,448.048000,1.128048
21.648000,985.968000,0.805565
3.280000,739.312000,0.670053
22.960000,1331.024000,0.683759
12.464000,1310.032000,1.072740
37.392000,1740.368000,0.992098
22.960000,2074.928000,0.886557
21.648000,2156.272000,1.358960
22.960000,421.808000,0.773866
4.592000,810.160000,0.666077
12.464000,1325.776000,0.888191
30.832000,117.424000,1.238388
26.896000,2080.176000,0.710302
29.520000,3170.448000,0.934679
20.336000,2985.456000,0.995599
4.592000,2347.824000,1.117426
33.456000,3205.872000,1.199111
19.024000,3085.168000,1.216730
26.896000,2402.928000,1.512930
22.960000,875.760000,0.706121
12.464000,1623.600000,1.531127
15.088000,310.288000,1.002419
7.216000,1346.768000,1.340470
16.400000,280.112000,1.197593
11.152000,2971.024000,0.764795
37.392000,1891.248000,0.684879
13.776000,1946.352000,0.763203
21.648000,577.936000,0.831929
4.592000,1104.048000,0.799344
29.520000,462.480000,0.722611
30.832000,1643.280000,1.881702
9.840000,3039.248000,0.811458
29.520000,752.432000,0.792981
26.896000,1480.592000,1.235721
25.584000,537.264000,0.705906
13.776000,2866.064000,0.977449
19.024000,2775.536000,0.946767
29.520000,1895.184000,0.842839
0.656000,2855.568000,0.893026
17.712000,2936.912000,0.958522
13.776000,3120.592000,0.795596
24.272000,2295.344000,0.818007
1.968000,400.816000,0.992574
4.592000,1066.000000,1.902548
12.464000,1442.544000,1.113117
22.960000,404.752000,1.016543
8.528000,1458.288000,0.677700
21.648000,710.448000,1.632780
22.960000,1462.224000,1.563585
33.456000,1773.168000,0.736700
29.520000,1125.040000,0.708344
28.208000,1303.472000,1.186913
7.216000,779.984000,0.931691
19.024000,875.760000,1.229587
13.776000,2717.808000,0.770820
12.464000,2914.608000,0.818037
9.840000,155.472000,1.171403
33.456000,53.136000,0.719754
33.456000,2774.224000,0.889658
5.904000,144.976000,0.676307
29.520000,1388.752000,0.775031
12.464000,676.336000,0.687378
22.960000,2813.584000,0.815658
26.896000,648.784000,1.287618
19.024000,2475.088000,0.833461
0.656000,1741.680000,0.809031
7.216000,2930.352000,0.785063
26.896000,877.072000,0.809848
28.208000,16.400000,0.703704
17.712000,2719.120000,1.258194
36.080000,497.904000,0.785273
32.144000,2580.048000,0.999923
28.208000,1753.488000,1.157050
22.960000,379.824000,1.054647
21.648000,881.008000,1.297252
15.088000,2366.192000,0.714350
25.584000,163.344000,0.662360
0.656000,1159.152000,1.474467
7.216000,1146.032000,1.727202
19.024000,2454.096000,1.116024
7.216000,1917.488000,0.777081
26.896000,2347.824000,1.461666
29.520000,2225.808000,1.026638
34.768000,2065.744000,0.871451
32.144000,1930.608000,1.183640
38.704000,999.088000,0.736080
32.144000,2723.056000,1.822709
38.704000,892.816000,0.666359
12.464000,857.392000,1.339982
29.520000,2044.752000,0.924079
0.656000,529.392000,0.672978
24.272000,983.344000,0.757272
16.400000,2914.608000,0.661699
32.144000,2018.512000,0.879589
20.336000,2921.168000,0.657149
25.584000,381.136000,0.794958
11.152000,2641.712000,0.822314
36.080000,1464.848000,1.020529
16.400000,1456.976000,0.910426
0.656000,1924.048000,0.812129
3.280000,955.792000,0.886050
22.960000,2935.600000,0.785629
13.776000,823.280000,0.658246
26.896000,3208.496000,0.827111
22.960000,2183.824000,0.692443
30.832000,2270.416000,0.783698
33.456000,2072.304000,1.529063
4.592000,2767.664000,1.024381
9.840000,1922.736000,1.042074
33.456000,3173.072000,1.305789
1.968000,2031.632000,0.775803
24.272000,2269.104000,0.984442
22.960000,1529.136000,0.989950
13.776000,1237.872000,1.810113
20.336000,1938.480000,0.784056
1.968000,928.240000,0.829025
30.832000,845.584000,1.062192
30.832000,2216.624000,0.703494
15.088000,554.320000,0.680899
7.216000,3110.096000,1.405019
33.456000,2493.456000,0.832065
13.776000,1963.408000,0.767075
24.272000,508.400000,0.844474
5.904000,2418.672000,1.116881
3.280000,3140.272000,0.861912
4.592000,761.616000,1.167039
9.840000,2063.120000,1.049829
20.336000,1260.176000,0.689491
22.960000,2262.544000,1.387023
8.528000,2850.320000,0.775705
12.464000,2547.248000,1.047505
26.896000,568.752000,1.008640
5.904000,703.888000,0.743175
1.968000,440.176000,1.137425
15.088000,2610.224000,0.846366
22.960000,2374.064000,0.965760
4.592000,1062.064000,0.860797
11.152000,2530.192000,0.691616
17.712000,2370.128000,0.836032
28.208000,3005.136000,0.710411
7.216000,1509.456000,0.736886
8.528000,689.456000,1.142386
38.704000,2069.680000,1.227083
22.960000,1062.064000,0.791681
11.152000,1914.864000,0.735732
26.896000,1000.400000,0.709600
38.704000,532.016000,1.406955
22.960000,2364.880000,0.808195
33.456000,576.624000,2.231361
15.088000,1411.056000,1.788674
12.464000,574.000000,1.238972
30.832000,1258.864000,0.813457
34.768000,2429.168000,0.922167
32.144000,3024.816000,1.139146
8.528000,1921.424000,1.658577
30.832000,28.208000,0.746798
15.088000,408.688000,0.980168
0.656000,1584.240000,1.014803
19.024000,2249.424000,0.849408
36.080000,2485.584000,0.797054
22.960000,80.688000,1.705239
30.832000,2078.864000,1.481733
1.968000,722.256000,0.744998
12.464000,301.104000,1.181245
13.776000,16.400000,0.975346
32.144000,581.872000,1.127949
25.584000,2984.144000,0.712744
15.088000,2371.440000,1.713900
8.528000,640.912000,1.397815
37.392000,2612.848000,1.621126
7.216000,1333.648000,1.078853
28.208000,639.600000,0.972595
34.768000,3216.368000,0.732189
9.840000,344.400000,0.837739
15.088000,246.000000,0.724356
33.456000,3081.232000,0.823178
30.832000,2576.112000,0.677320
7.216000,478.224000,0.726251
11.152000,1744.304000,0.699285
11.152000,285.360000,0.794167
3.280000,2225.808000,1.477541
32.144000,28.208000,0.753266
7.216000,642.224000,1.677507
5.904000,2060.496000,0.804871
17.712000,768.176000,0.700378
26.896000,1559.312000,0.759820
0.656000,2654.832000,0.849294
26.896000,2131.344000,0.870628
1.968000,732.752000,0.821220
12.464000,2220.560000,1.108381
33.456000,747.184000,1.372096
38.704000,1678.704000,0.906035
20.336000,2511.824000,0.669157
29.520000,1240.496000,0.911329
34.768000,2980.208000,0.689254
26.896000,1113.232000,1.041074
3.280000,2897.552000,0.697846
33.456000,2568.240000,0.793410
13.776000,719.632000,0.797815
11.152000,2532.816000,1.780687
34.768000,147.600000,0.905673
36.080000,159.408000,0.725560
20.336000,2004.080000,0.940563
22.960000,1218.192000,0.840505
22.960000,2544.624000,0.675302
8.528000,2792.592000,0.963196
20.336000,1018.768000,0.916360
30.832000,1295.600000,1.467972
30.832000,2242.864000,0.950340
1.968000,1405.808000,1.029169
28.208000,1659.024000,0.849732
8.528000,1296.912000,1.121966
9.840000,1754.800000,0.709761
32.144000,2479.024000,0.886405
16.400000,1316.592000,0.661024
22.960000,2850.320000,1.809502
19.024000,1992.272000,0.826263
0.656000,1559.312000,1.008613
38.704000,146.288000,1.343798
29.520000,2101.168000,1.406790
12.464000,1859.760000,0.681908
3.280000,659.280000,0.916294
38.704000,1350.704000,0.723360
3.280000,570.064000,0.798114
20.336000,1277.232000,0.735789
24.272000,1418.928000,1.732914
1.968000,2969.712000,0.697271
0.656000,1715.440000,0.673775
20.336000,726.192000,0.663204
19.024000,1737.744000,0.964479
38.704000,1240.496000,0.981645
33.456000,1803.344000,0.745175
24.272000,1535.696000,0.664804
33.456000,630.416000,0.977935
0.656000,1807.280000,0.910185
29.520000,1296.912000,0.697178
3.280000,2538.064000,0.806421
32.144000,274.864000,0.750899
15.088000,29.520000,0.716766
9.840000,2316.336000,1.201258
20.336000,2291.408000,0.894663
3.280000,305.040000,0.674599
36.080000,1009.584000,0.922708
1.968000,269.616000,0.964135
7.216000,2132.656000,1.477848
38.704000,900.688000,1.047389
17.712000,2772.912000,0.852341
25.584000,1334.960000,0.814494
1.968000,2758.480000,1.340078
16.400000,3095.664000,0.711066
11.152000,2179.888000,0.905548
24.272000,2109.040000,1.709561
3.280000,639.600000,1.553187
15.088000,2463.280000,1.018713
21.648000,91.184000,0.964942
17.712000,1933.232000,1.091199
9.840000,2528.880000,1.242905
38.704000,3165.200000,0.931094
30.832000,547.760000,1.256010
28.208000,2636.464000,1.091285
13.776000,3035.312000,0.956531
20.336000,403.440000,0.727184
20.336000,2102.480000,0.792020
24.272000,1677.392000,0.775151
25.584000,1450.416000,1.120835
4.592000,2330.768000,0.664102
22.960000,1058.128000,0.987409
33.456000,753.744000,0.685112
9.840000,1329.712000,1.034312
29.520000,2732.240000,0.784624
15.088000,1661.648000,1.221236
11.152000,1951.600000,0.724536
20.336000,612.048000,0.694257
12.464000,863.952000,1.019843
9.840000,912.496000,0.913130
33.456000,476.912000,0.769257
1.968000,1859.760000,0.766330
1.968000,547.760000,0.723137
26.896000,1197.200000,0.851398
5.904000,200.080000,0.896360
13.776000,3135.024000,0.939780
34.768000,109.552000,0.719511
20.336000,873.136000,0.766069
33.456000,633.040000,0.998858
32.144000,1252.304000,0.724211
28.208000,2762.416000,1.411029
26.896000,322.096000,1.716819
4.592000,1552.752000,0.902788
24.272000,2152.336000,0.770560
36.080000,2893.616000,0.727438
25.584000,2404.240000,0.747770
30.832000,1889.936000,0.683817
37.392000,892.816000,1.386971
5.904000,1142.096000,1.286414
16.400000,50.512000,1.175582
37.392000,2540.688000,1.584824
11.152000,1641.968000,0.984300
37.392000,34.768000,1.385047
33.456000,2133.968000,1.538368
7.216000,368.016000,1.228145
8.528000,3152.080000,0.730405
26.896000,421.808000,1.420465
12.464000,875.760000,1.650267
36.080000,3158.640000,1.667457
32.144000,943.984000,1.817704
19.024000,1140.784000,0.976709
1.968000,159.408000,1.369379
28.208000,1475.344000,0.883401
37.392000,1985.712000,0.996410
32.144000,1131.600000,0.790918
11.152000,3203.248000,0.895568
1.968000,1409.744000,0.660696
1.968000,2772.912000,1.259001
26.896000,2738.800000,0.673515
11.152000,2851.632000,0.818675
20.336000,1417.616000,0.733696
30.832000,2496.080000,1.089885
19.024000,1394.000000,1.179698
20.336000,1899.120000,0.770650
20.336000,1071.248000,1.018840
16.400000,2610.224000,0.780767
1.968000,1917.488000,1.068780
12.464000,1281.168000,0.681928
11.152000,676.336000,0.747344
32.144000,55.760000,1.527185
37.392000,2812.272000,1.309939
1.968000,702.576000,1.090492
38.704000,570.064000,1.253174
38.704000,326.032000,0.934309
28.208000,3111.408000,2.082197
5.904000,1989.648000,0.904053
16.400000,2586.608000,1.143088
19.024000,1766.608000,0.690782
25.584000,433.616000,0.932830
25.584000,1530.448000,1.202327
16.400000,2681.072000,0.707682
20.336000,1968.656000,0.656221
17.712000,82.000000,0.695472
29.520000,1312.656000,0.825568
1.968000,2500.016000,0.758746
36.080000,58.384000,1.025979
7.216000,3123.216000,0.656031
0.656000,20.336000,0.877014
0.656000,2476.400000,1.450374
24.272000,76.752000,1.277320
15.088000,1001.712000,0.975188
13.776000,1026.640000,0.926863
13.776000,117.424000,1.145727
26.896000,385.072000,0.760497
13.776000,1487.152000,1.510072
25.584000,2897.552000,1.389008
34.768000,2746.672000,0.879996
8.528000,2464.592000,0.865518
25.584000,2476.400000,0.951959
9.840000,2664.016000,1.026040
30.832000,811.472000,0.917557
34.768000,1673.456000,0.754243
8.528000,672.400000,0.734937
36.080000,1401.872000,1.450640
8.528000,2682.384000,0.754303
0.656000,1416.304000,0.796839
13.776000,2465.904000,0.828356
38.704000,1896.496000,1.223640
11.152000,946.608000,1.549027
11.152000,2052.624000,0.966899
5.904000,621.232000,0.938928
34.768000,550.384000,0.787051
26.896000,2623.344000,0.974343
15.088000,3137.648000,0.699422
7.216000,2044.752000,0.804919
3.280000,1653.776000,0.674433
20.336000,588.432000,0.924668
20.336000,755.056000,0.724656
16.400000,556.944000,0.990266
5.904000,2927.728000,0.761186
24.272000,2514.448000,0.728446
5.904000,1711.504000,0.987720
19.024000,1336.272000,0.789661
28.208000,2077.552000,0.753681
33.456000,2326.832000,1.131725
7.216000,2593.168000,1.850577
32.144000,2001.456000,0.700619
1.968000,1924.048000,1.195350
36.080000,360.144000,1.694330
13.776000,2837.200000,1.975087
16.400000,394.256000,0.795781
15.088000,2591.856000,0.779487
32.144000,407.376000,1.757623
8.528000,507.088000,0.832146
34.768000,2322.896000,0.688628
17.712000,500.528000,1.789024
36.080000,2200.880000,1.363210
33.456000,2898.864000,2.277699
37.392000,1117.168000,0.708115
28.208000,2675.824000,0.838396
4.592000,2543.312000,1.069459
13.776000,602.864000,1.029293
21.648000,2039.504000,0.754270
1.968000,2295.344000,0.657045
32.144000,3018.256000,1.116850
4.592000,1382.192000,1.172099
1.968000,354.896000,1.058870
9.840000,2215.312000,0.677829
19.024000,1689.200000,0.742472
24.272000,2641.712000,0.922419
38.704000,3.280000,1.758797
19.024000,1892.560000,0.889968
25.584000,900.688000,1.649248
20.336000,2248.112000,0.749417
21.648000,1571.120000,0.872500
28.208000,247.312000,1.460185
12.464000,856.080000,0.700680
4.592000,1627.536000,0.928605
37.392000,2750.608000,1.269731
36.080000,2683.696000,0.959117
1.968000,570.064000,0.742456
4.592000,2267.792000,0.839932
13.776000,707.824000,0.802645
36.080000,1080.432000,1.271567
13.776000,3013.008000,0.684501
0.656000,2843.760000,0.751875
37.392000,80.688000,0.753290
28.208000,625.168000,0.711983
20.336000,2570.864000,0.906439
16.400000,3148.144000,0.684897
28.208000,2614.160000,0.932308
8.528000,1611.792000,1.664906
32.144000,1422.864000,0.684133
38.704000,823.280000,1.329919
4.592000,1270.672000,0.781366
13.776000,1561.936000,0.805812
4.592000,1862.384000,0.899361
33.456000,2670.576000,0.927886
16.400000,1163.088000,0.720929
3.280000,2480.336000,0.714639
7.216000,2824.080000,0.979063
0.656000,831.152000,1.854390
13.776000,1245.744000,0.673549
21.648000,1493.712000,1.132694
17.712000,2287.472000,1.055253
15.088000,2526.256000,1.192826
22.960000,1084.368000,0.669077
25.584000,772.112000,1.253154
17.712000,547.760000,1.345723
26.896000,636.976000,0.760390
20.336000,72.816000,0.895262
3.280000,3196.688000,0.730852
4.592000,802.288000,0.945315
32.144000,2351.760000,1.147005
32.144000,2918.544000,0.664861
7.216000,2278.288000,1.006808
22.960000,989.904000,0.665767
28.208000,1394.000000,1.199886
5.904000,3146.832000,1.089497
29.520000,951.856000,1.064619
4.592000,1990.960000,1.329033
13.776000,1249.680000,0.710262
32.144000,1617.040000,0.721971
4.592000,36.080000,0.800380
32.144000,1825.648000,0.793645
28.208000,2839.824000,0.723107
30.832000,2193.008000,1.252880
34.768000,1121.104000,0.962894
30.832000,2898.864000,0.924239
0.656000,1988.336000,0.949154
20.336000,1690.512000,3.041721
1.968000,1447.792000,0.905346
37.392000,2751.920000,0.745685
33.456000,1950.288000,0.972511
21.648000,2454.096000,1.241084
34.768000,3001.200000,1.204065
21.648000,327.344000,1.073892
25.584000,2216.624000,1.911128
30.832000,2980.208000,1.078897
24.272000,2859.504000,0.832836
32.144000,72.816000,0.681615
5.904000,190.896000,1.144114
9.840000,1009.584000,0.733831
13.776000,1914.864000,0.689907
22.960000,1382.192000,1.255181
22.960000,1694.448000,0.773494
3.280000,1516.016000,0.683187
4.592000,277.488000,0.826149
11.152000,560.880000,0.802908
38.704000,1369.072000,1.055154
22.960000,2885.744000,0.848460
37.392000,974.160000,0.798893
36.080000,1695.760000,1.100636
29.520000,234.192000,0.921860
26.896000,33.456000,1.285401
12.464000,106.928000,0.658807
20.336000,1310.032000,1.302140
1.968000,284.048000,1.130030
17.712000,3083.856000,0.730675
7.216000,316.848000,0.934470
36.080000,1673.456000,0.683884
38.704000,297.168000,1.339940
9.840000,3127.152000,0.877125
21.648000,1401.872000,1.833188
34.768000,2726.992000,0.775650
38.704000,1337.584000,0.720081
21.648000,1153.904000,0.995256
33.456000,22.960000,1.002452
9.840000,2648.272000,1.032254
34.768000,2629.904000,0.682653
33.456000,1784.976000,0.670019
13.776000,1844.016000,1.159257
0.656000,417.872000,0.803479
0.656000,1143.408000,0.762964
37.392000,2636.464000,1.521571
17.712000,2754.544000,1.598709
0.656000,1066.000000,0.703556
17.712000,2076.240000,1.153634
7.216000,2109.040000,0.657583
32.144000,2219.248000,0.816267
17.712000,2839.824000,0.725891
36.080000,285.360000,0.849903
22.960000,1122.416000,1.005675
7.216000,3086.480000,0.695362
11.152000,970.224000,0.708314
16.400000,1285.104000,0.812124
9.840000,2636.464000,0.915971
16.400000,2599.728000,1.267941
16.400000,1384.816000,0.766630
7.216000,2115.600000,0.682408
37.392000,1567.184000,0.697933
4.592000,1559.312000,1.537886
29.520000,840.336000,1.020015
24.272000,2637.776000,1.028401
37.392000,450.672000,0.812037
21.648000,2995.952000,0.924036
36.080000,2611.536000,2.134822
26.896000,3039.248000,0.783602
33.456000,1505.520000,1.164845
1.968000,676.336000,1.387446
30.832000,2044.752000,0.711928
29.520000,1773.168000,0.715184
38.704000,1463.536000,1.096804
28.208000,2736.176000,0.894030
32.144000,2750.608000,0.683186
25.584000,837.712000,0.848518
29.520000,690.768000,0.769404
26.896000,2565.616000,1.919998
13.776000,2132.656000,1.084762
19.024000,2231.056000,1.166509
38.704000,382.448000,0.687794
8.528000,2345.200000,0.674398
8.528000,705.200000,0.692393
21.648000,1287.728000,0.725495
38.704000,3144.208000,0.674364
20.336000,1037.136000,1.117427
12.464000,2930.352000,1.021951
8.528000,2225.808000,0.784136
16.400000,147.600000,0.774337
1.968000,2219.248000,0.713342
7.216000,2086.736000,0.722991
1.968000,1466.160000,0.908448
19.024000,2130.032000,0.691866
16.400000,3047.120000,1.200181
21.648000,142.352000,1.913979
24.272000,3207.184000,0.783235
37.392000,2810.960000,0.749777
3.280000,70.192000,0.857820
8.528000,1886.000000,0.681912
21.648000,1172.272000,0.908946
29.520000,1331.024000,1.135432
0.656000,1312.656000,0.743901
34.768000,1247.056000,0.667733
33.456000,2989.392000,0.852785
20.336000,1358.576000,1.437377
21.648000,3039.248000,0.688830
16.400000,2570.864000,0.847563
5.904000,1223.440000,0.707101
25.584000,3030.064000,1.230188
33.456000,1144.720000,1.214079
32.144000,1735.120000,0.896369
33.456000,1895.184000,0.662361
33.456000,1290.352000,0.785496
24.272000,1655.088000,1.374378
30.832000,963.664000,0.718045
17.712000,3094.352000,0.696350
38.704000,3190.128000,1.000908
24.272000,159.408000,0.748747
1.968000,370.640000,1.549948
32.144000,688.144000,0.703299
36.080000,141.040000,0.679079
16.400000,1317.904000,1.950676
34.768000,1580.304000,0.935602
1.968000,1247.056000,0.918759
17.712000,3138.960000,1.105751
32.144000,1849.264000,1.196388
17.712000,3196.688000,1.302064
4.592000,1753.488000,1.419729
20.336000,348.336000,0.709516
11.152000,2345.200000,0.922207
5.904000,1151.280000,0.800723
16.400000,1836.144000,0.729737
32.144000,3121.904000,0.765616
0.656000,908.560000,1.033409
32.144000,2387.184000,0.703673
1.968000,1397.936000,0.697751
13.776000,1468.784000,0.765650
33.456000,2754.544000,0.856075
4.592000,1875.504000,0.823731
30.832000,2779.472000,1.014516
38.704000,2223.184000,0.791171
19.024000,471.664000,0.870391
20.336000,955.792000,0.926229
5.904000,1770.544000,0.891191
0.656000,42.640000,0.735710
36.080000,1929.296000,0.896478
13.776000,2438.352000,1.463946
5.904000,3041.872000,0.744490
5.904000,2696.816000,1.068825
16.400000,2160.208000,0.919308
5.904000,2414.736000,0.723807
11.152000,1888.624000,0.884457
20.336000,305.040000,0.656280
37.392000,1691.824000,0.683380
3.280000,1984.400000,0.930637
22.960000,1893.872000,1.406212
20.336000,2099.856000,1.204315
33.456000,305.040000,0.907188
28.208000,184.336000,1.131986
22.960000,2803.088000,1.517242
32.144000,980.720000,0.973325
34.768000,769.488000,2.504433
17.712000,804.912000,0.659346
16.400000,2601.040000,1.045232
36.080000,2280.912000,0.786229
9.840000,1526.512000,0.749743
38.704000,3192.752000,1.423929
24.272000,2026.384000,1.599389
9.840000,707.824000,1.035366
26.896000,609.424000,0.841960
21.648000,1021.392000,0.712587
22.960000,1226.064000,0.699079
25.584000,1777.104000,0.667049
17.712000,2148.400000,0.879768
13.776000,728.816000,0.731606
34.768000,2193.008000,1.641253
8.528000,2985.456000,0.810783
4.592000,2800.464000,1.014282
30.832000,1585.552000,0.796023
33.456000,1558.000000,0.684613
29.520000,2250.736000,0.769261
20.336000,88.560000,1.648770
1.968000,675.024000,0.829461
0.656000,1823.024000,0.720817
1.968000,352.272000,0.872675
33.456000,3104.848000,1.278427
24.272000,1355.952000,0.785348
9.840000,3167.824000,0.743552
5.904000,2942.160000,0.989418
3.280000,3005.136000,0.992060
17.712000,1163.088000,1.152256
20.336000,2782.096000,0.956504
15.088000,2506.576000,1.613057
15.088000,2587.920000,0.845954
1.968000,856.080000,0.948601
20.336000,2413.424000,0.917898
36.080000,1315.280000,1.021085
0.656000,2301.904000,1.594587
29.520000,3161.264000,0.675418
34.768000,2305.840000,1.095094
3.280000,2291.408000,1.299099
20.336000,2465.904000,0.911291
17.712000,2489.520000,0.942554
12.464000,1534.384000,2.191475
29.520000,1530.448000,0.837191
30.832000,1651.152000,0.736580
24.272000,3125.840000,0.658373
5.904000,1523.888000,1.055616
7.216000,2118.224000,1.514202
37.392000,2530.192000,1.522506
37.392000,2133.968000,1.154396
24.272000,1908.304000,0.791887
38.704000,2102.480000,0.740058
7.216000,3005.136000,1.186954
26.896000,1847.952000,0.855969
19.024000,1136.848000,0.666773
7.216000,1459.600000,0.672983
16.400000,2531.504000,0.885722
30.832000,3138.960000,0.860002
26.896000,644.848000,0.866855
12.464000,2160.208000,1.566269
16.400000,1001.712000,0.708013
25.584000,2851.632000,0.907941
11.152000,2831.952000,0.896624
1.968000,411.312000,0.812725
4.592000,2374.064000,0.874060
11.152000,2867.376000,0.969540
3.280000,2862.128000,1.379253
3.280000,1456.976000,0.754673
17.712000,2283.536000,0.973788
19.024000,3149.456000,0.877325
19.024000,702.576000,0.793864
30.832000,495.280000,0.941009
7.216000,3099.600000,1.096117
26.896000,1691.824000,1.167571
13.776000,1537.008000,0.703797
25.584000,2057.872000,0.806242
13.776000,496.592000,1.010464
25.584000,2837.200000,2.228316
3.280000,3002.512000,1.202634
30.832000,3022.192000,0.709885
0.656000,2914.608000,2.080055
38.704000,2043.440000,0.799651
13.776000,484.784000,0.820354
0.656000,3115.344000,0.691495
33.456000,824.592000,1.270484
15.088000,2056.560000,0.695281
38.704000,2849.008000,1.155948
36.080000,3204.560000,0.792853
22.960000,2179.888000,0.914891
37.392000,1320.528000,2.256406
5.904000,2598.416000,1.067629
0.656000,2190.384000,1.006131
29.520000,2830.640000,0.701774
16.400000,1927.984000,1.272427
25.584000,1996.208000,0.746671
22.960000,2221.872000,0.891941
28.208000,930.864000,0.776613
3.280000,747.184000,1.512452
9.840000,336.528000,1.139281
0.656000,2166.768000,0.734674
29.520000,1355.952000,0.795344
15.088000,2433.104000,0.695733
11.152000,594.992000,0.706372
15.088000,3047.120000,0.741525
4.592000,589.744000,1.363201
29.520000,1615.728000,0.819616
33.456000,664.528000,0.681210
26.896000,1886.000000,1.216020
15.088000,512.336000,0.904182
7.216000,963.664000,0.978620
36.080000,2493.456000,0.809179
8.528000,2845.072000,1.378678
37.392000,3013.008000,0.783315
20.336000,1403.184000,2.173327
38.704000,2063.120000,0.909535
11.152000,226.320000,1.240491
17.712000,1521.264000,0.853733
1.968000,2696.816000,0.791188
15.088000,74.128000,2.434991
16.400000,3119.280000,0.862243
37.392000,601.552000,0.880485
12.464000,881.008000,0.727114
0.656000,1728.560000,1.120978
21.648000,1673.456000,1.841462
25.584000,2426.544000,0.958556
1.968000,680.272000,1.166188
15.088000,2521.008000,0.906112
25.584000,1442.544000,0.657216
26.896000,1055.504000,1.354624
3.280000,122.672000,0.810514
7.216000,1089.616000,0.981978
4.592000,3188.816000,0.770776
0.656000,765.552000,1.049841
4.592000,374.576000,0.799103
13.776000,358.832000,0.820671
13.776000,1866.320000,1.095469
1.968000,1836.144000,0.801201
15.088000,2391.120000,0.794304
0.656000,1244.432000,0.750619
13.776000,297.168000,0.952620
19.024000,2026.384000,1.075750
26.896000,2141.840000,0.712209
5.904000,1075.184000,0.868208
3.280000,1484.528000,0.682048
33.456000,1539.632000,1.040731
32.144000,1749.552000,0.672022
7.216000,1803.344000,0.800248
19.024000,908.560000,0.733886
32.144000,1456.976000,0.773001
11.152000,1428.112000,0.903431
3.280000,144.976000,0.711679
36.080000,246.000000,1.003157
3.280000,2700.752000,0.787262
25.584000,798.352000,1.316659
0.656000,3106.160000,0.912510
25.584000,280.112000,0.723233
25.584000,2505.264000,0.706580
12.464000,1498.960000,0.788164
25.584000,1548.816000,0.799867
37.392000,2645.648000,2.588569
9.840000,1745.616000,1.588436
17.712000,327.344000,1.944549
1.968000,2275.664000,1.243999
0.656000,3100.912000,0.991843
15.088000,2502.640000,1.458688
15.088000,3187.504000,1.068727
1.968000,1459.600000,0.805832
12.464000,2875.248000,0.875061
17.712000,1542.256000,0.915997
24.272000,3203.248000,0.786270
7.216000,550.384000,0.927375
26.896000,1631.472000,1.804077
22.960000,2864.752000,0.752888
16.400000,2290.096000,0.868181
33.456000,2900.176000,0.916050
17.712000,1841.392000,0.846478
16.400000,1445.168000,0.792300
37.392000,3027.440000,0.775500
22.960000,294.544000,0.831923
1.968000,1257.552000,1.950713
11.152000,2625.968000,0.673244
33.456000,277.488000,1.038221
37.392000,5.904000,0.707014
12.464000,2699.440000,0.724582
32.144000,608.112000,1.077096
30.832000,3156.016000,0.967411
24.272000,1960.784000,1.225729
24.272000,1752.176000,1.242100
9.840000,571.376000,1.449896
12.464000,1432.048000,1.015651
11.152000,2347.824000,0.798475
16.400000,1401.872000,0.877767
21.648000,3221.616000,0.995552
9.840000,2577.424000,0.720473
30.832000,461.168000,0.758371
26.896000,726.192000,1.623877
30.832000,2498.704000,0.917052
28.208000,1026.640000,0.669437
20.336000,1805.968000,1.181739
34.768000,504.464000,0.877143
37.392000,2635.152000,0.681517
12.464000,1388.752000,1.456170
5.904000,467.728000,1.813217
22.960000,2944.784000,0.876490
13.776000,881.008000,0.974605
3.280000,162.032000,0.657008
4.592000,391.632000,0.889066
21.648000,255.184000,1.111312
11.152000,1275.920000,0.695358
30.832000,1913.552000,0.888354
38.704000,731.440000,0.864096
29.520000,1352.016000,0.728406
34.768000,2371.440000,0.782551
3.280000,2392.432000,0.687287
5.904000,3191.440000,0.836097
29.520000,1055.504000,0.709165
24.272000,2371.440000,0.657420
7.216000,417.872000,0.717463
21.648000,2947.408000,1.122218
20.336000,1270.672000,2.765183
21.648000,1704.944000,0.797084
5.904000,2412.112000,0.658785
5.904000,541.200000,1.681825
25.584000,2435.728000,0.716935
15.088000,2518.384000,0.657926
21.648000,920.368000,0.822755
36.080000,169.904000,1.085185
29.520000,2144.464000,0.768594
13.776000,228.944000,1.036265
32.144000,400.816000,0.693788
34.768000,1975.216000,1.082731
3.280000,2614.160000,1.119558
12.464000,828.528000,0.706788
36.080000,1119.792000,0.665444
9.840000,2782.096000,0.688099
5.904000,2018.512000,0.840154
13.776000,2114.288000,0.994028
17.712000,707.824000,1.356688
13.776000,2026.384000,0.869903
8.528000,2896.240000,1.184573
33.456000,2296.656000,1.893058
24.272000,2545.936000,1.078888
16.400000,2514.448000,0.777913
13.776000,2570.864000,1.369706
33.456000,247.312000,0.699491
17.712000,1775.792000,0.816177
1.968000,1660.336000,0.953130
3.280000,2333.392000,0.703654
8.528000,3103.536000,0.835683
25.584000,2875.248000,0.681811
15.088000,1765.296000,0.745413
34.768000,66.256000,0.960056
19.024000,896.752000,0.776793
28.208000,2683.696000,0.737547
8.528000,1257.552000,1.523969
19.024000,272.240000,1.020077
24.272000,1426.800000,0.673767
3.280000,2115.600000,0.725714
15.088000,453.296000,0.731210
25.584000,2413.424000,0.827019
11.152000,1779.728000,1.089268
25.584000,383.760000,0.666702
9.840000,1338.896000,0.850726
34.768000,2236.304000,1.118826
21.648000,2127.408000,1.071126
33.456000,331.280000,1.026198
7.216000,996.464000,0.760414
19.024000,89.872000,0.931922
28.208000,678.960000,0.863186
3.280000,758.992000,0.943341
25.584000,2220.560000,0.936215
13.776000,1274.608000,1.147033
37.392000,2972.336000,0.761131
15.088000,710.448000,1.325823
9.840000,758.992000,0.852411
13.776000,1034.512000,0.665161
12.464000,2796.528000,1.243998
37.392000,2846.384000,1.280850
34.768000,593.680000,0.666812
17.712000,942.672000,1.714294
32.144000,933.488000,1.101810
19.024000,970.224000,0.874061
16.400000,458.544000,1.073681
0.656000,415.248000,0.891346
9.840000,3205.872000,0.709929
32.144000,1169.648000,1.089332
36.080000,1718.064000,0.719771
22.960000,2772.912000,1.049086
5.904000,908.560000,0.706079
9.840000,950.544000,1.532340
12.464000,2139.216000,0.745738
34.768000,3108.784000,0.863197
9.840000,1168.336000,1.182072
21.648000,164.656000,1.178995
28.208000,3191.440000,0.817769
13.776000,423.120000,0.823524
21.648000,1601.296000,1.030372
16.400000,1689.200000,0.762533
25.584000,2458.032000,0.812990
7.216000,1533.072000,1.632056
25.584000,354.896000,1.490922
24.272000,525.456000,0.993728
12.464000,1050.256000,0.936298
22.960000,2666.640000,0.732124
38.704000,1412.368000,1.264337
38.704000,2778.160000,1.624639
20.336000,634.352000,0.686285
17.712000,1220.816000,1.074925
25.584000,2830.640000,1.412242
3.280000,1552.752000,0.818083
38.704000,1138.160000,0.676076
34.768000,2266.480000,0.881560
28.208000,1602.608000,0.736721
7.216000,1462.224000,1.284542
16.400000,2101.168000,0.968705
0.656000,1371.696000,0.780984
19.024000,1647.216000,0.796713
12.464000,386.384000,0.760168
0.656000,975.472000,0.719667
3.280000,491.344000,0.736223
8.528000,2947.408000,0.899976
13.776000,2038.192000,1.528959
12.464000,184.336000,0.692932
7.216000,943.984000,0.698746
25.584000,520.208000,1.100791
28.208000,1027.952000,1.239177
32.144000,1582.928000,0.940120
13.776000,545.136000,0.733516
29.520000,2157.584000,0.821126
26.896000,2010.640000,1.352706
24.272000,1779.728000,1.471526
32.144000,2627.280000,1.239429
36.080000,845.584000,0.828987
22.960000,1512.080000,1.499396
36.080000,612.048000,1.497019
12.464000,3116.656000,1.171337
21.648000,2292.720000,0.923665
19.024000,1820.400000,1.031242
34.768000,3174.384000,0.682329
13.776000,424.432000,1.239764
26.896000,2455.408000,0.689400
7.216000,1845.328000,0.720537
25.584000,3013.008000,0.777808
37.392000,534.640000,0.935977
16.400000,232.880000,1.133891
25.584000,2511.824000,0.849629
13.776000,7.216000,1.173560
34.768000,3167.824000,0.888762
0.656000,492.656000,1.313922
19.024000,609.424000,0.868674
36.080000,2322.896000,0.833272
4.592000,517.584000,0.757438
36.080000,1219.504000,0.657242
13.776000,2135.280000,0.969259
17.712000,1842.704000,0.771239
28.208000,499.216000,0.876859
38.704000,461.168000,1.345887
25.584000,975.472000,0.679600
17.712000,542.512000,1.202036
15.088000,2601.040000,0.968666
8.528000,924.304000,1.438278
22.960000,2963.152000,2.047072
30.832000,587.120000,0.890297
30.832000,1489.776000,1.355499
33.456000,1550.128000,1.446612
26.896000,790.480000,1.528215
11.152000,189.584000,0.719426
38.704000,3094.352000,0.962458
25.584000,1148.656000,0.841347
30.832000,2737.488000,1.996445
4.592000,2837.200000,1.094281
24.272000,1584.240000,2.060533
38.704000,1698.384000,0.808593
11.152000,3221.616000,1.002638
17.712000,2367.504000,0.871892
22.960000,3188.816000,1.102390
9.840000,1278.544000,2.109888
36.080000,1333.648000,1.834864
4.592000,694.704000,0.899964
26.896000,2408.176000,0.677319
21.648000,731.440000,0.722550
4.592000,2658.768000,0.801482
0.656000,2210.064000,0.743465
36.080000,2649.584000,0.836681
29.520000,2532.816000,0.859544
16.400000,654.032000,0.756228
7.216000,3035.312000,0.842433
33.456000,856.080000,1.143918
9.840000,1921.424000,0.766624
24.272000,1571.120000,1.420157
38.704000,1626.224000,0.872983
12.464000,1348.080000,0.671830
7.216000,280.112000,0.733401
32.144000,2932.976000,1.646057
30.832000,29.520000,0.678944
1.968000,2662.704000,1.194619
15.088000,499.216000,0.773611
16.400000,2093.296000,0.772896
17.712000,1784.976000,1.364917
25.584000,1968.656000,1.103925
36.080000,1638.032000,0.772980
4.592000,3184.880000,0.939175
19.024000,3058.928000,1.153638
32.144000,290.608000,0.717097
15.088000,1813.840000,1.067232
19.024000,1125.040000,1.090996
17.712000,2207.440000,0.908287
16.400000,1237.872000,0.917221
21.648000,604.176000,0.965656
11.152000,274.864000,1.412369
24.272000,1672.144000,0.795863
22.960000,487.408000,0.917343
3.280000,2064.432000,0.857063
0.656000,3053.680000,1.079842
5.904000,1694.448000,0.863666
3.280000,3121.904000,1.591194
34.768000,42.640000,1.907842
32.144000,209.264000,1.687737
15.088000,2261.232000,0.679127
26.896000,2736.176000,0.907413
4.592000,2666.640000,0.861535
4.592000,3200.624000,2.092106
4.592000,588.432000,1.703415
36.080000,2890.992000,0.804821
12.464000,903.312000,0.948500
33.456000,1588.176000,0.697309
15.088000,2765.040000,0.683801
1.968000,379.824000,0.854771
11.152000,1576.368000,0.962291
16.400000,2341.264000,0.824894
36.080000,358.832000,0.935197
32.144000,17.712000,1.529070
30.832000,1022.704000,0.668804
28.208000,2480.336000,0.689479
38.704000,2960.528000,0.882226
20.336000,1262.800000,0.703172
32.144000,127.920000,0.755267
4.592000,1483.216000,1.119684
30.832000,1611.792000,0.821476
33.456000,971.536000,0.941515
5.904000,125.296000,0.793225
1.968000,1718.064000,1.449941
21.648000,782.608000,1.227341
33.456000,811.472000,1.762114
16.400000,2925.104000,0.985215
4.592000,507.088000,1.345305
22.960000,34.768000,0.669417
5.904000,2098.544000,1.424737
8.528000,2539.376000,0.895846
37.392000,1170.960000,0.907682
33.456000,350.960000,0.713457
3.280000,946.608000,0.706873
34.768000,3220.304000,1.310169
30.832000,2291.408000,1.352085
37.392000,1699.696000,0.860257
12.464000,951.856000,0.993340
3.280000,588.432000,0.737982
29.520000,2598.416000,0.883323
13.776000,1153.904000,0.892327
5.904000,2952.656000,0.681369
21.648000,1096.176000,0.790327
13.776000,2618.096000,0.881569
3.280000,2162.832000,0.712856
33.456000,2181.200000,0.744800
30.832000,828.528000,1.000061
21.648000,1969.968000,0.684706
12.464000,766.864000,0.749274
1.968000,2406.864000,0.859348
22.960000,1492.400000,0.678147
21.648000,957.104000,0.793631
3.280000,2103.792000,0.684768
33.456000,1260.176000,0.685090
19.024000,686.832000,0.709507
5.904000,2220.560000,1.110143
1.968000,2166.768000,0.734349
25.584000,2828.016000,1.344488
4.592000,919.056000,1.280044
3.280000,1777.104000,0.933357
9.840000,2396.368000,0.852297
25.584000,1761.360000,1.080144
25.584000,1724.624000,0.825533
34.768000,2485.584000,0.841843
37.392000,3213.744000,0.912191
33.456000,2535.440000,1.023048
5.904000,2014.576000,0.715041
8.528000,971.536000,0.874744
28.208000,1521.264000,0.705309
3.280000,1066.000000,0.681282
5.904000,870.512000,0.898078
1.968000,613.360000,1.207749
5.904000,639.600000,0.764565
32.144000,728.816000,1.253945
38.704000,953.168000,0.939311
38.704000,1047.632000,0.882534
7.216000,1421.552000,0.721470
3.280000,1090.928000,0.881084
12.464000,730.128000,0.663934
20.336000,2808.336000,0.736167
16.400000,3058.928000,0.915766
32.144000,378.512000,1.625438
15.088000,1090.928000,1.457135
1.968000,660.592000,0.957348
36.080000,3104.848000,0.958141
3.280000,869.200000,0.697736
17.712000,3187.504000,1.977521
3.280000,421.808000,0.906224
38.704000,618.608000,0.841124
24.272000,2262.544000,0.984354
24.272000,1009.584000,0.992225
32.144000,1884.688000,1.454583
20.336000,1984.400000,1.746241
30.832000,688.144000,0.808082
26.896000,2039.504000,0.880650
21.648000,162.032000,0.870350
26.896000,1125.040000,1.362903
33.456000,686.832000,0.781128
36.080000,2990.704000,1.197011
21.648000,270.928000,1.686019
9.840000,2123.472000,0.712600
21.648000,2452.784000,1.579127
9.840000,623.856000,0.788800
15.088000,358.832000,0.832030
12.464000,715.696000,0.732274
38.704000,1841.392000,0.939348
17.712000,3159.952000,0.726928
8.528000,1479.280000,0.753629
22.960000,2685.008000,0.691262
22.960000,2252.048000,0.747999
28.208000,735.376000,1.081558
21.648000,1664.272000,0.676743
37.392000,1771.856000,1.478765
8.528000,579.248000,0.936247
36.080000,1971.280000,0.877320
22.960000,385.072000,1.341484
16.400000,655.344000,0.867021
21.648000,840.336000,1.323533
26.896000,2747.984000,1.104352
33.456000,343.088000,0.698375
22.960000,2708.624000,0.774890
26.896000,1701.008000,0.878540
38.704000,2910.672000,1.085524
12.464000,2308.464000,0.946500
30.832000,1365.136000,0.739287
38.704000,476.912000,1.103257
26.896000,55.760000,1.001234
0.656000,1828.272000,0.980919
21.648000,2990.704000,0.935987
1.968000,1796.784000,0.860078
38.704000,2366.192000,0.756761
37.392000,583.184000,1.011170
32.144000,647.472000,2.397461
32.144000,122.672000,1.378126
8.528000,3024.816000,0.838718
13.776000,2395.056000,0.974203
8.528000,823.280000,0.830169
13.776000,1886.000000,0.885156
5.904000,47.888000,0.788365
29.520000,1925.360000,0.671728
12.464000,642.224000,1.749452
12.464000,84.624000,0.830972
15.088000,1035.824000,1.071213
32.144000,667.152000,1.027459
4.592000,70.192000,1.539744
13.776000,2817.520000,1.494250
33.456000,2677.136000,0.902039
11.152000,1938.480000,1.499117
20.336000,1315.280000,0.802405
29.520000,3119.280000,0.931059
12.464000,2523.632000,0.745211
7.216000,1079.120000,0.700930
13.776000,2513.136000,0.687360
16.400000,308.976000,0.835828
4.592000,222.384000,0.796463
15.088000,698.640000,1.030947
1.968000,1260.176000,0.706944
38.704000,2594.480000,0.961178
9.840000,2143.152000,0.874211
1.968000,681.584000,0.719780
26.896000,2570.864000,1.081655
9.840000,1008.272000,1.701873
0.656000,50.512000,0.726312
37.392000,3220.304000,0.691291
1.968000,1766.608000,0.939652
34.768000,1328.400000,1.022255
30.832000,1143.408000,0.874010
34.768000,1550.128000,1.287379
11.152000,2750.608000,0.710746
21.648000,2207.440000,1.421625
5.904000,2249.424000,0.762734
26.896000,2771.600000,0.756916
33.456000,1340.208000,0.766186
28.208000,1025.328000,0.737829
9.840000,268.304000,0.839352
34.768000,1832.208000,0.941212
38.704000,1983.088000,1.094567
26.896000,291.920000,0.678413
20.336000,2161.520000,0.708471
25.584000,1013.520000,0.909569
21.648000,2795.216000,0.950949
34.768000,3209.808000,0.690775
13.776000,2136.592000,0.869257
30.832000,2768.976000,0.749260
38.704000,1845.328000,1.461617
16.400000,381.136000,0.659625
20.336000,879.696000,0.893357
34.768000,2261.232000,0.869529
4.592000,2168.080000,1.150364
29.520000,2706.000000,1.074652
15.088000,117.424000,0.702828
19.024000,2408.176000,0.918629
20.336000,2741.424000,0.679201
36.080000,316.848000,1.250417
0.656000,2173.328000,0.949510
0.656000,1375.632000,1.269362
5.904000,214.512000,0.932786
8.528000,17.712000,1.811880
24.272000,2770.288000,0.958721
9.840000,139.728000,0.963397
5.904000,244.688000,1.166099
30.832000,1004.336000,0.788115
3.280000,600.240000,2.396323
3.280000,1491.088000,0.732317
4.592000,688.144000,0.902569
29.520000,1471.408000,1.170614
8.528000,1934.544000,0.943954
21.648000,1498.960000,0.986658
3.280000,2102.480000,1.426466
33.456000,1079.120000,1.085106
26.896000,2360.944000,0.666333
13.776000,2681.072000,1.498292
21.648000,125.296000,0.830018
8.528000,2354.384000,1.843215
33.456000,1320.528000,0.725245
7.216000,734.064000,1.149392
30.832000,2315.024000,0.725183
21.648000,2850.320000,0.745525
24.272000,850.832000,0.721189
21.648000,3161.264000,1.308194
38.704000,2812.272000,1.205718
17.712000,2164.144000,0.959901
17.712000,2862.128000,0.701204
17.712000,1353.328000,0.787635
13.776000,1089.616000,1.029764
4.592000,143.664000,0.691837
36.080000,671.088000,1.291828
29.520000,2244.176000,0.761341
28.208000,1647.216000,0.868616
37.392000,3093.040000,1.313880
22.960000,2135.280000,1.029486
4.592000,1167.024000,0.796924
32.144000,2421.296000,1.072838
32.144000,3098.288000,0.727335
37.392000,3137.648000,1.133953
25.584000,382.448000,1.743895
28.208000,1442.544000,0.880864
17.712000,298.480000,0.845411
1.968000,2817.520000,0.864408
15.088000,2946.096000,0.795343
26.896000,17.712000,0.776945
21.648000,1429.424000,1.024299
26.896000,601.552000,0.829466
11.152000,2812.272000,1.092080
38.704000,622.544000,1.195880
34.768000,487.408000,1.238155
34.768000,1687.888000,0.852396
30.832000,2067.056000,0.883078
24.272000,2981.520000,0.895269
22.960000,2552.496000,0.723635
38.704000,1548.816000,0.774592
33.456000,2597.104000,0.838122
0.656000,2261.232000,0.727938
11.152000,758.992000,1.124111
15.088000,534.640000,1.021028
25.584000,766.864000,1.096638
7.216000,815.408000,0.710905
19.024000,1447.792000,0.659801
34.768000,1681.328000,1.388930
21.648000,3150.768000,0.901764
38.704000,1872.880000,1.111978
29.520000,3179.632000,0.676733
11.152000,507.088000,0.805311
19.024000,1416.304000,0.973891
15.088000,1539.632000,1.035855
0.656000,449.360000,1.799496
16.400000,2553.808000,1.580647
25.584000,1802.032000,0.987046
28.208000,1380.880000,0.840700
12.464000,1417.616000,0.696686
28.208000,117.424000,0.700791
1.968000,1292.976000,0.729413
11.152000,2926.416000,0.954491
24.272000,551.696000,0.952474
1.968000,962.352000,1.190399
22.960000,2477.712000,0.675489
17.712000,2203.504000,0.662914
29.520000,93.808000,1.187297
38.704000,2011.952000,0.758372
15.088000,2616.784000,0.724755
28.208000,1512.080000,0.786876
20.336000,54.448000,0.672859
1.968000,2656.144000,1.065873
20.336000,1643.280000,1.149257
37.392000,1657.712000,1.094774
19.024000,2854.256000,0.663153
16.400000,1033.200000,0.898081
25.584000,2715.184000,0.828817
29.520000,175.152000,0.691055
22.960000,1279.856000,0.871046
1.968000,2943.472000,0.659000
5.904000,1106.672000,1.108725
17.712000,91.184000,1.056524
36.080000,2687.632000,1.555494
12.464000,2604.976000,0.662407
0.656000,150.224000,0.749209
37.392000,1575.056000,1.275637
7.216000,3136.336000,0.713115
5.904000,1403.184000,0.680149
16.400000,538.576000,0.736477
36.080000,2463.280000,0.685297
0.656000,3083.856000,1.009197
32.144000,1989.648000,0.924538
16.400000,862.640000,0.884623
8.528000,2666.640000,0.766620
4.592000,1278.544000,0.798495
19.024000,1316.592000,0.903495
16.400000,2463.280000,0.779700
20.336000,961.040000,1.048964
25.584000,678.960000,0.725318
24.272000,1295.600000,1.285061
30.832000,1706.256000,0.905329
22.960000,2953.968000,1.211916
8.528000,2229.744000,0.829545
7.216000,2376.688000,0.656128
11.152000,2137.904000,0.990605
37.392000,3037.936000,0.784148
24.272000,747.184000,0.701708
24.272000,1231.312000,0.850331
11.152000,413.936000,0.661381
4.592000,350.960000,0.789108
25.584000,631.728000,0.678621
15.088000,1987.024000,0.845196
5.904000,2242.864000,1.062557
0.656000,2706.000000,1.311067
37.392000,2189.072000,0.835927
32.144000,218.448000,0.955047
15.088000,769.488000,0.777133
26.896000,1905.680000,0.773477
5.904000,102.992000,0.864536
36.080000,1901.744000,0.916894
25.584000,234.192000,0.946903
15.088000,2963.152000,1.444635
28.208000,1438.608000,0.734494
8.528000,475.600000,1.288976
29.520000,1826.960000,1.295124
29.520000,144.976000,1.624107
9.840000,1598.672000,1.413795
34.768000,2098.544000,0.811092
9.840000,881.008000,1.522599
32.144000,438.864000,1.137661
29.520000,239.440000,0.836078
17.712000,272.240000,0.742420
20.336000,192.208000,0.879917
29.520000,1327.088000,0.805857
1.968000,1064.688000,0.731177
26.896000,310.288000,0.690506
8.528000,398.192000,1.257542
20.336000,3213.744000,0.685429
20.336000,1689.200000,0.907818
20.336000,2208.752000,1.460354
5.904000,2225.808000,0.726494
28.208000,2915.920000,1.404193
33.456000,2825.392000,1.430944
24.272000,963.664000,0.902594
7.216000,2754.544000,0.786153
4.592000,357.520000,0.802139
12.464000,1104.048000,0.690971
20.336000,2405.552000,0.714010
9.840000,2191.696000,1.076043
36.080000,1958.160000,0.830620
7.216000,2026.384000,0.784667
12.464000,3031.376000,1.594044
17.712000,2801.776000,1.393545
29.520000,114.800000,1.086352
36.080000,1731.184000,1.016181
16.400000,2454.096000,1.217070
20.336000,1947.664000,1.113081
30.832000,2366.192000,1.450362
22.960000,2990.704000,0.874265
3.280000,2587.920000,1.800267
0.656000,1455.664000,0.719696
1.968000,1371.696000,0.939890
20.336000,1331.024000,0.839009
29.520000,2593.168000,1.483580
9.840000,2398.992000,0.919472
19.024000,987.280000,0.712600
5.904000,786.544000,0.701874
36.080000,1136.848000,1.268869
19.024000,2110.352000,1.012647
32.144000,1535.696000,0.741384
33.456000,2780.784000,0.757118
26.896000,185.648000,1.169503
21.648000,13.776000,1.206567
37.392000,3065.488000,0.870047
5.904000,2910.672000,1.247733
15.088000,1741.680000,0.878753
24.272000,2633.840000,0.866501
25.584000,740.624000,0.917849
15.088000,797.040000,0.748771
8.528000,1786.288000,0.732825
13.776000,2635.152000,1.153127
0.656000,1283.792000,0.704203
37.392000,2534.128000,1.203687
5.904000,2808.336000,1.023132
21.648000,2576.112000,1.325547
20.336000,1500.272000,0.819681
12.464000,2384.560000,1.559823
8.528000,2274.352000,0.831354
17.712000,1783.664000,0.873228
24.272000,1527.824000,0.941071
19.024000,2505.264000,1.653907
7.216000,2702.064000,0.703558
11.152000,1867.632000,1.632686
25.584000,1093.552000,0.872292
26.896000,2103.792000,0.810360
19.024000,1101.424000,1.079723
20.336000,1258.864000,1.396808
28.208000,1391.376000,0.693973
24.272000,143.664000,0.765345
20.336000,410.000000,0.917091
19.024000,1551.440000,0.807620
3.280000,1906.992000,1.061251
5.904000,432.304000,1.660893
1.968000,1744.304000,0.702283
30.832000,3107.472000,0.841052
3.280000,528.080000,1.250524
21.648000,2656.144000,0.772454
13.776000,427.056000,0.895896
32.144000,757.680000,0.696422
4.592000,1892.560000,0.827464
13.776000,2640.400000,1.302127
32.144000,1754.800000,1.156765
16.400000,2526.256000,0.773654
28.208000,3169.136000,0.866510
3.280000,921.680000,1.179683
29.520000,2657.456000,0.657099
33.456000,2179.888000,1.281146
28.208000,1576.368000,1.047588
36.080000,2643.024000,0.932125
25.584000,849.520000,0.871267
9.840000,2026.384000,0.699174
16.400000,520.208000,1.359874
32.144000,3074.672000,0.673901
1.968000,1992.272000,0.906110
8.528000,1809.904000,1.058199
3.280000,2555.120000,0.941720
4.592000,1603.920000,0.691339
30.832000,534.640000,1.758561
33.456000,1674.768000,1.249868
38.704000,1446.480000,1.343825
9.840000,955.792000,0.935307
28.208000,2473.776000,0.671961
30.832000,821.968000,0.701341
24.272000,3136.336000,0.754231
38.704000,387.696000,0.830491
24.272000,378.512000,1.456938
17.712000,2643.024000,0.856109
32.144000,1767.920000,0.667067
26.896000,1643.280000,0.689744
25.584000,751.120000,0.694655
3.280000,677.648000,0.706583
25.584000,3103.536000,0.726335
8.528000,731.440000,0.982483
30.832000,509.712000,0.676523
29.520000,386.384000,0.802959
4.592000,579.248000,0.943247
26.896000,1626.224000,0.838633
0.656000,2935.600000,1.734589
4.592000,2158.896000,0.721550
3.280000,2212.688000,1.134996
26.896000,308.976000,0.855581
0.656000,286.672000,0.763534
20.336000,891.504000,0.759193
0.656000,639.600000,0.695978
5.904000,1421.552000,1.689193
7.216000,650.096000,0.678029
1.968000,1543.568000,0.996675
7.216000,2963.152000,1.267531
34.768000,130.544000,1.186607
32.144000,879.696000,0.918561
15.088000,12.464000,0.994601
0.656000,2299.280000,0.775399
16.400000,383.760000,0.710955
15.088000,904.624000,0.838795
26.896000,2480.336000,1.319552
22.960000,1811.216000,0.764221
32.144000,3106.160000,0.785993
29.520000,2673.200000,0.839141
3.280000,480.848000,0.704220
21.648000,827.216000,0.690561
15.088000,1086.992000,1.172729
11.152000,2635.152000,0.691558
4.592000,1190.640000,0.733542
9.840000,2183.824000,2.213304
13.776000,1854.512000,0.796982
17.712000,3002.512000,0.751150
32.144000,680.272000,0.939244
4.592000,975.472000,0.704802
36.080000,2577.424000,0.911065
9.840000,2494.768000,0.890438
3.280000,1298.224000,0.734641
0.656000,455.920000,0.723465
8.528000,3198.000000,0.688851
28.208000,2406.864000,0.876796
8.528000,816.720000,0.954404
26.896000,159.408000,0.706237
3.280000,2919.856000,0.935818
37.392000,2276.976000,0.699081
30.832000,1453.040000,1.122703
15.088000,2347.824000,0.705925
36.080000,232.880000,1.435186
12.464000,781.296000,0.790202
33.456000,2610.224000,1.278770
21.648000,1931.920000,0.684547
33.456000,2902.800000,0.931880
22.960000,3068.112000,1.344581
38.704000,1830.896000,1.971317
4.592000,268.304000,0.974928
21.648000,585.808000,0.971098
28.208000,709.136000,0.861788
13.776000,1670.832000,0.715374
24.272000,779.984000,0.897269
8.528000,1916.176000,0.922238
15.088000,2489.520000,0.834129
9.840000,989.904000,0.794667
21.648000,2492.144000,0.673937
3.280000,852.144000,0.792454
26.896000,1819.088000,0.722845
28.208000,1012.208000,2.325431
36.080000,580.560000,0.842537
34.768000,3106.160000,0.798628
3.280000,511.024000,0.865043
12.464000,747.184000,0.862351
22.960000,2312.400000,0.818138
7.216000,747.184000,1.079423
4.592000,2312.400000,0.922085
30.832000,469.040000,0.851755
25.584000,1041.072000,1.016200
19.024000,2831.952000,1.089390
37.392000,2632.528000,1.070261
0.656000,99.056000,0.803785
25.584000,3065.488000,0.789666
33.456000,3087.792000,1.089166
3.280000,1767.920000,0.719601
13.776000,2185.136000,1.410885
32.144000,2354.384000,1.292762
28.208000,741.936000,0.802707
1.968000,589.744000,0.661222
17.712000,32.144000,0.857771
38.704000,2530.192000,0.979308
29.520000,242.064000,1.487662
8.528000,2259.920000,0.947268
34.768000,253.872000,0.801703
25.584000,1056.816000,0.731699
13.776000,1422.864000,1.046916
32.144000,2223.184000,0.700465
26.896000,521.520000,0.818715
15.088000,2143.152000,1.319659
28.208000,563.504000,0.809984
13.776000,816.720000,1.018073
32.144000,1296.912000,1.117459
24.272000,1945.040000,0.839661
3.280000,1695.760000,1.653895
37.392000,1073.872000,0.696860
30.832000,225.008000,1.241770
17.712000,2050.000000,0.876338
12.464000,2654.832000,0.974628
8.528000,1170.960000,0.687263
1.968000,827.216000,0.872303
16.400000,2333.392000,1.109575
29.520000,2681.072000,0.835063
15.088000,1.968000,1.182339
22.960000,1683.952000,0.932473
34.768000,2695.504000,1.065307
19.024000,2507.888000,0.823234
29.520000,1855.824000,0.739501
24.272000,2675.824000,0.807350
3.280000,824.592000,1.119340
24.272000,2124.784000,1.386384
7.216000,341.776000,1.485709
29.520000,2347.824000,0.697415
20.336000,1935.856000,1.256385
4.592000,600.240000,0.708597
8.528000,2942.160000,0.852361
21.648000,1269.360000,0.767287
0.656000,2776.848000,1.044316
0.656000,2220.560000,0.756125
8.528000,667.152000,0.945441
3.280000,2957.904000,0.960658
36.080000,1795.472000,0.665931
22.960000,988.592000,1.425340
16.400000,2846.384000,1.027570
34.768000,496.592000,0.760871
1.968000,2822.768000,0.783162
5.904000,660.592000,0.773578
30.832000,1724.624000,1.181979
25.584000,1607.856000,0.662682
8.528000,2746.672000,1.515914
12.464000,2069.680000,0.973064
22.960000,1291.664000,1.075091
0.656000,505.776000,1.042669
9.840000,3173.072000,0.736266
20.336000,144.976000,0.740247
19.024000,3200.624000,0.970639
32.144000,1816.464000,0.738711
24.272000,1531.760000,1.006105
11.152000,802.288000,1.057010
38.704000,76.752000,0.849630
21.648000,147.600000,2.183461
28.208000,2775.536000,0.758612
1.968000,2236.304000,0.990183
34.768000,1468.784000,0.777611
3.280000,1781.040000,2.432197
3.280000,2419.984000,1.283611
28.208000,2276.976000,1.133359
8.528000,2267.792000,1.153513
21.648000,714.384000,0.776429
37.392000,863.952000,1.047240
34.768000,2245.488000,1.010618
16.400000,2863.440000,1.000699
20.336000,545.136000,0.707201
33.456000,1619.664000,1.252576
21.648000,3158.640000,0.750143
0.656000,610.736000,1.054423
21.648000,2675.824000,1.251589
20.336000,1824.336000,1.091238
19.024000,2357.008000,1.488135
19.024000,1973.904000,0.874941
30.832000,1500.272000,0.666214
26.896000,921.680000,1.570488
37.392000,2391.120000,0.887091
26.896000,1118.480000,1.162882
22.960000,1901.744000,0.702526
11.152000,1441.232000,1.410838
3.280000,2603.664000,1.248159
21.648000,821.968000,1.268758
9.840000,1055.504000,1.250002
13.776000,2972.336000,1.592125
20.336000,1051.568000,0.764076
13.776000,1791.536000,0.802095
3.280000,654.032000,1.049842
32.144000,1571.120000,1.349334
30.832000,2957.904000,0.921993
20.336000,2329.456000,1.340159
9.840000,2967.088000,1.180157
30.832000,2341.264000,0.793097
25.584000,722.256000,0.859211
0.656000,3085.168000,1.120741
30.832000,2234.992000,0.977324
9.840000,246.000000,0.783936
22.960000,1298.224000,1.034146
13.776000,2257.296000,1.429538
38.704000,3093.040000,0.694118
38.704000,673.712000,1.400685
20.336000,804.912000,0.796745
33.456000,613.360000,0.910311
0.656000,345.712000,0.854614
5.904000,22.960000,0.754182
15.088000,2901.488000,0.974472
12.464000,734.064000,0.813459
19.024000,2749.296000,0.749716
5.904000,2342.576000,1.138598
12.464000,1475.344000,0.945372
32.144000,100.368000,0.659789
4.592000,1525.200000,0.742475
28.208000,2829.328000,1.118486
17.712000,2737.488000,1.355158
8.528000,3131.088000,1.375104
3.280000,492.656000,0.855390
13.776000,1041.072000,1.789673
4.592000,2050.000000,2.103482
22.960000,1115.856000,0.858225
15.088000,2679.760000,0.848488
37.392000,1732.496000,0.835510
4.592000,1996.208000,0.895662
11.152000,2320.272000,0.736262
3.280000,123.984000,0.777157
25.584000,1422.864000,0.892703
36.080000,1962.096000,0.805155
30.832000,22.960000,0.889721
9.840000,1290.352000,0.992848
13.776000,1912.240000,0.774061
3.280000,496.592000,0.929471
24.272000,947.920000,0.925509
12.464000,1394.000000,0.800191
19.024000,774.736000,0.838323
16.400000,1066.000000,0.935161
32.144000,3053.680000,1.129980
17.712000,2307.152000,1.620312
17.712000,917.744000,1.094289
22.960000,1989.648000,1.403924
25.584000,1946.352000,0.849264
30.832000,608.112000,0.740683
21.648000,3006.448000,1.009216
15.088000,58.384000,0.715248
26.896000,2674.512000,0.970193
4.592000,1344.144000,1.027205
25.584000,2698.128000,0.815701
3.280000,2077.552000,0.807184
25.584000,1847.952000,0.744737
13.776000,2738.800000,0.842229
3.280000,2803.088000,1.387317
3.280000,135.792000,0.892945
15.088000,3056.304000,0.780284
38.704000,3019.568000,1.048161
12.464000,2940.848000,1.017196
8.528000,335.216000,1.711972
24.272000,1851.888000,0.924674
7.216000,1760.048000,0.896137
1.968000,2757.168000,1.244998
30.832000,2307.152000,0.812560
36.080000,583.184000,0.733887
11.152000,728.816000,1.127996
1.968000,2328.144000,0.680503
37.392000,2283.536000,1.072591
37.392000,537.264000,0.936536
26.896000,685.520000,0.892178
16.400000,3075.984000,0.656157
21.648000,2719.120000,1.408400
15.088000,574.000000,1.711830
25.584000,223.696000,0.831228
1.968000,1516.016000,0.772533
36.080000,2334.704000,0.970080
15.088000,1757.424000,1.029588
13.776000,882.320000,0.951273
32.144000,2080.176000,1.119332
29.520000,2864.752000,0.923232
34.768000,1298.224000,0.672002
38.704000,1649.840000,0.916176
20.336000,2753.232000,0.715176
16.400000,1635.408000,0.807371
16.400000,500.528000,0.963977
12.464000,1338.896000,1.126669
0.656000,1403.184000,0.679218
33.456000,2704.688000,0.946814
17.712000,1981.776000,0.814560
26.896000,1527.824000,1.273602
30.832000,529.392000,0.767067
37.392000,1977.840000,1.688860
15.088000,1121.104000,1.384621
0.656000,2994.640000,0.976246
17.712000,2175.952000,1.180787
30.832000,1609.168000,0.692002
38.704000,1438.608000,0.781153
32.144000,1474.032000,0.796717
13.776000,3052.368000,2.296911
36.080000,3073.360000,1.539601
21.648000,3188.816000,2.245204
15.088000,980.720000,1.406893
22.960000,2131.344000,1.110567
37.392000,1442.544000,0.806477
37.392000,303.728000,1.212418
21.648000,424.432000,0.871564
20.336000,877.072000,0.815223
28.208000,1088.304000,0.749036
0.656000,2393.744000,0.799456
17.712000,2196.944000,0.776252
9.840000,1513.392000,0.900083
36.080000,1538.320000,1.072130
17.712000,2528.880000,1.551584
22.960000,2422.608000,1.181196
1.968000,996.464000,0.788987
3.280000,12.464000,1.289292
19.024000,909.872000,1.009734
20.336000,2730.928000,0.683763
22.960000,2357.008000,0.850468
0.656000,2154.960000,0.812826
12.464000,1674.768000,0.774286
33.456000,1756.112000,1.388570
7.216000,722.256000,0.672602
34.768000,284.048000,1.009136
12.464000,2530.192000,0.825336
19.024000,2716.496000,0.670545
17.712000,1172.272000,0.793281
36.080000,499.216000,0.802025
9.840000,488.720000,0.708558
1.968000,1861.072000,1.072023
34.768000,2173.328000,2.073208
3.280000,2460.656000,0.948740
32.144000,1720.688000,0.675469
15.088000,386.384000,0.666066
9.840000,2018.512000,1.009675
32.144000,345.712000,0.812224
11.152000,440.176000,0.672556
38.704000,1544.880000,0.943803
4.592000,2300.592000,0.874168
13.776000,493.968000,0.748414
17.712000,2357.008000,0.751530
9.840000,3177.008000,0.680010
34.768000,2406.864000,1.245589
30.832000,2509.200000,1.009478
25.584000,2804.400000,1.651910
24.272000,2380.624000,1.043745
12.464000,2905.424000,1.826575
0.656000,1903.056000,1.455399
17.712000,2136.592000,0.731540
32.144000,508.400000,0.961934
30.832000,3153.392000,1.308045
12.464000,289.296000,0.705840
13.776000,560.880000,1.278386
24.272000,1861.072000,0.690883
32.144000,2696.816000,1.236487
9.840000,2542.000000,0.700092
29.520000,1769.232000,2.126113
29.520000,2730.928000,1.193621
19.024000,1925.360000,0.767945
20.336000,57.072000,0.783049
33.456000,3111.408000,1.500549
36.080000,278.800000,0.799716
8.528000,723.568000,0.843873
0.656000,863.952000,0.755626
24.272000,714.384000,1.094515
7.216000,1623.600000,1.492400
32.144000,1972.592000,1.034051
8.528000,2842.448000,0.755954
8.528000,2425.232000,0.863160
24.272000,343.088000,0.743764
26.896000,1311.344000,0.981037
12.464000,1533.072000,0.950277
38.704000,2131.344000,1.997767
11.152000,1354.640000,0.728691
9.840000,1030.576000,1.429877
5.904000,278.800000,1.066189
38.704000,2502.640000,0.669173
22.960000,2059.184000,0.667038
32.144000,672.400000,0.876272
17.712000,2913.296000,0.676476
19.024000,2990.704000,0.924236
15.088000,1382.192000,1.101229
13.776000,1429.424000,0.750895
24.272000,2871.312000,0.684781
16.400000,268.304000,0.769141
30.832000,1144.720000,0.724324
25.584000,2174.640000,1.638211
33.456000,1880.752000,0.701531
20.336000,2564.304000,0.987613
3.280000,2733.552000,0.951267
38.704000,2648.272000,0.741647
20.336000,1710.192000,1.014849
3.280000,1135.536000,0.756095
0.656000,66.256000,0.935153
38.704000,718.320000,0.951221
9.840000,2555.120000,1.313809
12.464000,887.568000,0.912596
1.968000,2047.376000,0.789316
28.208000,1798.096000,0.774463
21.648000,1163.088000,0.736709
15.088000,1479.280000,1.251756
5.904000,497.904000,0.736500
4.592000,2089.360000,0.771304
38.704000,1712.816000,0.750746
20.336000,396.880000,0.716039
25.584000,1396.624000,1.173997
36.080000,2357.008000,1.124080
21.648000,3009.072000,1.521305
38.704000,2741.424000,0.867226
17.712000,2586.608000,1.671281
24.272000,2610.224000,0.932853
38.704000,2524.944000,1.649680
11.152000,26.896000,0.692810
37.392000,1176.208000,0.999029
38.704000,2717.808000,0.801382
30.832000,3072.048000,1.211907
29.520000,2919.856000,1.088449
3.280000,2889.680000,1.475641
21.648000,1651.152000,0.705316
0.656000,2862.128000,0.801839
13.776000,2664.016000,2.016300
1.968000,2914.608000,0.734537
11.152000,2904.112000,1.136450
19.024000,1900.432000,0.823389
28.208000,1086.992000,2.009065
32.144000,63.632000,0.872109
34.768000,2843.760000,1.065398
12.464000,1504.208000,0.659202
33.456000,804.912000,0.996403
0.656000,1832.208000,0.803080
37.392000,2215.312000,0.791087
29.520000,310.288000,1.125463
28.208000,390.320000,0.688875
11.152000,3112.720000,0.775527
4.592000,2652.208000,0.994025
5.904000,495.280000,0.895813
13.776000,1101.424000,0.709146
13.776000,134.480000,0.758477
9.840000,1466.160000,0.728002
8.528000,1212.944000,0.761787
0.656000,2315.024000,1.552516
29.520000,608.112000,0.658554
7.216000,3081.232000,2.485226
36.080000,2535.440000,0.962170
30.832000,1174.896000,0.939922
20.336000,226.320000,0.697162
16.400000,866.576000,1.022597
9.840000,2363.568000,1.214805
21.648000,2917.232000,1.228957
38.704000,2876.560000,0.866178
32.144000,138.416000,1.398776
28.208000,173.840000,0.732923
29.520000,2517.072000,1.357465
8.528000,2430.480000,1.045632
22.960000,1113.232000,0.880661
34.768000,2548.560000,0.685375
29.520000,504.464000,1.252827
28.208000,1233.936000,0.791826
19.024000,1418.928000,0.955933
1.968000,2040.816000,0.790813
24.272000,1716.752000,0.669476
20.336000,223.696000,1.438637
16.400000,2354.384000,1.212492
36.080000,109.552000,1.110398
7.216000,2664.016000,0.876065
28.208000,2889.680000,1.014014
13.776000,3022.192000,0.843516
38.704000,860.016000,0.850929
1.968000,41.328000,0.927373
33.456000,1072.560000,0.793931
20.336000,3106.160000,1.169041
32.144000,2225.808000,0.870582
25.584000,2074.928000,0.854480
4.592000,2633.840000,0.659890
4.592000,2765.040000,0.672720
7.216000,2017.200000,0.729465
36.080000,1569.808000,0.821228
5.904000,613.360000,0.951533
26.896000,605.488000,0.861979
4.592000,1411.056000,0.729308
15.088000,971.536000,0.891573
24.272000,306.352000,0.733053
33.456000,1056.816000,1.260978
21.648000,1731.184000,0.714929
7.216000,2211.376000,0.828823
26.896000,261.744000,0.780110
28.208000,1311.344000,0.719510
24.272000,2678.448000,0.720363
19.024000,1274.608000,0.752082
13.776000,150.224000,1.492539
7.216000,1190.640000,0.661842
8.528000,963.664000,0.815452
1.968000,975.472000,0.669446
25.584000,110.864000,1.301033
0.656000,1990.960000,0.867210
24.272000,1212.944000,0.828218
19.024000,1631.472000,0.942528
16.400000,1090.928000,1.888145
32.144000,999.088000,0.703137
26.896000,152.848000,1.211250
9.840000,1912.240000,0.846076
26.896000,1594.736000,1.071530
24.272000,2088.048000,0.741036
11.152000,1592.112000,0.720985
4.592000,3087.792000,0.772834
25.584000,131.856000,1.012408
24.272000,50.512000,0.728215
5.904000,894.128000,0.874167
7.216000,1336.272000,1.562278
37.392000,2439.664000,1.062615
5.904000,333.904000,1.930972
17.712000,3049.744000,0.815536
1.968000,2168.080000,1.008971
7.216000,572.688000,0.722224
12.464000,1227.376000,0.812519
1.968000,2021.136000,0.782725
4.592000,2888.368000,1.157082
9.840000,1111.920000,0.684312
15.088000,3074.672000,0.688090
34.768000,2703.376000,0.778680
22.960000,3171.760000,0.736987
34.768000,2476.400000,0.859826
26.896000,1555.376000,0.993312
21.648000,816.720000,0.896907
9.840000,2106.416000,1.039245
21.648000,823.280000,0.896023
16.400000,1972.592000,0.658755
37.392000,454.608000,0.960523
24.272000,1926.672000,0.991148
37.392000,326.032000,0.767211
33.456000,171.216000,0.984735
4.592000,71.504000,1.183022
17.712000,1564.560000,0.701405
33.456000,1746.928000,1.300197
26.896000,2639.088000,0.888066
19.024000,211.888000,1.098106
16.400000,2965.776000,1.124171
25.584000,1846.640000,0.721528
13.776000,3020.880000,0.966621
28.208000,419.184000,0.740505
16.400000,2484.272000,0.712809
34.768000,1895.184000,1.102096
21.648000,2631.216000,0.837712
16.400000,434.928000,0.758208
29.520000,1846.640000,0.906236
21.648000,3121.904000,0.715696
24.272000,2635.152000,0.819145
5.904000,2219.248000,0.885501
21.648000,1665.584000,0.911803
13.776000,2616.784000,0.842963
1.968000,1765.296000,1.356078
21.648000,1266.736000,1.927204
20.336000,2835.888000,0.750171
29.520000,1573.744000,1.376374
24.272000,1260.176000,0.873343
22.960000,2742.736000,1.497877
19.024000,781.296000,0.783317
34.768000,554.320000,1.955622
20.336000,1760.048000,0.764615
37.392000,270.928000,1.006095
24.272000,602.864000,0.790174
13.776000,3166.512000,0.669782
8.528000,2200.880000,1.015965
1.968000,2329.456000,0.715277
34.768000,2820.144000,0.832099
21.648000,3073.360000,1.511173
34.768000,2787.344000,0.762923
16.400000,945.296000,0.962712
7.216000,1380.880000,1.318384
8.528000,1153.904000,0.746395
28.208000,1248.368000,0.919424
20.336000,778.672000,0.903513
37.392000,2545.936000,1.255675
0.656000,2675.824000,0.717506
37.392000,1773.168000,0.868881
33.456000,2745.360000,2.184084
4.592000,2053.936000,0.772380
19.024000,1921.424000,0.664405
37.392000,1790.224000,0.987831
33.456000,181.712000,0.921820
8.528000,1955.536000,0.861492
1.968000,3103.536000,1.569095
34.768000,2783.408000,1.297659
34.768000,1567.184000,0.751668
37.392000,214.512000,0.706109
19.024000,1306.096000,0.803020
33.456000,1426.800000,0.685918
12.464000,2662.704000,1.051398
17.712000,521.520000,0.788142
38.704000,3221.616000,0.828211
4.592000,2955.280000,0.705720
21.648000,1283.792000,0.728382
25.584000,2552.496000,1.739329
30.832000,2172.016000,0.752906
5.904000,1710.192000,0.926878
0.656000,668.464000,0.747316
0.656000,2055.248000,0.933763
22.960000,2788.656000,1.124665
29.520000,276.176000,1.136373
37.392000,2398.992000,0.945161
30.832000,358.832000,1.245591
8.528000,1027.952000,0.961265
21.648000,2557.744000,1.186952
20.336000,2094.608000,1.062140
25.584000,659.280000,1.248429
9.840000,1206.384000,1.014260
21.648000,2026.384000,0.708446
25.584000,2723.056000,0.797485
12.464000,2898.864000,1.005145
28.208000,1794.160000,0.997590
17.712000,1865.008000,0.691156
21.648000,1102.736000,1.122286
12.464000,2143.152000,0.671878
3.280000,307.664000,0.709617
16.400000,1051.568000,0.777324
7.216000,1194.576000,0.744333
21.648000,2538.064000,1.053725
11.152000,1206.384000,1.969227
8.528000,3047.120000,1.249096
1.968000,741.936000,0.737638
3.280000,2339.952000,0.760033
15.088000,1425.488000,0.675598
17.712000,1379.568000,0.790518
7.216000,2863.440000,1.009250
25.584000,3141.584000,0.840901
24.272000,337.840000,0.729113
1.968000,74.128000,0.915391
3.280000,779.984000,1.605688
36.080000,122.672000,0.675041
17.712000,2674.512000,0.894650
34.768000,2375.376000,0.887458
37.392000,1551.440000,0.780558
28.208000,2370.128000,0.669612
4.592000,1546.192000,0.661234
22.960000,1472.720000,0.746312
8.528000,2515.760000,0.925101
11.152000,3037.936000,0.808070
32.144000,1283.792000,0.677749
9.840000,1820.400000,0.754273
15.088000,2717.808000,2.428317
30.832000,2658.768000,0.790003
19.024000,1624.912000,0.835409
37.392000,2334.704000,1.092268
28.208000,1462.224000,0.896636
34.768000,963.664000,0.667242
12.464000,1350.704000,0.717245
21.648000,137.104000,0.684279
13.776000,1308.720000,0.735003
19.024000,1243.120000,0.787324
19.024000,657.968000,0.775855
32.144000,1815.152000,0.773956
16.400000,62.320000,0.771244
16.400000,451.984000,1.169606
7.216000,1791.536000,2.032453
36.080000,2654.832000,1.616866
16.400000,915.120000,0.996916
8.528000,1874.192000,1.718642
13.776000,246.000000,0.698991
17.712000,1800.720000,1.115944
24.272000,1159.152000,1.513350
11.152000,2391.120000,0.846876
1.968000,800.976000,0.754652
34.768000,1691.824000,1.050153
12.464000,1072.560000,0.733868
36.080000,36.080000,1.294553
4.592000,1851.888000,1.081945
24.272000,841.648000,1.201750
32.144000,371.952000,0.737258
3.280000,2287.472000,0.733808
12.464000,499.216000,1.081207
38.704000,185.648000,1.442700
0.656000,2278.288000,1.502422
24.272000,1769.232000,0.670548
34.768000,1407.120000,0.708867
24.272000,2657.456000,1.449843
15.088000,1605.232000,1.264447
25.584000,1223.440000,0.733189
34.768000,1527.824000,1.067755
38.704000,614.672000,0.675524
13.776000,337.840000,0.772307
8.528000,1336.272000,0.794925
25.584000,324.720000,1.335349
33.456000,1149.968000,1.329139
37.392000,699.952000,1.190198
16.400000,133.168000,0.843597
26.896000,646.160000,0.911911
37.392000,933.488000,0.789427
7.216000,2737.488000,2.342480
34.768000,320.784000,2.453442
1.968000,214.512000,0.938543
15.088000,2374.064000,0.946508
13.776000,1736.432000,0.992693
28.208000,623.856000,0.761876
16.400000,2963.152000,0.758165
17.712000,2353.072000,1.213639
32.144000,1484.528000,0.877464
33.456000,1538.320000,0.845405
29.520000,1708.880000,0.815395
11.152000,2002.768000,1.164517
25.584000,2258.608000,0.746391
34.768000,3179.632000,1.612184
13.776000,841.648000,0.929890
29.520000,2446.224000,1.488531
36.080000,462.480000,0.683365
26.896000,1147.344000,0.692814
11.152000,450.672000,0.763044
32.144000,2570.864000,0.685181
15.088000,1380.880000,0.810472
37.392000,2110.352000,1.539625
4.592000,846.896000,0.678341
5.904000,1555.376000,0.856814
19.024000,3013.008000,0.968534
12.464000,2780.784000,0.664315
20.336000,297.168000,1.104375
3.280000,222.384000,0.672171
28.208000,2485.584000,1.083522
25.584000,2506.576000,0.759913
22.960000,664.528000,0.729000
4.592000,368.016000,0.871687
24.272000,25.584000,1.723163
33.456000,1130.288000,0.667490
11.152000,290.608000,0.685249
13.776000,1777.104000,2.373084
15.088000,1390.064000,0.774805
7.216000,2864.752000,0.869281
32.144000,640.912000,0.703573
25.584000,1407.120000,0.979224
34.768000,2780.784000,3.075462
25.584000,2127.408000,0.907293
37.392000,1131.600000,0.779553
0.656000,2076.240000,1.054801
13.776000,794.416000,0.977014
26.896000,2965.776000,0.919892
33.456000,2894.928000,0.813577
20.336000,353.584000,0.922019
7.216000,1855.824000,0.745717
30.832000,2486.896000,0.895457
30.832000,2169.392000,1.985041
32.144000,1994.896000,0.792951
24.272000,1610.480000,0.686324
26.896000,61.008000,1.296149
15.088000,1439.920000,0.854403
36.080000,1941.104000,1.308301
32.144000,2506.576000,0.900894
9.840000,760.304000,0.666865
11.152000,2185.136000,1.028440
38.704000,206.640000,0.799191
30.832000,1800.720000,0.924533
12.464000,177.776000,1.266131
21.648000,1538.320000,1.037157
22.960000,2675.824000,1.600334
33.456000,450.672000,0.729632
37.392000,93.808000,1.188485
30.832000,223.696000,0.769169
26.896000,2624.656000,0.733531
38.704000,1880.752000,0.984223
17.712000,1059.440000,0.703184
32.144000,1744.304000,0.893932
8.528000,2238.928000,0.737342
32.144000,2978.896000,2.102235
3.280000,2514.448000,1.027268
20.336000,1035.824000,0.824214
7.216000,1575.056000,1.412187
16.400000,159.408000,1.342451
12.464000,3099.600000,0.689251
3.280000,2551.184000,0.826165
0.656000,2406.864000,0.929498
11.152000,2732.240000,0.695396
15.088000,2910.672000,0.863332
32.144000,496.592000,0.683731
7.216000,2258.608000,0.665132
7.216000,1920.112000,1.220368
11.152000,2439.664000,0.966614
5.904000,745.872000,1.527704
38.704000,377.200000,1.206543
34.768000,302.416000,0.846096
20.336000,1555.376000,1.049932
3.280000,1592.112000,1.023211
34.768000,756.368000,0.697578
29.520000,2826.704000,1.030039
34.768000,1695.760000,2.071638
37.392000,361.456000,0.835154
12.464000,1599.984000,0.730104
19.024000,347.024000,0.715457
0.656000,2717.808000,1.066237
30.832000,2030.320000,0.656632
20.336000,1273.296000,0.683072
5.904000,2149.712000,0.717589
15.088000,2814.896000,0.705574
34.768000,878.384000,0.883518
28.208000,358.832000,0.871506
15.088000,2144.464000,1.260975
16.400000,1477.968000,0.662966
34.768000,698.640000,0.658102
15.088000,1840.080000,1.248746
21.648000,404.752000,1.051979
29.520000,2051.312000,0.664046
28.208000,3216.368000,0.849775
37.392000,1346.768000,0.672216
16.400000,2629.904000,0.816764
9.840000,2894.928000,0.765555
38.704000,574.000000,0.789461
24.272000,231.568000,1.763118
38.704000,2001.456000,0.711070
34.768000,244.688000,0.837488
25.584000,2864.752000,0.956114
28.208000,1862.384000,1.427607
7.216000,581.872000,0.866955
7.216000,1714.128000,1.296424
4.592000,2791.280000,0.820153
34.768000,2817.520000,2.717926
28.208000,1609.168000,0.892447
24.272000,3153.392000,1.304713
13.776000,509.712000,1.527292
12.464000,2826.704000,0.897111
3.280000,2257.296000,1.102631
17.712000,408.688000,1.737778
1.968000,1130.288000,0.965767
9.840000,1592.112000,0.846737
30.832000,3163.888000,0.928975
30.832000,148.912000,1.126343
13.776000,2787.344000,1.412090
29.520000,2976.272000,1.180923
5.904000,374.576000,0.697451
21.648000,3131.088000,0.688156
4.592000,1435.984000,1.266239
34.768000,2805.712000,0.673336
25.584000,2359.632000,0.953884
20.336000,1910.928000,0.900156
21.648000,118.736000,0.936678
1.968000,2053.936000,0.701375
32.144000,2556.432000,0.779611
20.336000,329.968000,0.772395
29.520000,328.656000,0.969177
7.216000,2127.408000,0.904331
11.152000,2820.144000,0.781393
16.400000,1018.768000,0.706300
38.704000,1862.384000,1.027912
13.776000,1874.192000,0.709591
21.648000,291.920000,0.696198
13.776000,546.448000,0.716044
29.520000,846.896000,1.077389
20.336000,1739.056000,0.774460
36.080000,1324.464000,0.966272
22.960000,2921.168000,1.048191
5.904000,491.344000,0.685775
13.776000,1115.856000,1.056332
19.024000,1846.640000,0.739075
33.456000,2888.368000,0.929557
19.024000,572.688000,0.693802
36.080000,2090.672000,0.699275
32.144000,395.568000,1.275241
36.080000,529.392000,1.473156
28.208000,165.968000,1.307332
28.208000,1300.848000,0.951497
4.592000,3102.224000,0.896807
3.280000,62.320000,1.313032
33.456000,1994.896000,0.748672
9.840000,1376.944000,0.710733
20.336000,1770.544000,0.677098
29.520000,2118.224000,1.071449
1.968000,1725.936000,1.469559
5.904000,1430.736000,1.072437
30.832000,1109.296000,0.711569
30.832000,386.384000,1.193273
9.840000,1199.824000,1.848979
7.216000,619.920000,1.369450
34.768000,1917.488000,0.911534
25.584000,63.632000,1.048793
4.592000,727.504000,1.208340
0.656000,2254.672000,1.692713
0.656000,1199.824000,1.533574
36.080000,508.400000,1.090712
34.768000,116.112000,0.975005
26.896000,2046.064000,0.921067
19.024000,1744.304000,0.747140
22.960000,814.096000,0.867409
9.840000,352.272000,1.232173
8.528000,1668.208000,0.726814
11.152000,2906.736000,0.757713
22.960000,768.176000,1.112160
34.768000,2692.880000,0.842397
20.336000,3103.536000,0.724377
15.088000,974.160000,0.803478
24.272000,999.088000,0.902439
16.400000,57.072000,1.312870
36.080000,3201.936000,0.803379
12.464000,2276.976000,0.903004
26.896000,650.096000,0.693926
25.584000,2778.160000,0.933619
25.584000,2951.344000,0.721005
29.520000,3157.328000,0.816276
38.704000,2290.096000,1.092103
26.896000,1733.808000,0.941423
12.464000,3195.376000,1.333522
28.208000,560.880000,0.700245
13.776000,440.176000,1.160777
15.088000,214.512000,0.951981
12.464000,2417.360000,1.729594
38.704000,2398.992000,1.345874
4.592000,926.928000,0.897520
16.400000,492.656000,0.859273
29.520000,1685.264000,0.679059
22.960000,1012.208000,2.042320
16.400000,539.888000,2.111003
15.088000,1804.656000,0.991814
32.144000,2196.944000,1.002470
4.592000,2038.192000,0.676894
4.592000,3027.440000,1.622672
7.216000,1488.464000,0.698314
32.144000,2967.088000,0.859374
26.896000,354.896000,0.794778
36.080000,3209.808000,0.806552
15.088000,2131.344000,0.891800
3.280000,2410.800000,1.316028
8.528000,2081.488000,1.176739
26.896000,1529.136000,0.835755
11.152000,2956.592000,1.413026
0.656000,79.376000,1.504149
1.968000,627.792000,0.779992
38.704000,694.704000,0.708502
33.456000,88.560000,0.813953
16.400000,1031.888000,1.046512
11.152000,675.024000,2.484359
9.840000,2667.952000,0.657745
38.704000,2523.632000,1.041195
13.776000,1134.224000,0.918915
37.392000,3138.960000,0.683740
28.208000,1456.976000,0.662543
17.712000,1992.272000,0.837181
17.712000,1397.936000,1.363063
30.832000,2889.680000,0.683667
38.704000,3129.776000,0.680451
26.896000,3216.368000,0.657434
17.712000,412.624000,0.722610
34.768000,497.904000,0.793823
13.776000,819.344000,0.839326
37.392000,661.904000,0.761058
3.280000,581.872000,0.913419
3.280000,922.992000,1.535004
24.272000,2114.288000,1.397661
20.336000,1699.696000,1.544097
17.712000,816.720000,0.759775
38.704000,636.976000,0.691467
24.272000,1564.560000,1.541203
29.520000,1606.544000,1.114869
25.584000,1344.144000,0.699204
4.592000,1584.240000,0.794843
28.208000,1152.592000,0.671440
28.208000,1765.296000,0.960791
24.272000,693.392000,0.830185
1.968000,2359.632000,0.747796
26.896000,2625.968000,0.786060
33.456000,2068.368000,0.842323
21.648000,3146.832000,0.678317
21.648000,2353.072000,0.810868
8.528000,2320.272000,0.657049
3.280000,2759.792000,0.695397
16.400000,168.592000,0.838671
16.400000,84.624000,0.706171
30.832000,437.552000,0.779450
37.392000,2342.576000,0.761135
13.776000,3179.632000,0.800917
1.968000,38.704000,0.818302
13.776000,142.352000,0.925481
29.520000,424.432000,0.810587
4.592000,2489.520000,0.684791
22.960000,457.232000,0.959810
28.208000,445.424000,0.793465
8.528000,2713.872000,0.740693
34.768000,1762.672000,0.674172
17.712000,2577.424000,1.461142
15.088000,1449.104000,0.842037
11.152000,975.472000,0.806073
17.712000,1589.488000,0.882178
3.280000,1662.960000,1.012573
19.024000,1121.104000,1.049994
32.144000,2440.976000,0.681700
3.280000,745.872000,1.519471
38.704000,911.184000,1.016310
25.584000,2018.512000,1.038528
3.280000,818.032000,0.799138
9.840000,1689.200000,0.819803
11.152000,3095.664000,0.957251
28.208000,1013.520000,0.674394
15.088000,3093.040000,0.715428
28.208000,2220.560000,1.118399
36.080000,1320.528000,0.735569
5.904000,819.344000,0.734833
37.392000,188.272000,0.766280
7.216000,375.888000,0.878100
3.280000,685.520000,1.601280
21.648000,2103.792000,1.575978
22.960000,1174.896000,1.196760
22.960000,1392.688000,1.483874
4.592000,1849.264000,0.758048
21.648000,2711.248000,0.952759
34.768000,299.792000,1.342546
20.336000,2860.816000,0.688204
20.336000,2501.328000,0.737342
12.464000,2266.480000,0.940722
28.208000,2088.048000,0.879816
0.656000,243.376000,1.416283
7.216000,2673.200000,0.698472
25.584000,804.912000,1.003902
1.968000,1947.664000,0.742109
32.144000,622.544000,1.547179
38.704000,2758.480000,0.664219
22.960000,2115.600000,1.185834
15.088000,172.528000,0.684370
20.336000,720.944000,1.213788
4.592000,933.488000,0.957930
32.144000,1956.848000,0.890872
25.584000,1404.496000,0.663266
8.528000,1711.504000,1.317528
37.392000,2414.736000,0.677979
29.520000,2560.368000,1.842388
16.400000,2709.936000,1.993713
32.144000,2590.544000,1.080811
11.152000,2873.936000,1.335101
0.656000,2351.760000,0.766738
13.776000,1975.216000,1.323862
5.904000,1163.088000,0.691349
12.464000,1083.056000,0.836332
24.272000,1026.640000,1.081695
16.400000,3003.824000,1.312591
9.840000,3149.456000,1.190568
24.272000,1334.960000,1.617726
4.592000,2350.448000,0.813626
12.464000,310.288000,0.696464
34.768000,545.136000,1.058134
20.336000,2720.432000,0.979907
26.896000,3031.376000,0.723873
5.904000,1016.144000,2.593119
28.208000,2423.920000,0.961858
8.528000,1146.032000,0.729563
9.840000,1952.912000,0.911115
7.216000,251.248000,1.023168
34.768000,1590.800000,0.666740
19.024000,2616.784000,0.825688
28.208000,413.936000,1.227750
38.704000,1113.232000,0.947088
5.904000,2057.872000,0.753744
22.960000,301.104000,0.879951
7.216000,2388.496000,0.669473
24.272000,1271.984000,1.101850
20.336000,467.728000,1.059709
37.392000,647.472000,0.931792
21.648000,917.744000,0.681965
29.520000,764.240000,0.743426
28.208000,1955.536000,0.805103
22.960000,2111.664000,0.692791
17.712000,2234.992000,0.707144
17.712000,592.368000,0.716889
4.592000,1737.744000,0.761175
37.392000,3207.184000,0.896919
21.648000,756.368000,0.810750
28.208000,2576.112000,0.757973
8.528000,1787.600000,0.667711
26.896000,273.552000,1.341089
25.584000,2608.912000,1.342784
28.208000,2640.400000,1.296218
13.776000,903.312000,0.749662
25.584000,2227.120000,0.662457
4.592000,1779.728000,0.726547
36.080000,1939.792000,1.338915
3.280000,2560.368000,0.858955
33.456000,2510.512000,0.672064
36.080000,2276.976000,0.910036
24.272000,368.016000,0.770591
19.024000,3104.848000,0.794722
3.280000,2072.304000,0.670051
30.832000,1945.040000,0.738014
24.272000,3140.272000,0.860856
38.704000,1910.928000,1.112928
38.704000,1155.216000,1.147349
34.768000,1701.008000,0.980985
20.336000,520.208000,0.751622
21.648000,1081.744000,1.090526
37.392000,2959.216000,0.763221
20.336000,1248.368000,1.270274
30.832000,639.600000,1.443871
0.656000,2948.720000,0.891043
1.968000,493.968000,0.768968
0.656000,1185.392000,0.887646
36.080000,1481.904000,0.683055
26.896000,664.528000,0.909711
38.704000,2738.800000,0.771515
36.080000,869.200000,0.887935
38.704000,3108.784000,1.539157
37.392000,626.480000,0.874191
20.336000,723.568000,0.931550
7.216000,1522.576000,1.027730
38.704000,816.720000,0.656895
30.832000,289.296000,1.146840
25.584000,942.672000,1.061016
32.144000,1142.096000,0.702850
37.392000,2484.272000,0.817883
30.832000,983.344000,1.088956
25.584000,614.672000,1.269839
24.272000,2864.752000,0.760468
29.520000,2881.808000,0.767365
4.592000,2094.608000,0.842521
33.456000,1534.384000,0.743346
22.960000,2771.600000,0.831062
34.768000,1891.248000,1.545108
26.896000,3091.728000,0.838621
8.528000,3064.176000,1.021729
36.080000,2460.656000,0.739539
8.528000,446.736000,1.348347
1.968000,1964.720000,1.034463
17.712000,1485.840000,0.842631
3.280000,2084.112000,0.713783
38.704000,2797.840000,0.978125
21.648000,1352.016000,0.965007
12.464000,1540.944000,0.901826
21.648000,1209.008000,0.686379
36.080000,2414.736000,0.744659
7.216000,2614.160000,0.722229
21.648000,1226.064000,1.503631
15.088000,992.528000,0.696009
19.024000,1882.064000,0.682642
29.520000,1174.896000,1.716619
0.656000,1664.272000,0.874013
24.272000,1582.928000,1.409808
25.584000,2056.560000,1.835758
29.520000,787.856000,0.827064
29.520000,2859.504000,1.239477
24.272000,1737.744000,0.853689
19.024000,2433.104000,0.824982
29.520000,1560.624000,0.669872
26.896000,3096.976000,1.354620
34.768000,2154.960000,0.801125
16.400000,1984.400000,0.900045
28.208000,1227.376000,0.833360
0.656000,2290.096000,0.913293
19.024000,2839.824000,0.817999
21.648000,2808.336000,0.686129
7.216000,685.520000,1.080864
32.144000,2468.528000,1.298564
16.400000,930.864000,1.405294
17.712000,2296.656000,1.006513
12.464000,1334.960000,0.841635
15.088000,2423.920000,1.322177
3.280000,2021.136000,0.820800
22.960000,2472.464000,1.818071
26.896000,1312.656000,0.999459
26.896000,2330.768000,1.288629
4.592000,1051.568000,1.226970
15.088000,1707.568000,1.845716
19.024000,2599.728000,0.728992
32.144000,2321.584000,1.473161
7.216000,2526.256000,0.978083
21.648000,727.504000,0.959194
13.776000,2214.000000,1.744774
5.904000,2843.760000,1.219068
9.840000,526.768000,0.774329
13.776000,1505.520000,1.198565
24.272000,63.632000,0.727822
34.768000,1239.184000,0.871679
12.464000,1101.424000,1.143831
22.960000,795.728000,0.698889
30.832000,717.008000,0.909574
7.216000,2448.848000,2.947263
32.144000,617.296000,0.943206
37.392000,1054.192000,1.864826
29.520000,186.960000,1.662210
7.216000,2486.896000,0.787129
0.656000,2926.416000,1.086693
16.400000,1076.496000,0.905032
12.464000,2854.256000,1.267489
25.584000,1164.400000,1.626777
26.896000,1644.592000,1.766609
8.528000,1188.016000,1.105258
33.456000,2791.280000,0.894746
4.592000,804.912000,1.182607
28.208000,1861.072000,0.781521
36.080000,1454.352000,2.281288
34.768000,57.072000,1.122049
20.336000,1340.208000,1.374926
29.520000,2545.936000,1.108017
25.584000,1286.416000,1.528954
0.656000,974.160000,1.587113
30.832000,734.064000,1.151860
0.656000,1319.216000,1.047481
19.024000,280.112000,0.907911
24.272000,846.896000,0.919239
8.528000,907.248000,0.687658
4.592000,3108.784000,1.053954
37.392000,2029.008000,0.766971
0.656000,2431.792000,0.975127
11.152000,2856.880000,0.787259
5.904000,2645.648000,0.748687
21.648000,1716.752000,0.936578
22.960000,800.976000,0.738617
3.280000,1428.112000,0.860389
12.464000,2423.920000,0.813170
16.400000,2888.368000,1.154531
33.456000,1665.584000,1.283825
34.768000,2741.424000,1.566436
22.960000,305.040000,0.859533
19.024000,2898.864000,1.031790
33.456000,2518.384000,1.399151
17.712000,1942.416000,1.723292
25.584000,686.832000,1.019693
7.216000,992.528000,1.082575
25.584000,2716.496000,1.456069
33.456000,1336.272000,1.300006
38.704000,2391.120000,0.929954
34.768000,2027.696000,0.760936
7.216000,2018.512000,0.890344
36.080000,1724.624000,0.824234
29.520000,2114.288000,0.822854
24.272000,836.400000,0.864421
25.584000,867.888000,1.002802
16.400000,2162.832000,1.386818
4.592000,2081.488000,1.194753
17.712000,526.768000,0.696363
15.088000,411.312000,1.376893
21.648000,2211.376000,0.745247
29.520000,1792.848000,0.701418
11.152000,1149.968000,1.285974
17.712000,2459.344000,0.673526
28.208000,2215.312000,0.801460
12.464000,2290.096000,0.711532
7.216000,1512.080000,0.884997
1.968000,2297.968000,0.689598
0.656000,1434.672000,0.892896
7.216000,2468.528000,1.545464
1.968000,2876.560000,0.774362
38.704000,1432.048000,0.717688
8.528000,1513.392000,2.566238
36.080000,455.920000,0.659375
19.024000,307.664000,0.777390
9.840000,1062.064000,0.920910
12.464000,1635.408000,0.759213
7.216000,1163.088000,1.157872
33.456000,169.904000,1.084702
0.656000,2656.144000,1.041761
33.456000,2716.496000,1.473166
33.456000,3058.928000,0.789213
28.208000,1575.056000,0.659036
36.080000,1990.960000,0.819712
24.272000,1586.864000,1.013517
0.656000,583.184000,1.545805
16.400000,269.616000,1.979787
26.896000,282.736000,0.676699
32.144000,2291.408000,0.808590
34.768000,507.088000,0.769216
19.024000,366.704000,0.698934
13.776000,2484.272000,1.246136
11.152000,1820.400000,0.701669
28.208000,365.392000,0.830485
11.152000,1817.776000,0.919519
33.456000,760.304000,0.698908
4.592000,1239.184000,1.075907
30.832000,2517.072000,0.710021
26.896000,156.784000,1.285638
16.400000,2723.056000,0.892307
11.152000,1980.464000,2.343495
36.080000,2919.856000,1.053527
30.832000,333.904000,0.865310
0.656000,1136.848000,0.748138
8.528000,2174.640000,0.912309
32.144000,1470.096000,1.190016
33.456000,3199.312000,0.765857
19.024000,135.792000,0.700625
3.280000,2816.208000,1.525098
3.280000,2380.624000,1.239325
8.528000,1691.824000,1.485742
16.400000,1746.928000,0.951909
29.520000,949.232000,0.844006
13.776000,3182.256000,0.806680
7.216000,2813.584000,0.656102
1.968000,688.144000,0.813837
34.768000,2833.264000,0.889521
3.280000,1854.512000,0.780481
24.272000,287.984000,0.802874
17.712000,571.376000,1.075689
28.208000,1547.504000,1.001575
13.776000,2859.504000,0.817472
30.832000,650.096000,0.844023
12.464000,165.968000,0.888595
17.712000,2048.688000,0.854626
16.400000,1366.448000,0.896302
13.776000,419.184000,1.320139
16.400000,2069.680000,0.853281
26.896000,2362.256000,1.185007
28.208000,2763.728000,0.739219
36.080000,1599.984000,1.425568
29.520000,1218.192000,0.890960
33.456000,1014.832000,0.739345
21.648000,975.472000,0.795800
7.216000,2164.144000,1.019826
19.024000,1996.208000,0.792331
29.520000,2876.560000,0.806999
15.088000,3075.984000,0.901866
20.336000,2510.512000,0.974542
20.336000,1598.672000,0.890491
4.592000,1429.424000,1.573543
25.584000,3152.080000,0.970624
19.024000,1739.056000,0.738129
29.520000,1167.024000,1.231457
34.768000,1317.904000,0.701813
26.896000,751.120000,0.807351
19.024000,850.832000,0.779106
8.528000,2258.608000,0.979887
22.960000,1159.152000,0.947006
11.152000,1231.312000,1.226905
9.840000,2656.144000,1.170047
24.272000,176.464000,0.807295
15.088000,2854.256000,0.819983
7.216000,2252.048000,0.991761
20.336000,1939.792000,0.682209
20.336000,1014.832000,0.848864
28.208000,2484.272000,0.836953
7.216000,1206.384000,0.801041
3.280000,3061.552000,0.777019
34.768000,2762.416000,0.677207
22.960000,1357.264000,0.891812
25.584000,1686.576000,1.009183
28.208000,2236.304000,0.977838
28.208000,1155.216000,1.258421
3.280000,2678.448000,1.018983
38.704000,2367.504000,0.668369
5.904000,673.712000,1.206439
16.400000,2568.240000,0.717555
0.656000,126.608000,0.887419
36.080000,303.728000,1.373198
15.088000,2355.696000,1.020005
37.392000,1085.680000,1.496036
7.216000,2215.312000,0.895253
26.896000,2130.032000,1.482681
26.896000,110.864000,0.760508
24.272000,2130.032000,2.862369
15.088000,2779.472000,0.978534
17.712000,2378.000000,0.747760
7.216000,3094.352000,0.867406
36.080000,1455.664000,1.006268
3.280000,633.040000,1.206136
36.080000,1317.904000,0.660854
33.456000,2948.720000,0.891474
34.768000,945.296000,1.080511
28.208000,2793.904000,0.780774
24.272000,366.704000,0.694027
24.272000,2695.504000,0.985371
11.152000,85.936000,0.752537
1.968000,1787.600000,0.786285
12.464000,2555.120000,0.805248
21.648000,1434.672000,0.674208
5.904000,1168.336000,1.023935
38.704000,2153.648000,0.678245
28.208000,2720.432000,0.850350
19.024000,1969.968000,1.170012
4.592000,2148.400000,0.919170
0.656000,3198.000000,1.948520
22.960000,1286.416000,0.955960
16.400000,2661.392000,1.026500
0.656000,3079.920000,1.008949
24.272000,2856.880000,0.889796
34.768000,542.512000,0.826752
19.024000,2810.960000,1.026772
26.896000,1693.136000,1.141913
7.216000,327.344000,1.118924
33.456000,256.496000,0.839238
0.656000,1414.992000,0.796722
21.648000,1282.480000,0.738782
32.144000,1732.496000,0.826244
26.896000,517.584000,1.067017
1.968000,1857.136000,0.803210
33.456000,1920.112000,1.521193
30.832000,2826.704000,1.159278
38.704000,2294.032000,1.343425
30.832000,1455.664000,0.901785
13.776000,2908.048000,0.944541
33.456000,962.352000,0.921697
17.712000,85.936000,1.528809
30.832000,1819.088000,1.115724
34.768000,394.256000,0.658455
12.464000,1390.064000,0.706726
22.960000,91.184000,0.812183
4.592000,686.832000,0.875316
29.520000,724.880000,1.227103
4.592000,1188.016000,0.910738
9.840000,1038.448000,0.681580
24.272000,2078.864000,0.988775
29.520000,3215.056000,0.909681
16.400000,696.016000,1.665776
12.464000,2317.648000,0.835292
21.648000,2629.904000,0.939601
4.592000,3066.800000,0.994129
25.584000,2455.408000,0.723462
4.592000,2068.368000,0.735840
7.216000,1312.656000,0.773541
28.208000,2355.696000,0.685981
25.584000,778.672000,0.726951
9.840000,2750.608000,1.036476
13.776000,1594.736000,0.758596
30.832000,2472.464000,0.660051
37.392000,54.448000,1.074395
38.704000,2505.264000,0.980105
16.400000,2253.360000,1.003191
24.272000,2919.856000,0.838889
11.152000,2476.400000,2.009407
21.648000,1592.112000,0.811959
13.776000,1109.296000,0.848308
15.088000,1542.256000,0.783317
26.896000,1286.416000,0.819844
26.896000,3119.280000,0.717630
34.768000,1388.752000,1.207562
9.840000,1159.152000,1.807014
7.216000,795.728000,0.862527
21.648000,1072.560000,0.712657
26.896000,134.480000,0.751544
11.152000,315.536000,0.708087
21.648000,339.152000,0.747297
28.208000,1668.208000,0.905390
16.400000,533.328000,1.373485
15.088000,1546.192000,1.383029
20.336000,2103.792000,0.747766
19.024000,802.288000,1.191100
1.968000,2509.200000,0.963577
29.520000,416.560000,0.702656
16.400000,471.664000,0.740878
19.024000,773.424000,0.792056
9.840000,2683.696000,0.792007
32.144000,1290.352000,0.829840
36.080000,1664.272000,0.660777
13.776000,518.896000,0.785209
25.584000,3075.984000,1.190833
15.088000,995.152000,0.990809
37.392000,1029.264000,1.003957
33.456000,1955.536000,0.734318
16.400000,1047.632000,0.790516
11.152000,323.408000,1.398530
13.776000,1530.448000,1.050744
29.520000,1241.808000,0.979963
19.024000,2211.376000,1.333576
33.456000,911.184000,1.070278
1.968000,993.840000,0.673671
16.400000,1844.016000,0.810780
32.144000,1807.280000,0.949421
15.088000,1862.384000,0.712870
0.656000,922.992000,0.977388
15.088000,1139.472000,1.057651
29.520000,2889.680000,1.450709
5.904000,764.240000,0.668392
20.336000,1666.896000,0.857189
28.208000,2182.512000,2.828746
13.776000,1355.952000,1.349849
32.144000,2905.424000,0.932235
33.456000,888.880000,0.864353
25.584000,371.952000,0.759820
1.968000,2059.184000,1.412490
5.904000,1526.512000,0.823517
24.272000,3098.288000,0.815845
22.960000,1003.024000,0.769823
16.400000,1136.848000,0.886672
36.080000,1306.096000,0.926363
4.592000,316.848000,1.448296
32.144000,1058.128000,0.964956
24.272000,568.752000,0.870059
22.960000,2443.600000,1.251013
26.896000,756.368000,1.976660
34.768000,1358.576000,0.786031
21.648000,940.048000,0.726970
13.776000,837.712000,0.767488
38.704000,1241.808000,0.697042
36.080000,1931.920000,0.988798
8.528000,1159.152000,0.661321
32.144000,2631.216000,0.988253
8.528000,1906.992000,1.555960
5.904000,2816.208000,0.986307
8.528000,1243.120000,0.739125
16.400000,958.416000,1.272461
13.776000,1514.704000,1.398311
38.704000,2482.960000,1.223907
22.960000,1665.584000,0.808087
36.080000,3022.192000,0.658585
38.704000,1908.304000,0.911257
5.904000,1956.848000,0.711516
13.776000,416.560000,0.763265
4.592000,2359.632000,0.810510
5.904000,899.376000,1.073748
30.832000,497.904000,0.705158
34.768000,854.768000,0.921425
30.832000,1896.496000,0.677594
15.088000,1672.144000,0.989019
32.144000,2657.456000,0.657706
5.904000,1543.568000,1.130188
13.776000,1614.416000,1.172928
11.152000,2503.952000,0.931356
11.152000,2397.680000,0.986407
36.080000,2265.168000,0.942953
7.216000,1063.376000,0.889307
37.392000,2708.624000,0.691876
13.776000,1922.736000,1.615861
1.968000,299.792000,0.811734
12.464000,2948.720000,0.727593
12.464000,983.344000,0.657837
29.520000,953.168000,0.722668
25.584000,496.592000,2.035994
9.840000,1551.440000,0.734860
32.144000,2800.464000,1.106785
33.456000,572.688000,0.847131
38.704000,2480.336000,0.700217
21.648000,106.928000,0.911499
8.528000,2421.296000,2.133738
15.088000,2118.224000,1.614084
36.080000,1934.544000,0.698431
32.144000,277.488000,0.737509
36.080000,866.576000,0.855948
36.080000,1626.224000,1.091974
11.152000,2038.192000,1.405886
17.712000,1386.128000,1.508927
37.392000,1749.552000,0.695555
1.968000,2473.776000,0.889098
13.776000,2014.576000,0.828522
15.088000,1066.000000,0.835826
37.392000,3053.680000,0.821637
37.392000,1874.192000,0.745732
37.392000,2622.032000,0.686601
34.768000,2211.376000,0.797669
8.528000,873.136000,1.289014
34.768000,1964.720000,0.769541
22.960000,512.336000,1.643806
16.400000,2479.024000,0.909482
3.280000,396.880000,1.347827
15.088000,2573.488000,1.359514
9.840000,95.120000,1.468961
21.648000,3110.096000,0.953245
9.840000,1358.576000,1.440473
11.152000,1941.104000,1.074107
38.704000,2969.712000,0.824655
19.024000,1558.000000,0.898189
9.840000,324.720000,0.699630
5.904000,614.672000,0.836791
8.528000,2031.632000,1.799000
25.584000,173.840000,1.865307
4.592000,522.832000,0.723639
13.776000,1805.968000,0.798848
28.208000,705.200000,1.105802
7.216000,2706.000000,0.981125
30.832000,1207.696000,0.795704
28.208000,450.672000,1.805600
20.336000,2751.920000,0.931158
28.208000,1202.448000,0.831431
30.832000,1466.160000,1.273841
29.520000,1207.696000,1.380428
5.904000,2900.176000,0.704849
33.456000,412.624000,0.896985
24.272000,291.920000,1.803539
21.648000,2932.976000,0.959259
32.144000,815.408000,0.924821
7.216000,2154.960000,0.951378
38.704000,2299.280000,0.771520
22.960000,377.200000,0.942552
28.208000,1529.136000,1.500209
37.392000,2081.488000,1.473497
17.712000,2539.376000,0.966088
12.464000,2816.208000,0.931852
28.208000,2452.784000,0.781946
5.904000,201.392000,1.241159
11.152000,2985.456000,0.714648
38.704000,1223.440000,1.477896
12.464000,579.248000,1.532186
15.088000,1826.960000,1.081927
8.528000,3014.320000,1.111363
22.960000,2476.400000,1.361545
22.960000,2942.160000,0.721291
38.704000,126.608000,0.778236
29.520000,88.560000,0.854662
19.024000,2660.080000,1.360547
37.392000,1838.768000,0.776104
9.840000,650.096000,0.688215
4.592000,613.360000,0.904696
33.456000,904.624000,0.677573
28.208000,2322.896000,1.464832
15.088000,370.640000,0.764654
38.704000,2919.856000,0.739714
15.088000,1964.720000,0.781812
8.528000,255.184000,0.779653
29.520000,1224.752000,0.779952
12.464000,1075.184000,1.017569
37.392000,1375.632000,0.795402
1.968000,1971.280000,1.919630
1.968000,2833.264000,0.892753
8.528000,724.880000,0.698526
1.968000,3218.992000,0.772567
34.768000,1617.040000,1.860513
7.216000,1185.392000,0.947831
37.392000,1079.120000,0.765808
0.656000,1017.456000,0.707262
16.400000,181.712000,1.229448
1.968000,1921.424000,0.678626
1.968000,1748.240000,0.773613
24.272000,1863.696000,0.855908
9.840000,3194.064000,0.849808
22.960000,1386.128000,1.119521
0.656000,1518.640000,1.081244
34.768000,821.968000,0.909750
32.144000,2826.704000,0.850377
0.656000,259.120000,0.966008
24.272000,396.880000,1.904422
20.336000,661.904000,0.674690
37.392000,396.880000,0.976420
1.968000,898.064000,0.731222
26.896000,592.368000,1.072941
21.648000,1093.552000,0.800993
15.088000,2283.536000,0.735205
7.216000,2172.016000,0.886107
36.080000,2349.136000,1.472999
24.272000,2317.648000,0.708141
16.400000,1334.960000,1.011945
12.464000,2709.936000,0.661313
13.776000,1620.976000,1.000325
11.152000,2061.808000,0.834223
28.208000,1256.240000,1.073534
0.656000,1005.648000,1.700841
7.216000,1750.864000,1.020258
12.464000,1740.368000,1.314788
33.456000,2709.936000,1.754827
24.272000,3024.816000,1.117493
5.904000,1943.728000,0.758031
11.152000,113.488000,0.797019
25.584000,1439.920000,0.708003
37.392000,2291.408000,0.807042
22.960000,2502.640000,0.731916
5.904000,1397.936000,0.767846
22.960000,1258.864000,1.352997
8.528000,1344.144000,0.723833
16.400000,1286.416000,0.756174
8.528000,3009.072000,0.820835
34.768000,2473.776000,1.092460
19.024000,2422.608000,0.745030
1.968000,490.032000,2.086965
28.208000,1003.024000,0.761599
15.088000,101.680000,0.993230
8.528000,521.520000,0.691402
32.144000,752.432000,0.940705
21.648000,3068.112000,0.801821
16.400000,2855.568000,0.822966
3.280000,316.848000,1.625695
38.704000,1530.448000,0.691683
5.904000,1930.608000,0.791762
1.968000,322.096000,1.511649
37.392000,2088.048000,0.790983
9.840000,2337.328000,1.086978
30.832000,1501.584000,1.052458
9.840000,2847.696000,0.884541
21.648000,2616.784000,1.577475
17.712000,1765.296000,0.657748
3.280000,190.896000,1.280809
22.960000,3083.856000,0.688751
32.144000,3110.096000,1.099650
19.024000,904.624000,1.706012
34.768000,1598.672000,1.481781
22.960000,2375.376000,0.740243
33.456000,1161.776000,0.849097
8.528000,2892.304000,1.307146
22.960000,972.848000,1.217273
22.960000,2072.304000,1.069374
21.648000,1603.920000,1.553887
36.080000,3140.272000,0.693667
28.208000,1871.568000,0.725513
37.392000,3166.512000,0.806028
8.528000,2395.056000,0.807290
36.080000,1837.456000,0.960807
7.216000,2964.464000,1.317474
8.528000,25.584000,0.975852
3.280000,1893.872000,0.866311
32.144000,1895.184000,1.051988
3.280000,2772.912000,1.069323
26.896000,2887.056000,1.228719
7.216000,1261.488000,0.717352
34.768000,3149.456000,0.818675
36.080000,598.928000,0.972649
22.960000,2816.208000,1.372296
38.704000,2649.584000,0.925803
29.520000,811.472000,0.797841
22.960000,59.696000,0.686053
26.896000,1006.960000,1.071000
36.080000,99.056000,0.892090
36.080000,2086.736000,0.882994
0.656000,5.904000,0.880630
36.080000,802.288000,0.789920
3.280000,1618.352000,1.056335
24.272000,970.224000,0.820183
30.832000,903.312000,1.978767
11.152000,2632.528000,1.309592
33.456000,29.520000,0.713909
9.840000,391.632000,0.705127
3.280000,1395.312000,0.847681
0.656000,2342.576000,1.045536
0.656000,2311.088000,1.139034
25.584000,829.840000,0.774503
37.392000,2984.144000,0.707742
22.960000,2186.448000,0.787162
0.656000,1131.600000,0.660073
37.392000,1895.184000,0.698828
12.464000,1366.448000,0.874205
15.088000,2076.240000,1.377583
24.272000,67.568000,0.685808
11.152000,2897.552000,0.711967
17.712000,858.704000,1.081519
34.768000,408.688000,1.502774
5.904000,26.896000,0.792747
7.216000,2442.288000,0.714615
26.896000,2431.792000,1.432637
8.528000,794.416000,1.187374
11.152000,2443.600000,0.748501
20.336000,2374.064000,0.720683
16.400000,842.960000,1.174619
7.216000,1008.272000,1.280471
0.656000,699.952000,1.318277
17.712000,2910.672000,0.757720
38.704000,597.616000,1.117682
38.704000,3039.248000,0.657940
17.712000,1281.168000,0.945966
26.896000,462.480000,0.964872
21.648000,2097.232000,0.932267
36.080000,339.152000,0.842600
3.280000,613.360000,1.185506
32.144000,2938.224000,1.131041
29.520000,2719.120000,0.851681
33.456000,2753.232000,1.065323
12.464000,450.672000,0.919522
16.400000,1763.984000,0.878489
24.272000,3166.512000,0.872860
22.960000,1925.360000,1.595860
19.024000,1119.792000,1.004993
1.968000,2479.024000,0.946819
15.088000,42.640000,0.789878
11.152000,1327.088000,0.992558
37.392000,2265.168000,0.840056
1.968000,324.720000,0.781603
21.648000,306.352000,0.711946
11.152000,287.984000,0.775979
11.152000,650.096000,1.236995
20.336000,669.776000,1.155896
37.392000,2770.288000,1.874463
17.712000,756.368000,0.767897
28.208000,392.944000,1.291277
34.768000,745.872000,0.711374
28.208000,2694.192000,0.714226
11.152000,1622.288000,0.886802
25.584000,958.416000,1.782217
15.088000,2496.080000,0.690450
5.904000,1227.376000,0.743638
3.280000,1996.208000,0.833865
29.520000,3007.760000,0.853787
22.960000,2147.088000,0.777726
33.456000,802.288000,0.679829
1.968000,1760.048000,0.849464
1.968000,3095.664000,0.802155
28.208000,1215.568000,1.514794
0.656000,806.224000,0.814929
17.712000,1817.776000,0.830298
15.088000,1051.568000,1.129943
21.648000,895.440000,1.208115
12.464000,2973.648000,1.444301
3.280000,1737.744000,0.941016
38.704000,3150.768000,0.757746
38.704000,1088.304000,0.870810
12.464000,3098.288000,0.826183
13.776000,2625.968000,0.908352
1.968000,3213.744000,0.767346
26.896000,765.552000,0.928697
25.584000,179.088000,0.698286
11.152000,2849.008000,0.946661
21.648000,3086.480000,1.028597
20.336000,574.000000,0.817014
24.272000,2906.736000,0.817174
26.896000,1281.168000,1.256070
17.712000,2809.648000,0.737506
25.584000,962.352000,0.796394
3.280000,2164.144000,0.838525
5.904000,148.912000,1.335268
12.464000,2301.904000,0.950099
34.768000,2454.096000,0.871183
20.336000,2482.960000,0.657727
5.904000,3182.256000,1.322899
12.464000,3163.888000,0.776661
25.584000,3020.880000,0.810999
0.656000,724.880000,0.801478
30.832000,2695.504000,1.181934
0.656000,2564.304000,1.027435
22.960000,2109.040000,1.104393
24.272000,814.096000,0.898681
37.392000,2515.760000,0.814037
0.656000,9.840000,0.672575
29.520000,747.184000,0.768586
36.080000,1054.192000,1.116465
16.400000,1693.136000,0.659029
36.080000,1130.288000,0.717003
15.088000,1603.920000,0.658364
15.088000,514.960000,0.900946
36.080000,483.472000,1.300228
8.528000,142.352000,0.914952
33.456000,1631.472000,0.771662
19.024000,1188.016000,1.324048
29.520000,1131.600000,1.028959
5.904000,1517.328000,1.219091
28.208000,1142.096000,0.758661
15.088000,1135.536000,1.216849
4.592000,2269.104000,0.701603
7.216000,2616.784000,0.708036
28.208000,29.520000,1.475371
3.280000,2636.464000,1.222473
11.152000,2986.768000,0.699222
1.968000,1132.912000,0.668800
17.712000,1210.320000,1.408687
1.968000,1445.168000,1.317155
20.336000,1438.608000,1.417647
12.464000,2351.760000,0.782180
17.712000,589.744000,1.167847
34.768000,1048.944000,0.806151
17.712000,112.176000,1.040371
13.776000,3093.040000,0.674606
22.960000,1476.656000,1.709841
26.896000,2932.976000,0.896690
36.080000,902.000000,1.163356
1.968000,1039.760000,0.675525
37.392000,2944.784000,0.925215
1.968000,2582.672000,0.758130
29.520000,2052.624000,1.256931
25.584000,1867.632000,0.776451
28.208000,2267.792000,2.106535
19.024000,2782.096000,0.895824
30.832000,1496.336000,1.048074
33.456000,1445.168000,1.072827
0.656000,2408.176000,0.862582
16.400000,1846.640000,1.629918
8.528000,2670.576000,0.794467
30.832000,2185.136000,0.680260
1.968000,1697.072000,0.781115
5.904000,2270.416000,0.686392
3.280000,3094.352000,1.254085
26.896000,1746.928000,1.275095
21.648000,189.584000,0.860669
1.968000,1370.384000,0.795049
32.144000,602.864000,0.722549
5.904000,248.624000,1.045242
16.400000,1901.744000,1.023132
33.456000,1660.336000,0.848088
16.400000,2170.704000,1.302966
29.520000,3182.256000,0.765280
30.832000,130.544000,0.888743
32.144000,2951.344000,0.893355
13.776000,1165.712000,1.140342
22.960000,1194.576000,1.279475
15.088000,2809.648000,0.891932
38.704000,2792.592000,0.874224
15.088000,47.888000,1.393605
12.464000,78.064000,1.079276
4.592000,1644.592000,1.131745
15.088000,2427.856000,0.761514
5.904000,823.280000,0.698469
29.520000,455.920000,0.682359
38.704000,2620.720000,0.749778
1.968000,656.656000,0.840761
12.464000,0.656000,0.936765
17.712000,1043.696000,0.778857
12.464000,3104.848000,0.690721
0.656000,37.392000,0.798674
33.456000,2278.288000,0.658115
12.464000,3045.808000,0.960715
8.528000,2510.512000,1.095967
15.088000,2223.184000,1.140986
37.392000,675.024000,1.289852
22.960000,1333.648000,0.944055
36.080000,227.632000,0.976198
26.896000,2842.448000,1.151672
34.768000,478.224000,0.680519
34.768000,3091.728000,1.814063
13.776000,1443.856000,1.243560
12.464000,2902.800000,0.768019
17.712000,1891.248000,0.982133
1.968000,167.280000,1.155997
7.216000,558.256000,0.682962
22.960000,2426.544000,0.868519
33.456000,1191.952000,0.776346
36.080000,1142.096000,0.760032
3.280000,904.624000,1.174882
37.392000,2437.040000,1.428815
32.144000,50.512000,1.526085
34.768000,1702.320000,1.358690
8.528000,2215.312000,0.679017
37.392000,1887.312000,0.900094
30.832000,596.304000,1.548938
8.528000,2883.120000,0.788263
0.656000,1946.352000,0.692385
11.152000,1233.936000,0.832092
38.704000,613.360000,0.968102
19.024000,1732.496000,1.265553
28.208000,2391.120000,1.247474
13.776000,2564.304000,0.726608
21.648000,2755.856000,0.678123
34.768000,2879.184000,0.717893
19.024000,1960.784000,1.174160
12.464000,176.464000,1.334289
38.704000,534.640000,0.716109
22.960000,2982.832000,0.688054
17.712000,2291.408000,1.199197
11.152000,1181.456000,1.030934
12.464000,493.968000,2.282143
33.456000,1083.056000,0.940842
37.392000,2266.480000,0.891234
11.152000,1540.944000,0.727130
38.704000,2918.544000,0.848560
4.592000,2531.504000,0.816022
17.712000,306.352000,0.686981
13.776000,1526.512000,0.950038
3.280000,2783.408000,1.492760
13.776000,2514.448000,0.701482
3.280000,513.648000,1.303327
4.592000,2362.256000,1.411689
8.528000,3115.344000,1.129455
11.152000,1784.976000,0.968930
22.960000,82.000000,0.756910
38.704000,2166.768000,1.005736
36.080000,440.176000,1.129954
4.592000,1757.424000,0.875378
19.024000,3108.784000,1.020718
29.520000,2098.544000,1.466895
8.528000,1328.400000,1.296411
4.592000,845.584000,0.671656
16.400000,878.384000,0.787844
34.768000,975.472000,0.913434
25.584000,169.904000,0.715523
17.712000,2593.168000,0.660894
8.528000,1845.328000,1.202443
38.704000,2112.976000,1.283169
0.656000,2709.936000,0.852231
15.088000,751.120000,0.921483
32.144000,2707.312000,0.903798
12.464000,2291.408000,1.996758
4.592000,1838.768000,1.482260
13.776000,2313.712000,0.677730
4.592000,2936.912000,0.916727
24.272000,2716.496000,0.867960
5.904000,762.928000,0.739747
36.080000,2266.480000,0.743957
12.464000,2792.592000,0.659620
11.152000,1109.296000,0.835927
3.280000,3041.872000,0.773539
37.392000,1960.784000,0.913831
7.216000,408.688000,0.952286
1.968000,815.408000,1.042734
33.456000,1899.120000,0.958040
30.832000,2036.880000,1.162156
32.144000,1908.304000,0.836526
9.840000,1849.264000,1.587070
22.960000,2286.160000,0.656678
0.656000,1346.768000,1.221605
15.088000,1913.552000,0.764502
9.840000,440.176000,0.659205
29.520000,1660.336000,1.642311
15.088000,1017.456000,0.860909
1.968000,915.120000,1.047903
24.272000,1168.336000,0.792750
1.968000,2717.808000,0.703390
21.648000,2590.544000,0.991512
12.464000,1258.864000,1.365441
21.648000,2555.120000,1.298045
24.272000,2828.016000,1.355915
33.456000,1484.528000,0.749761
29.520000,895.440000,1.272230
4.592000,1172.272000,0.809767
30.832000,2199.568000,0.873248
8.528000,2661.392000,0.692783
8.528000,3136.336000,0.820354
1.968000,1610.480000,0.823732
33.456000,877.072000,0.924071
19.024000,942.672000,0.731760
21.648000,669.776000,0.758587
25.584000,999.088000,0.980370
0.656000,2304.528000,0.785110
28.208000,3161.264000,1.043716
1.968000,509.712000,0.734025
13.776000,349.648000,0.962601
5.904000,3108.784000,0.791740
26.896000,1708.880000,0.951681
30.832000,293.232000,0.756993
11.152000,3123.216000,1.201139
11.152000,101.680000,1.058081
22.960000,2244.176000,0.828807
11.152000,1718.064000,0.842398
9.840000,1859.760000,0.759795
3.280000,1224.752000,0.767912
24.272000,3064.176000,1.229710
15.088000,1273.296000,0.818346
8.528000,675.024000,0.913474
20.336000,1573.744000,1.127674
22.960000,2153.648000,1.317889
36.080000,731.440000,1.390672
26.896000,709.136000,0.717744
22.960000,1594.736000,0.879040
12.464000,2318.960000,0.978606
11.152000,3019.568000,0.659516
1.968000,2463.280000,0.846323
12.464000,505.776000,1.772509
24.272000,104.304000,0.681697
29.520000,493.968000,1.312659
22.960000,2228.432000,0.833144
30.832000,255.184000,0.714757
5.904000,1111.920000,1.002469
22.960000,1456.976000,1.571310
37.392000,1783.664000,1.025861
7.216000,2091.984000,2.431589
13.776000,278.800000,1.119198
30.832000,1782.352000,0.666582
13.776000,2082.800000,0.950360
25.584000,3174.384000,1.066053
16.400000,2368.816000,1.770022
13.776000,2262.544000,0.691466
7.216000,154.160000,0.769139
5.904000,2828.016000,0.700074
26.896000,2645.648000,0.899985
4.592000,92.496000,1.794289
19.024000,323.408000,0.958863
15.088000,1615.728000,1.164742
8.528000,1477.968000,1.567233
24.272000,2169.392000,0.932898
26.896000,1484.528000,0.723009
4.592000,1467.472000,0.962731
24.272000,2631.216000,0.744806
34.768000,3039.248000,1.245420
16.400000,155.472000,0.672398
8.528000,1233.936000,1.681463
1.968000,1146.032000,1.400762
20.336000,2889.680000,1.583450
15.088000,2362.256000,1.038763
15.088000,2770.288000,0.828830
7.216000,783.920000,1.140260
20.336000,559.568000,0.708950
36.080000,1567.184000,0.949236
30.832000,2616.784000,0.674806
20.336000,2992.016000,0.715010
15.088000,808.848000,0.720254
24.272000,387.696000,0.723188
34.768000,787.856000,1.143386
37.392000,238.128000,0.943513
19.024000,2725.680000,0.791716
24.272000,2813.584000,0.842236
8.528000,214.512000,0.745232
32.144000,402.128000,1.012044
13.776000,2385.872000,1.008699
4.592000,1571.120000,1.212679
15.088000,556.944000,2.054036
19.024000,297.168000,0.855202
30.832000,2893.616000,0.695475
13.776000,333.904000,0.922492
26.896000,1554.064000,0.821221
20.336000,2716.496000,1.410458
29.520000,2107.728000,2.043145
17.712000,1447.792000,0.691809
34.768000,26.896000,0.745393
38.704000,0.656000,3.461503
13.776000,3027.440000,0.670243
22.960000,2569.552000,0.723891
9.840000,3141.584000,0.746617
15.088000,2203.504000,0.721122
32.144000,800.976000,0.750628
22.960000,2366.192000,0.675385
9.840000,1704.944000,0.859185
13.776000,1420.240000,1.066967
11.152000,777.360000,0.954912
30.832000,1530.448000,0.748700
19.024000,2040.816000,0.729087
22.960000,2922.480000,1.222612
4.592000,3154.704000,0.871379
34.768000,1992.272000,1.637477
20.336000,2807.024000,1.921232
38.704000,350.960000,0.711006
7.216000,1489.776000,0.680807
3.280000,458.544000,1.104664
5.904000,2131.344000,1.389010
16.400000,840.336000,0.845139
4.592000,2660.080000,1.286627
3.280000,1479.280000,1.563754
26.896000,3169.136000,0.666302
22.960000,1180.144000,0.960910
3.280000,1875.504000,0.671359
24.272000,2418.672000,0.715420
3.280000,2665.328000,1.907750
37.392000,3161.264000,0.947760
38.704000,2236.304000,1.568437
24.272000,1530.448000,0.945681
7.216000,1897.808000,0.733695
7.216000,2982.832000,0.831121
9.840000,1068.624000,0.679808
22.960000,2446.224000,0.727204
15.088000,537.264000,0.777959
19.024000,3138.960000,1.020873
7.216000,831.152000,1.124546
38.704000,1968.656000,1.452680
16.400000,1433.360000,1.111491
11.152000,1403.184000,1.988923
15.088000,299.792000,0.711161
24.272000,2367.504000,0.866660
11.152000,2482.960000,1.322645
25.584000,1249.680000,1.608534
38.704000,365.392000,0.679609
30.832000,774.736000,0.689046
8.528000,3163.888000,0.983951
38.704000,450.672000,0.665446
30.832000,2577.424000,1.588079
21.648000,2107.728000,0.914023
37.392000,135.792000,0.902708
0.656000,2515.760000,0.799891
37.392000,1626.224000,1.008648
0.656000,11.152000,0.890635
21.648000,2623.344000,1.042204
20.336000,1527.824000,0.935924
34.768000,2073.616000,1.075515
4.592000,699.952000,0.679871
7.216000,1655.088000,1.038903
33.456000,954.480000,1.224158
3.280000,2749.296000,0.682177
11.152000,630.416000,0.976848
37.392000,3152.080000,1.183792
20.336000,429.680000,1.035325
12.464000,664.528000,1.738873
24.272000,259.120000,0.828688
26.896000,2580.048000,0.771881
26.896000,135.792000,1.184578
17.712000,2977.584000,0.851704
11.152000,698.640000,0.759646
25.584000,1430.736000,1.463411
29.520000,865.264000,0.672636
5.904000,606.800000,0.690512
34.768000,1958.160000,0.695578
8.528000,2433.104000,0.834507
12.464000,553.008000,1.198460
5.904000,3110.096000,0.675136
21.648000,1770.544000,0.758662
22.960000,2978.896000,0.806794
5.904000,1707.568000,0.741420
32.144000,2021.136000,1.149483
15.088000,1012.208000,0.667823
22.960000,210.576000,1.228096
37.392000,686.832000,0.824918
24.272000,238.128000,0.672061
1.968000,661.904000,1.265846
8.528000,554.320000,0.982004
9.840000,2034.256000,0.755661
20.336000,1172.272000,1.081354
34.768000,1678.704000,1.027085
24.272000,781.296000,0.873080
30.832000,3136.336000,1.099579
30.832000,1459.600000,0.914849
11.152000,2757.168000,1.248760
29.520000,2232.368000,0.873271
12.464000,1223.440000,0.724428
5.904000,2190.384000,0.746602
24.272000,2472.464000,0.684675
38.704000,1823.024000,0.682389
12.464000,3052.368000,0.720979
21.648000,3099.600000,0.746025
24.272000,1939.792000,1.110233
33.456000,1480.592000,0.705883
3.280000,2691.568000,0.805212
28.208000,2751.920000,1.362884
19.024000,2859.504000,0.993832
34.768000,2506.576000,1.834217
11.152000,1563.248000,0.802392
20.336000,1602.608000,0.665497
11.152000,963.664000,0.739951
0.656000,2368.816000,1.207151
38.704000,2313.712000,1.444479
12.464000,2926.416000,0.766207
30.832000,2152.336000,1.508759
17.712000,1795.472000,1.070650
8.528000,655.344000,1.107854
33.456000,2410.800000,1.346278
8.528000,2969.712000,0.720639
17.712000,2657.456000,0.729812
15.088000,2214.000000,1.050931
24.272000,755.056000,0.816280
25.584000,2696.816000,1.001058
21.648000,478.224000,0.825973
19.024000,1449.104000,0.987754
17.712000,3179.632000,0.770086
20.336000,156.784000,0.801469
24.272000,2052.624000,1.064465
24.272000,194.832000,0.923514
16.400000,608.112000,1.962718
26.896000,1737.744000,1.196910
38.704000,1244.432000,1.840868
17.712000,610.736000,1.526093
20.336000,3034.000000,0.676592
13.776000,1073.872000,1.308013
25.584000,1463.536000,0.664564
20.336000,678.960000,0.948306
13.776000,1491.088000,0.732185
21.648000,400.816000,1.335048
7.216000,2667.952000,0.782224
34.768000,3064.176000,0.843761
32.144000,1728.560000,0.787790
32.144000,2934.288000,1.214613
21.648000,2044.752000,1.205734
21.648000,1987.024000,0.704861
19.024000,1981.776000,0.727287
32.144000,2366.192000,1.022612
17.712000,201.392000,1.019842
8.528000,3086.480000,0.697460
29.520000,1876.816000,0.806484
34.768000,1870.256000,0.695815
32.144000,202.704000,0.735209
32.144000,950.544000,0.735092
26.896000,286.672000,0.803241
34.768000,622.544000,0.867721
13.776000,256.496000,0.963923
4.592000,1966.032000,0.777643
19.024000,1584.240000,1.146196
11.152000,2944.784000,0.733423
3.280000,3066.800000,0.711315
15.088000,613.360000,0.840785
16.400000,2360.944000,0.891286
5.904000,294.544000,1.179843
29.520000,982.032000,0.885690
17.712000,693.392000,0.798669
36.080000,1349.392000,0.903093
25.584000,3026.128000,1.334658
37.392000,1149.968000,0.941565
15.088000,1367.760000,0.679783
22.960000,2640.400000,0.772061
24.272000,2410.800000,1.109485
34.768000,2521.008000,1.286505
37.392000,2795.216000,0.967718
29.520000,1868.944000,0.855362
19.024000,1897.808000,1.062505
30.832000,2005.392000,1.044257
8.528000,1488.464000,1.176828
13.776000,1884.688000,0.671306
7.216000,1794.160000,1.006705
22.960000,3182.256000,0.896239
24.272000,770.800000,1.193871
12.464000,2280.912000,0.689032
19.024000,1695.760000,0.943828
21.648000,105.616000,0.842073
30.832000,26.896000,0.726843
36.080000,2059.184000,0.707415
5.904000,2793.904000,0.881623
30.832000,2203.504000,0.849803
16.400000,1310.032000,1.507432
32.144000,2017.200000,1.133835
33.456000,1209.008000,0.730863
8.528000,2367.504000,1.026424
37.392000,1174.896000,1.263385
36.080000,1529.136000,0.690972
15.088000,3174.384000,1.406390
1.968000,2932.976000,0.780430
20.336000,407.376000,0.947421
19.024000,1134.224000,0.796623
1.968000,328.656000,0.803683
13.776000,1369.072000,0.830850
12.464000,1313.968000,0.731809
29.520000,947.920000,0.848742
24.272000,240.752000,1.397983
16.400000,761.616000,1.222692
37.392000,1975.216000,1.036159
30.832000,2269.104000,0.896627
22.960000,1550.128000,1.529196
36.080000,740.624000,0.697479
33.456000,2892.304000,1.017774
19.024000,1317.904000,0.975984
8.528000,791.792000,1.103887
1.968000,2818.832000,0.736024
34.768000,2169.392000,1.342908
5.904000,2221.872000,1.055441
3.280000,2200.880000,1.122186
5.904000,1073.872000,0.746856
26.896000,1645.904000,0.780207
37.392000,1737.744000,0.749387
19.024000,286.672000,1.109855
25.584000,1310.032000,0.672197
24.272000,1181.456000,1.085280
24.272000,2814.896000,0.658487
25.584000,2467.216000,1.295393
11.152000,1190.640000,1.381102
3.280000,302.416000,0.781446
0.656000,3060.240000,1.256530
34.768000,339.152000,0.808642
12.464000,1241.808000,0.680864
37.392000,609.424000,0.727147
29.520000,1370.384000,1.178640
30.832000,352.272000,1.066658
13.776000,1325.776000,1.477866
22.960000,2488.208000,0.734690
1.968000,1753.488000,0.842129
16.400000,902.000000,0.916995
24.272000,604.176000,1.512104
13.776000,1868.944000,1.069592
30.832000,542.512000,0.743965
17.712000,732.752000,1.057522
21.648000,2498.704000,0.739731
17.712000,1929.296000,1.722899
1.968000,3149.456000,0.710712
30.832000,1543.568000,1.439058
16.400000,1531.760000,0.844743
11.152000,789.168000,1.217031
24.272000,2618.096000,0.699916
30.832000,1304.784000,0.815372
12.464000,1779.728000,0.719158
11.152000,1394.000000,1.405795
20.336000,2273.040000,1.166905
21.648000,297.168000,0.717347
32.144000,141.040000,1.225550
17.712000,1300.848000,1.481921
5.904000,2040.816000,0.794549
15.088000,430.992000,0.983331
20.336000,2826.704000,0.783996
25.584000,3016.944000,0.946994
21.648000,3094.352000,0.724962
1.968000,3054.992000,0.715738
38.704000,158.096000,0.729176
13.776000,2929.040000,0.707387
11.152000,1092.240000,0.975866
24.272000,1395.312000,2.141840
1.968000,2745.360000,0.722691
13.776000,1563.248000,0.938188
5.904000,2002.768000,0.871932
25.584000,1823.024000,1.064592
28.208000,2726.992000,0.723882
3.280000,1803.344000,1.097026
19.024000,1518.640000,0.672712
17.712000,209.264000,1.004209
12.464000,1992.272000,0.918369
21.648000,2754.544000,0.940330
19.024000,2573.488000,1.030391
32.144000,528.080000,0.989520
5.904000,299.792000,0.892910
12.464000,911.184000,1.136078
1.968000,2046.064000,1.374891
8.528000,1125.040000,0.790524
15.088000,2329.456000,0.789786
34.768000,1824.336000,0.779582
12.464000,2646.960000,0.838880
3.280000,1085.680000,1.267919
30.832000,3001.200000,0.873828
15.088000,1518.640000,1.001548
0.656000,333.904000,0.679420
34.768000,345.712000,0.892816
12.464000,2097.232000,1.394755
28.208000,2724.368000,0.888012
16.400000,4.592000,0.885811
21.648000,2497.392000,0.785964
33.456000,1146.032000,0.794531
33.456000,3119.280000,1.029681
12.464000,322.096000,0.756922
8.528000,2932.976000,1.077884
9.840000,1303.472000,0.970891
12.464000,3207.184000,0.868266
36.080000,568.752000,1.303718
26.896000,2658.768000,0.754441
0.656000,1093.552000,1.164577
8.528000,2607.600000,0.934400
37.392000,1493.712000,0.684244
38.704000,749.808000,1.231815
3.280000,2719.120000,1.507215
8.528000,3018.256000,1.383979
4.592000,278.800000,1.112651
5.904000,585.808000,1.207390
29.520000,1295.600000,0.842435
4.592000,806.224000,1.589055
21.648000,680.272000,1.028581
11.152000,983.344000,0.676478
37.392000,671.088000,0.915786
38.704000,2834.576000,0.885892
28.208000,1662.960000,0.753407
16.400000,305.040000,1.097449
34.768000,3034.000000,0.656866
37.392000,2706.000000,0.722323
17.712000,1421.552000,0.692449
30.832000,873.136000,1.004077
8.528000,353.584000,1.601933
1.968000,657.968000,0.822169
13.776000,1403.184000,0.758191
7.216000,1207.696000,0.836921
33.456000,472.976000,0.673625
38.704000,2733.552000,1.222014
17.712000,3100.912000,0.924891
19.024000,647.472000,0.709858
24.272000,1660.336000,0.783123
22.960000,2842.448000,1.367181
13.776000,1580.304000,0.780523
13.776000,2978.896000,0.823075
13.776000,985.968000,0.928856
4.592000,2868.688000,0.701216
1.968000,709.136000,0.683572
34.768000,2149.712000,0.939843
19.024000,1958.160000,1.092916
1.968000,2435.728000,1.640721
13.776000,949.232000,0.909492
25.584000,2273.040000,0.809977
21.648000,1046.320000,0.882315
17.712000,377.200000,0.740786
9.840000,1248.368000,1.035493
22.960000,1017.456000,0.801972
22.960000,1514.704000,0.730087
32.144000,2157.584000,0.743152
1.968000,1311.344000,0.934484
22.960000,1106.672000,1.385108
36.080000,2421.296000,0.933205
33.456000,1851.888000,0.882064
21.648000,11.152000,1.335745
32.144000,543.824000,0.755431
20.336000,2725.680000,0.992581
13.776000,2002.768000,1.306492
1.968000,745.872000,0.976932
33.456000,1783.664000,0.777342
11.152000,849.520000,0.772535
34.768000,1706.256000,1.636918
24.272000,463.792000,0.749287
38.704000,2296.656000,0.726386
34.768000,322.096000,0.899393
17.712000,2841.136000,0.662063
28.208000,2582.672000,0.816078
13.776000,2812.272000,0.810184
7.216000,934.800000,0.732367
3.280000,2336.016000,0.891366
8.528000,2158.896000,0.922986
3.280000,1207.696000,1.412062
0.656000,3032.688000,1.024607
32.144000,1211.632000,1.420927
30.832000,3159.952000,0.712405
34.768000,1659.024000,0.964323
37.392000,503.152000,0.924495
38.704000,1069.936000,1.537314
15.088000,2755.856000,1.186888
32.144000,829.840000,0.849736
21.648000,1033.200000,1.798334
26.896000,196.144000,1.698955
25.584000,58.384000,0.948011
21.648000,988.592000,0.924070
17.712000,3142.896000,0.835456
36.080000,1086.992000,0.715806
9.840000,2929.040000,1.428231
19.024000,2076.240000,0.728493
26.896000,2931.664000,1.628117
24.272000,2786.032000,0.935650
26.896000,3032.688000,1.730593
5.904000,1447.792000,0.833392
4.592000,42.640000,1.488981
38.704000,2871.312000,0.819352
28.208000,1884.688000,0.691907
5.904000,2328.144000,1.040805
7.216000,909.872000,1.117439
9.840000,1664.272000,0.724712
30.832000,622.544000,0.910774
15.088000,357.520000,0.806061
7.216000,1624.912000,0.896252
1.968000,173.840000,0.741374
20.336000,1576.368000,1.183771
28.208000,2894.928000,0.707730
11.152000,218.448000,1.002192
13.776000,1933.232000,0.731279
21.648000,3153.392000,1.693026
9.840000,1096.176000,0.660080
19.024000,3082.544000,0.946546
32.144000,791.792000,1.376405
17.712000,1681.328000,0.898147
4.592000,2497.392000,0.748567
20.336000,1366.448000,0.799890
32.144000,399.504000,0.678754
29.520000,1321.840000,0.799605
0.656000,2565.616000,1.010148
37.392000,2729.616000,0.739612
24.272000,1319.216000,2.053404
4.592000,53.136000,0.896197
8.528000,845.584000,0.918093
29.520000,253.872000,0.699675
8.528000,2553.808000,0.974248
26.896000,1308.720000,0.830779
36.080000,1853.200000,0.909698
30.832000,2850.320000,0.676184
5.904000,1169.648000,1.078894
24.272000,2107.728000,0.791741
16.400000,328.656000,0.942191
13.776000,404.752000,0.718881
9.840000,1522.576000,1.057794
15.088000,402.128000,0.668717
33.456000,290.608000,0.848936
1.968000,226.320000,1.792889
34.768000,1571.120000,0.873772
26.896000,3103.536000,1.182438
19.024000,950.544000,1.610871
19.024000,2034.256000,0.656780
32.144000,541.200000,0.961801
26.896000,940.048000,0.773141
36.080000,373.264000,1.009096
29.520000,1676.080000,1.123440
33.456000,2254.672000,0.741721
28.208000,2950.032000,0.789226
25.584000,3217.680000,0.656535
34.768000,371.952000,0.809239
24.272000,651.408000,0.860872
20.336000,411.312000,0.769343
32.144000,3099.600000,0.679832
33.456000,2143.152000,0.700262
3.280000,2303.216000,0.719280
4.592000,934.800000,1.078409
9.840000,97.744000,0.726476
15.088000,950.544000,2.585786
28.208000,2013.264000,0.801600
19.024000,819.344000,0.874922
8.528000,1643.280000,1.203820
21.648000,1937.168000,0.751963
36.080000,2909.360000,1.287245
3.280000,2898.864000,0.996185
26.896000,2896.240000,0.725535
34.768000,264.368000,0.927918
1.968000,2095.920000,1.020618
7.216000,1782.352000,0.962450
8.528000,2646.960000,0.827073
11.152000,152.848000,0.830600
38.704000,3141.584000,0.741072
25.584000,190.896000,1.108479
7.216000,1266.736000,0.960365
19.024000,2498.704000,1.254155
17.712000,2775.536000,0.820634
32.144000,2152.336000,1.285122
16.400000,2204.816000,0.690608
26.896000,3115.344000,0.661663
8.528000,89.872000,0.991662
7.216000,974.160000,1.458501
1.968000,887.568000,1.410445
20.336000,386.384000,1.618784
8.528000,2249.424000,0.688228
22.960000,349.648000,0.909751
15.088000,40.016000,0.877588
25.584000,1265.424000,0.734621
26.896000,499.216000,0.890686
16.400000,2885.744000,1.316383
21.648000,2849.008000,0.751662
19.024000,661.904000,0.680889
16.400000,2938.224000,0.735896
4.592000,479.536000,2.216032
38.704000,1239.184000,0.704115
20.336000,3018.256000,1.143657
16.400000,924.304000,1.101156
8.528000,2273.040000,0.926919
4.592000,251.248000,0.711055
34.768000,1547.504000,0.946059
29.520000,1109.296000,0.974976
20.336000,2939.536000,0.861759
33.456000,2208.752000,0.924539
24.272000,1435.984000,0.667812
16.400000,2687.632000,0.767227
12.464000,714.384000,0.771393
37.392000,3163.888000,0.666535
5.904000,2042.128000,0.965958
19.024000,2934.288000,0.714844
9.840000,636.976000,0.690856
24.272000,3213.744000,0.812203
21.648000,1613.104000,1.184541
36.080000,949.232000,0.874551
22.960000,1844.016000,0.923731
37.392000,2681.072000,0.901200
34.768000,58.384000,0.707103
17.712000,2786.032000,0.918877
17.712000,2161.520000,0.701178
38.704000,1998.832000,1.332664
33.456000,3175.696000,1.115347
37.392000,1316.592000,1.060947
0.656000,1191.952000,1.068809
33.456000,1683.952000,0.777519
29.520000,2749.296000,1.564015
8.528000,299.792000,0.921022
15.088000,2801.776000,0.690499
26.896000,1638.032000,0.736785
34.768000,1879.440000,0.707999
5.904000,1477.968000,0.998415
5.904000,1561.936000,1.034250
20.336000,1603.920000,0.692390
17.712000,2002.768000,0.949387
22.960000,642.224000,0.791587
36.080000,2014.576000,0.723391
29.520000,2110.352000,1.121296
21.648000,1561.936000,1.261970
0.656000,173.840000,0.690961
15.088000,2422.608000,1.314103
1.968000,1605.232000,1.125789
4.592000,2885.744000,0.698608
1.968000,2185.136000,0.755810
13.776000,657.968000,1.130470
29.520000,2304.528000,0.790212
24.272000,3083.856000,1.145273
0.656000,921.680000,1.049729
34.768000,1643.280000,0.770582
36.080000,2633.840000,1.067978
13.776000,488.720000,0.716028
36.080000,2309.776000,0.952261
3.280000,1064.688000,0.876505
9.840000,2766.352000,0.674249
11.152000,1527.824000,1.157747
5.904000,2787.344000,1.254117
20.336000,2685.008000,0.697268
1.968000,1089.616000,0.720410
37.392000,940.048000,0.795823
11.152000,1994.896000,1.119162
28.208000,2133.968000,0.935175
32.144000,2063.120000,0.817548
17.712000,83.312000,1.232011
17.712000,1475.344000,0.853877
24.272000,2497.392000,0.806829
13.776000,895.440000,0.678682
4.592000,1820.400000,1.443631
24.272000,896.752000,0.819310
16.400000,760.304000,0.918682
3.280000,975.472000,2.151180
30.832000,3026.128000,1.038688
29.520000,33.456000,1.044327
11.152000,748.496000,0.736161
28.208000,3115.344000,1.206707
21.648000,711.760000,1.093337
26.896000,214.512000,2.059978
24.272000,1640.656000,0.855014
5.904000,387.696000,0.953775
12.464000,3090.416000,0.893437
26.896000,2913.296000,1.171113
24.272000,2732.240000,0.856819
38.704000,3074.672000,1.191538
19.024000,814.096000,1.097156
9.840000,570.064000,1.461023
20.336000,3072.048000,0.734501
30.832000,2246.800000,1.662545
22.960000,2292.720000,0.873868
38.704000,2901.488000,1.578342
16.400000,1854.512000,0.800911
25.584000,581.872000,0.765666
4.592000,2472.464000,1.194606
1.968000,2456.720000,1.282238
37.392000,421.808000,1.819461
7.216000,274.864000,1.328581
26.896000,239.440000,1.497843
15.088000,1025.328000,0.713975
4.592000,1224.752000,1.591182
0.656000,3093.040000,0.756440
38.704000,520.208000,1.126283
28.208000,2923.792000,1.241519
19.024000,1784.976000,0.903839
16.400000,3005.136000,1.194362
16.400000,2664.016000,0.878546
13.776000,738.000000,0.957080
0.656000,2614.160000,0.686088
0.656000,841.648000,1.617024
38.704000,1739.056000,0.786908
22.960000,129.232000,0.787930
15.088000,3152.080000,1.326198
8.528000,402.128000,1.175122
17.712000,1277.232000,0.985890
8.528000,3128.464000,0.977824
21.648000,3001.200000,0.997153
37.392000,795.728000,1.964640
5.904000,2067.056000,0.887031
34.768000,61.008000,1.730139
15.088000,3051.056000,1.220086
3.280000,2868.688000,0.767929
34.768000,357.520000,0.877341
5.904000,3196.688000,0.742500
4.592000,3047.120000,0.956829
26.896000,2223.184000,1.108955
3.280000,1005.648000,1.075150
22.960000,2417.360000,1.542451
15.088000,2694.192000,0.873131
29.520000,1254.928000,1.178140
24.272000,2783.408000,0.799216
0.656000,1761.360000,0.929974
20.336000,2950.032000,0.681532
24.272000,1841.392000,0.707653
38.704000,2434.416000,0.820844
33.456000,1976.528000,1.381838
5.904000,875.760000,0.691142
17.712000,1691.824000,1.477507
22.960000,3144.208000,1.309625
30.832000,2723.056000,0.800043
36.080000,2175.952000,0.922783
15.088000,466.416000,1.296696
32.144000,2616.784000,0.959003
4.592000,2503.952000,1.103851
38.704000,1673.456000,0.839584
19.024000,1760.048000,1.292632
19.024000,1369.072000,0.803207
24.272000,3106.160000,1.045256
4.592000,1723.312000,1.319096
28.208000,2749.296000,0.803252
19.024000,989.904000,0.695490
20.336000,862.640000,0.677996
0.656000,1291.664000,0.819004
21.648000,799.664000,0.835229
12.464000,2985.456000,0.662940
37.392000,1252.304000,0.906876
9.840000,1.968000,0.731806
19.024000,1328.400000,1.336945
36.080000,839.024000,0.843135
33.456000,2877.872000,0.785399
28.208000,2047.376000,0.682929
15.088000,2649.584000,0.814346
36.080000,884.944000,0.694202
17.712000,2224.496000,0.711619
17.712000,1896.496000,0.745045
9.840000,633.040000,1.804495
24.272000,2673.200000,2.041426
12.464000,1985.712000,0.656636
36.080000,1045.008000,0.903274
28.208000,427.056000,0.966695
8.528000,1620.976000,1.370697
13.776000,2864.752000,1.434581
4.592000,966.288000,0.822017
25.584000,779.984000,0.679729
28.208000,1530.448000,0.902286
25.584000,693.392000,1.196614
1.968000,37.392000,0.731877
7.216000,1691.824000,1.586373
32.144000,518.896000,0.851074
36.080000,248.624000,0.807082
37.392000,499.216000,1.353849
36.080000,2536.752000,1.313889
36.080000,2437.040000,1.401935
17.712000,4.592000,0.842228
22.960000,1086.992000,1.086684
13.776000,2888.368000,1.128510
25.584000,2229.744000,0.676033
7.216000,2030.320000,0.777156
38.704000,1836.144000,0.798340
28.208000,442.800000,0.973353
13.776000,1359.888000,0.740263
20.336000,354.896000,0.712849
37.392000,2620.720000,1.891295
37.392000,2116.912000,2.238520
5.904000,1198.512000,1.639210
33.456000,2330.768000,0.831578
11.152000,2497.392000,0.687186
38.704000,1277.232000,0.919819
22.960000,2008.016000,2.435814
13.776000,1176.208000,0.764294
37.392000,1741.680000,0.687448
28.208000,621.232000,0.710638
20.336000,1870.256000,1.173271
16.400000,3136.336000,0.726912
11.152000,2942.160000,0.666783
25.584000,2633.840000,1.068264
3.280000,2431.792000,0.972622
9.840000,1340.208000,1.237911
19.024000,3152.080000,0.715193
13.776000,2160.208000,0.714521
1.968000,385.072000,1.031771
24.272000,2469.840000,0.954134
13.776000,1556.688000,0.928777
0.656000,791.792000,1.449392
8.528000,518.896000,1.253850
8.528000,3043.184000,0.731934
29.520000,1505.520000,0.730291
29.520000,646.160000,0.784348
9.840000,453.296000,0.737582
9.840000,2383.248000,0.739745
0.656000,776.048000,1.487218
11.152000,97.744000,0.673569
28.208000,917.744000,1.368323
1.968000,1670.832000,0.803269
17.712000,1001.712000,1.052172
8.528000,1399.248000,0.779719
5.904000,2479.024000,0.723252
24.272000,966.288000,0.724181
22.960000,1367.760000,0.747461
11.152000,1332.336000,0.865330
12.464000,1125.040000,0.851113
7.216000,1073.872000,0.860637
11.152000,1998.832000,0.672237
30.832000,3144.208000,0.825857
33.456000,2094.608000,0.793444
12.464000,1170.960000,0.785756
22.960000,299.792000,0.897808
4.592000,546.448000,0.937203
24.272000,2431.792000,0.674354
1.968000,2585.296000,0.660606
33.456000,1720.688000,1.094095
15.088000,1373.008000,0.734869
25.584000,1489.776000,1.076625
36.080000,787.856000,0.765853
4.592000,647.472000,1.131351
11.152000,2675.824000,0.687081
3.280000,2148.400000,1.133231
37.392000,2879.184000,0.708008
17.712000,417.872000,0.834404
28.208000,1901.744000,1.149342
21.648000,381.136000,0.821864
19.024000,2099.856000,0.656716
9.840000,1777.104000,0.979419
5.904000,777.360000,0.739591
12.464000,2514.448000,0.670466
25.584000,2845.072000,0.864282
5.904000,2223.184000,0.694336
5.904000,2421.296000,0.730264
17.712000,47.888000,0.671349
25.584000,2362.256000,0.868633
37.392000,717.008000,0.889507
17.712000,2703.376000,0.963182
9.840000,2833.264000,0.694282
15.088000,274.864000,0.840363
21.648000,1703.632000,0.739547
16.400000,2868.688000,0.994437
9.840000,2434.416000,0.837019
32.144000,2948.720000,0.765467
24.272000,328.656000,0.676854
4.592000,2018.512000,1.013431
19.024000,1043.696000,0.695338
32.144000,2093.296000,2.030453
38.704000,1296.912000,0.886560
34.768000,2627.280000,0.731286
9.840000,1462.224000,0.900940
5.904000,1513.392000,0.774080
37.392000,1027.952000,1.252441
0.656000,2248.112000,0.787002
34.768000,2099.856000,0.891596
16.400000,2038.192000,0.885710
13.776000,1086.992000,1.325037
32.144000,2318.960000,0.712989
12.464000,1085.680000,1.410452
30.832000,1694.448000,1.102247
7.216000,2140.528000,1.381685
20.336000,1618.352000,0.685544
33.456000,1701.008000,0.977920
25.584000,1173.584000,1.361891
15.088000,979.408000,1.391779
9.840000,2923.792000,1.401112
33.456000,2692.880000,0.690226
24.272000,1807.280000,0.722235
30.832000,176.464000,0.970969
20.336000,836.400000,0.709636
5.904000,2500.016000,0.725666
9.840000,1083.056000,0.977425
36.080000,1069.936000,1.143116
3.280000,2981.520000,1.236135
15.088000,1348.080000,1.252235
17.712000,164.656000,0.960305
11.152000,475.600000,0.904240
13.776000,3.280000,1.320080
0.656000,512.336000,0.692407
25.584000,9.840000,2.103793
22.960000,2906.736000,0.843875
21.648000,278.800000,0.710924
20.336000,1830.896000,0.957351
11.152000,1086.992000,0.815631
17.712000,819.344000,0.774277
15.088000,2053.936000,0.811866
20.336000,2112.976000,0.680955
20.336000,1802.032000,1.034000
7.216000,562.192000,0.822500
8.528000,1485.840000,0.913211
8.528000,2935.600000,0.684855
20.336000,2219.248000,0.686363
26.896000,1918.800000,0.686644
25.584000,2610.224000,0.885866
38.704000,1022.704000,1.025290
37.392000,3028.752000,1.024340
13.776000,2559.056000,0.677463
22.960000,1628.848000,0.913710
13.776000,2589.232000,1.351041
28.208000,3056.304000,1.315106
24.272000,1273.296000,0.688965
36.080000,51.824000,0.703223
12.464000,2355.696000,0.793945
15.088000,1527.824000,0.675135
28.208000,1552.752000,1.150917
15.088000,2325.520000,0.820449
11.152000,225.008000,0.957790
15.088000,752.432000,0.707451
26.896000,1464.848000,1.469052
12.464000,2492.144000,0.746445
19.024000,787.856000,0.961505
3.280000,2804.400000,0.943344
4.592000,1758.736000,0.929183
19.024000,1534.384000,1.592953
19.024000,874.448000,1.063849
8.528000,1959.472000,0.678492
19.024000,1083.056000,1.016369
15.088000,635.664000,1.063598
9.840000,2749.296000,0.835647
17.712000,2109.040000,0.705816
38.704000,197.456000,0.689794
36.080000,2526.256000,0.689845
12.464000,2778.160000,1.267686
16.400000,1703.632000,0.999610
32.144000,1319.216000,0.769034
13.776000,8.528000,0.667861
36.080000,779.984000,0.982192
7.216000,2334.704000,1.069576
22.960000,68.880000,0.753126
24.272000,1237.872000,0.769749
38.704000,857.392000,0.743454
32.144000,49.200000,1.840513
1.968000,564.816000,0.813778
37.392000,3082.544000,0.695438
38.704000,1101.424000,0.694242
9.840000,1240.496000,0.777129
15.088000,1426.800000,0.980955
20.336000,908.560000,0.712132
38.704000,1186.704000,0.865339
17.712000,2549.872000,0.788406
9.840000,1634.096000,1.075104
12.464000,2964.464000,0.838162
21.648000,2660.080000,1.119863
26.896000,3078.608000,2.310000
33.456000,1012.208000,0.745600
20.336000,1913.552000,0.659939
28.208000,1063.376000,0.831316
11.152000,2249.424000,1.306590
19.024000,584.496000,1.732387
5.904000,2433.104000,0.696738
38.704000,352.272000,1.181621
7.216000,1493.712000,1.223774
16.400000,25.584000,1.905854
9.840000,2678.448000,0.988105
32.144000,252.560000,0.982127
3.280000,273.552000,1.658274
24.272000,12.464000,1.175414
8.528000,2115.600000,1.212483
9.840000,2530.192000,0.783426
16.400000,2471.152000,0.830709
13.776000,630.416000,0.734502
30.832000,2900.176000,0.897298
38.704000,437.552000,0.829851
4.592000,2704.688000,0.814391
36.080000,987.280000,0.704151
36.080000,820.656000,0.734606
19.024000,36.080000,0.736773
1.968000,869.200000,0.751374
15.088000,364.080000,0.721941
37.392000,1554.064000,0.672205
37.392000,2493.456000,1.173642
26.896000,1031.888000,1.017236
20.336000,2728.304000,1.185091
36.080000,298.480000,1.913937
20.336000,1269.360000,0.760620
37.392000,2238.928000,0.729345
30.832000,2657.456000,0.985140
0.656000,1168.336000,0.697133
0.656000,2357.008000,0.758912
22.960000,2433.104000,0.902636
38.704000,2556.432000,0.711628
9.840000,963.664000,0.959414
17.712000,1214.256000,0.684473
21.648000,134.480000,1.166599
0.656000,1508.144000,1.555300
1.968000,2271.728000,1.214368
4.592000,1132.912000,0.930668
24.272000,1862.384000,0.766428
22.960000,1817.776000,0.803701
25.584000,1567.184000,0.754892
34.768000,2122.160000,1.030628
11.152000,1955.536000,0.763805
16.400000,138.416000,0.949609
9.840000,2670.576000,1.335880
24.272000,2782.096000,0.919448
8.528000,681.584000,0.660392
34.768000,2513.136000,0.711553
16.400000,428.368000,1.795134
34.768000,335.216000,0.872071
21.648000,32.144000,0.813742
34.768000,495.280000,0.731318
24.272000,507.088000,1.069870
20.336000,1441.232000,1.553018
21.648000,2866.064000,0.833968
37.392000,104.304000,1.763635
32.144000,135.792000,0.765378
17.712000,1685.264000,0.769583
1.968000,1178.832000,0.727528
20.336000,2458.032000,0.739065
4.592000,1085.680000,1.279786
13.776000,1029.264000,0.715113
36.080000,2908.048000,0.856109
20.336000,1865.008000,0.860380
33.456000,1813.840000,0.850945
0.656000,205.328000,1.494205
37.392000,2434.416000,0.931587
17.712000,248.624000,1.848956
3.280000,243.376000,0.662550
7.216000,1033.200000,0.995912
9.840000,442.800000,0.879201
11.152000,3027.440000,0.884951
5.904000,654.032000,0.795565
15.088000,610.736000,0.880091
0.656000,819.344000,0.738586
17.712000,1128.976000,0.883622
4.592000,3119.280000,1.202830
34.768000,1496.336000,0.694428
37.392000,1706.256000,0.856448
20.336000,2385.872000,0.770876
5.904000,2643.024000,0.901200
38.704000,230.256000,0.924241
11.152000,2880.496000,1.053518
19.024000,1539.632000,2.016907
25.584000,1441.232000,0.695065
38.704000,738.000000,1.078250
28.208000,556.944000,1.054575
25.584000,2934.288000,1.474509
36.080000,1918.800000,0.802890
3.280000,3199.312000,0.887657
19.024000,362.768000,0.769263
25.584000,2433.104000,0.724387
8.528000,138.416000,1.569597
26.896000,1037.136000,1.276378
21.648000,1098.800000,1.074847
22.960000,2645.648000,1.095855
9.840000,2112.976000,0.785620
16.400000,1027.952000,1.793587
25.584000,1434.672000,0.986152
11.152000,1012.208000,1.006969
37.392000,1958.160000,0.736426
22.960000,1946.352000,0.807548
12.464000,2093.296000,0.946959
13.776000,2778.160000,1.570465
38.704000,1538.320000,2.242530
38.704000,1718.064000,1.295288
25.584000,1896.496000,0.729280
25.584000,575.312000,1.251759
5.904000,3195.376000,1.441607
19.024000,2173.328000,0.693919
26.896000,2215.312000,0.681900
9.840000,1467.472000,0.772747
34.768000,2751.920000,0.863165
28.208000,957.104000,0.674121
13.776000,1742.992000,0.666313
30.832000,121.360000,0.883868
7.216000,2939.536000,0.811633
37.392000,3041.872000,1.068940
33.456000,980.720000,0.816382
3.280000,1942.416000,0.913968
28.208000,221.072000,0.692250
22.960000,1045.008000,0.769280
28.208000,1328.400000,0.723290
5.904000,3215.056000,0.857738
3.280000,1845.328000,1.226822
28.208000,1691.824000,0.678485
17.712000,315.536000,1.421037
20.336000,222.384000,0.866388
38.704000,1332.336000,1.100493
16.400000,219.760000,0.736785
15.088000,2635.152000,0.864292
24.272000,173.840000,0.771595
8.528000,253.872000,0.734725
3.280000,610.736000,0.858330
37.392000,1264.112000,0.728446
8.528000,383.760000,1.038951
34.768000,3117.968000,1.017130
7.216000,430.992000,0.670758
12.464000,2342.576000,0.817877
15.088000,400.816000,0.829219
24.272000,2311.088000,0.923255
20.336000,710.448000,1.536998
9.840000,479.536000,0.807212
12.464000,1769.232000,0.929522
11.152000,508.400000,0.707658
29.520000,2036.880000,0.821526
19.024000,1840.080000,1.180668
30.832000,400.816000,1.581590
29.520000,3194.064000,0.821904
24.272000,2736.176000,0.947772
4.592000,2490.832000,1.569683
25.584000,1731.184000,1.373346
17.712000,1237.872000,0.745540
5.904000,553.008000,0.980572
26.896000,1168.336000,0.817891
0.656000,1021.392000,0.803098
30.832000,1081.744000,0.683129
8.528000,1592.112000,0.719545
5.904000,2283.536000,1.184107
28.208000,2876.560000,0.951244
38.704000,1560.624000,1.079355
24.272000,83.312000,2.313234
11.152000,22.960000,0.866469
17.712000,1010.896000,0.945796
32.144000,377.200000,0.995779
21.648000,2181.200000,0.860683
32.144000,281.424000,0.911867
3.280000,756.368000,0.784528
28.208000,1180.144000,0.895841
9.840000,2021.136000,0.984527
33.456000,425.744000,0.788577
28.208000,1599.984000,0.774577
7.216000,3207.184000,0.775503
16.400000,3141.584000,0.663626
13.776000,1544.880000,0.868455
26.896000,2834.576000,0.931146
16.400000,2404.240000,0.821500
34.768000,1736.432000,0.893769
37.392000,1531.760000,0.795706
38.704000,1539.632000,0.834754
25.584000,1588.176000,0.988736
34.768000,2111.664000,0.967847
9.840000,1596.048000,1.309485
16.400000,3169.136000,0.755714
0.656000,1367.760000,1.347894
22.960000,2190.384000,0.662688
29.520000,165.968000,0.877471
25.584000,461.168000,0.842890
19.024000,1728.560000,1.038125
24.272000,2506.576000,0.925165
19.024000,1601.296000,0.936095
7.216000,608.112000,1.536138
4.592000,791.792000,0.835638
0.656000,1514.704000,0.953504
16.400000,1723.312000,1.125388
4.592000,2288.784000,1.050776
1.968000,2583.984000,0.945922
9.840000,1740.368000,0.794370
7.216000,1913.552000,0.920677
8.528000,654.032000,0.668267
34.768000,442.800000,0.679439
19.024000,1148.656000,1.156820
33.456000,357.520000,0.855201
36.080000,807.536000,0.749116
19.024000,1943.728000,0.687597
24.272000,3117.968000,0.955830
22.960000,2992.016000,1.050449
19.024000,3192.752000,0.773151
13.776000,1475.344000,0.942831
9.840000,736.688000,0.889966
36.080000,45.264000,0.791115
30.832000,2685.008000,1.895735
30.832000,870.512000,0.895496
4.592000,3048.432000,0.707281
20.336000,2126.096000,1.129403
22.960000,3221.616000,0.683397
16.400000,3167.824000,0.727878
12.464000,2524.944000,1.116049
17.712000,2132.656000,0.659716
11.152000,411.312000,0.758197
29.520000,2955.280000,0.704272
37.392000,91.184000,0.989249
22.960000,3045.808000,0.988882
13.776000,307.664000,1.014759
22.960000,1090.928000,2.269964
19.024000,2808.336000,0.787321
1.968000,2321.584000,0.747606
33.456000,1964.720000,0.828804
17.712000,389.008000,0.733055
38.704000,575.312000,0.845261
38.704000,1623.600000,0.705771
36.080000,2568.240000,0.993060
28.208000,1954.224000,0.825498
38.704000,2552.496000,0.985437
28.208000,574.000000,0.808509
15.088000,240.752000,1.081797
15.088000,1027.952000,1.109860
0.656000,2502.640000,0.891125
34.768000,1937.168000,1.315839
9.840000,71.504000,0.738955
12.464000,1778.416000,1.277861
20.336000,2786.032000,1.159823
1.968000,2080.176000,0.831540
4.592000,404.752000,0.777118
12.464000,1977.840000,0.676785
16.400000,2616.784000,1.183763
19.024000,1722.000000,1.097361
15.088000,209.264000,0.792868
36.080000,3079.920000,0.884070
17.712000,472.976000,0.991595
20.336000,2065.744000,0.705241
22.960000,974.160000,0.978259
5.904000,362.768000,0.828879
22.960000,1211.632000,0.774682
38.704000,2926.416000,0.802177
22.960000,980.720000,0.784232
34.768000,2074.928000,1.049844
4.592000,164.656000,0.912889
34.768000,953.168000,0.869198
16.400000,2447.536000,1.230690
3.280000,463.792000,0.791547
20.336000,3198.000000,1.493608
26.896000,442.800000,1.170414
32.144000,2081.488000,1.089028
13.776000,2305.840000,0.874615
33.456000,1403.184000,1.028086
21.648000,2692.880000,1.066617
0.656000,781.296000,0.766598
34.768000,840.336000,0.725150
17.712000,2551.184000,0.709179
12.464000,2186.448000,0.866433
29.520000,2056.560000,0.669599
12.464000,324.720000,0.737115
29.520000,2574.800000,1.193575
15.088000,3002.512000,0.756053
33.456000,2341.264000,0.860319
15.088000,2405.552000,0.836404
17.712000,1594.736000,0.856432
34.768000,1151.280000,0.902658
9.840000,1226.064000,0.668015
33.456000,672.400000,1.064199
26.896000,2063.120000,0.863659
8.528000,865.264000,1.617314
13.776000,1084.368000,1.676092
26.896000,2873.936000,1.954841
28.208000,587.120000,0.734815
25.584000,1516.016000,0.730127
38.704000,257.808000,1.135769
25.584000,3006.448000,1.469596
12.464000,768.176000,0.931858
1.968000,2419.984000,1.346360
24.272000,1382.192000,0.694535
17.712000,2084.112000,0.668877
25.584000,462.480000,0.785655
25.584000,1841.392000,0.740264
30.832000,572.688000,0.696181
17.712000,2716.496000,1.439578
24.272000,1933.232000,0.686543
5.904000,1071.248000,0.683371
0.656000,1680.016000,0.795374
30.832000,2000.144000,0.857791
21.648000,2892.304000,0.899319
38.704000,736.688000,1.347146
13.776000,2148.400000,1.465523
25.584000,2796.528000,0.920024
3.280000,1338.896000,0.963095
29.520000,2005.392000,0.735530
17.712000,2358.320000,0.917354
36.080000,660.592000,1.109009
30.832000,2641.712000,1.458552
13.776000,160.720000,0.713182
20.336000,3108.784000,0.859711
11.152000,895.440000,1.388528
11.152000,1677.392000,0.774746
22.960000,1576.368000,0.934236
28.208000,2014.576000,0.829405
28.208000,1799.408000,0.723697
34.768000,416.560000,1.844323
36.080000,1289.040000,0.680071
29.520000,522.832000,1.326682
28.208000,291.920000,1.462349
34.768000,2918.544000,1.417967
13.776000,2986.768000,0.757883
9.840000,2867.376000,1.090954
9.840000,2985.456000,0.816943
33.456000,1181.456000,1.645476
29.520000,171.216000,1.030578
19.024000,919.056000,1.268381
3.280000,1083.056000,0.674133
32.144000,301.104000,1.217438
1.968000,617.296000,1.108027
3.280000,2443.600000,0.789088
33.456000,1424.176000,1.287804
33.456000,1258.864000,1.137792
34.768000,2511.824000,1.159209
3.280000,720.944000,1.558279
12.464000,1134.224000,0.763233
17.712000,1223.440000,1.237598
9.840000,2938.224000,0.730696
3.280000,1500.272000,0.956469
16.400000,2559.056000,0.788335
16.400000,797.040000,0.851722
12.464000,1989.648000,0.787868
15.088000,3121.904000,0.937926
25.584000,2475.088000,0.934496
1.968000,808.848000,0.944912
11.152000,1185.392000,0.855472
8.528000,755.056000,0.891452
9.840000,1594.736000,0.994447
5.904000,936.112000,2.296049
1.968000,794.416000,0.753827
12.464000,2620.720000,0.705238
34.768000,2841.136000,1.056476
30.832000,1577.680000,1.110637
34.768000,1329.712000,1.210240
16.400000,1509.456000,1.371766
0.656000,2320.272000,1.047533
20.336000,615.984000,0.740809
28.208000,2615.472000,1.043458
4.592000,2236.304000,0.662387
25.584000,1230.000000,1.113449
9.840000,596.304000,0.689073
3.280000,1480.592000,0.718404
24.272000,1287.728000,0.985124
1.968000,2244.176000,0.852569
17.712000,1802.032000,1.179640
7.216000,427.056000,0.738610
11.152000,167.280000,0.822694
34.768000,842.960000,0.704092
0.656000,2792.592000,0.811187
34.768000,2292.720000,1.261185
21.648000,2650.896000,0.769229
12.464000,1333.648000,0.746836
12.464000,1546.192000,2.008803
15.088000,2505.264000,0.841612
21.648000,668.464000,1.264454
12.464000,2448.848000,0.935758
22.960000,395.568000,1.174811
1.968000,2074.928000,0.679482
15.088000,3127.152000,1.102623
36.080000,158.096000,0.810588
20.336000,1517.328000,0.864711
25.584000,2968.400000,0.707892
28.208000,2337.328000,0.881329
21.648000,2824.080000,0.923662
33.456000,2524.944000,0.720767
19.024000,1279.856000,1.493454
22.960000,318.160000,1.102035
15.088000,1845.328000,1.103786
0.656000,2271.728000,1.252083
21.648000,2749.296000,0.981909
3.280000,2001.456000,0.873871
17.712000,3074.672000,0.807330
20.336000,1148.656000,1.700013
16.400000,2539.376000,0.687547
28.208000,2208.752000,1.164283
19.024000,1017.456000,0.739539
20.336000,109.552000,0.951811
21.648000,406.064000,0.788662
22.960000,197.456000,0.712634
13.776000,2485.584000,0.982224
33.456000,845.584000,0.702880
7.216000,1496.336000,1.721582
3.280000,2801.776000,0.676394
20.336000,3192.752000,1.005965
8.528000,1097.488000,0.929309
9.840000,2246.800000,0.884683
25.584000,2398.992000,0.691429
19.024000,1753.488000,1.577043
19.024000,2904.112000,0.963234
4.592000,1056.816000,0.676436
16.400000,2257.296000,0.867782
5.904000,2147.088000,1.109799
30.832000,1572.432000,0.929920
24.272000,2881.808000,0.670207
5.904000,1677.392000,0.747909
37.392000,1742.992000,0.982043
24.272000,1918.800000,0.788097
19.024000,3162.576000,1.191958
33.456000,2513.136000,0.732057
16.400000,276.176000,1.042182
36.080000,2594.480000,0.752005
13.776000,1647.216000,0.980882
32.144000,951.856000,0.874605
8.528000,189.584000,0.697192
37.392000,1333.648000,0.829224
37.392000,1796.784000,2.210012
1.968000,1506.832000,0.834531
8.528000,975.472000,0.937770
11.152000,1824.336000,1.125146
17.712000,240.752000,1.197578
1.968000,2694.192000,1.089943
12.464000,303.728000,0.820649
1.968000,862.640000,1.011000
22.960000,545.136000,0.736050
4.592000,1232.624000,0.659603
33.456000,2957.904000,0.768026
32.144000,196.144000,0.759530
24.272000,2195.632000,0.808481
13.776000,1244.432000,0.864191
38.704000,2055.248000,0.740168
0.656000,964.976000,0.813473
11.152000,2189.072000,0.796641
16.400000,2880.496000,0.749296
16.400000,386.384000,0.921638
16.400000,2324.208000,0.867578
25.584000,2985.456000,1.442386
0.656000,2485.584000,0.875385
32.144000,2444.912000,0.713324
7.216000,2120.848000,0.740835
11.152000,2417.360000,1.590954
30.832000,392.944000,0.689132
8.528000,2461.968000,1.018665
30.832000,2492.144000,0.770243
29.520000,1691.824000,0.877472
21.648000,2355.696000,0.743963
37.392000,2329.456000,0.747210
25.584000,2930.352000,0.924062
12.464000,1597.360000,0.717981
13.776000,755.056000,1.003260
38.704000,1250.992000,0.793404
4.592000,1752.176000,0.856080
22.960000,769.488000,0.696695
21.648000,1135.536000,0.848483
24.272000,53.136000,0.824615
37.392000,2480.336000,0.701223
26.896000,2019.824000,1.051677
30.832000,798.352000,0.915746
9.840000,2273.040000,0.771416
12.464000,315.536000,2.909775
26.896000,820.656000,0.948979
38.704000,1958.160000,0.858688
38.704000,1543.568000,0.928058
29.520000,2754.544000,1.292688
36.080000,3156.016000,1.186644
12.464000,1758.736000,0.963802
34.768000,3184.880000,0.673400
32.144000,1139.472000,0.720447
1.968000,239.440000,1.086623
36.080000,284.048000,0.656616
30.832000,3005.136000,0.729350
16.400000,503.152000,0.912289
13.776000,165.968000,0.829360
34.768000,2005.392000,0.663783
37.392000,941.360000,0.914795
33.456000,1735.120000,2.921567
17.712000,301.104000,0.761384
24.272000,1067.312000,0.848338
17.712000,2317.648000,0.656282
13.776000,1525.200000,0.866647
22.960000,1081.744000,0.968598
32.144000,2345.200000,0.826617
11.152000,1665.584000,0.931299
5.904000,2291.408000,1.102249
36.080000,3119.280000,1.315346
15.088000,1620.976000,0.675378
34.768000,1160.464000,1.488333
24.272000,572.688000,1.722443
17.712000,3019.568000,1.543911
25.584000,2761.104000,0.850436
33.456000,2585.296000,0.704665
33.456000,495.280000,1.531855
5.904000,2660.080000,0.813062
19.024000,549.072000,1.486236
34.768000,2587.920000,0.795509
37.392000,1550.128000,0.688871
17.712000,1052.880000,0.727588
24.272000,682.896000,0.659388
28.208000,814.096000,1.123911
36.080000,383.760000,1.180583
28.208000,1105.360000,1.500002
19.024000,530.704000,1.263143
34.768000,560.880000,1.140996
28.208000,332.592000,0.793468
13.776000,2982.832000,1.391596
5.904000,2736.176000,1.658848
21.648000,2921.168000,0.754810
26.896000,1454.352000,1.403305
22.960000,1165.712000,0.795346
16.400000,1662.960000,0.763995
12.464000,2805.712000,1.585601
28.208000,3030.064000,0.862879
37.392000,1857.136000,0.660975
26.896000,438.864000,0.693028
32.144000,807.536000,0.673297
26.896000,837.712000,0.682034
4.592000,756.368000,1.322983
36.080000,907.248000,0.898472
20.336000,2194.320000,1.402967
5.904000,315.536000,0.697041
4.592000,1333.648000,0.664996
28.208000,3146.832000,0.792158
3.280000,2011.952000,1.027993
38.704000,2304.528000,0.768713
5.904000,345.712000,1.433551
22.960000,1647.216000,0.752095
19.024000,231.568000,0.946877
34.768000,2828.016000,1.490263
15.088000,2228.432000,0.943174
1.968000,80.688000,0.676368
7.216000,612.048000,1.551900
33.456000,329.968000,0.699091
12.464000,1979.152000,2.072410
1.968000,3093.040000,0.868383
19.024000,412.624000,0.901328
25.584000,3002.512000,0.871767
1.968000,1227.376000,0.697757
4.592000,1767.920000,0.717783
33.456000,1942.416000,0.805979
36.080000,752.432000,0.720836
37.392000,2164.144000,1.031469
33.456000,668.464000,1.567799
26.896000,1085.680000,0.669848
7.216000,3146.832000,1.190624
29.520000,290.608000,0.795334
20.336000,1231.312000,0.924741
20.336000,1665.584000,0.901575
38.704000,937.424000,0.702670
1.968000,15.088000,1.000962
13.776000,2353.072000,0.774251
17.712000,2573.488000,1.580580
26.896000,274.864000,2.485085
34.768000,2535.440000,1.108669
17.712000,2740.112000,0.836548
16.400000,2644.336000,1.367284
15.088000,874.448000,1.198412
32.144000,1426.800000,0.824407
4.592000,881.008000,0.926790
19.024000,2244.176000,0.820869
26.896000,3069.424000,1.083795
11.152000,333.904000,1.105760
36.080000,2787.344000,1.119882
25.584000,307.664000,1.139363
37.392000,905.936000,0.671075
3.280000,1387.440000,0.745847
38.704000,1373.008000,0.780899
28.208000,1450.416000,0.934794
29.520000,38.704000,1.176378
38.704000,1380.880000,1.100921
37.392000,1033.200000,0.772414
28.208000,2602.352000,0.710288
12.464000,2593.168000,0.773285
38.704000,2105.104000,0.690566
25.584000,1475.344000,1.027797
21.648000,209.264000,0.733897
20.336000,1719.376000,1.677057
38.704000,2695.504000,0.791722
11.152000,1748.240000,1.709361
13.776000,828.528000,1.141434
25.584000,470.352000,0.694337
5.904000,1366.448000,0.677843
38.704000,2042.128000,2.126894
33.456000,336.528000,0.700625
0.656000,2858.192000,0.763097
5.904000,3133.712000,0.777184
21.648000,3178.320000,0.966067
32.144000,1589.488000,0.882987
33.456000,2708.624000,0.661952
34.768000,955.792000,0.859593
16.400000,463.792000,0.738342
28.208000,2536.752000,0.920357
21.648000,2093.296000,0.995732
1.968000,1906.992000,0.705512
9.840000,1899.120000,1.200053
37.392000,1615.728000,0.669303
34.768000,1802.032000,1.201048
24.272000,2354.384000,0.975500
38.704000,163.344000,0.695558
15.088000,652.720000,0.660528
25.584000,1798.096000,1.078693
4.592000,1331.024000,0.664891
26.896000,343.088000,1.085632
3.280000,1173.584000,0.811161
13.776000,13.776000,0.700900
13.776000,585.808000,0.720341
3.280000,114.800000,0.977289
33.456000,3159.952000,0.917908
0.656000,2674.512000,0.883240
1.968000,7.216000,1.444760
29.520000,2405.552000,0.691446
26.896000,669.776000,0.887210
26.896000,798.352000,2.263311
0.656000,2915.920000,1.298437
8.528000,284.048000,1.081415
1.968000,479.536000,1.165551
8.528000,758.992000,0.914985
19.024000,2224.496000,0.664736
33.456000,231.568000,0.810383
28.208000,2325.520000,0.784745
36.080000,966.288000,0.760121
4.592000,1487.152000,1.434236
25.584000,907.248000,0.918951
7.216000,2186.448000,0.845170
21.648000,290.608000,0.826352
24.272000,1985.712000,0.747905
5.904000,2073.616000,0.709534
37.392000,614.672000,0.812662
32.144000,2257.296000,0.760289
30.832000,3091.728000,1.056394
17.712000,2726.992000,0.920882
22.960000,2195.632000,1.541172
22.960000,1766.608000,1.023043
7.216000,1647.216000,0.738729
1.968000,1661.648000,0.672494
25.584000,1805.968000,0.736717
24.272000,709.136000,1.680339
37.392000,1278.544000,0.868551
38.704000,1582.928000,1.042486
13.776000,2759.792000,1.672363
5.904000,1350.704000,1.175727
24.272000,251.248000,0.856892
38.704000,820.656000,1.008330
17.712000,268.304000,1.486800
28.208000,2364.880000,0.666302
22.960000,2253.360000,1.099360
33.456000,2633.840000,1.232680
7.216000,2690.256000,1.112690
0.656000,2829.328000,1.421218
28.208000,2099.856000,0.705215
4.592000,3043.184000,1.211924
1.968000,1563.248000,1.362018
16.400000,1888.624000,0.933184
12.464000,2203.504000,0.802170
32.144000,842.960000,0.772552
36.080000,467.728000,0.940546
17.712000,2177.264000,1.302925
24.272000,2834.576000,1.370876
15.088000,197.456000,0.812253
37.392000,2930.352000,2.205989
32.144000,1184.080000,1.889342
16.400000,1176.208000,0.689797
5.904000,76.752000,1.222294
7.216000,583.184000,1.312696
4.592000,2576.112000,0.892994
30.832000,3195.376000,1.475459
38.704000,2631.216000,1.176632
5.904000,3003.824000,0.998059
19.024000,2650.896000,1.862989
32.144000,1170.960000,0.685038
9.840000,2677.136000,0.772376
36.080000,2513.136000,0.851107
28.208000,1430.736000,0.974116
15.088000,2767.664000,0.692146
11.152000,2965.776000,0.923398
29.520000,2831.952000,0.817620
11.152000,1601.296000,0.992668
11.152000,1567.184000,0.984790
0.656000,605.488000,1.292373
11.152000,2601.040000,1.200092
7.216000,3003.824000,0.740376
13.776000,2326.832000,0.674173
36.080000,3114.032000,0.868921
0.656000,3048.432000,1.047954
34.768000,1455.664000,0.670551
4.592000,1635.408000,0.681667
28.208000,106.928000,0.865439
15.088000,2775.536000,0.828921
19.024000,3016.944000,0.745845
7.216000,381.136000,0.872230
32.144000,1186.704000,0.764490
3.280000,2661.392000,0.875189
1.968000,2160.208000,1.186427
12.464000,2963.152000,0.953187
17.712000,2555.120000,0.663354
30.832000,1416.304000,0.773151
4.592000,840.336000,1.169606
33.456000,1740.368000,1.034317
32.144000,368.016000,0.797122
25.584000,2481.648000,0.723140
19.024000,2824.080000,0.782084
7.216000,2946.096000,0.723866
12.464000,2021.136000,1.319127
13.776000,2825.392000,1.010389
5.904000,887.568000,0.839121
21.648000,1497.648000,0.882548
8.528000,1606.544000,0.710610
24.272000,11.152000,1.214717
33.456000,2412.112000,0.719012
29.520000,2982.832000,0.816220
20.336000,1565.872000,0.764111
5.904000,1165.712000,0.870816
19.024000,1249.680000,0.676395
13.776000,1180.144000,0.918761
25.584000,2002.768000,0.712639
17.712000,2460.656000,0.772499
34.768000,1913.552000,1.043864
26.896000,76.752000,0.680515
24.272000,1223.440000,1.199899
25.584000,1950.288000,0.667832
25.584000,282.736000,1.205657
15.088000,2712.560000,1.910960
24.272000,2650.896000,0.679714
15.088000,51.824000,0.977243
13.776000,2736.176000,1.200824
37.392000,3162.576000,0.665503
32.144000,1005.648000,0.716625
12.464000,2366.192000,0.863614
5.904000,774.736000,1.272578
3.280000,142.352000,0.687981
1.968000,1580.304000,0.816853
15.088000,601.552000,0.769953
1.968000,3190.128000,0.731157
33.456000,64.944000,1.859752
19.024000,22.960000,1.120275
37.392000,144.976000,0.687696
4.592000,293.232000,0.902459
12.464000,1249.680000,1.470480
36.080000,1016.144000,1.893594
8.528000,130.544000,0.907892
4.592000,2628.592000,0.960227
25.584000,2097.232000,0.764086
26.896000,1792.848000,0.663577
20.336000,1190.640000,0.737502
19.024000,2090.672000,0.768416
28.208000,1912.240000,0.990395
32.144000,3221.616000,0.921033
22.960000,70.192000,0.952359
11.152000,2269.104000,0.720307
28.208000,2774.224000,0.689918
7.216000,1702.320000,0.671536
12.464000,2418.672000,1.031683
0.656000,2316.336000,0.814706
38.704000,509.712000,1.979477
11.152000,3136.336000,0.904331
36.080000,686.832000,0.695586
30.832000,2545.936000,1.449275
26.896000,2178.576000,1.052291
5.904000,682.896000,1.303397
12.464000,821.968000,0.716066
17.712000,1319.216000,0.731354
19.024000,2284.848000,0.754809
28.208000,3209.808000,1.161819
29.520000,2396.368000,1.171326
21.648000,2178.576000,0.755477
5.904000,1039.760000,0.859985
9.840000,30.832000,0.786943
12.464000,1089.616000,1.353651
30.832000,2973.648000,0.973555
26.896000,1910.928000,0.913533
3.280000,2965.776000,0.761972
28.208000,2754.544000,0.923172
9.840000,3192.752000,0.718109
15.088000,1256.240000,0.875661
9.840000,3209.808000,1.152307
13.776000,1927.984000,2.014541
32.144000,861.328000,0.985608
37.392000,2246.800000,0.995493
17.712000,1605.232000,1.034347
22.960000,1172.272000,0.969252
26.896000,504.464000,1.070496
22.960000,2339.952000,0.876589
5.904000,1323.152000,0.897553
21.648000,1817.776000,1.537003
28.208000,2999.888000,0.931981
7.216000,43.952000,0.690734
29.520000,243.376000,1.357026
20.336000,2852.944000,0.697612
9.840000,1464.848000,0.817140
21.648000,1384.816000,1.089560
20.336000,1882.064000,1.323537
12.464000,1775.792000,0.712052
20.336000,1424.176000,0.762236
3.280000,2993.328000,0.742177
26.896000,571.376000,1.699576
0.656000,1459.600000,1.009930
36.080000,3086.480000,1.171660
3.280000,522.832000,1.473486
4.592000,1325.776000,1.272792
9.840000,676.336000,1.405490
15.088000,2943.472000,0.981346
12.464000,773.424000,0.675908
13.776000,1483.216000,0.741396
22.960000,163.344000,1.039268
30.832000,1131.600000,1.459755
12.464000,621.232000,0.726311
28.208000,946.608000,0.942269
30.832000,1762.672000,0.846756
3.280000,1908.304000,0.962048
30.832000,2876.560000,0.818383
38.704000,3030.064000,1.044290
21.648000,1324.464000,1.357338
16.400000,82.000000,0.827026
25.584000,1500.272000,0.744665
19.024000,1845.328000,0.737236
7.216000,2182.512000,0.782216
13.776000,1781.040000,0.785385
29.520000,1921.424000,0.877175
22.960000,1289.040000,0.846532
34.768000,215.824000,1.113276
29.520000,3220.304000,1.210438
26.896000,1207.696000,0.966912
13.776000,1313.968000,0.758668
19.024000,1178.832000,0.832829
15.088000,188.272000,1.245462
9.840000,2551.184000,0.747952
33.456000,2505.264000,1.121013
7.216000,2183.824000,1.043953
38.704000,2053.936000,1.237825
20.336000,3030.064000,0.887628
5.904000,121.360000,0.682110
3.280000,2594.480000,1.609961
37.392000,33.456000,0.932375
28.208000,1527.824000,0.768069
34.768000,1453.040000,1.188485
11.152000,1312.656000,0.889146
37.392000,2227.120000,0.685881
13.776000,1929.296000,1.040976
20.336000,2060.496000,0.701605
17.712000,974.160000,0.667729
13.776000,1341.520000,1.011454
30.832000,1626.224000,0.897390
30.832000,2346.512000,1.064196
37.392000,1286.416000,0.814050
37.392000,1712.816000,1.157707
24.272000,1853.200000,0.696959
19.024000,945.296000,0.949926
13.776000,631.728000,1.189428
26.896000,105.616000,0.664872
30.832000,118.736000,0.696474
29.520000,1201.136000,1.064786
34.768000,114.800000,0.956902
26.896000,377.200000,0.788092
17.712000,2599.728000,0.780359
36.080000,488.720000,0.725502
11.152000,3128.464000,1.304175
17.712000,1558.000000,1.001072
30.832000,1708.880000,0.995148
0.656000,966.288000,0.949298
32.144000,1824.336000,1.134291
15.088000,332.592000,1.110969
21.648000,1886.000000,0.921194
1.968000,2458.032000,0.737700
34.768000,455.920000,1.071735
15.088000,1736.432000,0.973748
7.216000,537.264000,0.707049
21.648000,1244.432000,0.814780
38.704000,1799.408000,1.349083
34.768000,1732.496000,1.777148
12.464000,1652.464000,0.765321
0.656000,83.312000,0.780393
19.024000,188.272000,1.191112
29.520000,2583.984000,1.151607
33.456000,2311.088000,0.762103
16.400000,1861.072000,0.933230
36.080000,3048.432000,0.707439
15.088000,1455.664000,0.679199
4.592000,2321.584000,0.804860
29.520000,1745.616000,1.076083
4.592000,2345.200000,1.035033
28.208000,3016.944000,0.981553
19.024000,1805.968000,0.689787
8.528000,877.072000,1.194272
1.968000,404.752000,1.108814
19.024000,2976.272000,0.753325
30.832000,471.664000,0.992229
16.400000,2391.120000,1.800560
17.712000,213.200000,0.972769
36.080000,1725.936000,1.694366
37.392000,574.000000,0.685689
26.896000,560.880000,0.840422
24.272000,1312.656000,1.404697
24.272000,942.672000,0.986881
15.088000,294.544000,1.424322
8.528000,298.480000,0.817572
34.768000,2786.032000,1.000567
8.528000,783.920000,0.749480
38.704000,1425.488000,1.320872
29.520000,2625.968000,0.964494
5.904000,1701.008000,0.999931
9.840000,1556.688000,0.789301
32.144000,269.616000,0.881588
7.216000,2169.392000,0.703432
26.896000,2273.040000,0.721388
30.832000,1115.856000,1.385231
0.656000,71.504000,1.049491
28.208000,1138.160000,0.839109
21.648000,2653.520000,0.662747
29.520000,430.992000,0.691845
22.960000,2747.984000,0.748018
26.896000,2670.576000,0.931429
11.152000,1256.240000,0.924060
0.656000,2149.712000,0.711718
3.280000,798.352000,0.796303
17.712000,2097.232000,0.878308
7.216000,2158.896000,1.181568
7.216000,736.688000,0.927866
21.648000,543.824000,0.961659
20.336000,209.264000,0.759510
11.152000,1834.832000,1.498587
3.280000,1369.072000,0.863403
25.584000,323.408000,0.817668
8.528000,238.128000,0.758396
22.960000,1634.096000,1.018905
32.144000,1210.320000,0.689579
7.216000,1742.992000,1.620925
34.768000,2753.232000,0.672083
5.904000,3211.120000,1.238942
30.832000,1447.792000,0.660229
22.960000,714.384000,0.791474
12.464000,454.608000,0.827960
8.528000,1980.464000,0.944220
33.456000,1329.712000,0.941985
19.024000,2162.832000,0.717705
37.392000,1632.784000,1.021620
3.280000,1218.192000,0.818584
15.088000,1298.224000,1.071374
17.712000,455.920000,1.361089
16.400000,1172.272000,1.022527
36.080000,621.232000,0.788379
12.464000,2717.808000,1.381902
17.712000,2154.960000,1.262891
13.776000,2409.488000,1.000185
25.584000,1837.456000,0.706507
34.768000,1462.224000,0.906989
12.464000,476.912000,0.792463
0.656000,1920.112000,0.771980
32.144000,286.672000,0.685988
3.280000,189.584000,0.699140
37.392000,1556.688000,0.938130
22.960000,2047.376000,0.758325
0.656000,2618.096000,0.821134
24.272000,2622.032000,0.747906
26.896000,1115.856000,0.762359
0.656000,1912.240000,0.902194
24.272000,377.200000,0.745253
0.656000,3078.608000,1.244224
3.280000,2211.376000,0.926484
36.080000,3002.512000,1.308571
22.960000,1077.808000,0.816771
5.904000,2528.880000,0.934816
26.896000,2292.720000,0.677040
17.712000,2915.920000,1.450385
26.896000,1752.176000,1.307369
38.704000,2317.648000,0.830787
9.840000,1352.016000,0.754497
0.656000,2477.712000,1.563267
3.280000,2130.032000,1.508434
19.024000,196.144000,0.794320
0.656000,1472.720000,0.836614
5.904000,2859.504000,0.819548
33.456000,356.208000,0.935871
1.968000,1714.128000,1.144333
20.336000,47.888000,0.939971
12.464000,636.976000,0.704471
24.272000,419.184000,0.980750
21.648000,663.216000,0.662671
17.712000,76.752000,0.956610
32.144000,3153.392000,1.177924
28.208000,1830.896000,0.993106
5.904000,2833.264000,0.908051
19.024000,756.368000,0.662454
9.840000,2354.384000,0.659726
12.464000,936.112000,0.869920
15.088000,2001.456000,0.934933
3.280000,1059.440000,2.817627
26.896000,1782.352000,0.656492
22.960000,2908.048000,0.934426
16.400000,255.184000,0.761217
21.648000,3020.880000,0.819499
37.392000,2797.840000,0.694130
3.280000,3120.592000,1.575370
24.272000,744.560000,1.167264
9.840000,2294.032000,1.555063
17.712000,821.968000,1.494317
9.840000,2477.712000,0.998351
4.592000,1537.008000,1.652511
29.520000,689.456000,0.956422
32.144000,2329.456000,0.661321
13.776000,533.328000,1.023671
28.208000,2191.696000,0.771143
32.144000,762.928000,0.936414
29.520000,396.880000,1.331847
33.456000,3198.000000,0.741339
30.832000,399.504000,0.895833
16.400000,2545.936000,0.880648
13.776000,1282.480000,0.871823
19.024000,3141.584000,1.032907
4.592000,3065.488000,1.648293
1.968000,1045.008000,2.208096
21.648000,2060.496000,0.734974
16.400000,1182.768000,0.957927
3.280000,2599.728000,0.762113
1.968000,1739.056000,1.097308
8.528000,2202.192000,1.208807
15.088000,459.856000,0.892179
12.464000,242.064000,1.145070
29.520000,1164.400000,0.849716
13.776000,1493.712000,1.387395
20.336000,2673.200000,0.894353
16.400000,2517.072000,1.391009
13.776000,2813.584000,0.819848
20.336000,2866.064000,1.269453
32.144000,1148.656000,0.864720
32.144000,1125.040000,0.956324
21.648000,2270.416000,0.725629
13.776000,930.864000,0.817421
13.776000,147.600000,0.659035
3.280000,1601.296000,0.748061
34.768000,2342.576000,0.948894
16.400000,1712.816000,0.837381
38.704000,705.200000,0.928547
1.968000,2669.264000,0.857740
21.648000,890.192000,0.758511
0.656000,1357.264000,1.330285
3.280000,2179.888000,1.256007
32.144000,2240.240000,1.248018
8.528000,2914.608000,1.243122
34.768000,1942.416000,0.801605
1.968000,672.400000,0.737304
26.896000,2279.600000,0.898628
8.528000,484.784000,0.936351
17.712000,2653.520000,0.806096
36.080000,2178.576000,1.150226
17.712000,911.184000,1.134704
37.392000,1159.152000,0.764633
1.968000,475.600000,0.973416
12.464000,837.712000,0.744124
12.464000,2389.808000,0.915261
22.960000,2854.256000,1.107994
33.456000,1362.512000,0.779438
38.704000,1295.600000,0.680178
3.280000,1413.680000,1.018813
17.712000,2280.912000,3.190656
25.584000,392.944000,0.857938
9.840000,866.576000,0.975491
28.208000,710.448000,1.179583
0.656000,2325.520000,0.785705
36.080000,2387.184000,0.723445
1.968000,1830.896000,0.748690
15.088000,2311.088000,0.675077
26.896000,2005.392000,0.983072
29.520000,1668.208000,1.132427
22.960000,138.416000,0.998757
25.584000,287.984000,0.677615
22.960000,328.656000,1.256730
8.528000,2072.304000,0.884484
38.704000,2973.648000,0.742399
34.768000,479.536000,2.000096
34.768000,476.912000,0.675772
36.080000,2119.536000,0.844212
4.592000,3100.912000,1.377758
33.456000,369.328000,0.921822
17.712000,1803.344000,0.714623
19.024000,3171.760000,0.779028
19.024000,740.624000,0.817699
11.152000,785.232000,0.835434
26.896000,1250.992000,0.887240
32.144000,1935.856000,0.826766
30.832000,2597.104000,0.874408
16.400000,3070.736000,0.744442
1.968000,3221.616000,1.095932
3.280000,2755.856000,1.111490
25.584000,1534.384000,0.778983
24.272000,1998.832000,0.750925
30.832000,1917.488000,1.502211
24.272000,3086.480000,0.856434
34.768000,1943.728000,0.987933
8.528000,698.640000,0.872266
21.648000,2405.552000,1.395265
5.904000,2276.976000,1.252312
1.968000,3136.336000,0.741131
20.336000,104.304000,0.680477
22.960000,752.432000,0.730745
16.400000,925.616000,0.972500
17.712000,1508.144000,1.296118
1.968000,646.160000,0.673281
8.528000,2675.824000,1.006319
28.208000,236.816000,2.254954
8.528000,2405.552000,0.956517
0.656000,779.984000,0.678887
28.208000,1826.960000,1.016375
11.152000,2328.144000,0.815977
34.768000,3077.296000,1.710035
11.152000,3077.296000,0.783796
5.904000,1660.336000,1.079872
16.400000,1754.800000,0.796469
17.712000,1080.432000,1.126196
0.656000,2582.672000,0.703150
5.904000,1220.816000,0.801693
21.648000,1676.080000,0.891064
8.528000,232.880000,0.737943
1.968000,633.040000,0.846363
0.656000,1285.104000,0.716163
36.080000,723.568000,0.881338
32.144000,1045.008000,1.011379
22.960000,1191.952000,0.704247
0.656000,2989.392000,1.100454
24.272000,1662.960000,0.995215
20.336000,322.096000,0.879366
28.208000,1467.472000,1.006312
12.464000,3154.704000,0.729857
22.960000,1778.416000,0.681235
34.768000,2433.104000,0.679188
20.336000,1525.200000,0.974413
28.208000,1535.696000,1.031897
7.216000,2631.216000,0.973608
25.584000,276.176000,0.692322
20.336000,1076.496000,0.870951
32.144000,2229.744000,0.722810
17.712000,444.112000,0.872350
3.280000,1089.616000,0.686562
32.144000,1218.192000,1.253073
8.528000,2275.664000,1.315529
25.584000,943.984000,0.876508
9.840000,2187.760000,0.736336
15.088000,345.712000,1.166480
0.656000,2931.664000,1.195293
1.968000,248.624000,0.796304
1.968000,1170.960000,1.032636
15.088000,1718.064000,0.947332
11.152000,671.088000,0.861458
7.216000,1618.352000,1.296463
22.960000,827.216000,0.764788
26.896000,747.184000,0.767940
17.712000,3194.064000,1.197057
0.656000,2986.768000,0.896819
4.592000,1081.744000,1.252925
1.968000,1687.888000,0.928247
19.024000,3146.832000,0.715864
38.704000,2300.592000,1.148910
12.464000,1311.344000,0.814185
17.712000,2988.080000,1.400168
9.840000,375.888000,0.693116
22.960000,2810.960000,0.809772
22.960000,1132.912000,0.940640
16.400000,2140.528000,0.691477
3.280000,640.912000,2.087252
29.520000,2472.464000,0.974724
11.152000,2248.112000,0.808389
25.584000,125.296000,0.677647
22.960000,1926.672000,0.656084
32.144000,133.168000,0.744497
26.896000,2767.664000,1.064761
34.768000,512.336000,0.890809
32.144000,2880.496000,0.762807
32.144000,95.120000,0.945351
24.272000,1874.192000,1.102157
26.896000,247.312000,0.816273
25.584000,2818.832000,0.992363
25.584000,629.104000,0.869227
12.464000,1699.696000,0.766735
20.336000,785.232000,0.751014
1.968000,192.208000,0.717584
32.144000,869.200000,0.669979
32.144000,53.136000,0.691705
5.904000,38.704000,0.682523
13.776000,588.432000,0.802054
12.464000,2257.296000,1.129927
36.080000,490.032000,0.994935
32.144000,3163.888000,0.937571
9.840000,151.536000,0.807492
22.960000,3066.800000,1.218755
9.840000,2740.112000,1.343039
15.088000,1767.920000,0.825294
34.768000,2910.672000,0.809730
20.336000,1041.072000,0.742417
30.832000,1927.984000,1.114061
0.656000,2081.488000,1.235472
33.456000,970.224000,0.686307
25.584000,269.616000,0.742966
21.648000,2046.064000,1.212419
28.208000,2506.576000,1.523711
9.840000,572.688000,0.861443
15.088000,505.776000,0.687491
16.400000,3043.184000,0.755277
11.152000,1891.248000,0.715022
34.768000,697.328000,1.309633
12.464000,2872.624000,0.917434
33.456000,1277.232000,0.867237
21.648000,1086.992000,0.729029
0.656000,615.984000,0.791713
28.208000,2385.872000,0.814528
19.024000,514.960000,0.670664
29.520000,1510.768000,0.963916
9.840000,978.096000,1.418860
3.280000,2052.624000,1.652875
26.896000,1122.416000,1.112198
24.272000,1244.432000,1.250658
21.648000,1683.952000,0.883570
34.768000,1495.024000,1.315169
7.216000,1800.720000,2.653817
22.960000,2030.320000,0.919887
1.968000,2885.744000,0.804348
24.272000,29.520000,0.861337
7.216000,1324.464000,1.003246
20.336000,1022.704000,0.825503
29.520000,2328.144000,0.785385
11.152000,3016.944000,1.265440
20.336000,3056.304000,0.886230
3.280000,958.416000,0.794443
15.088000,639.600000,0.664628
34.768000,248.624000,0.784643
16.400000,311.600000,1.389848
29.520000,819.344000,1.215609
19.024000,1582.928000,0.846771
21.648000,916.432000,0.806977
5.904000,1101.424000,1.018505
24.272000,3217.680000,0.810058
15.088000,1026.640000,0.685180
24.272000,2395.056000,1.215067
26.896000,1395.312000,0.781230
1.968000,697.328000,0.915130
37.392000,2971.024000,0.733338
21.648000,2721.744000,0.694921
12.464000,2943.472000,1.093322
5.904000,757.680000,1.709716
17.712000,486.096000,0.704717
15.088000,2652.208000,1.014204
20.336000,277.488000,0.697633
8.528000,2603.664000,1.187028
13.776000,2406.864000,0.781837
7.216000,488.720000,0.781369
33.456000,361.456000,0.813961
12.464000,2595.792000,0.667336
24.272000,1397.936000,0.939985
15.088000,2931.664000,0.807832
37.392000,2953.968000,1.076780
24.272000,2345.200000,0.701208
25.584000,2021.136000,0.837095
8.528000,2645.648000,0.936319
8.528000,3044.496000,1.028136
11.152000,1454.352000,1.051328
22.960000,1105.360000,0.714317
0.656000,539.888000,1.475424
28.208000,168.592000,1.050138
17.712000,2253.360000,1.117349
0.656000,3090.416000,0.716588
20.336000,2918.544000,1.213480
5.904000,2604.976000,0.678021
30.832000,2526.256000,0.797676
3.280000,2332.080000,0.910716
22.960000,1219.504000,0.733712
17.712000,818.032000,0.683583
0.656000,1420.240000,0.683014
28.208000,685.520000,1.073919
38.704000,1732.496000,0.871004
21.648000,605.488000,0.718858
32.144000,2032.944000,0.851515
26.896000,2448.848000,0.824347
30.832000,2154.960000,0.715217
29.520000,1577.680000,0.948925
5.904000,162.032000,0.731659
28.208000,2500.016000,0.761037
38.704000,535.952000,0.764059
17.712000,2700.752000,1.275012
34.768000,979.408000,0.864414
37.392000,1359.888000,1.098628
3.280000,1966.032000,0.858632
17.712000,3119.280000,0.656139
30.832000,549.072000,0.853631
15.088000,1008.272000,0.891868
19.024000,1296.912000,0.997288
8.528000,1657.712000,0.970605
16.400000,2818.832000,0.914969
22.960000,2442.288000,0.717614
15.088000,2667.952000,0.988711
33.456000,1980.464000,1.276642
24.272000,1842.704000,2.398356
36.080000,1607.856000,1.111028
22.960000,2385.872000,0.829687
13.776000,2086.736000,0.742912
20.336000,316.848000,0.711253
12.464000,306.352000,1.778380
32.144000,2969.712000,1.482320
7.216000,116.112000,0.862295
13.776000,1510.768000,0.687803
9.840000,1060.752000,0.993318
20.336000,369.328000,0.729193
32.144000,1439.920000,0.732314
37.392000,278.800000,1.021609
7.216000,1383.504000,0.808347
36.080000,2279.600000,0.982428
11.152000,955.792000,0.814164
9.840000,1782.352000,0.905018
0.656000,752.432000,0.936358
15.088000,2303.216000,0.693609
1.968000,1306.096000,0.756024
22.960000,3180.944000,0.847594
11.152000,1853.200000,2.469018
33.456000,587.120000,0.856528
28.208000,64.944000,0.711264
19.024000,162.032000,0.895302
9.840000,2128.720000,0.695903
21.648000,962.352000,0.739254
20.336000,2189.072000,0.942962
34.768000,2517.072000,0.921441
38.704000,2509.200000,0.722342
19.024000,1361.200000,0.845135
29.520000,272.240000,0.743564
29.520000,1374.320000,0.767118
38.704000,2772.912000,1.772039
4.592000,2549.872000,1.355914
15.088000,1156.528000,1.191756
9.840000,1348.080000,0.786336
33.456000,2822.768000,0.710385
30.832000,1542.256000,1.000778
15.088000,3034.000000,0.969258
24.272000,155.472000,0.772784
7.216000,532.016000,0.962614
19.024000,289.296000,1.598823
8.528000,1487.152000,0.755670
8.528000,1121.104000,0.871423
28.208000,1374.320000,1.030015
12.464000,3175.696000,1.659359
0.656000,1464.848000,0.687590
16.400000,2555.120000,1.007254
20.336000,2902.800000,1.098992
37.392000,201.392000,0.916958
16.400000,365.392000,0.663199
12.464000,3171.760000,0.894444
17.712000,2883.120000,0.666262
22.960000,3153.392000,0.680088
11.152000,139.728000,1.045509
32.144000,350.960000,0.821256
4.592000,2447.536000,1.095099
16.400000,105.616000,0.731437
11.152000,614.672000,1.198215
29.520000,387.696000,0.852455
30.832000,1774.480000,0.660269
1.968000,2496.080000,1.027659
32.144000,899.376000,0.997107
11.152000,1979.152000,0.801464
12.464000,1762.672000,0.819922
5.904000,2831.952000,0.918139
33.456000,2158.896000,0.812284
16.400000,2265.168000,1.132952
29.520000,1639.344000,0.715887
25.584000,1252.304000,0.988287
17.712000,1194.576000,0.963097
20.336000,294.544000,1.659288
33.456000,707.824000,0.761250
32.144000,314.224000,0.774840
28.208000,2097.232000,0.861780
28.208000,2258.608000,1.077453
37.392000,594.992000,0.741780
28.208000,2753.232000,0.934652
7.216000,2728.304000,0.927013
13.776000,2410.800000,0.836928
20.336000,2980.208000,0.981667
34.768000,1279.856000,1.236699
13.776000,1968.656000,1.385503
11.152000,3045.808000,1.340849
21.648000,2408.176000,1.173927
29.520000,1640.656000,1.024264
4.592000,341.776000,1.039143
34.768000,3221.616000,0.696047
24.272000,819.344000,1.355052
11.152000,979.408000,1.451213
30.832000,630.416000,0.966540
36.080000,1916.176000,0.955939
30.832000,1090.928000,0.714666
28.208000,940.048000,0.677022
3.280000,2216.624000,0.726689
25.584000,51.824000,0.722011
7.216000,1925.360000,1.139192
21.648000,1530.448000,1.065226
36.080000,717.008000,0.929755
12.464000,848.208000,0.712738
1.968000,1550.128000,1.043059
11.152000,857.392000,1.005935
13.776000,1782.352000,1.025313
22.960000,853.456000,0.691646
32.144000,432.304000,0.677110
7.216000,1438.608000,1.191085
1.968000,1672.144000,0.908602
26.896000,572.688000,1.616266
34.768000,2136.592000,0.809099
29.520000,1038.448000,1.146659
16.400000,222.384000,0.898295
12.464000,68.880000,0.866135
37.392000,2914.608000,0.879006
33.456000,2981.520000,0.853721
29.520000,682.896000,0.976388
29.520000,1927.984000,0.694999
3.280000,1745.616000,0.676842
11.152000,2250.736000,0.915929
12.464000,839.024000,0.660532
28.208000,2017.200000,0.842727
36.080000,2517.072000,0.687672
22.960000,816.720000,0.892558
13.776000,2763.728000,2.012382
17.712000,501.840000,1.038596
30.832000,667.152000,0.960093
28.208000,2200.880000,0.772494
11.152000,2485.584000,0.874623
33.456000,1934.544000,0.993137
22.960000,1540.944000,0.809408
38.704000,2194.320000,0.756250
34.768000,1376.944000,0.820994
4.592000,2623.344000,1.106439
38.704000,2821.456000,1.930640
15.088000,2459.344000,0.997461
22.960000,1904.368000,0.870859
26.896000,1359.888000,1.362604
21.648000,1138.160000,0.839897
28.208000,698.640000,1.062783
5.904000,2296.656000,1.438832
26.896000,2287.472000,0.894491
15.088000,2884.432000,0.854476
5.904000,1909.616000,1.011412
29.520000,2615.472000,1.788171
19.024000,707.824000,0.992334
20.336000,1107.984000,0.772046
38.704000,493.968000,0.752703
34.768000,903.312000,0.656905
32.144000,755.056000,1.255059
1.968000,2678.448000,0.743022
1.968000,2801.776000,1.014050
8.528000,1327.088000,0.723860
26.896000,451.984000,0.775870
37.392000,1526.512000,1.255174
1.968000,1226.064000,0.836043
37.392000,564.816000,0.720181
17.712000,2105.104000,1.341273
32.144000,1760.048000,0.705465
5.904000,3180.944000,0.902268
38.704000,3166.512000,0.863531
30.832000,2471.152000,0.716307
24.272000,127.920000,0.899593
1.968000,877.072000,0.874704
20.336000,1648.528000,1.055078
29.520000,2194.320000,1.170338
3.280000,2095.920000,0.683582
15.088000,1742.992000,0.790515
28.208000,1757.424000,1.355727
0.656000,640.912000,0.806620
25.584000,2259.920000,0.807157
5.904000,2750.608000,1.336501
11.152000,1113.232000,1.523410
33.456000,1199.824000,0.717282
20.336000,2719.120000,0.896398
33.456000,2301.904000,1.273584
20.336000,59.696000,0.924035
38.704000,3003.824000,0.933748
3.280000,941.360000,1.230814
9.840000,2311.088000,0.863206
29.520000,1265.424000,1.001148
34.768000,1956.848000,0.755706
25.584000,2557.744000,0.900582
8.528000,2801.776000,0.929765
0.656000,2067.056000,1.017270
19.024000,966.288000,1.007717
28.208000,2842.448000,0.692309
20.336000,2410.800000,1.054525
38.704000,1879.440000,0.875443
3.280000,1573.744000,0.925636
20.336000,505.776000,0.880677
33.456000,2706.000000,1.453370
36.080000,3212.432000,0.884443
13.776000,2608.912000,0.806643
12.464000,1538.320000,1.193017
4.592000,798.352000,1.280824
13.776000,2515.760000,0.830629
16.400000,1075.184000,0.743851
25.584000,1437.296000,1.022049
0.656000,718.320000,1.472923
20.336000,1609.168000,0.819035
13.776000,310.288000,0.680965
38.704000,1749.552000,0.819216
29.520000,2358.320000,0.766477
30.832000,2822.768000,1.710644
11.152000,1215.568000,0.810481
11.152000,873.136000,0.888764
30.832000,378.512000,0.778356
12.464000,962.352000,0.754146
12.464000,2870.000000,1.309238
28.208000,2011.952000,0.779168
3.280000,2269.104000,0.795701
5.904000,770.800000,1.160092
32.144000,2993.328000,0.782591
33.456000,823.280000,1.004443
15.088000,648.784000,1.528476
20.336000,1529.136000,1.077209
36.080000,1992.272000,0.875014
21.648000,4.592000,1.335163
34.768000,399.504000,0.751326
13.776000,757.680000,0.694768
1.968000,626.480000,0.874319
12.464000,2153.648000,1.818916
13.776000,3023.504000,1.059322
19.024000,971.536000,1.051462
33.456000,2628.592000,1.113338
13.776000,854.768000,1.473965
20.336000,2064.432000,0.859318
33.456000,1643.280000,0.769772
25.584000,1313.968000,0.726554
0.656000,1844.016000,0.779775
0.656000,568.752000,0.783491
22.960000,3028.752000,2.052321
32.144000,1160.464000,0.926123
37.392000,2978.896000,1.277712
37.392000,1218.192000,0.996038
22.960000,866.576000,2.460268
19.024000,2228.432000,0.761984
22.960000,2429.168000,0.840611
29.520000,2608.912000,0.677867
28.208000,2850.320000,1.382886
0.656000,269.616000,0.899161
28.208000,20.336000,1.370160
3.280000,2787.344000,0.672636
8.528000,1404.496000,0.680634
7.216000,1270.672000,0.687721
8.528000,2635.152000,0.925970
11.152000,1359.888000,0.732350
9.840000,2978.896000,0.980025
20.336000,1045.008000,1.488373
24.272000,374.576000,1.110557
8.528000,1353.328000,0.864116
8.528000,799.664000,0.868834
21.648000,486.096000,0.805225
7.216000,1935.856000,1.016543
9.840000,2801.776000,0.984005
33.456000,232.880000,0.937184
7.216000,2004.080000,1.007529
34.768000,4.592000,0.765832
3.280000,697.328000,1.726464
8.528000,1437.296000,1.244499
19.024000,1111.920000,0.816627
8.528000,1908.304000,0.903853
22.960000,1399.248000,1.259920
5.904000,3148.144000,3.943373
7.216000,2807.024000,0.881897
15.088000,2934.288000,0.826884
1.968000,252.560000,0.746816
32.144000,2110.352000,0.886251
26.896000,2830.640000,1.501384
15.088000,837.712000,0.665962
38.704000,2707.312000,0.943624
1.968000,2618.096000,0.905388
30.832000,2140.528000,0.669536
4.592000,3145.520000,0.865748
33.456000,3132.400000,0.934705
38.704000,1291.664000,0.828701
25.584000,1796.784000,0.809504
19.024000,2008.016000,1.094312
32.144000,58.384000,1.183826
8.528000,2002.768000,0.749728
3.280000,2839.824000,0.836793
30.832000,341.776000,0.878266
16.400000,1101.424000,1.042543
33.456000,1952.912000,1.011955
38.704000,1537.008000,0.669272
25.584000,2712.560000,1.366506
13.776000,2153.648000,0.708380
19.024000,1905.680000,1.021705
22.960000,2506.576000,0.953069
38.704000,2627.280000,1.106580
0.656000,0.656000,0.905383
9.840000,381.136000,0.703662
8.528000,1418.928000,1.415234
32.144000,1344.144000,0.662152
3.280000,2493.456000,0.706742
21.648000,2133.968000,0.692123
22.960000,2712.560000,1.007437
28.208000,2035.568000,0.673494
15.088000,2137.904000,1.260774
30.832000,2923.792000,0.761038
4.592000,2174.640000,0.734099
0.656000,2542.000000,0.999453
28.208000,1143.408000,0.782983
7.216000,2139.216000,0.796323
4.592000,748.496000,0.742257
8.528000,623.856000,0.848957
4.592000,2276.976000,1.208051
29.520000,3184.880000,0.906786
33.456000,2595.792000,1.533640
7.216000,1168.336000,1.460878
3.280000,928.240000,0.865346
28.208000,2805.712000,0.836542
38.704000,2691.568000,0.832119
5.904000,1312.656000,0.734325
9.840000,1753.488000,0.729620
30.832000,370.640000,0.731157
29.520000,1829.584000,1.171224
8.528000,1373.008000,0.744014
1.968000,1706.256000,0.738369
22.960000,1153.904000,0.726184
21.648000,2690.256000,1.123899
12.464000,2649.584000,1.121451
1.968000,2581.360000,0.837404
21.648000,497.904000,0.704741
28.208000,857.392000,0.757480
29.520000,1634.096000,0.694767
4.592000,1689.200000,0.706876
12.464000,816.720000,0.709292
26.896000,2417.360000,0.732017
7.216000,2847.696000,0.976938
38.704000,1270.672000,0.940360
19.024000,1945.040000,1.041039
19.024000,677.648000,0.754628
1.968000,619.920000,1.077584
20.336000,137.104000,0.747541
36.080000,268.304000,2.006676
16.400000,1424.176000,0.682982
13.776000,3070.736000,0.681870
15.088000,2447.536000,0.877093
20.336000,629.104000,1.961031
17.712000,1739.056000,1.404207
30.832000,1252.304000,0.734121
1.968000,1934.544000,0.884773
36.080000,2427.856000,0.656546
17.712000,387.696000,0.742399
36.080000,1922.736000,0.675777
9.840000,470.352000,0.804799
3.280000,2013.264000,0.722393
38.704000,929.552000,0.842606
29.520000,1462.224000,1.221706
21.648000,791.792000,0.709570
0.656000,953.168000,1.405197
33.456000,591.056000,0.874481
28.208000,979.408000,1.360164
15.088000,1569.808000,0.675727
13.776000,2164.144000,0.865822
36.080000,1546.192000,0.808794
11.152000,703.888000,0.731538
1.968000,2273.040000,1.151407
29.520000,1694.448000,1.001667
11.152000,1812.528000,0.778101
13.776000,3062.864000,0.857450
32.144000,2744.048000,0.679741
1.968000,1407.120000,1.065528
34.768000,2271.728000,0.905377
3.280000,1669.520000,0.982771
36.080000,2288.784000,1.029959
36.080000,905.936000,0.867272
8.528000,274.864000,0.880396
19.024000,72.816000,0.875692
34.768000,1771.856000,1.036939
20.336000,472.976000,0.799167
25.584000,1327.088000,0.666273
25.584000,589.744000,1.360466
36.080000,1619.664000,0.978429
8.528000,2768.976000,1.568968
3.280000,333.904000,0.699189
30.832000,139.728000,1.275533
20.336000,550.384000,0.689350
26.896000,314.224000,1.084973
17.712000,2009.328000,0.689301
36.080000,1498.960000,0.794204
36.080000,274.864000,0.924948
8.528000,1472.720000,0.846124
30.832000,1882.064000,1.007553
16.400000,827.216000,1.338387
8.528000,693.392000,0.925750
19.024000,3170.448000,1.013932
26.896000,3072.048000,0.763493
33.456000,764.240000,1.062492
20.336000,1741.680000,1.302302
15.088000,1404.496000,0.727724
36.080000,1622.288000,1.109843
9.840000,2820.144000,0.750952
21.648000,2948.720000,0.680103
16.400000,1391.376000,0.961577
9.840000,2926.416000,0.904316
34.768000,2425.232000,0.719391
24.272000,1063.376000,0.706537
34.768000,2572.176000,0.884692
29.520000,1508.144000,0.702531
30.832000,665.840000,1.034347
13.776000,240.752000,0.664065
4.592000,1972.592000,0.766114
28.208000,720.944000,0.692868
12.464000,831.152000,0.669768
26.896000,2057.872000,1.102816
4.592000,2405.552000,0.904403
30.832000,785.232000,0.705450
7.216000,1397.936000,0.940550
17.712000,1126.352000,0.755748
1.968000,1113.232000,1.206780
12.464000,638.288000,1.176771
9.840000,2141.840000,1.163594
32.144000,992.528000,0.667728
5.904000,2032.944000,0.848114
8.528000,1710.192000,1.080955
3.280000,3078.608000,0.766037
20.336000,924.304000,0.769681
1.968000,1470.096000,0.754048
37.392000,1968.656000,0.829133
22.960000,1790.224000,1.935335
7.216000,2535.440000,0.963022
22.960000,671.088000,0.784537
12.464000,841.648000,1.049298
19.024000,3148.144000,1.155579
17.712000,1185.392000,0.826999
26.896000,1396.624000,1.046461
9.840000,1299.536000,1.077452
13.776000,2469.840000,0.750874
32.144000,1464.848000,1.570660
32.144000,1631.472000,0.774132
20.336000,450.672000,0.695393
8.528000,3054.992000,0.807262
16.400000,1555.376000,0.667584
20.336000,1943.728000,1.168440
3.280000,2914.608000,0.692343
28.208000,684.208000,0.657347
15.088000,1537.008000,0.686487
12.464000,1035.824000,1.017812
11.152000,2560.368000,0.681365
28.208000,856.080000,1.003316
30.832000,1787.600000,0.975379
8.528000,2583.984000,1.178486
5.904000,1344.144000,0.863850
22.960000,3204.560000,0.724533
0.656000,3051.056000,1.017104
7.216000,2338.640000,0.672830
19.024000,844.272000,0.888271
20.336000,2616.784000,0.715296
0.656000,406.064000,1.000071
11.152000,2524.944000,1.373560
0.656000,1917.488000,1.269798
32.144000,1903.056000,0.703385
30.832000,1875.504000,0.779419
12.464000,2915.920000,1.237938
26.896000,2706.000000,1.247060
17.712000,162.032000,1.146124
4.592000,2368.816000,0.708877
7.216000,657.968000,1.498379
38.704000,2616.784000,0.835882
37.392000,1540.944000,0.669821
34.768000,1126.352000,0.831198
24.272000,575.312000,1.035527
11.152000,3040.560000,0.775670
25.584000,1948.976000,1.716055
21.648000,2847.696000,1.490329
37.392000,2845.072000,0.807772
28.208000,2152.336000,1.165885
13.776000,432.304000,1.237137
4.592000,601.552000,0.944308
11.152000,2981.520000,0.876659
21.648000,76.752000,0.762988
29.520000,273.552000,0.719901
7.216000,2918.544000,0.719684
30.832000,1299.536000,0.888838
30.832000,853.456000,1.010466
17.712000,2859.504000,1.089421
24.272000,756.368000,0.826109
1.968000,2013.264000,0.713177
12.464000,185.648000,0.944624
9.840000,2416.048000,0.962498
13.776000,1202.448000,0.662176
30.832000,163.344000,0.982604
38.704000,707.824000,0.687647
9.840000,1216.880000,0.705664
22.960000,1412.368000,0.825570
30.832000,563.504000,1.060666
11.152000,2332.080000,0.720424
4.592000,1203.760000,1.109011
0.656000,2080.176000,0.869904
34.768000,961.040000,0.834842
25.584000,1201.136000,1.007464
21.648000,1403.184000,1.097070
34.768000,1467.472000,0.706941
1.968000,1578.992000,0.725922
4.592000,2046.064000,0.830844
29.520000,728.816000,0.689596
8.528000,824.592000,1.022380
12.464000,1617.040000,0.736829
24.272000,1332.336000,1.042726
33.456000,413.936000,1.504006
21.648000,1451.728000,0.735834
4.592000,1850.576000,0.933475
11.152000,490.032000,0.815112
9.840000,2175.952000,0.814762
33.456000,1502.896000,0.663769
26.896000,2202.192000,0.844736
29.520000,2240.240000,0.702998
32.144000,2077.552000,0.820216
9.840000,1757.424000,0.729649
20.336000,3163.888000,1.185006
21.648000,1195.888000,0.722011
5.904000,404.752000,0.782173
13.776000,1976.528000,1.054467
30.832000,1823.024000,2.047874
5.904000,249.936000,0.872164
11.152000,61.008000,1.010076
28.208000,1502.896000,1.139335
20.336000,101.680000,0.883120
17.712000,13.776000,0.946044
19.024000,3188.816000,1.100103
36.080000,1683.952000,0.680648
17.712000,1222.128000,0.753480
15.088000,1627.536000,1.488527
22.960000,857.392000,0.778367
15.088000,1766.608000,0.808064
32.144000,1363.824000,1.295638
25.584000,2887.056000,1.182867
26.896000,3136.336000,0.739576
8.528000,717.008000,0.862814
15.088000,625.168000,1.059396
1.968000,3094.352000,0.744726
36.080000,2747.984000,0.892612
22.960000,1073.872000,0.813407
3.280000,38.704000,0.719185
22.960000,1602.608000,0.665715
21.648000,2196.944000,1.068304
33.456000,892.816000,0.687097
34.768000,2763.728000,1.060129
4.592000,555.632000,0.985247
7.216000,1888.624000,0.833759
34.768000,943.984000,0.670093
21.648000,2602.352000,1.402887
29.520000,2606.288000,2.738197
1.968000,2383.248000,0.977185
22.960000,2734.864000,1.741745
38.704000,2278.288000,1.012309
38.704000,1311.344000,2.195731
34.768000,2130.032000,0.749043
13.776000,2946.096000,0.849279
11.152000,2792.592000,1.166036
34.768000,2078.864000,1.529843
22.960000,248.624000,0.822585
30.832000,142.352000,0.855943
3.280000,579.248000,0.665125
33.456000,1471.408000,0.664037
29.520000,1901.744000,0.739190
17.712000,257.808000,0.815536
28.208000,3158.640000,0.843416
0.656000,1390.064000,1.112109
36.080000,1174.896000,0.681293
38.704000,2233.680000,0.875578
36.080000,1493.712000,0.694085
30.832000,3094.352000,1.061558
29.520000,2582.672000,0.735055
13.776000,953.168000,0.825208
24.272000,335.216000,0.811639
5.904000,1971.280000,1.522980
26.896000,1508.144000,0.832646
20.336000,566.128000,1.153671
11.152000,1708.880000,0.766462
3.280000,147.600000,1.048381
20.336000,564.816000,0.706522
11.152000,1308.720000,2.179405
34.768000,2608.912000,1.464462
17.712000,789.168000,1.058604
26.896000,270.928000,0.656866
3.280000,2266.480000,0.791332
38.704000,1269.360000,1.121346
25.584000,1699.696000,0.766820
3.280000,953.168000,1.472040
13.776000,3106.160000,1.173085
15.088000,3133.712000,0.778120
7.216000,774.736000,0.750551
24.272000,887.568000,1.014746
4.592000,2493.456000,2.361043
34.768000,1270.672000,0.774292
0.656000,702.576000,1.320235
33.456000,1167.024000,1.141388
26.896000,1488.464000,1.423332
33.456000,162.032000,1.221462
8.528000,63.632000,0.676477
0.656000,168.592000,0.791201
3.280000,389.008000,0.738603
38.704000,1973.904000,0.821072
9.840000,1924.048000,0.918352
7.216000,2025.072000,1.050029
17.712000,1420.240000,0.679423
20.336000,3002.512000,1.015036
25.584000,137.104000,1.091494
37.392000,789.168000,0.827916
7.216000,1046.320000,0.917614
4.592000,1547.504000,1.422951
26.896000,1205.072000,0.727481
34.768000,3056.304000,2.062057
12.464000,916.432000,0.699086
29.520000,2723.056000,1.109933
26.896000,1828.272000,0.736775
15.088000,782.608000,0.762552
12.464000,2911.984000,0.755533
7.216000,1537.008000,1.036497
32.144000,1649.840000,0.971251
16.400000,1408.432000,0.952264
22.960000,2067.056000,0.669149
16.400000,1063.376000,1.272234
26.896000,816.720000,0.797779
24.272000,1039.760000,0.958739
0.656000,1802.032000,0.900018
8.528000,925.616000,0.695852
0.656000,2127.408000,0.949460
25.584000,571.376000,1.443054
20.336000,3124.528000,1.468235
1.968000,1194.576000,0.796608
24.272000,1394.000000,0.828370
32.144000,2606.288000,0.916054
11.152000,1328.400000,0.733645
8.528000,2709.936000,0.755264
9.840000,2379.312000,1.397041
33.456000,192.208000,1.145748
37.392000,3150.768000,0.908947
36.080000,669.776000,1.937013
34.768000,735.376000,1.517542
22.960000,2957.904000,1.110661
7.216000,1184.080000,0.977106
38.704000,1866.320000,0.706816
8.528000,1370.384000,0.831772
4.592000,207.952000,1.471475
20.336000,3026.128000,1.297713
20.336000,1475.344000,0.793233
0.656000,2093.296000,1.482680
34.768000,739.312000,1.327962
24.272000,121.360000,1.142854
19.024000,26.896000,1.134073
25.584000,2595.792000,1.058823
24.272000,857.392000,0.927069
9.840000,2995.952000,0.868217
33.456000,1883.376000,0.665306
0.656000,1895.184000,0.669939
11.152000,1310.032000,1.223688
22.960000,2812.272000,0.828627
22.960000,2932.976000,1.067778
4.592000,3083.856000,0.918738
8.528000,2948.720000,1.464462
11.152000,567.440000,0.911478
24.272000,260.432000,0.810444
34.768000,3156.016000,0.796119
34.768000,621.232000,0.682445
16.400000,59.696000,0.847062
36.080000,954.480000,0.819033
38.704000,890.192000,0.853161
1.968000,280.112000,1.521813
22.960000,550.384000,1.610902
37.392000,1909.616000,0.985449
24.272000,1102.736000,1.037901
15.088000,1576.368000,1.179388
7.216000,3031.376000,0.738481
12.464000,1593.424000,0.971217
20.336000,1922.736000,0.797054
15.088000,2973.648000,1.358952
15.088000,926.928000,0.678290
38.704000,2451.472000,1.128987
30.832000,2139.216000,0.937183
33.456000,1107.984000,0.959650
33.456000,377.200000,0.749007
34.768000,1858.448000,0.921913
1.968000,959.728000,0.703487
3.280000,2490.832000,1.309664
33.456000,160.720000,0.924242
33.456000,1589.488000,0.749389
36.080000,444.112000,0.717982
36.080000,1376.944000,1.022743
8.528000,242.064000,1.638155
9.840000,2850.320000,1.071494
29.520000,2948.720000,1.115398
30.832000,1561.936000,0.851259
34.768000,1833.520000,1.025241
12.464000,1233.936000,1.160178
36.080000,1047.632000,1.158996
25.584000,2464.592000,0.752198
26.896000,1635.408000,1.092408
15.088000,1041.072000,1.645593
30.832000,1189.328000,1.069576
19.024000,2930.352000,0.924492
11.152000,1551.440000,0.771933
7.216000,2223.184000,1.827196
13.776000,2573.488000,1.187426
13.776000,2543.312000,1.035271
24.272000,513.648000,1.135947
29.520000,408.688000,1.264934
15.088000,686.832000,0.919600
21.648000,860.016000,0.751327
32.144000,2749.296000,1.056108
22.960000,1509.456000,1.076657
5.904000,2193.008000,0.773304
34.768000,2674.512000,1.084228
33.456000,333.904000,0.984526
30.832000,1169.648000,1.040973
19.024000,2872.624000,1.214977
17.712000,2524.944000,0.951874
7.216000,2279.600000,0.814750
15.088000,2294.032000,1.230028
34.768000,235.504000,0.906093
4.592000,76.752000,0.737937
21.648000,3.280000,0.721127
19.024000,1025.328000,1.617850
19.024000,1947.664000,1.313792
16.400000,423.120000,1.359628
33.456000,243.376000,1.651310
32.144000,1542.256000,0.846207
7.216000,1214.256000,0.732352
1.968000,1235.248000,0.733237
1.968000,2056.560000,0.728504
25.584000,844.272000,1.247075
13.776000,2757.168000,1.424804
37.392000,972.848000,1.711299
36.080000,2967.088000,1.020156
11.152000,1195.888000,0.783992
34.768000,155.472000,0.757690
24.272000,1147.344000,1.751482
24.272000,2986.768000,1.225559
22.960000,618.608000,1.147596
16.400000,139.728000,1.019983
19.024000,2059.184000,0.891047
15.088000,1096.176000,0.918103
29.520000,546.448000,1.318554
7.216000,2050.000000,1.698492
26.896000,559.568000,0.856006
9.840000,629.104000,0.945827
28.208000,2799.152000,1.514524
16.400000,1943.728000,1.549879
11.152000,2500.016000,0.682366
32.144000,2116.912000,1.183526
32.144000,2997.264000,1.725389
37.392000,3010.384000,0.677132
30.832000,2894.928000,0.709181
20.336000,2018.512000,0.803870
29.520000,1424.176000,1.141584
25.584000,2009.328000,0.790682
8.528000,1969.968000,1.042609
4.592000,2978.896000,0.656194
34.768000,1363.824000,0.960230
32.144000,2703.376000,0.875234
12.464000,2936.912000,0.896849
16.400000,2524.944000,0.895524
22.960000,2889.680000,0.833350
7.216000,207.952000,1.124688
25.584000,2177.264000,0.830647
5.904000,3024.816000,0.883264
16.400000,2822.768000,0.784193
37.392000,448.048000,0.787776
9.840000,2505.264000,0.795614
32.144000,1438.608000,1.409707
1.968000,701.264000,0.913895
4.592000,2311.088000,0.689511
21.648000,365.392000,0.843170
13.776000,1921.424000,1.911086
37.392000,2139.216000,2.245343
21.648000,2312.400000,0.777546
22.960000,3137.648000,0.692594
37.392000,1283.792000,0.899714
24.272000,2011.952000,1.394603
36.080000,875.760000,0.748731
13.776000,3169.136000,1.249510
13.776000,1673.456000,0.693242
9.840000,2290.096000,0.804408
16.400000,2078.864000,0.797487
26.896000,2539.376000,0.870133
11.152000,1934.544000,1.185869
15.088000,1289.040000,0.664174
32.144000,2172.016000,1.039669
5.904000,554.320000,1.070180
37.392000,1670.832000,1.011191
1.968000,932.176000,0.857781
38.704000,1266.736000,0.729265
13.776000,2892.304000,1.319053
13.776000,1601.296000,0.950315
16.400000,446.736000,1.347821
13.776000,234.192000,1.793430
22.960000,2151.024000,0.695347
24.272000,1088.304000,0.884471
28.208000,2043.440000,1.327999
17.712000,177.776000,0.937393
22.960000,213.200000,1.775566
7.216000,162.032000,0.805109
8.528000,1736.432000,0.705847
19.024000,1971.280000,1.042005
5.904000,2856.880000,0.815578
8.528000,1341.520000,0.713762
7.216000,2551.184000,1.070571
20.336000,1518.640000,0.734496
16.400000,719.632000,0.894449
1.968000,1742.992000,2.001589
38.704000,2880.496000,0.756446
25.584000,1887.312000,1.367039
30.832000,1367.760000,0.722772
36.080000,881.008000,1.060408
32.144000,1787.600000,0.859628
3.280000,529.392000,0.765377
0.656000,1770.544000,1.557079
0.656000,1732.496000,1.406026
32.144000,2300.592000,0.724396
15.088000,1712.816000,0.733169
15.088000,158.096000,1.281168
32.144000,2328.144000,0.670872
33.456000,335.216000,0.668745
37.392000,2132.656000,0.656423
7.216000,735.376000,0.695015
4.592000,2485.584000,1.175360
38.704000,1938.480000,0.675437
34.768000,2564.304000,0.705556
5.904000,2998.576000,1.082701
12.464000,810.160000,0.832205
0.656000,789.168000,0.747671
21.648000,961.040000,0.679743
15.088000,922.992000,0.856799
22.960000,2535.440000,0.971331
17.712000,710.448000,0.659081
13.776000,1527.824000,1.780772
8.528000,2416.048000,0.669737
24.272000,3208.496000,0.880802
19.024000,1588.176000,0.695484
21.648000,1807.280000,0.772775
37.392000,1669.520000,1.017927
21.648000,2410.800000,1.755067
36.080000,2187.760000,0.906534
34.768000,690.768000,1.033997
1.968000,2938.224000,0.831944
28.208000,1353.328000,1.062760
13.776000,1512.080000,1.350716
26.896000,2612.848000,0.683904
24.272000,210.576000,0.897378
38.704000,3081.232000,0.774465
1.968000,1224.752000,1.815255
0.656000,3086.480000,1.299107
38.704000,1813.840000,0.807539
17.712000,134.480000,0.798323
8.528000,1177.520000,0.834869
22.960000,2185.136000,1.284279
20.336000,196.144000,0.879181
12.464000,2004.080000,1.633473
22.960000,1363.824000,0.830271
37.392000,1951.600000,0.672202
17.712000,678.960000,0.695271
3.280000,2942.160000,0.922060
0.656000,1918.800000,0.689519
9.840000,24.272000,1.151965
20.336000,1942.416000,0.771608
5.904000,2726.992000,1.218195
19.024000,2379.312000,0.977319
22.960000,928.240000,1.028771
20.336000,719.632000,0.869001
28.208000,410.000000,0.716274
32.144000,2973.648000,1.077200
28.208000,1979.152000,0.763017
29.520000,1886.000000,0.713736
3.280000,2864.752000,1.342356
1.968000,926.928000,1.742389
9.840000,2695.504000,0.738145
4.592000,1090.928000,0.857708
29.520000,457.232000,0.908221
13.776000,2458.032000,1.216070
17.712000,2233.680000,1.374827
0.656000,2657.456000,0.740312
20.336000,2381.936000,1.475059
26.896000,1009.584000,0.696111
12.464000,340.464000,1.251416
5.904000,1327.088000,0.666604
12.464000,2632.528000,1.314235
15.088000,659.280000,0.721078
30.832000,782.608000,2.227991
37.392000,644.848000,0.838960
32.144000,92.496000,1.375741
0.656000,1677.392000,1.314381
9.840000,137.104000,1.358192
5.904000,1963.408000,0.659033
15.088000,2384.560000,0.960946
24.272000,3158.640000,0.832186
20.336000,1253.616000,0.691522
29.520000,520.208000,0.880835
13.776000,2807.024000,0.679676
16.400000,1745.616000,1.254221
37.392000,500.528000,0.675321
5.904000,853.456000,0.669162
8.528000,2090.672000,1.095446
5.904000,236.816000,0.759977
3.280000,1943.728000,0.803178
22.960000,533.328000,0.802841
32.144000,614.672000,0.826323
30.832000,32.144000,0.745811
9.840000,947.920000,1.175971
9.840000,3036.624000,1.009323
30.832000,570.064000,1.199356
0.656000,2679.760000,0.685653
29.520000,2362.256000,0.851959
5.904000,634.352000,1.286617
24.272000,2471.152000,1.019020
34.768000,2110.352000,1.076684
3.280000,940.048000,0.679710
12.464000,2065.744000,0.972161
28.208000,2711.248000,0.954151
20.336000,1685.264000,1.095989
30.832000,709.136000,0.927729
22.960000,2174.640000,1.068588
15.088000,3201.936000,0.706542
4.592000,1900.432000,0.933213
5.904000,932.176000,1.307904
15.088000,1871.568000,0.659868
11.152000,1115.856000,0.934023
0.656000,1779.728000,1.326791
5.904000,1035.824000,0.804023
30.832000,186.960000,0.670041
38.704000,1157.840000,1.763270
8.528000,2402.928000,0.785203
37.392000,2667.952000,0.982641
20.336000,2095.920000,0.734771
8.528000,2799.152000,0.714759
9.840000,688.144000,0.905522
37.392000,1858.448000,0.762265
36.080000,2801.776000,2.179301
8.528000,1870.256000,1.869597
15.088000,155.472000,0.672336
5.904000,2174.640000,1.364151
19.024000,579.248000,0.749579
15.088000,596.304000,0.670836
8.528000,505.776000,0.928375
29.520000,51.824000,0.697326
29.520000,1383.504000,0.705658
17.712000,825.904000,1.304615
7.216000,1538.320000,0.836250
13.776000,514.960000,0.715150
38.704000,2484.272000,1.046220
4.592000,490.032000,1.044420
34.768000,845.584000,0.852154
24.272000,1004.336000,0.878641
29.520000,1425.488000,0.756817
29.520000,2273.040000,0.686323
15.088000,928.240000,0.941157
16.400000,833.776000,0.825688
37.392000,2942.160000,0.763340
11.152000,2829.328000,1.241041
24.272000,564.816000,1.059106
12.464000,873.136000,0.676063
26.896000,2004.080000,0.756218
9.840000,366.704000,1.068140
20.336000,1047.632000,0.772375
26.896000,2172.016000,0.880297
13.776000,1350.704000,0.744234
22.960000,225.008000,0.920367
7.216000,1790.224000,1.109041
29.520000,20.336000,0.749358
28.208000,1903.056000,0.760781
7.216000,1278.544000,1.380642
24.272000,3100.912000,0.698693
13.776000,1596.048000,0.931206
20.336000,2531.504000,0.880195
22.960000,879.696000,0.666030
32.144000,1346.768000,0.811401
22.960000,610.736000,0.695009
5.904000,2046.064000,0.661423
0.656000,362.768000,0.932443
1.968000,2847.696000,0.729990
13.776000,2501.328000,1.003069
22.960000,2767.664000,0.674122
17.712000,2902.800000,1.134470
15.088000,2120.848000,0.849644
0.656000,656.656000,1.091553
5.904000,1257.552000,0.850731
22.960000,1588.176000,2.086220
5.904000,1089.616000,1.288643
15.088000,482.160000,1.219430
13.776000,2547.248000,1.396374
24.272000,585.808000,0.838490
0.656000,597.616000,1.116256
12.464000,1122.416000,0.898822
19.024000,795.728000,1.178593
37.392000,1109.296000,1.343886
0.656000,1105.360000,1.062613
12.464000,2867.376000,0.828035
20.336000,2358.320000,0.794139
26.896000,2859.504000,0.886698
29.520000,3043.184000,0.721073
20.336000,2801.776000,1.312999
28.208000,938.736000,0.735756
9.840000,1194.576000,0.723229
22.960000,341.776000,0.666779
37.392000,2404.240000,0.718923
0.656000,2526.256000,0.691675
1.968000,2955.280000,0.783013
30.832000,442.800000,0.674956
12.464000,2542.000000,0.664664
22.960000,1724.624000,0.705628
15.088000,1687.888000,1.192622
3.280000,2906.736000,0.662488
21.648000,2391.120000,1.064319
34.768000,1618.352000,0.937169
3.280000,2817.520000,0.703570
19.024000,2639.088000,1.096687
26.896000,165.968000,1.231079
29.520000,2758.480000,0.734409
34.768000,1676.080000,1.012725
0.656000,2984.144000,0.751722
21.648000,1605.232000,0.993776
7.216000,1232.624000,0.871294
38.704000,1492.400000,0.900670
16.400000,1632.784000,0.696046
22.960000,2589.232000,0.971441
26.896000,1130.288000,0.963270
24.272000,705.200000,0.770962
15.088000,1092.240000,0.709454
5.904000,370.640000,0.717817
22.960000,64.944000,0.856246
34.768000,282.736000,0.752632
5.904000,2635.152000,0.801006
12.464000,1026.640000,0.940837
1.968000,2437.040000,0.695934
20.336000,3196.688000,1.588067
3.280000,2375.376000,0.782951
30.832000,1037.136000,0.751467
24.272000,2523.632000,0.784975
16.400000,2849.008000,1.158328
29.520000,575.312000,1.777354
4.592000,127.920000,0.707504
24.272000,2858.192000,0.750800
38.704000,1934.544000,0.841520
20.336000,602.864000,1.035861
28.208000,1395.312000,0.911562
4.592000,2406.864000,0.656117
0.656000,1003.024000,0.715756
34.768000,2745.360000,0.856502
9.840000,1400.560000,0.881534
8.528000,1798.096000,0.702534
8.528000,1960.784000,0.678106
37.392000,1136.848000,0.901832
22.960000,4.592000,0.696412
37.392000,619.920000,0.687822
20.336000,1875.504000,1.304453
13.776000,1317.904000,0.762190
22.960000,1820.400000,0.742415
21.648000,2014.576000,0.657149
38.704000,943.984000,0.801725
33.456000,539.888000,0.726739
24.272000,730.128000,0.846678
32.144000,2055.248000,1.102104
0.656000,2421.296000,0.716647
29.520000,2595.792000,1.543457
3.280000,487.408000,0.669136
5.904000,2656.144000,1.080834
33.456000,1397.936000,0.714832
32.144000,896.752000,1.235982
32.144000,197.456000,0.716526
25.584000,2417.360000,0.820185
11.152000,1104.048000,0.756833
13.776000,214.512000,0.703796
25.584000,743.248000,0.718815
33.456000,2770.288000,0.726727
17.712000,1855.824000,0.873425
26.896000,1879.440000,1.608677
5.904000,2543.312000,0.662844
12.464000,1354.640000,0.777903
36.080000,2847.696000,0.702971
33.456000,1031.888000,0.951511
8.528000,2250.736000,0.730428
37.392000,3016.944000,0.828736
7.216000,762.928000,0.902812
17.712000,1889.936000,0.854959
16.400000,2700.752000,0.661160
7.216000,2111.664000,0.723608
12.464000,1547.504000,1.569965
3.280000,3162.576000,0.831390
15.088000,3194.064000,1.382046
19.024000,1769.232000,0.746079
7.216000,2101.168000,0.680831
11.152000,1228.688000,0.662730
37.392000,366.704000,0.834650
15.088000,3159.952000,1.590553
3.280000,1240.496000,0.846216
4.592000,3198.000000,0.736103
22.960000,2130.032000,0.749531
30.832000,2128.720000,0.940795
4.592000,1323.152000,0.660754
16.400000,1438.608000,0.775188
17.712000,1405.808000,0.700075
22.960000,848.208000,1.143691
30.832000,465.104000,1.744845
3.280000,1779.728000,1.343485
37.392000,2881.808000,0.737488
13.776000,2378.000000,0.725032
17.712000,118.736000,0.794708
32.144000,2751.920000,0.804406
13.776000,143.664000,0.910419
5.904000,2681.072000,0.670334
36.080000,545.136000,0.995162
8.528000,2488.208000,0.671613
12.464000,713.072000,0.677457
37.392000,558.256000,0.658343
25.584000,1624.912000,0.730723
34.768000,2124.784000,0.690634
21.648000,2709.936000,0.687725
4.592000,526.768000,0.833055
11.152000,266.992000,0.673766
38.704000,2793.904000,0.857532
3.280000,236.816000,0.696558
26.896000,2324.208000,0.756866
24.272000,3095.664000,0.699510
36.080000,305.040000,0.760123
7.216000,713.072000,0.898999
8.528000,293.232000,0.696825
33.456000,3121.904000,1.430912
36.080000,123.984000,1.236103
34.768000,2234.992000,0.711418
11.152000,2143.152000,0.673434
5.904000,2561.680000,1.287129
4.592000,1388.752000,0.725505
7.216000,2141.840000,0.762437
37.392000,193.520000,0.938555
22.960000,2875.248000,0.887543
13.776000,2885.744000,1.889956
26.896000,2300.592000,0.887426
25.584000,3051.056000,1.622558
37.392000,961.040000,1.708539
13.776000,1055.504000,0.777245
25.584000,1379.568000,0.855612
13.776000,91.184000,0.728612
25.584000,3028.752000,0.657142
28.208000,2115.600000,1.026639
16.400000,101.680000,0.692860
36.080000,1878.128000,0.986150
15.088000,1740.368000,0.933804
5.904000,2881.808000,0.748171
25.584000,3048.432000,0.657381
1.968000,3045.808000,0.673741
3.280000,554.320000,1.115626
37.392000,684.208000,0.821153
3.280000,1281.168000,1.026210
29.520000,3103.536000,0.966565
8.528000,1626.224000,0.789116
21.648000,2477.712000,0.872065
9.840000,1328.400000,0.857236
15.088000,2102.480000,0.784789
16.400000,1463.536000,0.904230
34.768000,2632.528000,0.933149
25.584000,1786.288000,1.571820
37.392000,1289.040000,1.395519
3.280000,3173.072000,0.778164
33.456000,1987.024000,0.796844
11.152000,2755.856000,0.854174
33.456000,272.240000,0.682026
15.088000,1683.952000,0.875193
38.704000,2070.992000,0.839594
36.080000,1332.336000,1.176933
8.528000,365.392000,0.841704
24.272000,1687.888000,0.680648
20.336000,2333.392000,1.045384
11.152000,294.544000,0.953515
4.592000,1227.376000,1.406487
22.960000,406.064000,1.057408
16.400000,1270.672000,1.325217
29.520000,1189.328000,1.238811
38.704000,566.128000,1.140330
24.272000,2315.024000,2.180091
32.144000,492.656000,1.162957
13.776000,474.288000,0.761002
28.208000,350.960000,1.310317
3.280000,993.840000,1.128863
22.960000,865.264000,1.538108
7.216000,1382.192000,1.152947
38.704000,2094.608000,0.673706
34.768000,1518.640000,1.294781
1.968000,2526.256000,0.769128
17.712000,1408.432000,0.664525
5.904000,1376.944000,0.686996
4.592000,2833.264000,0.986364
36.080000,2367.504000,1.130885
20.336000,728.816000,0.764599
29.520000,3052.368000,0.925025
13.776000,261.744000,1.877817
13.776000,2249.424000,1.000206
4.592000,410.000000,1.183089
24.272000,2448.848000,1.070869
16.400000,913.808000,1.084608
25.584000,853.456000,0.666430
30.832000,2522.320000,0.802636
34.768000,99.056000,0.666414
34.768000,2001.456000,1.184880
17.712000,2887.056000,1.189812
8.528000,534.640000,1.035636
33.456000,3011.696000,1.094171
20.336000,2006.704000,0.899480
1.968000,9.840000,0.711618
3.280000,2944.784000,0.834591
17.712000,3180.944000,2.414936
36.080000,3183.568000,1.357533
4.592000,200.080000,1.250660
22.960000,2136.592000,0.714896
12.464000,244.688000,0.842821
15.088000,2808.336000,1.223354
5.904000,656.656000,0.930546
20.336000,1353.328000,0.881812
19.024000,1851.888000,0.876806
12.464000,745.872000,1.860337
36.080000,3110.096000,0.986214
7.216000,2311.088000,0.832732
17.712000,2957.904000,0.957537
26.896000,668.464000,1.147102
16.400000,592.368000,0.698819
12.464000,2556.432000,0.847047
19.024000,2301.904000,1.007088
26.896000,1863.696000,0.811570
17.712000,2517.072000,0.833326
30.832000,2360.944000,0.683232
13.776000,1197.200000,1.230644
28.208000,1837.456000,1.388352
28.208000,1855.824000,0.698903
3.280000,1143.408000,0.942480
16.400000,2947.408000,0.698132
29.520000,797.040000,0.980022
22.960000,922.992000,0.666074
12.464000,1079.120000,0.726465
8.528000,891.504000,1.102165
4.592000,336.528000,1.084919
24.272000,3104.848000,1.270614
36.080000,2488.208000,1.908645
12.464000,336.528000,2.404968
20.336000,1338.896000,0.831430
13.776000,336.528000,1.109410
0.656000,2095.920000,0.657587
26.896000,1815.152000,0.741316
17.712000,842.960000,0.924310
28.208000,941.360000,0.880081
0.656000,366.704000,1.112878
29.520000,2715.184000,1.440488
25.584000,1929.296000,1.470571
15.088000,1047.632000,0.691878
26.896000,340.464000,0.912026
38.704000,2867.376000,0.803135
22.960000,2381.936000,1.073425
5.904000,2961.840000,0.944902
13.776000,1156.528000,1.177972
13.776000,1824.336000,1.171984
3.280000,2128.720000,0.730118
5.904000,2763.728000,0.708803
33.456000,790.480000,0.940217
17.712000,1711.504000,0.708970
0.656000,2805.712000,1.773273
32.144000,2122.160000,0.872676
8.528000,2804.400000,0.810982
32.144000,2890.992000,0.794892
33.456000,1332.336000,0.699738
5.904000,1235.248000,1.034922
38.704000,2362.256000,1.104289
12.464000,179.088000,2.062372
16.400000,2669.264000,1.533616
30.832000,1748.240000,0.876675
5.904000,205.328000,0.724354
1.968000,1701.008000,0.673459
22.960000,2413.424000,0.889850
21.648000,1576.368000,0.826779
1.968000,1075.184000,0.861258
0.656000,1997.520000,1.284295
11.152000,3184.880000,0.917661
22.960000,2212.688000,0.880069
13.776000,2761.104000,1.319572
15.088000,1338.896000,0.680512
22.960000,437.552000,1.457982
4.592000,1475.344000,0.817664
16.400000,123.984000,0.803915
25.584000,329.968000,0.801411
28.208000,1866.320000,1.120913
38.704000,3028.752000,0.972403
4.592000,430.992000,0.846918
25.584000,770.800000,0.888578
36.080000,2555.120000,0.701027
32.144000,3077.296000,0.839224
8.528000,2011.952000,0.685151
16.400000,1164.400000,0.986826
19.024000,2795.216000,0.744001
0.656000,2018.512000,1.151239
30.832000,339.152000,1.540591
1.968000,2274.352000,1.122212
7.216000,2530.192000,1.048864
7.216000,1180.144000,0.952311
25.584000,1628.848000,1.037096
28.208000,2654.832000,0.780623
24.272000,2444.912000,0.945798
33.456000,858.704000,1.247359
24.272000,252.560000,1.157334
36.080000,2031.632000,0.662856
9.840000,134.480000,0.657228
13.776000,1104.048000,0.976129
12.464000,3081.232000,0.837071
19.024000,475.600000,1.506783
22.960000,2656.144000,0.685944
1.968000,2685.008000,0.754659
22.960000,2326.832000,0.786822
12.464000,1320.528000,0.811584
13.776000,1397.936000,0.814385
5.904000,53.136000,0.790908
29.520000,2700.752000,1.337384
9.840000,2992.016000,1.283525
7.216000,2231.056000,1.379993
7.216000,2206.128000,0.799925
15.088000,3099.600000,2.288947
1.968000,1872.880000,0.918680
11.152000,2301.904000,0.795295
26.896000,1341.520000,1.588491
1.968000,2505.264000,0.698200
1.968000,3086.480000,0.728356
36.080000,2454.096000,0.785175
34.768000,2830.640000,0.952250
38.704000,1577.680000,0.893541
9.840000,2564.304000,0.741160
32.144000,1001.712000,1.810358
26.896000,2661.392000,0.809301
1.968000,2490.832000,1.016706
33.456000,529.392000,0.918195
32.144000,1593.424000,0.788938
9.840000,1767.920000,1.025751
1.968000,1139.472000,0.786706
26.896000,3116.656000,0.723396
16.400000,1680.016000,1.122122
21.648000,2393.744000,1.437705
17.712000,1727.248000,0.822383
20.336000,493.968000,0.657111
36.080000,3083.856000,0.855122
22.960000,1189.328000,2.339804
30.832000,3089.104000,1.543118
9.840000,2135.280000,0.703696
1.968000,3220.304000,0.661334
3.280000,403.440000,0.842298
9.840000,1325.776000,0.921370
9.840000,461.168000,0.903345
15.088000,644.848000,0.913997
13.776000,2782.096000,0.948674
28.208000,316.848000,0.678250
3.280000,92.496000,0.818833
25.584000,141.040000,0.751475
36.080000,2318.960000,0.681146
7.216000,54.448000,0.699832
7.216000,2972.336000,0.786525
21.648000,1805.968000,1.347937
13.776000,1380.880000,0.669327
32.144000,1442.544000,1.061826
30.832000,1445.168000,1.701944
22.960000,2661.392000,1.024598
20.336000,2804.400000,0.879545
11.152000,488.720000,1.582048
21.648000,1702.320000,0.811649
1.968000,904.624000,1.112277
36.080000,2225.808000,1.021382
33.456000,2561.680000,0.918555
30.832000,2855.568000,0.726614
3.280000,2606.288000,0.770964
28.208000,1829.584000,0.796805
9.840000,1861.072000,0.706125
33.456000,953.168000,1.013606
0.656000,3011.696000,0.696235
8.528000,2560.368000,1.083432
5.904000,1119.792000,1.683720
28.208000,663.216000,1.113395
12.464000,2755.856000,0.908617
16.400000,1685.264000,0.711612
17.712000,110.864000,0.706933
34.768000,2295.344000,0.889172
15.088000,2492.144000,0.746981
20.336000,3217.680000,0.731900
13.776000,421.808000,1.099894
30.832000,1645.904000,0.769945
30.832000,2568.240000,0.691233
20.336000,1332.336000,0.688689
33.456000,2831.952000,1.029927
11.152000,1203.760000,0.879528
15.088000,722.256000,1.137096
32.144000,2039.504000,1.879912
28.208000,240.752000,1.083802
17.712000,1066.000000,1.017777
3.280000,63.632000,0.739752
29.520000,1477.968000,0.934167
22.960000,1767.920000,0.896144
13.776000,2278.288000,0.686954
16.400000,1837.456000,0.837753
13.776000,1037.136000,1.959976
9.840000,1846.640000,1.275856
34.768000,45.264000,1.192211
19.024000,1329.712000,0.709769
36.080000,425.744000,0.998364
25.584000,2913.296000,0.834203
34.768000,2031.632000,1.479043
30.832000,2332.080000,0.670066
36.080000,1429.424000,1.089809
11.152000,2279.600000,0.816339
1.968000,639.600000,1.092922
34.768000,525.456000,1.103192
38.704000,433.616000,0.944487
26.896000,2833.264000,0.864195
34.768000,1513.392000,1.395988
5.904000,476.912000,1.129438
0.656000,1296.912000,0.720948
8.528000,647.472000,0.661043
20.336000,1113.232000,0.757671
16.400000,1071.248000,1.295764
33.456000,928.240000,0.683865
26.896000,1268.048000,1.520819
9.840000,1644.592000,0.708452
28.208000,1754.800000,1.179478
26.896000,1589.488000,0.902110
5.904000,295.856000,0.971938
11.152000,2475.088000,0.674572
1.968000,2893.616000,0.811105
38.704000,1172.272000,1.532450
11.152000,1374.320000,1.514856
3.280000,3149.456000,1.888671
29.520000,825.904000,1.058901
29.520000,1313.968000,0.780521
29.520000,2187.760000,1.057091
3.280000,903.312000,0.712968
1.968000,291.920000,0.978912
26.896000,735.376000,0.880011
20.336000,1951.600000,2.356363
30.832000,2015.888000,0.812096
21.648000,1796.784000,1.224498
36.080000,2982.832000,0.924662
37.392000,198.768000,1.088083
21.648000,2919.856000,1.407750
21.648000,1745.616000,0.897928
28.208000,2326.832000,1.108620
1.968000,3039.248000,0.947747
20.336000,3037.936000,1.174176
15.088000,1912.240000,0.755897
32.144000,1502.896000,0.946564
30.832000,8.528000,0.964318
37.392000,492.656000,0.743910
16.400000,1174.896000,0.925541
33.456000,1216.880000,0.715378
37.392000,1802.032000,1.046419
37.392000,1866.320000,0.922674
32.144000,2622.032000,1.254176
29.520000,2046.064000,1.575620
30.832000,2574.800000,1.032022
11.152000,989.904000,0.659719
32.144000,818.032000,1.046981
1.968000,209.264000,1.474801
9.840000,1609.168000,0.729718
34.768000,20.336000,1.138966
34.768000,2728.304000,1.210197
8.528000,141.040000,1.589215
7.216000,1161.776000,0.766168
8.528000,1954.224000,0.912004
26.896000,21.648000,1.324512
0.656000,328.656000,1.594035
38.704000,1001.712000,0.663309
13.776000,1790.224000,1.309188
12.464000,2056.560000,0.990627
1.968000,1750.864000,1.018517
28.208000,2031.632000,0.665805
8.528000,2527.568000,1.068238
24.272000,1559.312000,0.880338
22.960000,2532.816000,0.788579
13.776000,576.624000,0.944123
30.832000,556.944000,0.729723
37.392000,2719.120000,1.407551
38.704000,2437.040000,1.405517
15.088000,114.800000,0.873351
7.216000,895.440000,0.667403
17.712000,2830.640000,1.336003
8.528000,3065.488000,1.138975
11.152000,2278.288000,0.666384
21.648000,1157.840000,1.010217
21.648000,2276.976000,1.336416
32.144000,2906.736000,1.275492
4.592000,2220.560000,0.680472
20.336000,833.776000,0.679150
38.704000,448.048000,0.713458
34.768000,714.384000,0.754112
28.208000,2110.352000,0.835876
30.832000,919.056000,0.720542
34.768000,1994.896000,1.061977
0.656000,121.360000,0.896164
22.960000,482.160000,1.141803
11.152000,20.336000,1.231331
1.968000,1189.328000,0.926364
0.656000,703.888000,0.736794
0.656000,87.248000,1.757307
25.584000,2026.384000,0.671785
9.840000,1931.920000,1.774741
20.336000,200.080000,1.150575
34.768000,1302.160000,0.985367
37.392000,114.800000,0.901107
13.776000,1529.136000,1.383153
12.464000,2267.792000,0.754985
38.704000,971.536000,2.431725
9.840000,3180.944000,0.787530
28.208000,1123.728000,0.956480
9.840000,256.496000,1.803275
36.080000,2215.312000,0.816708
0.656000,1491.088000,0.917532
22.960000,332.592000,0.968113
24.272000,1245.744000,0.669779
7.216000,2795.216000,0.661668
8.528000,2105.104000,1.971020
33.456000,558.256000,0.829138
1.968000,1962.096000,1.090291
7.216000,475.600000,0.701177
22.960000,3057.616000,0.733335
4.592000,894.128000,0.849241
21.648000,2742.736000,1.358053
37.392000,1072.560000,1.816798
28.208000,2771.600000,0.894303
11.152000,1006.960000,0.737234
20.336000,2207.440000,1.020574
22.960000,648.784000,1.120348
16.400000,1567.184000,0.770955
9.840000,1735.120000,1.250888
3.280000,2388.496000,0.906643
5.904000,967.600000,1.897772
19.024000,291.920000,1.176068
8.528000,2503.952000,1.000321
5.904000,938.736000,1.584149
5.904000,2838.512000,0.692884
30.832000,1533.072000,0.856367
30.832000,3174.384000,0.807671
33.456000,2308.464000,0.922645
12.464000,1115.856000,0.867808
7.216000,2178.576000,0.744180
32.144000,2753.232000,1.245992
21.648000,554.320000,1.813399
11.152000,51.824000,0.674961
25.584000,2536.752000,0.675305
37.392000,1677.392000,0.928345
15.088000,2897.552000,0.725673
15.088000,1971.280000,0.761457
3.280000,2531.504000,1.085522
26.896000,858.704000,0.768538
20.336000,2585.296000,0.768858
38.704000,2935.600000,0.815409
13.776000,2238.928000,0.912592
8.528000,2061.808000,1.105804
21.648000,2458.032000,0.801122
12.464000,2955.280000,1.373875
38.704000,2732.240000,1.373374
29.520000,446.736000,1.355658
30.832000,1245.744000,0.805354
1.968000,1392.688000,1.113303
20.336000,2662.704000,1.111940
17.712000,2821.456000,1.188185
32.144000,2583.984000,0.668675
17.712000,895.440000,1.422897
24.272000,1045.008000,0.989488
33.456000,2681.072000,0.877928
1.968000,61.008000,0.774465
16.400000,1795.472000,1.110005
7.216000,403.440000,0.743922
13.776000,731.440000,0.709231
17.712000,2047.376000,0.863123
17.712000,1332.336000,1.092600
7.216000,434.928000,0.669294
3.280000,1180.144000,0.756746
32.144000,1079.120000,0.674592
34.768000,2216.624000,1.236909
25.584000,2381.936000,0.760725
24.272000,570.064000,0.856784
1.968000,846.896000,0.801780
0.656000,277.488000,0.892365
1.968000,1900.432000,0.658926
38.704000,2116.912000,0.903931
9.840000,1571.120000,1.841795
11.152000,493.968000,0.840129
21.648000,2023.760000,0.668346
33.456000,1380.880000,1.188780
1.968000,1020.080000,1.338555
7.216000,2228.432000,1.364194
19.024000,836.400000,0.994560
22.960000,1455.664000,1.735622
15.088000,1302.160000,0.701823
28.208000,2392.432000,0.791396
29.520000,45.264000,0.928995
21.648000,1550.128000,1.778628
38.704000,2997.264000,0.923335
33.456000,3006.448000,0.805704
17.712000,1285.104000,0.789982
22.960000,3205.872000,0.729731
37.392000,1605.232000,0.690918
8.528000,2168.080000,0.703577
8.528000,2130.032000,0.789057
22.960000,1617.040000,0.696127
38.704000,1834.832000,0.709227
24.272000,657.968000,0.729231
5.904000,1067.312000,0.664390
32.144000,1281.168000,0.887710
24.272000,1981.776000,0.704805
32.144000,2299.280000,1.528806
25.584000,2762.416000,2.231175
3.280000,665.840000,1.510272
7.216000,2648.272000,1.224688
22.960000,434.928000,0.769299
8.528000,1779.728000,1.425753
28.208000,2119.536000,1.861601
16.400000,228.944000,0.845168
26.896000,870.512000,0.972042
13.776000,2879.184000,0.805816
38.704000,1358.576000,1.215082
32.144000,1501.584000,0.998729
24.272000,844.272000,0.904832
13.776000,1354.640000,0.835918
8.528000,207.952000,1.379648
21.648000,1373.008000,0.696952
22.960000,2191.696000,1.247108
28.208000,1064.688000,0.853597
26.896000,2809.648000,1.125279
1.968000,2995.952000,0.662178
17.712000,2940.848000,1.411510
32.144000,730.128000,1.062910
19.024000,1883.376000,0.709159
3.280000,2776.848000,0.668946
16.400000,2653.520000,0.729504
19.024000,3069.424000,0.859706
22.960000,2654.832000,0.966776
11.152000,831.152000,0.804379
38.704000,2828.016000,0.761975
28.208000,2018.512000,0.727816
28.208000,835.088000,1.195230
37.392000,3128.464000,1.165919
7.216000,761.616000,1.474961
28.208000,2038.192000,0.769926
1.968000,2992.016000,1.760602
15.088000,539.888000,0.745746
19.024000,1354.640000,0.829126
0.656000,3009.072000,0.736006
26.896000,2656.144000,0.850679
5.904000,2532.816000,0.661769
11.152000,2523.632000,0.756678
0.656000,201.392000,0.811481
11.152000,2896.240000,1.351393
9.840000,3217.680000,1.035488
15.088000,2181.200000,0.956914
9.840000,2957.904000,1.430021
19.024000,1798.096000,0.709225
24.272000,1442.544000,0.923794
0.656000,2530.192000,0.891900
13.776000,151.536000,1.146748
19.024000,1417.616000,1.149773
11.152000,386.384000,0.661988
7.216000,2405.552000,0.846612
38.704000,2048.688000,1.192746
21.648000,70.192000,0.822803
34.768000,625.168000,2.042111
20.336000,1937.168000,0.674217
16.400000,926.928000,0.796201
25.584000,513.648000,0.788694
13.776000,2056.560000,0.691147
3.280000,2195.632000,1.187239
26.896000,1796.784000,0.847607
13.776000,1910.928000,1.013084
8.528000,1929.296000,1.063454
38.704000,11.152000,0.985467
8.528000,516.272000,1.264671
3.280000,2927.728000,0.878054
38.704000,922.992000,0.806143
12.464000,1887.312000,0.944063
37.392000,2902.800000,1.414868
5.904000,2679.760000,1.022266
0.656000,2834.576000,0.845142
30.832000,172.528000,0.666406
33.456000,3222.928000,0.666768
0.656000,1711.504000,2.027901
19.024000,968.912000,1.253578
15.088000,991.216000,1.500012
12.464000,2464.592000,0.697117
38.704000,1914.864000,1.042495
4.592000,1097.488000,0.821939
20.336000,444.112000,0.802599
19.024000,2093.296000,0.976287
37.392000,462.480000,0.692839
4.592000,597.616000,0.763458
19.024000,3187.504000,0.797110
21.648000,1926.672000,0.713540
9.840000,46.576000,0.713654
26.896000,2321.584000,0.964157
1.968000,1931.920000,0.722656
22.960000,2440.976000,0.732658
37.392000,1899.120000,0.932882
37.392000,605.488000,0.861139
1.968000,1887.312000,1.182159
15.088000,1892.560000,1.006229
11.152000,853.456000,0.864342
16.400000,2190.384000,1.993291
36.080000,1727.248000,0.661858
22.960000,1739.056000,0.925250
30.832000,2333.392000,0.786226
16.400000,2838.512000,0.709263
0.656000,2957.904000,0.779481
9.840000,2682.384000,0.763119
36.080000,2788.656000,1.024320
24.272000,1804.656000,0.981711
32.144000,769.488000,0.845838
22.960000,3061.552000,0.820513
38.704000,903.312000,1.509829
13.776000,163.344000,1.228429
11.152000,566.128000,0.703293
34.768000,38.704000,0.729941
4.592000,867.888000,0.744379
17.712000,657.968000,0.673118
12.464000,85.936000,0.905864
24.272000,106.928000,1.086018
19.024000,1020.080000,0.833653
5.904000,1925.360000,1.111678
11.152000,1652.464000,0.828984
21.648000,62.320000,0.676212
5.904000,1497.648000,0.665378
22.960000,168.592000,0.814917
11.152000,165.968000,0.663110
30.832000,204.016000,1.429590
9.840000,2863.440000,0.690924
32.144000,2765.040000,0.923529
25.584000,1287.728000,0.839326
15.088000,911.184000,0.656882
26.896000,1761.360000,1.016350
21.648000,547.760000,0.661709
4.592000,501.840000,0.825994
28.208000,959.728000,0.713473
4.592000,974.160000,0.683899
20.336000,40.016000,1.469284
3.280000,2342.576000,0.687197
3.280000,1043.696000,1.179069
36.080000,1253.616000,0.677524
5.904000,2913.296000,0.729449
29.520000,2950.032000,0.723128
12.464000,2534.128000,0.868751
25.584000,1756.112000,1.283697
9.840000,1445.168000,2.014460
17.712000,1930.608000,0.664896
7.216000,2393.744000,0.902062
1.968000,1414.992000,1.176911
37.392000,2231.056000,0.716787
29.520000,1572.432000,0.743472
0.656000,609.424000,1.868524
21.648000,453.296000,0.738869
25.584000,1787.600000,0.861325
17.712000,2252.048000,1.197584
7.216000,2477.712000,0.809982
32.144000,3212.432000,0.806178
9.840000,482.160000,1.170447
33.456000,828.528000,0.829573
29.520000,2316.336000,0.703389
38.704000,1491.088000,0.826999
13.776000,239.440000,0.966065
15.088000,2986.768000,1.277890
37.392000,2754.544000,0.888941
13.776000,2960.528000,1.370589
9.840000,3015.632000,0.738368
21.648000,1556.688000,0.873292
26.896000,1370.384000,0.756426
15.088000,529.392000,0.817197
20.336000,3128.464000,1.036947
3.280000,1941.104000,1.062747
9.840000,2842.448000,0.841964
15.088000,2583.984000,0.832294
24.272000,1173.584000,0.699212
0.656000,1417.616000,1.110022
13.776000,1749.552000,0.954045
25.584000,951.856000,0.930006
20.336000,1623.600000,0.742611
11.152000,1390.064000,1.141958
15.088000,2346.512000,0.809933
26.896000,920.368000,0.657593
22.960000,3018.256000,1.053518
28.208000,2884.432000,1.232524
37.392000,2059.184000,0.724407
3.280000,2961.840000,1.138707
33.456000,2259.920000,0.915311
26.896000,1938.480000,0.694449
4.592000,1098.800000,0.694373
29.520000,2628.592000,1.246684
34.768000,2168.080000,0.980882
33.456000,2253.360000,0.804725
12.464000,690.768000,0.949540
34.768000,265.680000,0.796565
36.080000,1522.576000,1.189326
5.904000,1292.976000,1.246233
8.528000,1651.152000,0.765945
8.528000,1244.432000,0.680057
16.400000,2241.552000,0.761293
24.272000,329.968000,0.883675
34.768000,1466.160000,0.657618
29.520000,40.016000,0.711917
21.648000,33.456000,0.763788
4.592000,2852.944000,2.797312
38.704000,353.584000,1.136938
25.584000,1269.360000,1.174703
13.776000,1760.048000,1.015344
24.272000,1146.032000,1.063980
26.896000,1934.544000,0.692792
16.400000,934.800000,0.843878
30.832000,1739.056000,0.868374
38.704000,2873.936000,1.958714
1.968000,2288.784000,0.756678
9.840000,2971.024000,1.201123
26.896000,535.952000,1.788064
30.832000,2381.936000,0.976393
1.968000,2838.512000,0.706855
28.208000,1703.632000,0.760228
38.704000,2412.112000,0.929563
15.088000,2057.872000,1.286485
37.392000,1766.608000,1.585151
13.776000,406.064000,1.059623
13.776000,1582.928000,0.817844
16.400000,135.792000,0.747398
24.272000,200.080000,0.895535
28.208000,2758.480000,0.660371
36.080000,1090.928000,0.676585
38.704000,2002.768000,1.016791
38.704000,3026.128000,1.261870
24.272000,1787.600000,1.040398
16.400000,828.528000,1.187913
16.400000,2628.592000,0.673610
29.520000,3154.704000,0.677865
15.088000,2892.304000,1.125128
37.392000,2730.928000,1.530272
37.392000,2408.176000,1.281775
34.768000,2936.912000,1.434165
12.464000,1161.776000,1.063619
3.280000,155.472000,0.919043
4.592000,2753.232000,1.496585
22.960000,11.152000,1.060877
38.704000,2177.264000,0.805567
12.464000,1746.928000,0.671832
17.712000,803.600000,1.200148
17.712000,2855.568000,0.952963
5.904000,143.664000,0.686226
38.704000,579.248000,0.793296
26.896000,1355.952000,0.665297
20.336000,810.160000,1.453474
7.216000,102.992000,0.849365
19.024000,2153.648000,0.712285
19.024000,2419.984000,1.853909
13.776000,2530.192000,1.196845
28.208000,1959.472000,1.426812
28.208000,991.216000,0.670069
36.080000,2199.568000,0.773215
5.904000,291.920000,0.770531
32.144000,2051.312000,0.799338
9.840000,358.832000,1.304703
15.088000,151.536000,0.823877
33.456000,921.680000,0.957804
20.336000,3123.216000,0.836528
8.528000,322.096000,0.990571
26.896000,1211.632000,0.835785
37.392000,1453.040000,0.883573
7.216000,3111.408000,0.769048
3.280000,2645.648000,0.835349
1.968000,2796.528000,0.761065
4.592000,225.008000,0.912361
20.336000,3150.768000,1.080530
11.152000,2918.544000,0.685780
11.152000,2484.272000,0.917488
36.080000,1613.104000,0.870799
15.088000,377.200000,0.830914
20.336000,1005.648000,0.867383
28.208000,415.248000,0.742338
32.144000,19.024000,1.591549
33.456000,2772.912000,0.978141
19.024000,2429.168000,0.768278
5.904000,2446.224000,0.729247
0.656000,1627.536000,0.822031
16.400000,2153.648000,0.777496
30.832000,1596.048000,0.781561
17.712000,335.216000,1.783805
7.216000,758.992000,0.868005
16.400000,1244.432000,1.335113
3.280000,597.616000,0.809031
26.896000,1233.936000,1.458567
11.152000,1191.952000,1.376151
36.080000,858.704000,1.785437
0.656000,1906.992000,1.747508
15.088000,692.080000,1.048606
34.768000,2814.896000,0.697716
19.024000,1665.584000,1.301652
0.656000,2500.016000,0.709005
26.896000,2648.272000,0.664820
1.968000,860.016000,0.885193
11.152000,1905.680000,0.826393
24.272000,719.632000,1.055010
11.152000,2427.856000,1.055102
36.080000,3030.064000,1.156318
29.520000,1833.520000,0.827250
21.648000,261.744000,0.656146
24.272000,659.280000,0.741407
15.088000,142.352000,0.711052
30.832000,1142.096000,0.969940
36.080000,2060.496000,1.233412
7.216000,1290.352000,0.926356
36.080000,538.576000,0.965450
1.968000,42.640000,0.872347
24.272000,2561.680000,0.698372
32.144000,1846.640000,0.916007
8.528000,1298.224000,1.584065
8.528000,1619.664000,0.921312
4.592000,1212.944000,0.745936
16.400000,2169.392000,0.683306
22.960000,407.376000,1.804912
17.712000,1653.776000,0.798090
21.648000,2694.192000,1.148275
32.144000,1523.888000,0.713864
16.400000,3072.048000,0.683054
33.456000,2334.704000,0.696749
32.144000,2648.272000,0.903246
17.712000,2189.072000,0.683755
15.088000,2911.984000,0.666326
29.520000,194.832000,0.673713
29.520000,25.584000,0.843165
4.592000,340.464000,0.966845
3.280000,3100.912000,0.971564
20.336000,1543.568000,0.761173
28.208000,340.464000,0.734648
15.088000,617.296000,1.537834
17.712000,2837.200000,1.779053
22.960000,2555.120000,1.813013
4.592000,122.672000,1.286315
4.592000,2557.744000,0.672050
16.400000,601.552000,0.812042
30.832000,2922.480000,0.950241
0.656000,75.440000,0.701496
19.024000,76.752000,1.056908
37.392000,1674.768000,1.182958
22.960000,2238.928000,0.791810
25.584000,1435.984000,0.685116
34.768000,2351.760000,1.410123
16.400000,2090.672000,0.856068
29.520000,344.400000,0.701653
8.528000,1426.800000,1.085191
33.456000,408.688000,1.634504
29.520000,1003.024000,0.851585
9.840000,2946.096000,0.735155
25.584000,1935.856000,0.783313
32.144000,659.280000,1.306059
19.024000,1672.144000,0.702818
34.768000,424.432000,0.914574
8.528000,1475.344000,1.847523
37.392000,2513.136000,0.792698
19.024000,1850.576000,1.231566
32.144000,2280.912000,0.763564
4.592000,1324.464000,0.824143
5.904000,799.664000,0.688372
29.520000,739.312000,0.715167
36.080000,688.144000,1.459757
29.520000,1665.584000,0.692503
19.024000,2044.752000,0.932712
36.080000,2622.032000,0.812659
19.024000,2248.112000,0.747823
3.280000,2641.712000,0.820842
12.464000,2931.664000,1.117268
15.088000,165.968000,0.785440
0.656000,873.136000,0.759569
7.216000,2527.568000,0.681586
36.080000,812.784000,0.767656
11.152000,820.656000,1.043988
16.400000,2397.680000,0.807325
15.088000,1140.784000,0.983108
24.272000,2543.312000,0.839136
9.840000,2055.248000,0.824798
7.216000,1034.512000,0.824047
32.144000,430.992000,0.754915
12.464000,2754.544000,1.357007
12.464000,1495.024000,0.680997
21.648000,2224.496000,0.718551
17.712000,964.976000,1.054710
1.968000,1886.000000,0.849353
9.840000,3019.568000,0.709804
37.392000,2461.968000,1.106210
34.768000,814.096000,1.331949
11.152000,1287.728000,1.212017
3.280000,1884.688000,0.823620
20.336000,734.064000,1.025793
7.216000,1523.888000,0.657849
30.832000,883.632000,0.683888
26.896000,738.000000,1.289743
22.960000,650.096000,0.973283
33.456000,773.424000,0.690886
19.024000,2288.784000,1.019457
36.080000,1475.344000,0.956703
3.280000,3132.400000,0.801425
36.080000,2603.664000,0.754012
30.832000,1538.320000,0.847110
33.456000,3022.192000,0.813473
12.464000,1269.360000,0.914728
32.144000,2371.440000,0.915183
36.080000,2202.192000,0.784432
8.528000,1042.384000,0.881573
9.840000,2093.296000,1.134299
0.656000,2402.928000,0.710065
11.152000,1152.592000,0.872717
15.088000,860.016000,0.765318
22.960000,706.512000,1.687042
11.152000,2602.352000,0.864443
0.656000,299.792000,0.891582
16.400000,1308.720000,1.524240
29.520000,3085.168000,0.838848
20.336000,1990.960000,0.744331
11.152000,672.400000,1.061310
32.144000,2364.880000,0.786889
1.968000,2157.584000,1.360282
25.584000,3098.288000,1.223061
16.400000,3158.640000,1.222344
32.144000,1527.824000,0.843816
33.456000,2313.712000,0.669101
4.592000,1731.184000,1.196273
8.528000,2295.344000,1.004134
11.152000,127.920000,0.896576
37.392000,783.920000,1.204440
13.776000,2112.976000,0.710445
16.400000,2084.112000,1.550404
24.272000,1605.232000,0.661578
29.520000,609.424000,0.873882
15.088000,3086.480000,1.182442
5.904000,1624.912000,0.726821
15.088000,1560.624000,0.938786
9.840000,1071.248000,0.688557
20.336000,9.840000,1.408944
34.768000,2312.400000,0.739249
26.896000,1178.832000,1.167818
12.464000,1901.744000,0.779525
12.464000,2559.056000,0.780298
9.840000,225.008000,0.991175
19.024000,2017.200000,1.217253
37.392000,1250.992000,1.103119
36.080000,1004.336000,1.812690
30.832000,3002.512000,0.872720
0.656000,1376.944000,0.961207
33.456000,2926.416000,0.750070
22.960000,185.648000,0.725322
21.648000,533.328000,1.024949
38.704000,987.280000,0.729852
36.080000,408.688000,0.917652
32.144000,2820.144000,0.673648
28.208000,3047.120000,0.967681
19.024000,2500.016000,0.710923
13.776000,2578.736000,1.050285
15.088000,89.872000,1.076788
15.088000,1641.968000,0.709477
12.464000,1143.408000,1.520688
17.712000,1606.544000,1.207228
17.712000,600.240000,1.063771
24.272000,1631.472000,0.812030
5.904000,2061.808000,1.322678
21.648000,1935.856000,0.969169
21.648000,1559.312000,0.793232
26.896000,634.352000,0.664370
33.456000,3089.104000,0.772701
32.144000,1652.464000,0.906833
5.904000,1256.240000,0.729070
32.144000,1460.912000,0.923504
4.592000,1691.824000,0.679859
8.528000,751.120000,0.665598
26.896000,345.712000,0.936398
16.400000,1215.568000,0.810867
37.392000,2888.368000,1.155999
17.712000,479.536000,1.067165
8.528000,348.336000,0.913288
36.080000,707.824000,1.145120
15.088000,392.944000,0.771944
20.336000,116.112000,1.034581
37.392000,1083.056000,0.706332
36.080000,1805.968000,1.024512
34.768000,369.328000,0.735682
8.528000,2591.856000,0.988646
17.712000,324.720000,0.945001
5.904000,2734.864000,1.186808
4.592000,2678.448000,0.797131
36.080000,327.344000,0.964578
15.088000,2989.392000,1.160602
22.960000,2986.768000,0.786783
24.272000,357.520000,0.934590
24.272000,1484.528000,1.139539
1.968000,652.720000,0.861673
21.648000,181.712000,1.582211
3.280000,517.584000,0.847866
4.592000,873.136000,1.068942
38.704000,2312.400000,1.597865
11.152000,2978.896000,0.904828
17.712000,2834.576000,1.111893
30.832000,3040.560000,0.892603
9.840000,70.192000,0.745067
34.768000,2723.056000,1.336655
13.776000,2666.640000,0.773211
0.656000,1929.296000,0.955786
36.080000,1669.520000,1.182527
5.904000,2982.832000,1.593912
4.592000,857.392000,0.908902
33.456000,3048.432000,1.281413
12.464000,2623.344000,0.763987
29.520000,2139.216000,0.872361
21.648000,861.328000,0.809919
36.080000,434.928000,0.764018
1.968000,2501.328000,1.303170
3.280000,2023.760000,1.486517
7.216000,1172.272000,0.830997
5.904000,391.632000,1.171157
0.656000,2977.584000,1.135096
32.144000,1446.480000,0.723367
1.968000,1842.704000,1.304646
26.896000,741.936000,0.786160
3.280000,2233.680000,1.101955
7.216000,2067.056000,0.739752
9.840000,484.784000,0.903662
7.216000,1572.432000,1.169048
15.088000,719.632000,0.712678
8.528000,1299.536000,0.721564
0.656000,1029.264000,1.054959
12.464000,152.848000,1.525527
34.768000,1371.696000,0.783290
38.704000,1966.032000,1.029830
34.768000,2379.312000,0.795182
25.584000,699.952000,0.806707
33.456000,1723.312000,0.712401
9.840000,1925.360000,0.669708
8.528000,12.464000,0.766193
13.776000,762.928000,1.372075
24.272000,2396.368000,0.843662
5.904000,1893.872000,0.736418
32.144000,2288.784000,1.892066
8.528000,295.856000,0.706462
37.392000,883.632000,1.202099
8.528000,2044.752000,1.060151
17.712000,959.728000,0.736103
12.464000,2106.416000,0.868736
21.648000,1752.176000,1.048069
33.456000,2202.192000,0.715876
24.272000,1767.920000,0.740002
7.216000,105.616000,0.677207
11.152000,1719.376000,0.784692
28.208000,2421.296000,1.348791
1.968000,2174.640000,0.695008
37.392000,3074.672000,1.454691
29.520000,1893.872000,0.907354
22.960000,1437.296000,2.029557
12.464000,2788.656000,0.974600
21.648000,2160.208000,1.485776
33.456000,1131.600000,0.992805
21.648000,2923.792000,1.074547
25.584000,2262.544000,0.688738
16.400000,3171.760000,0.750250
24.272000,1127.664000,0.832426
8.528000,2465.904000,0.896250
20.336000,2942.160000,1.027513
7.216000,158.096000,0.675878
3.280000,827.216000,0.665382
24.272000,660.592000,0.773450
7.216000,142.352000,0.833063
38.704000,2661.392000,1.013616
30.832000,298.480000,0.789369
24.272000,701.264000,0.670409
32.144000,2829.328000,0.669202
5.904000,2416.048000,0.881700
12.464000,529.392000,1.149911
34.768000,873.136000,0.951419
9.840000,2245.488000,1.163283
38.704000,904.624000,1.304820
5.904000,1649.840000,0.952060
16.400000,518.896000,0.981027
34.768000,445.424000,0.755731
12.464000,1029.264000,1.329447
3.280000,2506.576000,0.831827
33.456000,943.984000,0.689817
25.584000,310.288000,0.937289
34.768000,2793.904000,0.738109
29.520000,1341.520000,0.893105
38.704000,449.360000,0.761471
19.024000,451.984000,0.669278
4.592000,1586.864000,0.680202
25.584000,1651.152000,2.327331
5.904000,571.376000,0.838344
16.400000,1592.112000,0.832886
13.776000,1639.344000,0.753316
9.840000,1451.728000,0.780284
26.896000,2278.288000,0.735201
1.968000,3137.648000,1.007431
33.456000,3003.824000,0.886084
19.024000,2944.784000,0.837742
28.208000,201.392000,0.795247
28.208000,1476.656000,1.575930
5.904000,2346.512000,0.656833
5.904000,650.096000,1.199501
4.592000,1143.408000,1.566705
17.712000,2985.456000,0.883395
19.024000,954.480000,0.660672
34.768000,529.392000,0.739871
38.704000,2074.928000,0.761013
5.904000,2392.432000,1.221592
1.968000,200.080000,0.715643
7.216000,2029.008000,0.671246
22.960000,2097.232000,0.659522
26.896000,1976.528000,0.678761
37.392000,1247.056000,0.769704
21.648000,2294.032000,1.380578
8.528000,887.568000,1.433881
26.896000,707.824000,0.691433
32.144000,639.600000,1.045544
19.024000,949.232000,1.536146
25.584000,1209.008000,1.125431
26.896000,389.008000,1.792126
38.704000,1289.040000,0.766190
34.768000,1657.712000,0.823162
22.960000,711.760000,0.697991
38.704000,117.424000,0.962516
0.656000,2333.392000,1.153856
15.088000,3183.568000,0.718828
34.768000,3218.992000,0.882037
7.216000,2719.120000,0.702327
9.840000,28.208000,0.899701
5.904000,1113.232000,0.748623
9.840000,2196.944000,0.660525
16.400000,210.576000,0.835405
0.656000,2123.472000,0.859773
11.152000,406.064000,1.185525
15.088000,1094.864000,1.267829
12.464000,79.376000,1.437325
30.832000,538.576000,0.691609
20.336000,638.288000,0.810324
9.840000,1741.680000,0.864352
29.520000,2922.480000,2.614189
11.152000,2465.904000,0.788694
36.080000,3054.992000,0.960995
9.840000,1434.672000,1.571106
3.280000,647.472000,1.224305
26.896000,934.800000,0.718965
3.280000,1446.480000,0.874909
16.400000,1593.424000,0.869162
7.216000,2812.272000,0.966941
15.088000,597.616000,1.197916
32.144000,958.416000,0.698966
15.088000,2818.832000,1.121423
0.656000,3014.320000,0.840345
15.088000,2339.952000,0.761100
11.152000,2514.448000,1.176182
32.144000,962.352000,1.825875
29.520000,943.984000,1.170233
32.144000,2775.536000,0.677035
16.400000,462.480000,0.819646
33.456000,988.592000,0.790250
32.144000,875.760000,0.763878
25.584000,2530.192000,1.257692
25.584000,1518.640000,0.675043
19.024000,204.016000,0.906160
25.584000,2077.552000,0.759181
7.216000,1749.552000,0.893194
37.392000,1279.856000,1.231643
25.584000,2501.328000,0.675077
0.656000,2690.256000,0.910728
29.520000,2375.376000,0.775111
25.584000,32.144000,0.716987
21.648000,2708.624000,0.866754
22.960000,1260.176000,0.833177
4.592000,1828.272000,0.706926
20.336000,992.528000,0.907389
28.208000,2817.520000,0.904914
30.832000,791.792000,0.695879
21.648000,108.240000,0.693370
7.216000,2103.792000,2.225252
15.088000,541.200000,1.126509
22.960000,1645.904000,0.740529
21.648000,1252.304000,0.702772
8.528000,281.424000,0.780129
12.464000,702.576000,1.182180
8.528000,1666.896000,1.012142
8.528000,503.152000,1.036575
9.840000,815.408000,1.065710
15.088000,605.488000,0.865983
30.832000,806.224000,0.848944
26.896000,2725.680000,0.683194
5.904000,186.960000,1.177197
12.464000,3221.616000,0.998284
8.528000,1224.752000,0.900898
1.968000,514.960000,0.670161
3.280000,461.168000,1.089975
3.280000,2372.752000,0.942299
19.024000,2946.096000,0.854526
13.776000,839.024000,0.664684
21.648000,244.688000,0.793283
12.464000,243.376000,0.985954
29.520000,2127.408000,1.340153
17.712000,1463.536000,1.025930
32.144000,2601.040000,0.732521
17.712000,1151.280000,0.662466
7.216000,2267.792000,1.031203
5.904000,3128.464000,0.752956
16.400000,627.792000,1.020191
32.144000,2023.760000,0.837872
13.776000,316.848000,0.906508
4.592000,787.856000,0.944412
25.584000,2305.840000,0.790240
0.656000,1926.672000,0.966165
36.080000,2892.304000,1.854452
20.336000,1513.392000,1.069059
7.216000,631.728000,1.261275
36.080000,2570.864000,0.791549
21.648000,2467.216000,0.695183
16.400000,1125.040000,0.799713
24.272000,1816.464000,0.675939
32.144000,385.072000,0.688685
5.904000,2855.568000,0.999374
37.392000,1308.720000,0.774800
12.464000,2262.544000,1.174665
26.896000,2091.984000,0.748261
28.208000,2022.448000,1.244594
9.840000,387.696000,1.068627
9.840000,227.632000,2.190099
36.080000,2195.632000,1.264050
11.152000,1106.672000,1.279750
13.776000,457.232000,0.991399
24.272000,615.984000,1.038370
15.088000,2913.296000,0.697318
1.968000,417.872000,0.696334
25.584000,1123.728000,1.046459
37.392000,2897.552000,1.296973
30.832000,1348.080000,0.730369
19.024000,2792.592000,0.978856
26.896000,1826.960000,1.045401
26.896000,2122.160000,1.128892
22.960000,3009.072000,0.795792
9.840000,3006.448000,1.082214
33.456000,543.824000,1.282259
25.584000,1627.536000,0.822783
24.272000,521.520000,0.780979
20.336000,1796.784000,0.756850
12.464000,2063.120000,0.814898
32.144000,2158.896000,1.716302
32.144000,3.280000,1.355597
26.896000,75.440000,1.674937
22.960000,2706.000000,1.173619
37.392000,917.744000,0.849708
9.840000,668.464000,0.723603
5.904000,516.272000,0.939907
21.648000,2603.664000,1.313565
9.840000,2774.224000,1.675797
5.904000,1144.720000,1.103071
29.520000,2768.976000,0.860133
25.584000,407.376000,0.733981
33.456000,2821.456000,0.716143
7.216000,861.328000,0.658574
20.336000,213.200000,1.119604
36.080000,1703.632000,0.943301
25.584000,398.192000,1.229330
3.280000,1774.480000,1.442666
38.704000,2851.632000,0.960790
25.584000,442.800000,1.053751
26.896000,2326.832000,1.722627
8.528000,2040.816000,0.882431
16.400000,2503.952000,0.816134
33.456000,3047.120000,1.618569
24.272000,2027.696000,0.848282
5.904000,1725.936000,0.708067
33.456000,1261.488000,0.859020
22.960000,369.328000,0.908249
20.336000,1837.456000,0.769016
30.832000,1769.232000,1.552682
30.832000,1564.560000,1.319546
20.336000,1724.624000,1.378085
37.392000,1607.856000,0.915396
1.968000,2123.472000,0.793439
5.904000,307.664000,0.824559
37.392000,1422.864000,0.702292
22.960000,697.328000,0.736233
26.896000,428.368000,0.888759
16.400000,2029.008000,0.963497
19.024000,937.424000,1.033187
21.648000,2336.016000,0.762259
12.464000,673.712000,0.763962
29.520000,2910.672000,1.438946
20.336000,1370.384000,0.728782
37.392000,1443.856000,1.022860
4.592000,744.560000,0.757895
36.080000,1512.080000,0.708975
12.464000,886.256000,0.766609
4.592000,3212.432000,1.139106
9.840000,87.248000,0.951957
24.272000,1142.096000,1.039788
17.712000,849.520000,1.774333
21.648000,933.488000,0.956598
30.832000,1107.984000,1.560567
0.656000,1295.600000,0.717047
15.088000,1403.184000,1.628276
32.144000,2817.520000,0.728167
16.400000,1748.240000,1.537112
20.336000,387.696000,1.132045
30.832000,2464.592000,1.058615
33.456000,1825.648000,0.886531
36.080000,1920.112000,0.923605
19.024000,1165.712000,0.826737
17.712000,2565.616000,1.300294
5.904000,964.976000,0.686719
38.704000,2784.720000,0.699739
21.648000,1257.552000,1.054993
16.400000,2816.208000,0.716423
4.592000,34.768000,0.657718
38.704000,2568.240000,1.438514
12.464000,2460.656000,0.891241
29.520000,2252.048000,0.679366
11.152000,1927.984000,0.699132
22.960000,2673.200000,1.608216
1.968000,2931.664000,0.821047
30.832000,808.848000,1.039749
37.392000,3107.472000,0.857407
7.216000,908.560000,0.829253
24.272000,1083.056000,0.735739
16.400000,3174.384000,1.026243
19.024000,776.048000,1.335073
7.216000,1673.456000,0.819960
34.768000,2977.584000,0.860053
25.584000,1303.472000,1.248381
7.216000,1909.616000,0.674888
16.400000,2997.264000,0.738135
17.712000,1131.600000,1.353468
9.840000,2199.568000,0.802374
33.456000,301.104000,0.754943
34.768000,2269.104000,1.342645
0.656000,2847.696000,1.180672
19.024000,1021.392000,2.100525
12.464000,877.072000,0.719664
33.456000,2679.760000,0.692678
38.704000,1670.832000,0.679206
15.088000,655.344000,2.713194
13.776000,2362.256000,1.125474
7.216000,2162.832000,1.286954
16.400000,2008.016000,0.677151
1.968000,242.064000,1.187908
22.960000,1396.624000,0.859375
25.584000,694.704000,0.851445
5.904000,598.928000,0.724716
13.776000,1880.752000,1.530780
21.648000,932.176000,0.772998
36.080000,1468.784000,1.036379
16.400000,3173.072000,0.788410
26.896000,1802.032000,0.679518
12.464000,791.792000,0.776515
32.144000,1921.424000,0.780059
32.144000,1128.976000,0.705053
9.840000,362.768000,1.211460
0.656000,3153.392000,0.841251
17.712000,1093.552000,0.749228
9.840000,1779.728000,0.656219
29.520000,647.472000,0.793317
15.088000,3135.024000,1.339067
16.400000,2219.248000,0.939406
22.960000,419.184000,1.142120
37.392000,1362.512000,0.689946
33.456000,810.160000,1.050639
25.584000,677.648000,0.847018
34.768000,3102.224000,0.812146
8.528000,47.888000,1.192938
28.208000,2439.664000,0.780984
21.648000,546.448000,0.685635
19.024000,1081.744000,1.037471
37.392000,2255.984000,0.891874
13.776000,812.784000,0.832002
24.272000,579.248000,0.772905
32.144000,1136.848000,1.254399
17.712000,24.272000,0.831907
20.336000,1893.872000,0.667388
34.768000,3186.192000,0.690277
9.840000,2489.520000,0.717551
1.968000,820.656000,0.742170
29.520000,1274.608000,0.661010
29.520000,1219.504000,0.966322
33.456000,1067.312000,1.117872
34.768000,3177.008000,0.729659
9.840000,2732.240000,0.780829
5.904000,1732.496000,1.255099
33.456000,110.864000,1.159747
11.152000,159.408000,0.733027
20.336000,1580.304000,0.900033
5.904000,2835.888000,1.512653
9.840000,131.856000,1.132218
19.024000,47.888000,0.658854
4.592000,690.768000,0.997614
8.528000,1173.584000,0.680736
32.144000,520.208000,1.324596
37.392000,1994.896000,0.957710
7.216000,2640.400000,0.980217
28.208000,3098.288000,0.911347
32.144000,2968.400000,0.772989
28.208000,2320.272000,0.732276
28.208000,2114.288000,0.932515
5.904000,324.720000,0.918810
34.768000,1240.496000,1.028429
21.648000,180.400000,0.929047
1.968000,2989.392000,0.695528
37.392000,2022.448000,1.534774
36.080000,3191.440000,1.196910
9.840000,2189.072000,1.461159
21.648000,461.168000,1.155368
5.904000,2401.616000,0.881753
30.832000,1522.576000,0.715127
16.400000,1935.856000,0.829664
32.144000,348.336000,1.034434
8.528000,1429.424000,0.901815
38.704000,273.552000,0.799496
21.648000,2337.328000,0.892795
21.648000,1847.952000,0.995738
37.392000,2284.848000,0.829748
9.840000,1887.312000,1.079957
19.024000,2998.576000,1.420592
5.904000,104.304000,1.273071
13.776000,1131.600000,0.879920
1.968000,2248.112000,0.705040
20.336000,601.552000,1.085048
30.832000,2378.000000,1.189452
0.656000,2645.648000,1.066521
20.336000,883.632000,1.049981
8.528000,370.640000,0.924510
4.592000,1636.720000,0.712826
15.088000,1891.248000,1.095321
22.960000,2308.464000,0.714832
7.216000,1784.976000,0.804437
33.456000,776.048000,0.839637
24.272000,242.064000,1.109785
38.704000,1359.888000,1.217898
7.216000,196.144000,1.389567
26.896000,2393.744000,1.154138
22.960000,964.976000,1.747972
33.456000,1138.160000,0.981396
22.960000,2065.744000,1.333309
34.768000,1969.968000,0.671985
15.088000,146.288000,0.665189
3.280000,1895.184000,0.669596
4.592000,2477.712000,1.109636
4.592000,348.336000,0.722035
9.840000,2783.408000,0.741109
17.712000,1687.888000,0.702408
21.648000,2349.136000,0.799308
9.840000,2448.848000,0.818613
29.520000,1430.736000,2.203330
17.712000,491.344000,0.866758
22.960000,1558.000000,1.216640
13.776000,735.376000,1.550124
9.840000,992.528000,0.685474
26.896000,1865.008000,1.081107
22.960000,2317.648000,0.789302
15.088000,2157.584000,1.598699
21.648000,3128.464000,0.800939
26.896000,1169.648000,0.709171
24.272000,1290.352000,0.990697
26.896000,2014.576000,0.690341
28.208000,1160.464000,1.506001
22.960000,791.792000,1.234959
22.960000,390.320000,0.992226
5.904000,1666.896000,0.916891
26.896000,1964.720000,0.740627
37.392000,757.680000,0.737474
32.144000,3213.744000,1.244996
37.392000,240.752000,0.810123
34.768000,985.968000,0.747486
29.520000,1812.528000,0.814368
15.088000,530.704000,0.834275
32.144000,1580.304000,1.234692
17.712000,2993.328000,1.123505
4.592000,1106.672000,1.341723
12.464000,2628.592000,1.252368
29.520000,1498.960000,0.677444
12.464000,2362.256000,0.707535
36.080000,2008.016000,1.551323
4.592000,972.848000,0.936077
16.400000,1683.952000,1.081317
22.960000,1009.584000,0.730712
34.768000,2932.976000,1.448287
22.960000,134.480000,0.811492
28.208000,3123.216000,1.075587
33.456000,2315.024000,0.901573
21.648000,287.984000,0.782788
15.088000,1446.480000,1.081419
3.280000,2717.808000,0.933418
36.080000,588.432000,1.177488
21.648000,156.784000,0.860438
4.592000,1013.520000,0.812410
12.464000,2661.392000,0.821851
8.528000,1239.184000,0.737859
16.400000,2665.328000,0.694555
1.968000,671.088000,0.716519
0.656000,45.264000,0.685561
9.840000,642.224000,1.074716
29.520000,2179.888000,1.270524
8.528000,1508.144000,1.273180
38.704000,865.264000,1.154553
32.144000,251.248000,1.070601
19.024000,562.192000,0.683008
28.208000,1262.800000,1.608680
20.336000,1825.648000,1.042410
20.336000,2687.632000,0.908334
5.904000,2997.264000,1.509458
17.712000,2877.872000,1.324296
16.400000,2086.736000,0.825971
15.088000,1602.608000,0.701453
1.968000,488.720000,1.558834
29.520000,667.152000,0.814796
38.704000,1502.896000,0.935562
32.144000,580.560000,0.740373
26.896000,941.360000,0.858926
5.904000,1329.712000,0.720374
37.392000,1876.816000,1.348998
25.584000,555.632000,0.713155
29.520000,1009.584000,1.415719
21.648000,877.072000,1.226568
22.960000,392.944000,3.007547
15.088000,2741.424000,0.915710
19.024000,2715.184000,1.147212
12.464000,2997.264000,0.661089
34.768000,1935.856000,0.955400
12.464000,842.960000,1.356301
7.216000,2927.728000,1.175665
0.656000,2263.856000,0.725047
36.080000,887.568000,1.958098
24.272000,410.000000,1.079877
29.520000,1476.656000,0.745915
22.960000,217.136000,0.812349
34.768000,3098.288000,1.020552
15.088000,2797.840000,1.019914
26.896000,1138.160000,2.115156
21.648000,2524.944000,1.175263
38.704000,2191.696000,1.317914
16.400000,251.248000,0.916113
36.080000,1938.480000,0.679640
34.768000,1941.104000,0.882179
11.152000,1391.376000,2.028567
0.656000,2961.840000,0.755028
16.400000,528.080000,0.920248
5.904000,1080.432000,0.807861
1.968000,3148.144000,0.725319
11.152000,1230.000000,0.714273
8.528000,2454.096000,1.578031
21.648000,463.792000,0.998910
25.584000,2202.192000,0.687442
33.456000,1527.824000,1.068442
1.968000,2089.360000,0.943005
13.776000,2607.600000,1.010914
13.776000,1862.384000,0.753134
21.648000,639.600000,2.003657
16.400000,2455.408000,1.164957
1.968000,2093.296000,1.955778
20.336000,1384.816000,1.147193
25.584000,3053.680000,1.413765
5.904000,1244.432000,0.854188
12.464000,2565.616000,0.909378
29.520000,3162.576000,0.919717
15.088000,1794.160000,1.295452
28.208000,2797.840000,0.803759
21.648000,3136.336000,0.958049
4.592000,1674.768000,1.158218
8.528000,3093.040000,0.781519
22.960000,1537.008000,0.659007
1.968000,810.160000,1.093953
5.904000,1001.712000,0.736424
13.776000,451.984000,1.036701
30.832000,2887.056000,0.666020
8.528000,97.744000,1.473974
3.280000,726.192000,0.746184
32.144000,1485.840000,1.116084
15.088000,2242.864000,0.718114
34.768000,2276.976000,0.981765
11.152000,634.352000,0.688861
11.152000,572.688000,1.193733
4.592000,513.648000,1.120570
30.832000,1753.488000,0.816290
34.768000,2709.936000,1.731017
4.592000,943.984000,1.129131
11.152000,2803.088000,0.693998
9.840000,1408.432000,0.817223
17.712000,2046.064000,1.024454
38.704000,698.640000,0.892972
17.712000,3217.680000,1.044813
29.520000,1215.568000,0.843121
37.392000,1249.680000,0.794332
33.456000,1024.016000,2.159746
16.400000,2551.184000,1.631569
25.584000,1683.952000,0.856892
30.832000,410.000000,0.695815
8.528000,648.784000,0.892284
16.400000,706.512000,1.656097
32.144000,41.328000,2.043703
26.896000,1952.912000,1.078618
8.528000,1088.304000,0.669318
16.400000,1400.560000,0.773240
34.768000,2431.792000,0.734499
25.584000,2586.608000,1.085760
30.832000,610.736000,0.748290
20.336000,1813.840000,0.863877
9.840000,913.808000,0.952080
38.704000,2266.480000,1.001819
20.336000,858.704000,0.720074
9.840000,2001.456000,0.680067
13.776000,983.344000,1.005419
8.528000,57.072000,1.186992
7.216000,2324.208000,0.926496
3.280000,2742.736000,0.911458
26.896000,190.896000,1.703222
3.280000,604.176000,1.283873
4.592000,1740.368000,1.259567
29.520000,1664.272000,1.307767
5.904000,1996.208000,1.344657
24.272000,3003.824000,1.096845
26.896000,672.400000,0.725382
4.592000,403.440000,1.176067
19.024000,833.776000,1.016447
16.400000,226.320000,0.949729
8.528000,483.472000,0.738720
8.528000,580.560000,0.968585
17.712000,1311.344000,0.691740
13.776000,1071.248000,0.681070
28.208000,1489.776000,1.064684
13.776000,1638.032000,2.976913
34.768000,2871.312000,0.695229
13.776000,1951.600000,0.971662
19.024000,122.672000,1.275087
0.656000,1996.208000,0.889804
4.592000,3156.016000,1.371200
12.464000,305.040000,0.916433
0.656000,2228.432000,0.852828
7.216000,2688.944000,0.980954
37.392000,3148.144000,1.107778
4.592000,757.680000,0.786556
8.528000,2301.904000,0.656965
34.768000,2174.640000,1.216032
25.584000,277.488000,2.009751
5.904000,1719.376000,1.302615
30.832000,206.640000,0.879323
30.832000,1243.120000,0.922227
9.840000,863.952000,1.755717
5.904000,873.136000,1.537459
20.336000,1453.040000,0.802419
11.152000,668.464000,1.418143
28.208000,2708.624000,1.028072
22.960000,12.464000,1.327095
36.080000,2376.688000,1.187743
4.592000,1750.864000,1.002912
30.832000,1695.760000,0.792769
30.832000,1914.864000,0.783187
33.456000,1786.288000,0.688849
0.656000,1969.968000,1.023075
8.528000,2097.232000,1.115782
28.208000,1976.528000,1.745087
25.584000,1577.680000,2.242266
29.520000,1344.144000,1.101921
26.896000,1968.656000,0.797978
29.520000,2009.328000,2.014958
33.456000,1219.504000,1.025009
20.336000,1904.368000,1.183863
13.776000,1513.392000,0.851793
3.280000,1055.504000,0.892839
29.520000,2141.840000,0.852576
12.464000,2615.472000,0.842602
1.968000,2561.680000,1.028963
20.336000,1826.960000,0.807214
32.144000,1222.128000,0.899504
4.592000,1248.368000,1.253046
5.904000,3062.864000,0.678924
15.088000,1223.440000,0.837758
17.712000,2325.520000,1.016669
37.392000,1472.720000,0.888637
15.088000,2643.024000,1.631365
15.088000,2006.704000,2.484777
32.144000,2795.216000,1.149228
1.968000,823.280000,0.718752
24.272000,2080.176000,1.126572
33.456000,1323.152000,0.708090
30.832000,2190.384000,1.401829
28.208000,1640.656000,0.851171
20.336000,2107.728000,1.212836
33.456000,1004.336000,1.078702
37.392000,1113.232000,1.214294
12.464000,698.640000,1.152750
12.464000,1611.792000,0.884581
17.712000,2746.672000,1.447897
12.464000,1046.320000,0.698684
17.712000,2044.752000,0.668059
25.584000,2330.768000,0.739165
1.968000,1190.640000,0.814260
11.152000,606.800000,0.851124
33.456000,2607.600000,2.119435
15.088000,1194.576000,1.161132
25.584000,2641.712000,0.946337
33.456000,1391.376000,1.210062
8.528000,661.904000,1.015153
13.776000,1599.984000,0.832613
0.656000,2214.000000,0.683056
29.520000,979.408000,0.661951
22.960000,3217.680000,1.098222
21.648000,2459.344000,1.038393
30.832000,455.920000,0.706838
30.832000,978.096000,0.745428
33.456000,1729.872000,0.994142
1.968000,2284.848000,1.124198
24.272000,446.736000,0.942075
30.832000,2002.768000,0.810731
36.080000,1269.360000,0.885137
3.280000,2194.320000,0.855448
19.024000,66.256000,0.709620
12.464000,1084.368000,0.686864
36.080000,567.440000,0.669557
11.152000,2740.112000,0.864638
7.216000,3217.680000,0.859503
38.704000,1892.560000,0.870304
4.592000,205.328000,0.796157
16.400000,884.944000,0.797824
25.584000,596.304000,0.711642
33.456000,1303.472000,0.778200
4.592000,63.632000,0.741155
22.960000,3056.304000,0.793321
28.208000,1425.488000,0.800687
16.400000,1207.696000,0.690772
8.528000,1631.472000,0.684711
26.896000,1901.744000,0.832461
38.704000,2455.408000,0.704477
30.832000,985.968000,0.890232
15.088000,1596.048000,0.967305
33.456000,891.504000,0.676675
26.896000,131.856000,1.846995
37.392000,1077.808000,1.097850
28.208000,1990.960000,0.777807
17.712000,1828.272000,0.893712
20.336000,1502.896000,1.066933
29.520000,3205.872000,2.140498
25.584000,2627.280000,1.275532
13.776000,2128.720000,0.925292
13.776000,167.280000,0.726920
37.392000,2259.920000,0.685103
28.208000,2821.456000,0.722626
24.272000,1632.784000,1.057690
38.704000,57.072000,0.824837
7.216000,2601.040000,0.707655
32.144000,1236.560000,1.292327
20.336000,1055.504000,0.678700
3.280000,3075.984000,1.180594
5.904000,2122.160000,1.289890
7.216000,138.416000,1.193221
9.840000,345.712000,0.872753
1.968000,320.784000,1.061383
0.656000,1678.704000,0.963453
11.152000,466.416000,0.685343
37.392000,1972.592000,0.712112
21.648000,168.592000,0.828161
20.336000,1168.336000,1.129257
36.080000,1392.688000,1.170352
26.896000,2728.304000,0.681506
30.832000,1956.848000,1.075865
0.656000,602.864000,1.631851
5.904000,2351.760000,0.859381
20.336000,749.808000,1.004731
11.152000,286.672000,0.797120
33.456000,899.376000,0.925585
12.464000,130.544000,0.699457
19.024000,167.280000,0.883185
36.080000,1547.504000,0.665967
30.832000,1593.424000,0.761369
13.776000,227.632000,0.873179
1.968000,1598.672000,0.903525
30.832000,2195.632000,1.179162
16.400000,1439.920000,1.787566
24.272000,3052.368000,0.682339
4.592000,2574.800000,0.877532
8.528000,1505.520000,0.695986
1.968000,955.792000,1.042777
25.584000,1453.040000,0.877539
12.464000,308.976000,0.883495
37.392000,968.912000,0.664647
13.776000,3011.696000,0.803990
17.712000,785.232000,1.183978
4.592000,2469.840000,1.142683
13.776000,398.192000,0.981914
21.648000,938.736000,1.440236
13.776000,391.632000,1.138422
5.904000,2640.400000,0.864388
22.960000,162.032000,0.791613
9.840000,887.568000,0.869675
21.648000,3112.720000,1.483446
22.960000,1184.080000,1.036422
22.960000,1235.248000,0.734780
5.904000,1573.744000,0.936846
26.896000,1132.912000,1.033436
17.712000,2673.200000,0.928219
29.520000,2959.216000,0.868883
28.208000,2973.648000,0.705062
16.400000,2166.768000,0.731148
34.768000,3131.088000,1.432679
25.584000,1180.144000,0.699467
8.528000,2434.416000,0.697166
30.832000,451.984000,0.800124
20.336000,2744.048000,0.701254
13.776000,42.640000,0.674005
1.968000,1117.168000,1.025326
36.080000,2810.960000,1.516302
13.776000,652.720000,1.255049
4.592000,2702.064000,1.337706
3.280000,1121.104000,0.918281
33.456000,1656.400000,1.270013
29.520000,322.096000,1.112403
25.584000,248.624000,0.860931
17.712000,2556.432000,1.003142
13.776000,1209.008000,0.714630
30.832000,2194.320000,1.154632
17.712000,2805.712000,0.940005
4.592000,2829.328000,0.921765
36.080000,1690.512000,1.253602
24.272000,1666.896000,0.680561
24.272000,1569.808000,0.989349
19.024000,381.136000,0.656459
36.080000,61.008000,0.900434
25.584000,996.464000,0.701380
24.272000,2620.720000,0.995953
26.896000,1899.120000,0.747486
13.776000,3094.352000,0.826545
32.144000,1226.064000,0.740109
3.280000,1833.520000,0.979502
19.024000,1422.864000,0.757604
34.768000,642.224000,1.607134
22.960000,1735.120000,0.945032
11.152000,1664.272000,0.818225
32.144000,1922.736000,1.477674
37.392000,1597.360000,1.082203
11.152000,644.848000,0.899352
33.456000,2014.576000,0.934749
24.272000,2203.504000,0.830005
24.272000,1585.552000,0.791540
19.024000,150.224000,0.817718
28.208000,690.768000,0.832566
9.840000,223.696000,1.748707
20.336000,337.840000,0.991381
15.088000,19.024000,1.183154
19.024000,644.848000,0.789238
26.896000,2883.120000,0.729057
13.776000,993.840000,1.077120
26.896000,347.024000,0.656742
22.960000,5.904000,1.133067
11.152000,1508.144000,0.705496
0.656000,1352.016000,1.150518
7.216000,2088.048000,1.032344
34.768000,1502.896000,1.215042
3.280000,1641.968000,0.747663
11.152000,1973.904000,1.078692
25.584000,345.712000,0.712508
5.904000,2938.224000,0.833311
5.904000,968.912000,0.706835
12.464000,91.184000,2.194277
9.840000,3200.624000,0.795405
4.592000,67.568000,0.881191
37.392000,378.512000,0.696849
9.840000,503.152000,1.283126
36.080000,811.472000,0.729904
5.904000,2187.760000,0.866947
3.280000,2610.224000,0.897593
28.208000,2467.216000,0.860930
21.648000,2838.512000,1.342743
30.832000,2967.088000,0.923273
0.656000,453.296000,0.792917
15.088000,2930.352000,0.687726
1.968000,442.800000,0.668718
1.968000,2738.800000,1.271342
28.208000,280.112000,0.710104
19.024000,2316.336000,1.661106
4.592000,2873.936000,0.759916
11.152000,3103.536000,1.816760
22.960000,2870.000000,1.372009
1.968000,1645.904000,0.671047
3.280000,1451.728000,0.826661
8.528000,3051.056000,0.665691
29.520000,1488.464000,0.974010
3.280000,858.704000,1.750232
7.216000,1013.520000,0.836438
24.272000,1819.088000,0.893368
22.960000,2380.624000,0.881889
21.648000,1871.568000,1.105943
34.768000,2419.984000,0.698177
9.840000,2993.328000,0.669028
17.712000,1715.440000,1.412536
20.336000,1093.552000,0.862238
24.272000,597.616000,0.704356
17.712000,1752.176000,0.970230
28.208000,1480.592000,1.181831
7.216000,3002.512000,1.188350
36.080000,1195.888000,0.917298
33.456000,1971.280000,0.891870
0.656000,1261.488000,1.175289
13.776000,2286.160000,1.005097
3.280000,1228.688000,0.812036
11.152000,1333.648000,1.331194
1.968000,2658.768000,0.706712
33.456000,1142.096000,0.794884
9.840000,1291.664000,0.721974
34.768000,686.832000,1.411301
4.592000,836.400000,0.729317
30.832000,303.728000,1.292111
32.144000,1539.632000,0.933513
29.520000,2534.128000,0.679775
25.584000,290.608000,0.800027
3.280000,1622.288000,0.866718
17.712000,1337.584000,0.710431
16.400000,794.416000,0.692479
11.152000,1484.528000,0.890465
0.656000,1527.824000,2.234948
21.648000,772.112000,0.664696
4.592000,1865.008000,0.753612
9.840000,1409.744000,0.695368
8.528000,1471.408000,0.784327
9.840000,2910.672000,1.067972
36.080000,1218.192000,0.931789
26.896000,1695.760000,1.517137
28.208000,2652.208000,1.622108
19.024000,1067.312000,1.049867
26.896000,2707.312000,1.434490
30.832000,943.984000,0.823049
24.272000,1962.096000,1.202631
17.712000,1850.576000,0.746286
16.400000,844.272000,0.673468
0.656000,970.224000,0.688273
4.592000,1463.536000,1.163221
16.400000,1517.328000,0.870674
37.392000,1076.496000,1.515668
38.704000,2824.080000,0.674517
12.464000,412.624000,0.824615
20.336000,3125.840000,1.980171
5.904000,361.456000,0.697689
37.392000,2877.872000,1.650425
4.592000,349.648000,1.799495
8.528000,3175.696000,0.898602
0.656000,828.528000,0.801132
0.656000,1861.072000,0.904787
25.584000,2870.000000,0.897168
7.216000,406.064000,1.031728
38.704000,2203.504000,1.166584
17.712000,2227.120000,0.801809
7.216000,2325.520000,0.692411
26.896000,1358.576000,0.684802
32.144000,2841.136000,1.213398
15.088000,3150.768000,1.787425
38.704000,894.128000,0.927590
28.208000,1732.496000,0.907376
29.520000,1912.240000,0.900849
36.080000,93.808000,2.122761
21.648000,1927.984000,0.920883
28.208000,1361.200000,0.942702
20.336000,664.528000,0.756570
17.712000,980.720000,1.116271
4.592000,483.472000,1.203852
33.456000,2042.128000,0.759654
37.392000,1047.632000,0.722215
8.528000,546.448000,0.824510
30.832000,2792.592000,1.038845
7.216000,2479.024000,0.795258
7.216000,2490.832000,1.439482
34.768000,2265.168000,1.693727
28.208000,1817.776000,0.801752
20.336000,2855.568000,0.776064
1.968000,1395.312000,0.859883
38.704000,2193.008000,0.817263
28.208000,2081.488000,1.913548
17.712000,154.160000,0.907800
3.280000,888.880000,0.758571
9.840000,1722.000000,0.781304
30.832000,207.952000,0.870636
36.080000,1851.888000,0.686237
29.520000,1756.112000,0.684126
3.280000,954.480000,0.867259
36.080000,2328.144000,0.744001
15.088000,2997.264000,1.408613
22.960000,1308.720000,1.125403
8.528000,2695.504000,0.737695
38.704000,2320.272000,0.695633
32.144000,575.312000,0.842433
0.656000,769.488000,1.123451
8.528000,1976.528000,1.744838
37.392000,568.752000,0.891454
11.152000,230.256000,1.194875
13.776000,1660.336000,1.014606
28.208000,3116.656000,1.034248
15.088000,113.488000,0.969715
11.152000,2350.448000,0.694784
38.704000,1306.096000,0.923419
13.776000,2221.872000,0.999925
19.024000,315.536000,0.775171
12.464000,1756.112000,1.126575
1.968000,2677.136000,0.903026
30.832000,2688.944000,0.881174
38.704000,1174.896000,0.698259
20.336000,280.112000,0.772917
4.592000,2120.848000,0.787585
24.272000,458.544000,1.092022
16.400000,1029.264000,0.707686
9.840000,1736.432000,1.049139
4.592000,1033.200000,0.667444
7.216000,2337.328000,0.686686
29.520000,345.712000,0.767190
19.024000,532.016000,0.820998
25.584000,1922.736000,0.670392
36.080000,68.880000,0.818544
5.904000,2695.504000,1.110257
26.896000,811.472000,1.736219
20.336000,3041.872000,0.763532
33.456000,1405.808000,0.662113
33.456000,2863.440000,1.474815
8.528000,256.496000,1.297531
32.144000,1635.408000,1.145396
32.144000,1443.856000,1.294789
22.960000,1976.528000,1.067267
16.400000,781.296000,1.064100
0.656000,2091.984000,0.739109
0.656000,2198.256000,0.722731
4.592000,1795.472000,0.789892
16.400000,3190.128000,0.862844
21.648000,1039.760000,1.135618
36.080000,2461.968000,1.053672
37.392000,1215.568000,1.088035
33.456000,294.544000,1.388642
33.456000,2211.376000,2.102932
3.280000,32.144000,1.306758
16.400000,88.560000,1.806599
12.464000,213.200000,0.710771
12.464000,3006.448000,1.041739
13.776000,2549.872000,0.898910
21.648000,2783.408000,1.207242
15.088000,368.016000,0.753456
16.400000,543.824000,1.859145
0.656000,74.128000,1.341348
37.392000,711.760000,1.361073
17.712000,512.336000,1.348058
15.088000,1416.304000,0.681248
3.280000,2161.520000,0.921705
29.520000,2828.016000,0.690743
36.080000,1417.616000,1.098728
33.456000,1582.928000,0.857053
7.216000,730.128000,1.355597
38.704000,3045.808000,0.824013
30.832000,2106.416000,1.229291
34.768000,818.032000,0.749362
38.704000,2662.704000,0.841810
36.080000,25.584000,0.773071
28.208000,680.272000,1.405011
1.968000,1176.208000,0.669497
30.832000,2173.328000,1.963000
9.840000,1247.056000,0.691741
5.904000,3141.584000,0.749042
17.712000,2817.520000,0.991722
28.208000,2160.208000,1.088047
30.832000,2052.624000,1.500842
19.024000,329.968000,0.778639
37.392000,2389.808000,0.911703
21.648000,2072.304000,1.065461
15.088000,3030.064000,0.677480
1.968000,1826.960000,2.495493
38.704000,314.224000,1.138436
37.392000,162.032000,0.733892
24.272000,1489.776000,0.723606
33.456000,2938.224000,1.909236
0.656000,2334.704000,1.145584
32.144000,1811.216000,0.813249
12.464000,2068.368000,1.671336
38.704000,221.072000,0.896680
33.456000,860.016000,1.417929
13.776000,387.696000,1.020875
9.840000,1316.592000,0.778288
15.088000,2734.864000,1.578421
15.088000,263.056000,1.656357
17.712000,2231.056000,0.944398
1.968000,1901.744000,0.877122
7.216000,1098.800000,0.706537
29.520000,2236.304000,0.845275
17.712000,2521.008000,0.998483
13.776000,2721.744000,1.331427
7.216000,8.528000,0.770943
4.592000,2413.424000,1.592310
7.216000,3037.936000,0.668741
7.216000,2741.424000,1.112385
33.456000,2514.448000,0.963380
22.960000,450.672000,2.376241
37.392000,493.968000,0.718077
3.280000,2998.576000,0.687824
20.336000,991.216000,3.097770
34.768000,2443.600000,0.736338
25.584000,638.288000,0.725962
9.840000,1804.656000,0.706440
22.960000,526.768000,0.683445
15.088000,374.576000,0.972592
3.280000,1855.824000,0.698761
11.152000,328.656000,0.895716
32.144000,929.552000,0.748983
28.208000,2063.120000,1.408274
29.520000,802.288000,0.937585
36.080000,1670.832000,1.089760
16.400000,2768.976000,0.838647
33.456000,2060.496000,1.702401
9.840000,3165.200000,0.660685
4.592000,1934.544000,1.153281
33.456000,919.056000,0.949704
38.704000,2570.864000,0.813136
17.712000,16.400000,0.979630
34.768000,2085.424000,0.946258
7.216000,2559.056000,0.750760
16.400000,2095.920000,1.461576
20.336000,344.400000,0.961252
19.024000,1879.440000,0.764203
25.584000,1191.952000,1.018247
19.024000,583.184000,1.038701
36.080000,32.144000,0.748180
29.520000,1613.104000,0.815018
5.904000,2667.952000,0.935334
38.704000,1119.792000,0.669920
7.216000,1735.120000,0.865603
21.648000,1529.136000,1.025005
37.392000,2368.816000,0.685303
17.712000,1218.192000,1.151925
32.144000,1093.552000,0.929491
22.960000,1130.288000,1.422604
4.592000,1623.600000,1.015532
38.704000,43.952000,0.709110
7.216000,2956.592000,1.015100
22.960000,2607.600000,0.711941
37.392000,497.904000,1.070383
36.080000,2837.200000,0.666480
30.832000,2120.848000,1.268044
3.280000,1514.704000,0.696912
17.712000,1097.488000,0.849131
3.280000,2543.312000,1.516338
25.584000,2666.640000,0.797856
9.840000,892.816000,1.106983
12.464000,942.672000,0.755793
26.896000,1561.936000,1.136436
12.464000,3049.744000,0.708196
25.584000,1552.752000,0.666757
5.904000,3045.808000,0.676086
3.280000,294.544000,0.999329
30.832000,3146.832000,0.709655
25.584000,1443.856000,0.717785
34.768000,332.592000,0.973867
29.520000,2255.984000,1.094092
5.904000,1945.040000,0.953813
30.832000,2204.816000,0.831619
17.712000,667.152000,0.800940
22.960000,2587.920000,0.715903
25.584000,1678.704000,1.159941
3.280000,2925.104000,0.842630
29.520000,1568.496000,2.228515
13.776000,2046.064000,0.697864
37.392000,1916.176000,1.098293
19.024000,2901.488000,1.841511
26.896000,1745.616000,0.680758
16.400000,3082.544000,0.879977
38.704000,661.904000,0.682210
3.280000,2751.920000,1.352252
16.400000,2859.504000,0.867882
11.152000,3183.568000,0.899683
26.896000,299.792000,1.332639
7.216000,2082.800000,0.940007
12.464000,160.720000,0.964481
21.648000,2615.472000,0.731656
38.704000,272.240000,0.727725
16.400000,1924.048000,0.930108
11.152000,1042.384000,0.750020
37.392000,1456.976000,0.800672
33.456000,2906.736000,0.724487
34.768000,259.120000,1.789138
33.456000,3041.872000,0.754704
22.960000,2412.112000,1.316927
38.704000,176.464000,0.706270
24.272000,1274.608000,0.687311
37.392000,1943.728000,0.793500
13.776000,1677.392000,1.698090
34.768000,1052.880000,0.959239
19.024000,1031.888000,0.701385
28.208000,2648.272000,1.005383
9.840000,2753.232000,0.657336
15.088000,903.312000,0.848868
29.520000,12.464000,1.123039
29.520000,673.712000,1.055286
13.776000,1054.192000,0.905271
12.464000,2674.512000,0.670791
21.648000,567.440000,1.126809
13.776000,992.528000,0.903223
22.960000,2726.992000,0.799444
38.704000,745.872000,1.447662
30.832000,2398.992000,1.824579
38.704000,154.160000,0.665788
34.768000,1382.192000,0.674726
37.392000,2572.176000,0.956799
22.960000,2956.592000,0.686190
34.768000,575.312000,1.614644
34.768000,1578.992000,0.733515
1.968000,2050.000000,0.880757
19.024000,521.520000,1.873295
19.024000,1315.280000,0.692417
19.024000,1880.752000,0.768521
3.280000,555.632000,0.659489
24.272000,2316.336000,0.829013
33.456000,882.320000,0.813935
24.272000,1487.152000,0.997953
9.840000,2103.792000,0.835017
0.656000,1777.104000,1.034034
0.656000,782.608000,1.109073
22.960000,2389.808000,0.958202
12.464000,2193.008000,1.092935
19.024000,3183.568000,0.678360
37.392000,1533.072000,0.737628
8.528000,2664.016000,1.193728
21.648000,2254.672000,0.869965
24.272000,3149.456000,0.730156
11.152000,2039.504000,0.868950
16.400000,3163.888000,0.713910
21.648000,2158.896000,0.918962
0.656000,3200.624000,1.095412
0.656000,2636.464000,0.794396
36.080000,1144.720000,0.861514
19.024000,1976.528000,0.734653
25.584000,1882.064000,0.948872
0.656000,537.264000,0.956141
17.712000,3175.696000,1.595125
0.656000,3140.272000,0.972967
28.208000,3178.320000,0.685271
21.648000,1809.904000,1.227756
4.592000,89.872000,0.840148
4.592000,3028.752000,0.802918
24.272000,185.648000,0.885706
22.960000,1966.032000,0.787462
4.592000,808.848000,0.776884
4.592000,2534.128000,1.032738
7.216000,3190.128000,0.897914
5.904000,2702.064000,0.831243
33.456000,2182.512000,0.921225
36.080000,627.792000,1.067309
3.280000,2346.512000,0.942050
30.832000,3148.144000,0.990180
9.840000,3169.136000,1.004900
1.968000,2440.976000,0.692493
28.208000,432.304000,1.058802
21.648000,1533.072000,1.165967
12.464000,1252.304000,0.741217
32.144000,2231.056000,0.711629
1.968000,1296.912000,1.153203
32.144000,1046.320000,1.378239
4.592000,1811.216000,0.677258
19.024000,1561.936000,0.680183
20.336000,2025.072000,1.222001
16.400000,802.288000,1.506778
32.144000,794.416000,0.716965
32.144000,1412.368000,1.000853
38.704000,1533.072000,0.826586
4.592000,866.576000,0.854992
7.216000,1596.048000,0.876342
19.024000,1575.056000,0.669027
13.776000,3056.304000,0.914441
28.208000,1250.992000,0.933918
7.216000,3052.368000,0.747743
34.768000,1865.008000,1.129487
0.656000,2072.304000,1.152568
